wave,surface,enemy_health,source_class,source_file
1,Tier 1,2.35,repo_raw_table,enemy_health_table.csv
10,Tier 1,18.36,repo_raw_table,enemy_health_table.csv
20,Tier 1,59.25,repo_raw_table,enemy_health_table.csv
30,Tier 1,143.36,repo_raw_table,enemy_health_table.csv
40,Tier 1,266.11,repo_raw_table,enemy_health_table.csv
50,Tier 1,477.47,repo_raw_table,enemy_health_table.csv
60,Tier 1,809.09,repo_raw_table,enemy_health_table.csv
70,Tier 1,1170.0,repo_raw_table,enemy_health_table.csv
80,Tier 1,1820.0,repo_raw_table,enemy_health_table.csv
90,Tier 1,2780.0,repo_raw_table,enemy_health_table.csv
100,Tier 1,4360.0,repo_raw_table,enemy_health_table.csv
150,Tier 1,17190.0,repo_raw_table,enemy_health_table.csv
200,Tier 1,54840.0,repo_raw_table,enemy_health_table.csv
250,Tier 1,142350.0,repo_raw_table,enemy_health_table.csv
300,Tier 1,323610.0,repo_raw_table,enemy_health_table.csv
400,Tier 1,1350000.0,repo_raw_table,enemy_health_table.csv
500,Tier 1,4530000.0,repo_raw_table,enemy_health_table.csv
750,Tier 1,65500000.0,repo_raw_table,enemy_health_table.csv
1000,Tier 1,742100000.0,repo_raw_table,enemy_health_table.csv
1250,Tier 1,5260000000.0,repo_raw_table,enemy_health_table.csv
1500,Tier 1,39090000000.0,repo_raw_table,enemy_health_table.csv
2000,Tier 1,1710000000000.0,repo_raw_table,enemy_health_table.csv
2500,Tier 1,50170000000000.0,repo_raw_table,enemy_health_table.csv
3000,Tier 1,1730000000000000.0,repo_raw_table,enemy_health_table.csv
3500,Tier 1,4.442e+16,repo_raw_table,enemy_health_table.csv
4500,Tier 1,3.062e+19,repo_raw_table,enemy_health_table.csv
5000,Tier 1,6.1826e+20,repo_raw_table,enemy_health_table.csv
5500,Tier 1,1.565e+22,repo_raw_table,enemy_health_table.csv
6000,Tier 1,3.3074e+23,repo_raw_table,enemy_health_table.csv
6500,Tier 1,7.02e+24,repo_raw_table,enemy_health_table.csv
7000,Tier 1,1.6524999999999998e+26,repo_raw_table,enemy_health_table.csv
7500,Tier 1,3.5400000000000006e+27,repo_raw_table,enemy_health_table.csv
8000,Tier 1,6.676000000000001e+28,repo_raw_table,enemy_health_table.csv
8500,Tier 1,1.5200000000000002e+30,repo_raw_table,enemy_health_table.csv
9000,Tier 1,3.172e+31,repo_raw_table,enemy_health_table.csv
9500,Tier 1,5.8337999999999994e+32,repo_raw_table,enemy_health_table.csv
10000,Tier 1,1.121e+34,repo_raw_table,enemy_health_table.csv
10500,Tier 1,2.1752e+35,repo_raw_table,enemy_health_table.csv
11000,Tier 1,4.67e+36,repo_raw_table,enemy_health_table.csv
11500,Tier 1,7.896e+37,repo_raw_table,enemy_health_table.csv
12000,Tier 1,1.6699999999999994e+39,repo_raw_table,enemy_health_table.csv
12500,Tier 1,2.646e+40,repo_raw_table,enemy_health_table.csv
13000,Tier 1,5.8662e+41,repo_raw_table,enemy_health_table.csv
13500,Tier 1,1.4300000000000002e+43,repo_raw_table,enemy_health_table.csv
14500,Tier 1,4.66e+45,repo_raw_table,enemy_health_table.csv
15000,Tier 1,7.879e+46,repo_raw_table,enemy_health_table.csv
15500,Tier 1,1.55e+48,repo_raw_table,enemy_health_table.csv
16000,Tier 1,2.7910000000000004e+49,repo_raw_table,enemy_health_table.csv
16500,Tier 1,5.308e+50,repo_raw_table,enemy_health_table.csv
17000,Tier 1,9.12e+51,repo_raw_table,enemy_health_table.csv
17500,Tier 1,1.7425999999999998e+53,repo_raw_table,enemy_health_table.csv
18000,Tier 1,3.53e+54,repo_raw_table,enemy_health_table.csv
18500,Tier 1,5.796e+55,repo_raw_table,enemy_health_table.csv
19000,Tier 1,1.11e+57,repo_raw_table,enemy_health_table.csv
19500,Tier 1,2.011e+58,repo_raw_table,enemy_health_table.csv
20000,Tier 1,3.3733e+59,repo_raw_table,enemy_health_table.csv
21000,Tier 1,1.494e+62,repo_raw_table,enemy_health_table.csv
22000,Tier 1,4.5070000000000003e+64,repo_raw_table,enemy_health_table.csv
23000,Tier 1,1.4009999999999998e+67,repo_raw_table,enemy_health_table.csv
24000,Tier 1,4.5e+69,repo_raw_table,enemy_health_table.csv
25000,Tier 1,1.35e+72,repo_raw_table,enemy_health_table.csv
30000,Tier 1,5.2300000000000014e+84,repo_raw_table,enemy_health_table.csv
35000,Tier 1,1.586e+97,repo_raw_table,enemy_health_table.csv
40000,Tier 1,4.339e+109,repo_raw_table,enemy_health_table.csv
45000,Tier 1,1.28e+122,repo_raw_table,enemy_health_table.csv
50000,Tier 1,3.1000000000000002e+134,repo_raw_table,enemy_health_table.csv
55000,Tier 1,9.36e+146,repo_raw_table,enemy_health_table.csv
60000,Tier 1,2.01e+159,repo_raw_table,enemy_health_table.csv
65000,Tier 1,5.5899999999999995e+171,repo_raw_table,enemy_health_table.csv
70000,Tier 1,1.31e+184,repo_raw_table,enemy_health_table.csv
75000,Tier 1,3.52e+196,repo_raw_table,enemy_health_table.csv
80000,Tier 1,7.03e+208,repo_raw_table,enemy_health_table.csv
85000,Tier 1,2.1499999999999998e+221,repo_raw_table,enemy_health_table.csv
90000,Tier 1,4.860000000000001e+233,repo_raw_table,enemy_health_table.csv
95000,Tier 1,9.28e+245,repo_raw_table,enemy_health_table.csv
100000,Tier 1,2.22e+258,repo_raw_table,enemy_health_table.csv
1,Tier 2,47.0,repo_raw_table,enemy_health_table.csv
10,Tier 2,367.13,repo_raw_table,enemy_health_table.csv
20,Tier 2,1180.0,repo_raw_table,enemy_health_table.csv
30,Tier 2,2870.0,repo_raw_table,enemy_health_table.csv
40,Tier 2,5320.0,repo_raw_table,enemy_health_table.csv
50,Tier 2,9550.0,repo_raw_table,enemy_health_table.csv
60,Tier 2,16180.0,repo_raw_table,enemy_health_table.csv
70,Tier 2,23330.0,repo_raw_table,enemy_health_table.csv
80,Tier 2,36470.0,repo_raw_table,enemy_health_table.csv
90,Tier 2,55620.0,repo_raw_table,enemy_health_table.csv
100,Tier 2,87290.0,repo_raw_table,enemy_health_table.csv
150,Tier 2,343710.0,repo_raw_table,enemy_health_table.csv
200,Tier 2,1100000.0,repo_raw_table,enemy_health_table.csv
250,Tier 2,2850000.0,repo_raw_table,enemy_health_table.csv
300,Tier 2,6470000.0,repo_raw_table,enemy_health_table.csv
400,Tier 2,26980000.0,repo_raw_table,enemy_health_table.csv
500,Tier 2,90500000.0,repo_raw_table,enemy_health_table.csv
750,Tier 2,1310000000.0,repo_raw_table,enemy_health_table.csv
1000,Tier 2,14840000000.0,repo_raw_table,enemy_health_table.csv
1250,Tier 2,105300000000.0,repo_raw_table,enemy_health_table.csv
1500,Tier 2,781860000000.0,repo_raw_table,enemy_health_table.csv
2000,Tier 2,34150000000000.0,repo_raw_table,enemy_health_table.csv
2500,Tier 2,1000000000000000.0,repo_raw_table,enemy_health_table.csv
3000,Tier 2,3.451e+16,repo_raw_table,enemy_health_table.csv
3500,Tier 2,8.8832e+17,repo_raw_table,enemy_health_table.csv
4500,Tier 2,6.1238e+20,repo_raw_table,enemy_health_table.csv
5000,Tier 2,1.237e+22,repo_raw_table,enemy_health_table.csv
5500,Tier 2,3.1301e+23,repo_raw_table,enemy_health_table.csv
6000,Tier 2,6.61e+24,repo_raw_table,enemy_health_table.csv
6500,Tier 2,1.4041e+26,repo_raw_table,enemy_health_table.csv
7000,Tier 2,3.3000000000000003e+27,repo_raw_table,enemy_health_table.csv
7500,Tier 2,7.084999999999999e+28,repo_raw_table,enemy_health_table.csv
8000,Tier 2,1.3400000000000002e+30,repo_raw_table,enemy_health_table.csv
8500,Tier 2,3.033e+31,repo_raw_table,enemy_health_table.csv
9000,Tier 2,6.3443e+32,repo_raw_table,enemy_health_table.csv
9500,Tier 2,1.1669999999999998e+34,repo_raw_table,enemy_health_table.csv
10000,Tier 2,2.2425e+35,repo_raw_table,enemy_health_table.csv
10500,Tier 2,4.35e+36,repo_raw_table,enemy_health_table.csv
11000,Tier 2,9.345e+37,repo_raw_table,enemy_health_table.csv
11500,Tier 2,1.58e+39,repo_raw_table,enemy_health_table.csv
12000,Tier 2,3.345e+40,repo_raw_table,enemy_health_table.csv
12500,Tier 2,5.2924e+41,repo_raw_table,enemy_health_table.csv
13000,Tier 2,1.173e+43,repo_raw_table,enemy_health_table.csv
13500,Tier 2,2.8603e+44,repo_raw_table,enemy_health_table.csv
14500,Tier 2,9.328e+46,repo_raw_table,enemy_health_table.csv
15000,Tier 2,1.5800000000000002e+48,repo_raw_table,enemy_health_table.csv
15500,Tier 2,3.107e+49,repo_raw_table,enemy_health_table.csv
16000,Tier 2,5.5824e+50,repo_raw_table,enemy_health_table.csv
16500,Tier 2,1.062e+52,repo_raw_table,enemy_health_table.csv
17000,Tier 2,1.8247e+53,repo_raw_table,enemy_health_table.csv
17500,Tier 2,3.4900000000000005e+54,repo_raw_table,enemy_health_table.csv
18000,Tier 2,7.055e+55,repo_raw_table,enemy_health_table.csv
18500,Tier 2,1.16e+57,repo_raw_table,enemy_health_table.csv
19000,Tier 2,2.225e+58,repo_raw_table,enemy_health_table.csv
19500,Tier 2,4.0212e+59,repo_raw_table,enemy_health_table.csv
20000,Tier 2,6.749999999999999e+60,repo_raw_table,enemy_health_table.csv
21000,Tier 2,2.9900000000000004e+63,repo_raw_table,enemy_health_table.csv
22000,Tier 2,9.013900000000001e+65,repo_raw_table,enemy_health_table.csv
23000,Tier 2,2.8012000000000003e+68,repo_raw_table,enemy_health_table.csv
24000,Tier 2,8.990000000000001e+70,repo_raw_table,enemy_health_table.csv
25000,Tier 2,2.708e+73,repo_raw_table,enemy_health_table.csv
30000,Tier 2,1.0456000000000001e+86,repo_raw_table,enemy_health_table.csv
35000,Tier 2,3.1714e+98,repo_raw_table,enemy_health_table.csv
40000,Tier 2,8.677500000000001e+110,repo_raw_table,enemy_health_table.csv
45000,Tier 2,2.56e+123,repo_raw_table,enemy_health_table.csv
50000,Tier 2,6.199999999999999e+135,repo_raw_table,enemy_health_table.csv
55000,Tier 2,1.87e+148,repo_raw_table,enemy_health_table.csv
60000,Tier 2,4.0199999999999996e+160,repo_raw_table,enemy_health_table.csv
65000,Tier 2,1.12e+173,repo_raw_table,enemy_health_table.csv
70000,Tier 2,2.61e+185,repo_raw_table,enemy_health_table.csv
75000,Tier 2,7.049999999999999e+197,repo_raw_table,enemy_health_table.csv
80000,Tier 2,1.41e+210,repo_raw_table,enemy_health_table.csv
85000,Tier 2,4.3e+222,repo_raw_table,enemy_health_table.csv
90000,Tier 2,9.720000000000001e+234,repo_raw_table,enemy_health_table.csv
95000,Tier 2,1.86e+247,repo_raw_table,enemy_health_table.csv
100000,Tier 2,4.45e+259,repo_raw_table,enemy_health_table.csv
1,Tier 3,141.0,repo_raw_table,enemy_health_table.csv
10,Tier 3,1100.0,repo_raw_table,enemy_health_table.csv
20,Tier 3,3550.0,repo_raw_table,enemy_health_table.csv
30,Tier 3,8600.0,repo_raw_table,enemy_health_table.csv
40,Tier 3,15970.0,repo_raw_table,enemy_health_table.csv
50,Tier 3,28650.0,repo_raw_table,enemy_health_table.csv
60,Tier 3,48550.0,repo_raw_table,enemy_health_table.csv
70,Tier 3,70000.0,repo_raw_table,enemy_health_table.csv
80,Tier 3,109420.0,repo_raw_table,enemy_health_table.csv
90,Tier 3,166860.0,repo_raw_table,enemy_health_table.csv
100,Tier 3,261880.0,repo_raw_table,enemy_health_table.csv
150,Tier 3,1030000.0,repo_raw_table,enemy_health_table.csv
200,Tier 3,3290000.0,repo_raw_table,enemy_health_table.csv
250,Tier 3,8540000.0,repo_raw_table,enemy_health_table.csv
300,Tier 3,19420000.0,repo_raw_table,enemy_health_table.csv
400,Tier 3,80930000.0,repo_raw_table,enemy_health_table.csv
500,Tier 3,271510000.0,repo_raw_table,enemy_health_table.csv
750,Tier 3,3930000000.0,repo_raw_table,enemy_health_table.csv
1000,Tier 3,44530000000.0,repo_raw_table,enemy_health_table.csv
1250,Tier 3,315890000000.0,repo_raw_table,enemy_health_table.csv
1500,Tier 3,2350000000000.0,repo_raw_table,enemy_health_table.csv
2000,Tier 3,102450000000000.0,repo_raw_table,enemy_health_table.csv
2500,Tier 3,3010000000000000.0,repo_raw_table,enemy_health_table.csv
3000,Tier 3,1.0353e+17,repo_raw_table,enemy_health_table.csv
3500,Tier 3,2.66e+18,repo_raw_table,enemy_health_table.csv
4500,Tier 3,1.84e+21,repo_raw_table,enemy_health_table.csv
5000,Tier 3,3.71e+22,repo_raw_table,enemy_health_table.csv
5500,Tier 3,9.3903e+23,repo_raw_table,enemy_health_table.csv
6000,Tier 3,1.984e+25,repo_raw_table,enemy_health_table.csv
6500,Tier 3,4.2123e+26,repo_raw_table,enemy_health_table.csv
7000,Tier 3,9.91e+27,repo_raw_table,enemy_health_table.csv
7500,Tier 3,2.1254e+29,repo_raw_table,enemy_health_table.csv
8000,Tier 3,4.01e+30,repo_raw_table,enemy_health_table.csv
8500,Tier 3,9.099e+31,repo_raw_table,enemy_health_table.csv
9000,Tier 3,1.9e+33,repo_raw_table,enemy_health_table.csv
9500,Tier 3,3.5e+34,repo_raw_table,enemy_health_table.csv
10000,Tier 3,6.727599999999999e+35,repo_raw_table,enemy_health_table.csv
10500,Tier 3,1.3049999999999998e+37,repo_raw_table,enemy_health_table.csv
11000,Tier 3,2.8034e+38,repo_raw_table,enemy_health_table.csv
11500,Tier 3,4.74e+39,repo_raw_table,enemy_health_table.csv
12000,Tier 3,1.0034e+41,repo_raw_table,enemy_health_table.csv
12500,Tier 3,1.5900000000000002e+42,repo_raw_table,enemy_health_table.csv
13000,Tier 3,3.52e+43,repo_raw_table,enemy_health_table.csv
13500,Tier 3,8.580800000000001e+44,repo_raw_table,enemy_health_table.csv
14500,Tier 3,2.7983999999999995e+47,repo_raw_table,enemy_health_table.csv
15000,Tier 3,4.7300000000000003e+48,repo_raw_table,enemy_health_table.csv
15500,Tier 3,9.322e+49,repo_raw_table,enemy_health_table.csv
16000,Tier 3,1.6699999999999998e+51,repo_raw_table,enemy_health_table.csv
16500,Tier 3,3.185e+52,repo_raw_table,enemy_health_table.csv
17000,Tier 3,5.4741e+53,repo_raw_table,enemy_health_table.csv
17500,Tier 3,1.0460000000000002e+55,repo_raw_table,enemy_health_table.csv
18000,Tier 3,2.1164e+56,repo_raw_table,enemy_health_table.csv
18500,Tier 3,3.48e+57,repo_raw_table,enemy_health_table.csv
19000,Tier 3,6.676000000000001e+58,repo_raw_table,enemy_health_table.csv
19500,Tier 3,1.21e+60,repo_raw_table,enemy_health_table.csv
20000,Tier 3,2.024e+61,repo_raw_table,enemy_health_table.csv
21000,Tier 3,8.960000000000002e+63,repo_raw_table,enemy_health_table.csv
22000,Tier 3,2.7e+66,repo_raw_table,enemy_health_table.csv
23000,Tier 3,8.4036e+68,repo_raw_table,enemy_health_table.csv
24000,Tier 3,2.6970000000000003e+71,repo_raw_table,enemy_health_table.csv
25000,Tier 3,8.123e+73,repo_raw_table,enemy_health_table.csv
30000,Tier 3,3.1368000000000004e+86,repo_raw_table,enemy_health_table.csv
35000,Tier 3,9.5143e+98,repo_raw_table,enemy_health_table.csv
40000,Tier 3,2.6e+111,repo_raw_table,enemy_health_table.csv
45000,Tier 3,7.67e+123,repo_raw_table,enemy_health_table.csv
50000,Tier 3,1.8599999999999997e+136,repo_raw_table,enemy_health_table.csv
55000,Tier 3,5.609999999999999e+148,repo_raw_table,enemy_health_table.csv
60000,Tier 3,1.21e+161,repo_raw_table,enemy_health_table.csv
65000,Tier 3,3.3599999999999997e+173,repo_raw_table,enemy_health_table.csv
70000,Tier 3,7.829999999999999e+185,repo_raw_table,enemy_health_table.csv
75000,Tier 3,2.11e+198,repo_raw_table,enemy_health_table.csv
80000,Tier 3,4.22e+210,repo_raw_table,enemy_health_table.csv
85000,Tier 3,1.29e+223,repo_raw_table,enemy_health_table.csv
90000,Tier 3,2.91e+235,repo_raw_table,enemy_health_table.csv
95000,Tier 3,5.5700000000000005e+247,repo_raw_table,enemy_health_table.csv
100000,Tier 3,1.33e+260,repo_raw_table,enemy_health_table.csv
1,Tier 4,282.0,repo_raw_table,enemy_health_table.csv
10,Tier 4,2200.0,repo_raw_table,enemy_health_table.csv
20,Tier 4,7110.0,repo_raw_table,enemy_health_table.csv
30,Tier 4,17200.0,repo_raw_table,enemy_health_table.csv
40,Tier 4,31930.0,repo_raw_table,enemy_health_table.csv
50,Tier 4,57300.0,repo_raw_table,enemy_health_table.csv
60,Tier 4,97090.0,repo_raw_table,enemy_health_table.csv
70,Tier 4,140000.0,repo_raw_table,enemy_health_table.csv
80,Tier 4,218850.0,repo_raw_table,enemy_health_table.csv
90,Tier 4,333730.0,repo_raw_table,enemy_health_table.csv
100,Tier 4,523760.0,repo_raw_table,enemy_health_table.csv
150,Tier 4,2060000.0,repo_raw_table,enemy_health_table.csv
200,Tier 4,6580000.0,repo_raw_table,enemy_health_table.csv
250,Tier 4,17080000.0,repo_raw_table,enemy_health_table.csv
300,Tier 4,38830000.0,repo_raw_table,enemy_health_table.csv
400,Tier 4,161870000.0,repo_raw_table,enemy_health_table.csv
500,Tier 4,543030000.0,repo_raw_table,enemy_health_table.csv
750,Tier 4,7860000000.0,repo_raw_table,enemy_health_table.csv
1000,Tier 4,89050000000.0,repo_raw_table,enemy_health_table.csv
1250,Tier 4,631780000000.0,repo_raw_table,enemy_health_table.csv
1500,Tier 4,4690000000000.0,repo_raw_table,enemy_health_table.csv
2000,Tier 4,204900000000000.0,repo_raw_table,enemy_health_table.csv
2500,Tier 4,6020000000000000.0,repo_raw_table,enemy_health_table.csv
3000,Tier 4,2.0706e+17,repo_raw_table,enemy_health_table.csv
3500,Tier 4,5.33e+18,repo_raw_table,enemy_health_table.csv
4500,Tier 4,3.67e+21,repo_raw_table,enemy_health_table.csv
5000,Tier 4,7.419e+22,repo_raw_table,enemy_health_table.csv
5500,Tier 4,1.88e+24,repo_raw_table,enemy_health_table.csv
6000,Tier 4,3.968999999999999e+25,repo_raw_table,enemy_health_table.csv
6500,Tier 4,8.4246e+26,repo_raw_table,enemy_health_table.csv
7000,Tier 4,1.983e+28,repo_raw_table,enemy_health_table.csv
7500,Tier 4,4.2508e+29,repo_raw_table,enemy_health_table.csv
8000,Tier 4,8.01e+30,repo_raw_table,enemy_health_table.csv
8500,Tier 4,1.8198e+32,repo_raw_table,enemy_health_table.csv
9000,Tier 4,3.81e+33,repo_raw_table,enemy_health_table.csv
9500,Tier 4,7.0009999999999995e+34,repo_raw_table,enemy_health_table.csv
10000,Tier 4,1.35e+36,repo_raw_table,enemy_health_table.csv
10500,Tier 4,2.61e+37,repo_raw_table,enemy_health_table.csv
11000,Tier 4,5.6067e+38,repo_raw_table,enemy_health_table.csv
11500,Tier 4,9.48e+39,repo_raw_table,enemy_health_table.csv
12000,Tier 4,2.0067e+41,repo_raw_table,enemy_health_table.csv
12500,Tier 4,3.1800000000000004e+42,repo_raw_table,enemy_health_table.csv
13000,Tier 4,7.039e+43,repo_raw_table,enemy_health_table.csv
13500,Tier 4,1.72e+45,repo_raw_table,enemy_health_table.csv
14500,Tier 4,5.596799999999999e+47,repo_raw_table,enemy_health_table.csv
15000,Tier 4,9.449999999999999e+48,repo_raw_table,enemy_health_table.csv
15500,Tier 4,1.8642999999999999e+50,repo_raw_table,enemy_health_table.csv
16000,Tier 4,3.35e+51,repo_raw_table,enemy_health_table.csv
16500,Tier 4,6.370000000000001e+52,repo_raw_table,enemy_health_table.csv
17000,Tier 4,1.0900000000000002e+54,repo_raw_table,enemy_health_table.csv
17500,Tier 4,2.0910000000000003e+55,repo_raw_table,enemy_health_table.csv
18000,Tier 4,4.2328e+56,repo_raw_table,enemy_health_table.csv
18500,Tier 4,6.96e+57,repo_raw_table,enemy_health_table.csv
19000,Tier 4,1.3352e+59,repo_raw_table,enemy_health_table.csv
19500,Tier 4,2.41e+60,repo_raw_table,enemy_health_table.csv
20000,Tier 4,4.047999999999999e+61,repo_raw_table,enemy_health_table.csv
21000,Tier 4,1.7929999999999998e+64,repo_raw_table,enemy_health_table.csv
22000,Tier 4,5.41e+66,repo_raw_table,enemy_health_table.csv
23000,Tier 4,1.68e+69,repo_raw_table,enemy_health_table.csv
24000,Tier 4,5.3941e+71,repo_raw_table,enemy_health_table.csv
25000,Tier 4,1.6247000000000002e+74,repo_raw_table,enemy_health_table.csv
30000,Tier 4,6.273600000000001e+86,repo_raw_table,enemy_health_table.csv
35000,Tier 4,1.9e+99,repo_raw_table,enemy_health_table.csv
40000,Tier 4,5.209999999999999e+111,repo_raw_table,enemy_health_table.csv
45000,Tier 4,1.53e+124,repo_raw_table,enemy_health_table.csv
50000,Tier 4,3.7199999999999995e+136,repo_raw_table,enemy_health_table.csv
55000,Tier 4,1.12e+149,repo_raw_table,enemy_health_table.csv
60000,Tier 4,2.41e+161,repo_raw_table,enemy_health_table.csv
65000,Tier 4,6.709999999999999e+173,repo_raw_table,enemy_health_table.csv
70000,Tier 4,1.57e+186,repo_raw_table,enemy_health_table.csv
75000,Tier 4,4.23e+198,repo_raw_table,enemy_health_table.csv
80000,Tier 4,8.44e+210,repo_raw_table,enemy_health_table.csv
85000,Tier 4,2.58e+223,repo_raw_table,enemy_health_table.csv
90000,Tier 4,5.83e+235,repo_raw_table,enemy_health_table.csv
95000,Tier 4,1.1100000000000001e+248,repo_raw_table,enemy_health_table.csv
100000,Tier 4,2.67e+260,repo_raw_table,enemy_health_table.csv
1,Tier 5,564.0,repo_raw_table,enemy_health_table.csv
10,Tier 5,4410.0,repo_raw_table,enemy_health_table.csv
20,Tier 5,14220.0,repo_raw_table,enemy_health_table.csv
30,Tier 5,34410.0,repo_raw_table,enemy_health_table.csv
40,Tier 5,63870.0,repo_raw_table,enemy_health_table.csv
50,Tier 5,114590.0,repo_raw_table,enemy_health_table.csv
60,Tier 5,194180.0,repo_raw_table,enemy_health_table.csv
70,Tier 5,279990.0,repo_raw_table,enemy_health_table.csv
80,Tier 5,437700.0,repo_raw_table,enemy_health_table.csv
90,Tier 5,667460.0,repo_raw_table,enemy_health_table.csv
100,Tier 5,1050000.0,repo_raw_table,enemy_health_table.csv
150,Tier 5,4120000.0,repo_raw_table,enemy_health_table.csv
200,Tier 5,13160000.0,repo_raw_table,enemy_health_table.csv
250,Tier 5,34170000.0,repo_raw_table,enemy_health_table.csv
300,Tier 5,77670000.0,repo_raw_table,enemy_health_table.csv
400,Tier 5,323730000.0,repo_raw_table,enemy_health_table.csv
500,Tier 5,1090000000.0,repo_raw_table,enemy_health_table.csv
750,Tier 5,15720000000.0,repo_raw_table,enemy_health_table.csv
1000,Tier 5,178100000000.0,repo_raw_table,enemy_health_table.csv
1250,Tier 5,1260000000000.0,repo_raw_table,enemy_health_table.csv
1500,Tier 5,9380000000000.0,repo_raw_table,enemy_health_table.csv
2000,Tier 5,409790000000000.0,repo_raw_table,enemy_health_table.csv
2500,Tier 5,1.204e+16,repo_raw_table,enemy_health_table.csv
3000,Tier 5,4.1412e+17,repo_raw_table,enemy_health_table.csv
3500,Tier 5,1.066e+19,repo_raw_table,enemy_health_table.csv
4500,Tier 5,7.349999999999999e+21,repo_raw_table,enemy_health_table.csv
5000,Tier 5,1.4838e+23,repo_raw_table,enemy_health_table.csv
5500,Tier 5,3.76e+24,repo_raw_table,enemy_health_table.csv
6000,Tier 5,7.937999999999999e+25,repo_raw_table,enemy_health_table.csv
6500,Tier 5,1.68e+27,repo_raw_table,enemy_health_table.csv
7000,Tier 5,3.965999999999999e+28,repo_raw_table,enemy_health_table.csv
7500,Tier 5,8.5015e+29,repo_raw_table,enemy_health_table.csv
8000,Tier 5,1.602e+31,repo_raw_table,enemy_health_table.csv
8500,Tier 5,3.6396e+32,repo_raw_table,enemy_health_table.csv
9000,Tier 5,7.61e+33,repo_raw_table,enemy_health_table.csv
9500,Tier 5,1.4001e+35,repo_raw_table,enemy_health_table.csv
10000,Tier 5,2.69e+36,repo_raw_table,enemy_health_table.csv
10500,Tier 5,5.22e+37,repo_raw_table,enemy_health_table.csv
11000,Tier 5,1.12e+39,repo_raw_table,enemy_health_table.csv
11500,Tier 5,1.895e+40,repo_raw_table,enemy_health_table.csv
12000,Tier 5,4.013399999999999e+41,repo_raw_table,enemy_health_table.csv
12500,Tier 5,6.35e+42,repo_raw_table,enemy_health_table.csv
13000,Tier 5,1.4079e+44,repo_raw_table,enemy_health_table.csv
13500,Tier 5,3.43e+45,repo_raw_table,enemy_health_table.csv
14500,Tier 5,1.1200000000000001e+48,repo_raw_table,enemy_health_table.csv
15000,Tier 5,1.891e+49,repo_raw_table,enemy_health_table.csv
15500,Tier 5,3.7287e+50,repo_raw_table,enemy_health_table.csv
16000,Tier 5,6.7e+51,repo_raw_table,enemy_health_table.csv
16500,Tier 5,1.2739e+53,repo_raw_table,enemy_health_table.csv
17000,Tier 5,2.19e+54,repo_raw_table,enemy_health_table.csv
17500,Tier 5,4.1820000000000006e+55,repo_raw_table,enemy_health_table.csv
18000,Tier 5,8.4655e+56,repo_raw_table,enemy_health_table.csv
18500,Tier 5,1.391e+58,repo_raw_table,enemy_health_table.csv
19000,Tier 5,2.6704000000000003e+59,repo_raw_table,enemy_health_table.csv
19500,Tier 5,4.83e+60,repo_raw_table,enemy_health_table.csv
20000,Tier 5,8.095999999999998e+61,repo_raw_table,enemy_health_table.csv
21000,Tier 5,3.5859999999999996e+64,repo_raw_table,enemy_health_table.csv
22000,Tier 5,1.082e+67,repo_raw_table,enemy_health_table.csv
23000,Tier 5,3.36e+69,repo_raw_table,enemy_health_table.csv
24000,Tier 5,1.08e+72,repo_raw_table,enemy_health_table.csv
25000,Tier 5,3.2493000000000003e+74,repo_raw_table,enemy_health_table.csv
30000,Tier 5,1.25e+87,repo_raw_table,enemy_health_table.csv
35000,Tier 5,3.8100000000000005e+99,repo_raw_table,enemy_health_table.csv
40000,Tier 5,1.041e+112,repo_raw_table,enemy_health_table.csv
45000,Tier 5,3.07e+124,repo_raw_table,enemy_health_table.csv
50000,Tier 5,7.439999999999999e+136,repo_raw_table,enemy_health_table.csv
55000,Tier 5,2.25e+149,repo_raw_table,enemy_health_table.csv
60000,Tier 5,4.829999999999999e+161,repo_raw_table,enemy_health_table.csv
65000,Tier 5,1.34e+174,repo_raw_table,enemy_health_table.csv
70000,Tier 5,3.1300000000000003e+186,repo_raw_table,enemy_health_table.csv
75000,Tier 5,8.46e+198,repo_raw_table,enemy_health_table.csv
80000,Tier 5,1.69e+211,repo_raw_table,enemy_health_table.csv
85000,Tier 5,5.16e+223,repo_raw_table,enemy_health_table.csv
90000,Tier 5,1.17e+236,repo_raw_table,enemy_health_table.csv
95000,Tier 5,2.23e+248,repo_raw_table,enemy_health_table.csv
100000,Tier 5,5.34e+260,repo_raw_table,enemy_health_table.csv
1,Tier 6,1130.0,repo_raw_table,enemy_health_table.csv
10,Tier 6,8810.0,repo_raw_table,enemy_health_table.csv
20,Tier 6,28440.0,repo_raw_table,enemy_health_table.csv
30,Tier 6,68810.0,repo_raw_table,enemy_health_table.csv
40,Tier 6,127730.0,repo_raw_table,enemy_health_table.csv
50,Tier 6,229180.0,repo_raw_table,enemy_health_table.csv
60,Tier 6,388360.0,repo_raw_table,enemy_health_table.csv
70,Tier 6,559980.0,repo_raw_table,enemy_health_table.csv
80,Tier 6,875390.0,repo_raw_table,enemy_health_table.csv
90,Tier 6,1330000.0,repo_raw_table,enemy_health_table.csv
100,Tier 6,2100000.0,repo_raw_table,enemy_health_table.csv
150,Tier 6,8250000.0,repo_raw_table,enemy_health_table.csv
200,Tier 6,26320000.0,repo_raw_table,enemy_health_table.csv
250,Tier 6,68330000.0,repo_raw_table,enemy_health_table.csv
300,Tier 6,155330000.0,repo_raw_table,enemy_health_table.csv
400,Tier 6,647460000.0,repo_raw_table,enemy_health_table.csv
500,Tier 6,2170000000.0,repo_raw_table,enemy_health_table.csv
750,Tier 6,31440000000.0,repo_raw_table,enemy_health_table.csv
1000,Tier 6,356210000000.0,repo_raw_table,enemy_health_table.csv
1250,Tier 6,2530000000000.0,repo_raw_table,enemy_health_table.csv
1500,Tier 6,18760000000000.0,repo_raw_table,enemy_health_table.csv
2000,Tier 6,819580000000000.0,repo_raw_table,enemy_health_table.csv
2500,Tier 6,2.408e+16,repo_raw_table,enemy_health_table.csv
3000,Tier 6,8.2824e+17,repo_raw_table,enemy_health_table.csv
3500,Tier 6,2.132e+19,repo_raw_table,enemy_health_table.csv
4500,Tier 6,1.47e+22,repo_raw_table,enemy_health_table.csv
5000,Tier 6,2.9677e+23,repo_raw_table,enemy_health_table.csv
5500,Tier 6,7.509999999999999e+24,repo_raw_table,enemy_health_table.csv
6000,Tier 6,1.5875e+26,repo_raw_table,enemy_health_table.csv
6500,Tier 6,3.3700000000000004e+27,repo_raw_table,enemy_health_table.csv
7000,Tier 6,7.931999999999999e+28,repo_raw_table,enemy_health_table.csv
7500,Tier 6,1.6999999999999998e+30,repo_raw_table,enemy_health_table.csv
8000,Tier 6,3.205e+31,repo_raw_table,enemy_health_table.csv
8500,Tier 6,7.279199999999999e+32,repo_raw_table,enemy_health_table.csv
9000,Tier 6,1.523e+34,repo_raw_table,enemy_health_table.csv
9500,Tier 6,2.8002e+35,repo_raw_table,enemy_health_table.csv
10000,Tier 6,5.38e+36,repo_raw_table,enemy_health_table.csv
10500,Tier 6,1.0440999999999999e+38,repo_raw_table,enemy_health_table.csv
11000,Tier 6,2.24e+39,repo_raw_table,enemy_health_table.csv
11500,Tier 6,3.79e+40,repo_raw_table,enemy_health_table.csv
12000,Tier 6,8.026799999999998e+41,repo_raw_table,enemy_health_table.csv
12500,Tier 6,1.27e+43,repo_raw_table,enemy_health_table.csv
13000,Tier 6,2.8158e+44,repo_raw_table,enemy_health_table.csv
13500,Tier 6,6.86e+45,repo_raw_table,enemy_health_table.csv
14500,Tier 6,2.2400000000000002e+48,repo_raw_table,enemy_health_table.csv
15000,Tier 6,3.782e+49,repo_raw_table,enemy_health_table.csv
15500,Tier 6,7.4574e+50,repo_raw_table,enemy_health_table.csv
16000,Tier 6,1.34e+52,repo_raw_table,enemy_health_table.csv
16500,Tier 6,2.5478e+53,repo_raw_table,enemy_health_table.csv
17000,Tier 6,4.38e+54,repo_raw_table,enemy_health_table.csv
17500,Tier 6,8.365000000000001e+55,repo_raw_table,enemy_health_table.csv
18000,Tier 6,1.69e+57,repo_raw_table,enemy_health_table.csv
18500,Tier 6,2.782e+58,repo_raw_table,enemy_health_table.csv
19000,Tier 6,5.3408000000000005e+59,repo_raw_table,enemy_health_table.csv
19500,Tier 6,9.65e+60,repo_raw_table,enemy_health_table.csv
20000,Tier 6,1.6191999999999997e+62,repo_raw_table,enemy_health_table.csv
21000,Tier 6,7.171e+64,repo_raw_table,enemy_health_table.csv
22000,Tier 6,2.163e+67,repo_raw_table,enemy_health_table.csv
23000,Tier 6,6.72e+69,repo_raw_table,enemy_health_table.csv
24000,Tier 6,2.16e+72,repo_raw_table,enemy_health_table.csv
25000,Tier 6,6.498700000000001e+74,repo_raw_table,enemy_health_table.csv
30000,Tier 6,2.51e+87,repo_raw_table,enemy_health_table.csv
35000,Tier 6,7.610000000000001e+99,repo_raw_table,enemy_health_table.csv
40000,Tier 6,2.083e+112,repo_raw_table,enemy_health_table.csv
45000,Tier 6,6.13e+124,repo_raw_table,enemy_health_table.csv
50000,Tier 6,1.49e+137,repo_raw_table,enemy_health_table.csv
55000,Tier 6,4.49e+149,repo_raw_table,enemy_health_table.csv
60000,Tier 6,9.659999999999999e+161,repo_raw_table,enemy_health_table.csv
65000,Tier 6,2.6900000000000004e+174,repo_raw_table,enemy_health_table.csv
70000,Tier 6,6.27e+186,repo_raw_table,enemy_health_table.csv
75000,Tier 6,1.69e+199,repo_raw_table,enemy_health_table.csv
80000,Tier 6,3.37e+211,repo_raw_table,enemy_health_table.csv
85000,Tier 6,1.0300000000000001e+224,repo_raw_table,enemy_health_table.csv
90000,Tier 6,2.33e+236,repo_raw_table,enemy_health_table.csv
95000,Tier 6,4.46e+248,repo_raw_table,enemy_health_table.csv
100000,Tier 6,1.0699999999999998e+261,repo_raw_table,enemy_health_table.csv
1,Tier 7,2260.0,repo_raw_table,enemy_health_table.csv
10,Tier 7,17620.0,repo_raw_table,enemy_health_table.csv
20,Tier 7,56880.0,repo_raw_table,enemy_health_table.csv
30,Tier 7,137620.0,repo_raw_table,enemy_health_table.csv
40,Tier 7,255470.0,repo_raw_table,enemy_health_table.csv
50,Tier 7,458370.0,repo_raw_table,enemy_health_table.csv
60,Tier 7,776720.0,repo_raw_table,enemy_health_table.csv
70,Tier 7,1120000.0,repo_raw_table,enemy_health_table.csv
80,Tier 7,1750000.0,repo_raw_table,enemy_health_table.csv
90,Tier 7,2670000.0,repo_raw_table,enemy_health_table.csv
100,Tier 7,4190000.000000001,repo_raw_table,enemy_health_table.csv
150,Tier 7,16500000.0,repo_raw_table,enemy_health_table.csv
200,Tier 7,52650000.0,repo_raw_table,enemy_health_table.csv
250,Tier 7,136660000.0,repo_raw_table,enemy_health_table.csv
300,Tier 7,310670000.0,repo_raw_table,enemy_health_table.csv
400,Tier 7,1290000000.0,repo_raw_table,enemy_health_table.csv
500,Tier 7,4340000000.0,repo_raw_table,enemy_health_table.csv
750,Tier 7,62880000000.0,repo_raw_table,enemy_health_table.csv
1000,Tier 7,712420000000.0,repo_raw_table,enemy_health_table.csv
1250,Tier 7,5050000000000.0,repo_raw_table,enemy_health_table.csv
1500,Tier 7,37530000000000.0,repo_raw_table,enemy_health_table.csv
2000,Tier 7,1640000000000000.0,repo_raw_table,enemy_health_table.csv
2500,Tier 7,4.816e+16,repo_raw_table,enemy_health_table.csv
3000,Tier 7,1.66e+18,repo_raw_table,enemy_health_table.csv
3500,Tier 7,4.264e+19,repo_raw_table,enemy_health_table.csv
4500,Tier 7,2.939e+22,repo_raw_table,enemy_health_table.csv
5000,Tier 7,5.9353e+23,repo_raw_table,enemy_health_table.csv
5500,Tier 7,1.502e+25,repo_raw_table,enemy_health_table.csv
6000,Tier 7,3.1751e+26,repo_raw_table,enemy_health_table.csv
6500,Tier 7,6.740000000000001e+27,repo_raw_table,enemy_health_table.csv
7000,Tier 7,1.5863999999999997e+29,repo_raw_table,enemy_health_table.csv
7500,Tier 7,3.3999999999999997e+30,repo_raw_table,enemy_health_table.csv
8000,Tier 7,6.409000000000001e+31,repo_raw_table,enemy_health_table.csv
8500,Tier 7,1.4599999999999998e+33,repo_raw_table,enemy_health_table.csv
9000,Tier 7,3.0449999999999995e+34,repo_raw_table,enemy_health_table.csv
9500,Tier 7,5.600499999999999e+35,repo_raw_table,enemy_health_table.csv
10000,Tier 7,1.076e+37,repo_raw_table,enemy_health_table.csv
10500,Tier 7,2.0881999999999998e+38,repo_raw_table,enemy_health_table.csv
11000,Tier 7,4.4899999999999997e+39,repo_raw_table,enemy_health_table.csv
11500,Tier 7,7.58e+40,repo_raw_table,enemy_health_table.csv
12000,Tier 7,1.61e+42,repo_raw_table,enemy_health_table.csv
12500,Tier 7,2.54e+43,repo_raw_table,enemy_health_table.csv
13000,Tier 7,5.6315e+44,repo_raw_table,enemy_health_table.csv
13500,Tier 7,1.373e+46,repo_raw_table,enemy_health_table.csv
14500,Tier 7,4.480000000000001e+48,repo_raw_table,enemy_health_table.csv
15000,Tier 7,7.564e+49,repo_raw_table,enemy_health_table.csv
15500,Tier 7,1.4899999999999998e+51,repo_raw_table,enemy_health_table.csv
16000,Tier 7,2.68e+52,repo_raw_table,enemy_health_table.csv
16500,Tier 7,5.0956e+53,repo_raw_table,enemy_health_table.csv
17000,Tier 7,8.76e+54,repo_raw_table,enemy_health_table.csv
17500,Tier 7,1.6729e+56,repo_raw_table,enemy_health_table.csv
18000,Tier 7,3.39e+57,repo_raw_table,enemy_health_table.csv
18500,Tier 7,5.564e+58,repo_raw_table,enemy_health_table.csv
19000,Tier 7,1.07e+60,repo_raw_table,enemy_health_table.csv
19500,Tier 7,1.93e+61,repo_raw_table,enemy_health_table.csv
20000,Tier 7,3.2383999999999994e+62,repo_raw_table,enemy_health_table.csv
21000,Tier 7,1.4343e+65,repo_raw_table,enemy_health_table.csv
22000,Tier 7,4.327e+67,repo_raw_table,enemy_health_table.csv
23000,Tier 7,1.3450000000000001e+70,repo_raw_table,enemy_health_table.csv
24000,Tier 7,4.32e+72,repo_raw_table,enemy_health_table.csv
25000,Tier 7,1.3e+75,repo_raw_table,enemy_health_table.csv
30000,Tier 7,5.019999999999999e+87,repo_raw_table,enemy_health_table.csv
35000,Tier 7,1.5220000000000002e+100,repo_raw_table,enemy_health_table.csv
40000,Tier 7,4.165e+112,repo_raw_table,enemy_health_table.csv
45000,Tier 7,1.23e+125,repo_raw_table,enemy_health_table.csv
50000,Tier 7,2.98e+137,repo_raw_table,enemy_health_table.csv
55000,Tier 7,8.98e+149,repo_raw_table,enemy_health_table.csv
60000,Tier 7,1.93e+162,repo_raw_table,enemy_health_table.csv
65000,Tier 7,5.3700000000000005e+174,repo_raw_table,enemy_health_table.csv
70000,Tier 7,1.25e+187,repo_raw_table,enemy_health_table.csv
75000,Tier 7,3.38e+199,repo_raw_table,enemy_health_table.csv
80000,Tier 7,6.75e+211,repo_raw_table,enemy_health_table.csv
85000,Tier 7,2.0700000000000002e+224,repo_raw_table,enemy_health_table.csv
90000,Tier 7,4.66e+236,repo_raw_table,enemy_health_table.csv
95000,Tier 7,8.910000000000001e+248,repo_raw_table,enemy_health_table.csv
100000,Tier 7,2.13e+261,repo_raw_table,enemy_health_table.csv
1,Tier 8,4510.0,repo_raw_table,enemy_health_table.csv
10,Tier 8,35240.0,repo_raw_table,enemy_health_table.csv
20,Tier 8,113760.0,repo_raw_table,enemy_health_table.csv
30,Tier 8,275240.0,repo_raw_table,enemy_health_table.csv
40,Tier 8,510930.0,repo_raw_table,enemy_health_table.csv
50,Tier 8,916740.0,repo_raw_table,enemy_health_table.csv
60,Tier 8,1550000.0,repo_raw_table,enemy_health_table.csv
70,Tier 8,2240000.0,repo_raw_table,enemy_health_table.csv
80,Tier 8,3500000.0,repo_raw_table,enemy_health_table.csv
90,Tier 8,5340000.0,repo_raw_table,enemy_health_table.csv
100,Tier 8,8380000.000000001,repo_raw_table,enemy_health_table.csv
150,Tier 8,33000000.0,repo_raw_table,enemy_health_table.csv
200,Tier 8,105290000.0,repo_raw_table,enemy_health_table.csv
250,Tier 8,273320000.0,repo_raw_table,enemy_health_table.csv
300,Tier 8,621330000.0,repo_raw_table,enemy_health_table.csv
400,Tier 8,2590000000.0,repo_raw_table,enemy_health_table.csv
500,Tier 8,8690000000.0,repo_raw_table,enemy_health_table.csv
750,Tier 8,125760000000.0,repo_raw_table,enemy_health_table.csv
1000,Tier 8,1420000000000.0,repo_raw_table,enemy_health_table.csv
1250,Tier 8,10110000000000.0,repo_raw_table,enemy_health_table.csv
1500,Tier 8,75060000000000.0,repo_raw_table,enemy_health_table.csv
2000,Tier 8,3280000000000000.0,repo_raw_table,enemy_health_table.csv
2500,Tier 8,9.633e+16,repo_raw_table,enemy_health_table.csv
3000,Tier 8,3.31e+18,repo_raw_table,enemy_health_table.csv
3500,Tier 8,8.528e+19,repo_raw_table,enemy_health_table.csv
4500,Tier 8,5.879e+22,repo_raw_table,enemy_health_table.csv
5000,Tier 8,1.19e+24,repo_raw_table,enemy_health_table.csv
5500,Tier 8,3.005e+25,repo_raw_table,enemy_health_table.csv
6000,Tier 8,6.3501e+26,repo_raw_table,enemy_health_table.csv
6500,Tier 8,1.348e+28,repo_raw_table,enemy_health_table.csv
7000,Tier 8,3.1727e+29,repo_raw_table,enemy_health_table.csv
7500,Tier 8,6.799999999999999e+30,repo_raw_table,enemy_health_table.csv
8000,Tier 8,1.2818e+32,repo_raw_table,enemy_health_table.csv
8500,Tier 8,2.9099999999999996e+33,repo_raw_table,enemy_health_table.csv
9000,Tier 8,6.091e+34,repo_raw_table,enemy_health_table.csv
9500,Tier 8,1.12e+36,repo_raw_table,enemy_health_table.csv
10000,Tier 8,2.1529999999999997e+37,repo_raw_table,enemy_health_table.csv
10500,Tier 8,4.1763e+38,repo_raw_table,enemy_health_table.csv
11000,Tier 8,8.97e+39,repo_raw_table,enemy_health_table.csv
11500,Tier 8,1.516e+41,repo_raw_table,enemy_health_table.csv
12000,Tier 8,3.21e+42,repo_raw_table,enemy_health_table.csv
12500,Tier 8,5.081000000000001e+43,repo_raw_table,enemy_health_table.csv
13000,Tier 8,1.1299999999999999e+45,repo_raw_table,enemy_health_table.csv
13500,Tier 8,2.746e+46,repo_raw_table,enemy_health_table.csv
14500,Tier 8,8.95e+48,repo_raw_table,enemy_health_table.csv
15000,Tier 8,1.5128e+50,repo_raw_table,enemy_health_table.csv
15500,Tier 8,2.9799999999999997e+51,repo_raw_table,enemy_health_table.csv
16000,Tier 8,5.359e+52,repo_raw_table,enemy_health_table.csv
16500,Tier 8,1.02e+54,repo_raw_table,enemy_health_table.csv
17000,Tier 8,1.752e+55,repo_raw_table,enemy_health_table.csv
17500,Tier 8,3.3458e+56,repo_raw_table,enemy_health_table.csv
18000,Tier 8,6.77e+57,repo_raw_table,enemy_health_table.csv
18500,Tier 8,1.1129e+59,repo_raw_table,enemy_health_table.csv
19000,Tier 8,2.14e+60,repo_raw_table,enemy_health_table.csv
19500,Tier 8,3.86e+61,repo_raw_table,enemy_health_table.csv
20000,Tier 8,6.4768e+62,repo_raw_table,enemy_health_table.csv
21000,Tier 8,2.8684999999999997e+65,repo_raw_table,enemy_health_table.csv
22000,Tier 8,8.652999999999999e+67,repo_raw_table,enemy_health_table.csv
23000,Tier 8,2.6890000000000002e+70,repo_raw_table,enemy_health_table.csv
24000,Tier 8,8.630000000000001e+72,repo_raw_table,enemy_health_table.csv
25000,Tier 8,2.6e+75,repo_raw_table,enemy_health_table.csv
30000,Tier 8,1.0039999999999998e+88,repo_raw_table,enemy_health_table.csv
35000,Tier 8,3.0450000000000004e+100,repo_raw_table,enemy_health_table.csv
40000,Tier 8,8.329999999999999e+112,repo_raw_table,enemy_health_table.csv
45000,Tier 8,2.45e+125,repo_raw_table,enemy_health_table.csv
50000,Tier 8,5.95e+137,repo_raw_table,enemy_health_table.csv
55000,Tier 8,1.8e+150,repo_raw_table,enemy_health_table.csv
60000,Tier 8,3.86e+162,repo_raw_table,enemy_health_table.csv
65000,Tier 8,1.07e+175,repo_raw_table,enemy_health_table.csv
70000,Tier 8,2.51e+187,repo_raw_table,enemy_health_table.csv
75000,Tier 8,6.77e+199,repo_raw_table,enemy_health_table.csv
80000,Tier 8,1.3499999999999999e+212,repo_raw_table,enemy_health_table.csv
85000,Tier 8,4.1300000000000005e+224,repo_raw_table,enemy_health_table.csv
90000,Tier 8,9.33e+236,repo_raw_table,enemy_health_table.csv
95000,Tier 8,1.7799999999999999e+249,repo_raw_table,enemy_health_table.csv
100000,Tier 8,4.27e+261,repo_raw_table,enemy_health_table.csv
1,Tier 9,13540.0,repo_raw_table,enemy_health_table.csv
10,Tier 9,105730.0,repo_raw_table,enemy_health_table.csv
20,Tier 9,341280.0,repo_raw_table,enemy_health_table.csv
30,Tier 9,825730.0,repo_raw_table,enemy_health_table.csv
40,Tier 9,1530000.0,repo_raw_table,enemy_health_table.csv
50,Tier 9,2750000.0,repo_raw_table,enemy_health_table.csv
60,Tier 9,4660000.0,repo_raw_table,enemy_health_table.csv
70,Tier 9,6720000.0,repo_raw_table,enemy_health_table.csv
80,Tier 9,10500000.0,repo_raw_table,enemy_health_table.csv
90,Tier 9,16020000.0,repo_raw_table,enemy_health_table.csv
100,Tier 9,25140000.0,repo_raw_table,enemy_health_table.csv
150,Tier 9,98990000.0,repo_raw_table,enemy_health_table.csv
200,Tier 9,315870000.0,repo_raw_table,enemy_health_table.csv
250,Tier 9,819960000.0,repo_raw_table,enemy_health_table.csv
300,Tier 9,1860000000.0,repo_raw_table,enemy_health_table.csv
400,Tier 9,7770000000.0,repo_raw_table,enemy_health_table.csv
500,Tier 9,26070000000.0,repo_raw_table,enemy_health_table.csv
750,Tier 9,377280000000.0,repo_raw_table,enemy_health_table.csv
1000,Tier 9,4270000000000.0,repo_raw_table,enemy_health_table.csv
1250,Tier 9,30330000000000.0,repo_raw_table,enemy_health_table.csv
1500,Tier 9,225170000000000.0,repo_raw_table,enemy_health_table.csv
2000,Tier 9,9830000000000000.0,repo_raw_table,enemy_health_table.csv
2500,Tier 9,2.8898e+17,repo_raw_table,enemy_health_table.csv
3000,Tier 9,9.94e+18,repo_raw_table,enemy_health_table.csv
3500,Tier 9,2.5584e+20,repo_raw_table,enemy_health_table.csv
4500,Tier 9,1.7637e+23,repo_raw_table,enemy_health_table.csv
5000,Tier 9,3.56e+24,repo_raw_table,enemy_health_table.csv
5500,Tier 9,9.015e+25,repo_raw_table,enemy_health_table.csv
6000,Tier 9,1.91e+27,repo_raw_table,enemy_health_table.csv
6500,Tier 9,4.044000000000001e+28,repo_raw_table,enemy_health_table.csv
7000,Tier 9,9.5182e+29,repo_raw_table,enemy_health_table.csv
7500,Tier 9,2.04e+31,repo_raw_table,enemy_health_table.csv
8000,Tier 9,3.8455000000000005e+32,repo_raw_table,enemy_health_table.csv
8500,Tier 9,8.74e+33,repo_raw_table,enemy_health_table.csv
9000,Tier 9,1.8272e+35,repo_raw_table,enemy_health_table.csv
9500,Tier 9,3.36e+36,repo_raw_table,enemy_health_table.csv
10000,Tier 9,6.4580000000000005e+37,repo_raw_table,enemy_health_table.csv
10500,Tier 9,1.2499999999999999e+39,repo_raw_table,enemy_health_table.csv
11000,Tier 9,2.691e+40,repo_raw_table,enemy_health_table.csv
11500,Tier 9,4.548e+41,repo_raw_table,enemy_health_table.csv
12000,Tier 9,9.63e+42,repo_raw_table,enemy_health_table.csv
12500,Tier 9,1.5241999999999999e+44,repo_raw_table,enemy_health_table.csv
13000,Tier 9,3.3799999999999995e+45,repo_raw_table,enemy_health_table.csv
13500,Tier 9,8.237999999999999e+46,repo_raw_table,enemy_health_table.csv
14500,Tier 9,2.6859999999999997e+49,repo_raw_table,enemy_health_table.csv
15000,Tier 9,4.5383e+50,repo_raw_table,enemy_health_table.csv
15500,Tier 9,8.949999999999999e+51,repo_raw_table,enemy_health_table.csv
16000,Tier 9,1.6076999999999999e+53,repo_raw_table,enemy_health_table.csv
16500,Tier 9,3.06e+54,repo_raw_table,enemy_health_table.csv
17000,Tier 9,5.255e+55,repo_raw_table,enemy_health_table.csv
17500,Tier 9,1e+57,repo_raw_table,enemy_health_table.csv
18000,Tier 9,2.0320000000000002e+58,repo_raw_table,enemy_health_table.csv
18500,Tier 9,3.3387e+59,repo_raw_table,enemy_health_table.csv
19000,Tier 9,6.41e+60,repo_raw_table,enemy_health_table.csv
19500,Tier 9,1.1581e+62,repo_raw_table,enemy_health_table.csv
20000,Tier 9,1.94e+63,repo_raw_table,enemy_health_table.csv
21000,Tier 9,8.6056e+65,repo_raw_table,enemy_health_table.csv
22000,Tier 9,2.596e+68,repo_raw_table,enemy_health_table.csv
23000,Tier 9,8.067000000000001e+70,repo_raw_table,enemy_health_table.csv
24000,Tier 9,2.589e+73,repo_raw_table,enemy_health_table.csv
25000,Tier 9,7.799999999999999e+75,repo_raw_table,enemy_health_table.csv
30000,Tier 9,3.0109999999999998e+88,repo_raw_table,enemy_health_table.csv
35000,Tier 9,9.134e+100,repo_raw_table,enemy_health_table.csv
40000,Tier 9,2.4991e+113,repo_raw_table,enemy_health_table.csv
45000,Tier 9,7.36e+125,repo_raw_table,enemy_health_table.csv
50000,Tier 9,1.79e+138,repo_raw_table,enemy_health_table.csv
55000,Tier 9,5.3900000000000004e+150,repo_raw_table,enemy_health_table.csv
60000,Tier 9,1.16e+163,repo_raw_table,enemy_health_table.csv
65000,Tier 9,3.22e+175,repo_raw_table,enemy_health_table.csv
70000,Tier 9,7.52e+187,repo_raw_table,enemy_health_table.csv
75000,Tier 9,2.03e+200,repo_raw_table,enemy_health_table.csv
80000,Tier 9,4.0499999999999994e+212,repo_raw_table,enemy_health_table.csv
85000,Tier 9,1.2400000000000001e+225,repo_raw_table,enemy_health_table.csv
90000,Tier 9,2.8000000000000002e+237,repo_raw_table,enemy_health_table.csv
95000,Tier 9,5.3499999999999996e+249,repo_raw_table,enemy_health_table.csv
100000,Tier 9,1.28e+262,repo_raw_table,enemy_health_table.csv
1,Tier 10,94750.0,repo_raw_table,enemy_health_table.csv
10,Tier 10,747300.0,repo_raw_table,enemy_health_table.csv
20,Tier 10,2430000.0,repo_raw_table,enemy_health_table.csv
30,Tier 10,5930000.0,repo_raw_table,enemy_health_table.csv
40,Tier 10,11050000.0,repo_raw_table,enemy_health_table.csv
50,Tier 10,19890000.0,repo_raw_table,enemy_health_table.csv
60,Tier 10,33800000.0,repo_raw_table,enemy_health_table.csv
70,Tier 10,48840000.0,repo_raw_table,enemy_health_table.csv
80,Tier 10,76480000.0,repo_raw_table,enemy_health_table.csv
90,Tier 10,116820000.0,repo_raw_table,enemy_health_table.csv
100,Tier 10,183600000.0,repo_raw_table,enemy_health_table.csv
150,Tier 10,726620000.0,repo_raw_table,enemy_health_table.csv
200,Tier 10,2330000000.0,repo_raw_table,enemy_health_table.csv
250,Tier 10,6060000000.0,repo_raw_table,enemy_health_table.csv
300,Tier 10,13790000000.0,repo_raw_table,enemy_health_table.csv
400,Tier 10,57680000000.0,repo_raw_table,enemy_health_table.csv
500,Tier 10,193990000000.0,repo_raw_table,enemy_health_table.csv
750,Tier 10,2820000000000.0,repo_raw_table,enemy_health_table.csv
1000,Tier 10,32050000000000.0,repo_raw_table,enemy_health_table.csv
1250,Tier 10,227890000000000.0,repo_raw_table,enemy_health_table.csv
1500,Tier 10,1700000000000000.0,repo_raw_table,enemy_health_table.csv
2000,Tier 10,7.427e+16,repo_raw_table,enemy_health_table.csv
2500,Tier 10,2.19e+18,repo_raw_table,enemy_health_table.csv
3000,Tier 10,7.536e+19,repo_raw_table,enemy_health_table.csv
3500,Tier 10,1.94e+21,repo_raw_table,enemy_health_table.csv
4500,Tier 10,1.34e+24,repo_raw_table,enemy_health_table.csv
5000,Tier 10,2.714e+25,repo_raw_table,enemy_health_table.csv
5500,Tier 10,6.877300000000001e+26,repo_raw_table,enemy_health_table.csv
6000,Tier 10,1.4550000000000002e+28,repo_raw_table,enemy_health_table.csv
6500,Tier 10,3.0902000000000002e+29,repo_raw_table,enemy_health_table.csv
7000,Tier 10,7.279999999999999e+30,repo_raw_table,enemy_health_table.csv
7500,Tier 10,1.5614999999999999e+32,repo_raw_table,enemy_health_table.csv
8000,Tier 10,2.9399999999999995e+33,repo_raw_table,enemy_health_table.csv
8500,Tier 10,6.693000000000001e+34,repo_raw_table,enemy_health_table.csv
9000,Tier 10,1.4e+36,repo_raw_table,enemy_health_table.csv
9500,Tier 10,2.5779999999999997e+37,repo_raw_table,enemy_health_table.csv
10000,Tier 10,4.9568999999999995e+38,repo_raw_table,enemy_health_table.csv
10500,Tier 10,9.62e+39,repo_raw_table,enemy_health_table.csv
11000,Tier 10,2.0675e+41,repo_raw_table,enemy_health_table.csv
11500,Tier 10,3.5e+42,repo_raw_table,enemy_health_table.csv
12000,Tier 10,7.406000000000001e+43,repo_raw_table,enemy_health_table.csv
12500,Tier 10,1.1700000000000001e+45,repo_raw_table,enemy_health_table.csv
13000,Tier 10,2.6e+46,repo_raw_table,enemy_health_table.csv
13500,Tier 10,6.341399999999999e+47,repo_raw_table,enemy_health_table.csv
14500,Tier 10,2.0696000000000004e+50,repo_raw_table,enemy_health_table.csv
15000,Tier 10,3.5e+51,repo_raw_table,enemy_health_table.csv
15500,Tier 10,6.899e+52,repo_raw_table,enemy_health_table.csv
16000,Tier 10,1.2399999999999999e+54,repo_raw_table,enemy_health_table.csv
16500,Tier 10,2.358e+55,repo_raw_table,enemy_health_table.csv
17000,Tier 10,4.0548e+56,repo_raw_table,enemy_health_table.csv
17500,Tier 10,7.75e+57,repo_raw_table,enemy_health_table.csv
18000,Tier 10,1.5686000000000005e+59,repo_raw_table,enemy_health_table.csv
18500,Tier 10,2.58e+60,repo_raw_table,enemy_health_table.csv
19000,Tier 10,4.9509999999999996e+61,repo_raw_table,enemy_health_table.csv
19500,Tier 10,8.948199999999999e+62,repo_raw_table,enemy_health_table.csv
20000,Tier 10,1.5019999999999998e+64,repo_raw_table,enemy_health_table.csv
21000,Tier 10,6.65e+66,repo_raw_table,enemy_health_table.csv
22000,Tier 10,2.01e+69,repo_raw_table,enemy_health_table.csv
23000,Tier 10,6.243700000000002e+71,repo_raw_table,enemy_health_table.csv
24000,Tier 10,2.0046999999999998e+74,repo_raw_table,enemy_health_table.csv
25000,Tier 10,6.040999999999999e+76,repo_raw_table,enemy_health_table.csv
30000,Tier 10,2.3368000000000002e+89,repo_raw_table,enemy_health_table.csv
35000,Tier 10,7.0987e+101,repo_raw_table,enemy_health_table.csv
40000,Tier 10,1.94e+114,repo_raw_table,enemy_health_table.csv
45000,Tier 10,5.73e+126,repo_raw_table,enemy_health_table.csv
50000,Tier 10,1.39e+139,repo_raw_table,enemy_health_table.csv
55000,Tier 10,4.21e+151,repo_raw_table,enemy_health_table.csv
60000,Tier 10,9.06e+163,repo_raw_table,enemy_health_table.csv
65000,Tier 10,2.5200000000000002e+176,repo_raw_table,enemy_health_table.csv
70000,Tier 10,5.89e+188,repo_raw_table,enemy_health_table.csv
75000,Tier 10,1.59e+201,repo_raw_table,enemy_health_table.csv
80000,Tier 10,3.17e+213,repo_raw_table,enemy_health_table.csv
85000,Tier 10,9.720000000000001e+225,repo_raw_table,enemy_health_table.csv
90000,Tier 10,2.1999999999999998e+238,repo_raw_table,enemy_health_table.csv
95000,Tier 10,4.1999999999999997e+250,repo_raw_table,enemy_health_table.csv
100000,Tier 10,1.01e+263,repo_raw_table,enemy_health_table.csv
1,Tier 11,6160000.0,repo_raw_table,enemy_health_table.csv
10,Tier 11,49050000.0,repo_raw_table,enemy_health_table.csv
20,Tier 11,161300000.0,repo_raw_table,enemy_health_table.csv
30,Tier 11,395090000.0,repo_raw_table,enemy_health_table.csv
40,Tier 11,739830000.0,repo_raw_table,enemy_health_table.csv
50,Tier 11,1340000000.0,repo_raw_table,enemy_health_table.csv
60,Tier 11,2280000000.0,repo_raw_table,enemy_health_table.csv
70,Tier 11,3300000000.0,repo_raw_table,enemy_health_table.csv
80,Tier 11,5170000000.0,repo_raw_table,enemy_health_table.csv
90,Tier 11,7910000000.0,repo_raw_table,enemy_health_table.csv
100,Tier 11,12450000000.0,repo_raw_table,enemy_health_table.csv
150,Tier 11,49530000000.0,repo_raw_table,enemy_health_table.csv
200,Tier 11,159160000000.0,repo_raw_table,enemy_health_table.csv
250,Tier 11,415310000000.0,repo_raw_table,enemy_health_table.csv
300,Tier 11,948050000000.0,repo_raw_table,enemy_health_table.csv
400,Tier 11,3980000000000.0,repo_raw_table,enemy_health_table.csv
500,Tier 11,13410000000000.0,repo_raw_table,enemy_health_table.csv
750,Tier 11,195750000000000.0,repo_raw_table,enemy_health_table.csv
1000,Tier 11,2230000000000000.0,repo_raw_table,enemy_health_table.csv
1250,Tier 11,1.59e+16,repo_raw_table,enemy_health_table.csv
1500,Tier 11,1.1852e+17,repo_raw_table,enemy_health_table.csv
2000,Tier 11,5.21e+18,repo_raw_table,enemy_health_table.csv
2500,Tier 11,1.5371e+20,repo_raw_table,enemy_health_table.csv
3000,Tier 11,5.309999999999999e+21,repo_raw_table,enemy_health_table.csv
3500,Tier 11,1.3701e+23,repo_raw_table,enemy_health_table.csv
4500,Tier 11,9.493e+25,repo_raw_table,enemy_health_table.csv
5000,Tier 11,1.9200000000000003e+27,repo_raw_table,enemy_health_table.csv
5500,Tier 11,4.872e+28,repo_raw_table,enemy_health_table.csv
6000,Tier 11,1.03e+30,repo_raw_table,enemy_health_table.csv
6500,Tier 11,2.1929999999999997e+31,repo_raw_table,enemy_health_table.csv
7000,Tier 11,5.1691e+32,repo_raw_table,enemy_health_table.csv
7500,Tier 11,1.1099999999999998e+34,repo_raw_table,enemy_health_table.csv
8000,Tier 11,2.094e+35,repo_raw_table,enemy_health_table.csv
8500,Tier 11,4.76e+36,repo_raw_table,enemy_health_table.csv
9000,Tier 11,9.973e+37,repo_raw_table,enemy_health_table.csv
9500,Tier 11,1.8399999999999998e+39,repo_raw_table,enemy_health_table.csv
10000,Tier 11,3.5329999999999995e+40,repo_raw_table,enemy_health_table.csv
10500,Tier 11,6.8599e+41,repo_raw_table,enemy_health_table.csv
11000,Tier 11,1.475e+43,repo_raw_table,enemy_health_table.csv
11500,Tier 11,2.4947e+44,repo_raw_table,enemy_health_table.csv
12000,Tier 11,5.2899999999999994e+45,repo_raw_table,enemy_health_table.csv
12500,Tier 11,8.375e+46,repo_raw_table,enemy_health_table.csv
13000,Tier 11,1.86e+48,repo_raw_table,enemy_health_table.csv
13500,Tier 11,4.533e+49,repo_raw_table,enemy_health_table.csv
14500,Tier 11,1.48e+52,repo_raw_table,enemy_health_table.csv
15000,Tier 11,2.5027e+53,repo_raw_table,enemy_health_table.csv
15500,Tier 11,4.9400000000000004e+54,repo_raw_table,enemy_health_table.csv
16000,Tier 11,8.877e+55,repo_raw_table,enemy_health_table.csv
16500,Tier 11,1.69e+57,repo_raw_table,enemy_health_table.csv
17000,Tier 11,2.905e+58,repo_raw_table,enemy_health_table.csv
17500,Tier 11,5.5524000000000005e+59,repo_raw_table,enemy_health_table.csv
18000,Tier 11,1.125e+61,repo_raw_table,enemy_health_table.csv
18500,Tier 11,1.8489e+62,repo_raw_table,enemy_health_table.csv
19000,Tier 11,3.55e+63,repo_raw_table,enemy_health_table.csv
19500,Tier 11,6.42e+64,repo_raw_table,enemy_health_table.csv
20000,Tier 11,1.08e+66,repo_raw_table,enemy_health_table.csv
21000,Tier 11,4.7777e+68,repo_raw_table,enemy_health_table.csv
22000,Tier 11,1.4426e+71,repo_raw_table,enemy_health_table.csv
23000,Tier 11,4.4870000000000004e+73,repo_raw_table,enemy_health_table.csv
24000,Tier 11,1.441e+76,repo_raw_table,enemy_health_table.csv
25000,Tier 11,4.3400000000000005e+78,repo_raw_table,enemy_health_table.csv
30000,Tier 11,1.684e+91,repo_raw_table,enemy_health_table.csv
35000,Tier 11,5.1229999999999986e+103,repo_raw_table,enemy_health_table.csv
40000,Tier 11,1.41e+116,repo_raw_table,enemy_health_table.csv
45000,Tier 11,4.15e+128,repo_raw_table,enemy_health_table.csv
50000,Tier 11,1.01e+141,repo_raw_table,enemy_health_table.csv
55000,Tier 11,3.05e+153,repo_raw_table,enemy_health_table.csv
60000,Tier 11,6.57e+165,repo_raw_table,enemy_health_table.csv
65000,Tier 11,1.83e+178,repo_raw_table,enemy_health_table.csv
70000,Tier 11,4.28e+190,repo_raw_table,enemy_health_table.csv
75000,Tier 11,1.16e+203,repo_raw_table,enemy_health_table.csv
80000,Tier 11,2.31e+215,repo_raw_table,enemy_health_table.csv
85000,Tier 11,7.08e+227,repo_raw_table,enemy_health_table.csv
90000,Tier 11,1.6e+240,repo_raw_table,enemy_health_table.csv
95000,Tier 11,3.06e+252,repo_raw_table,enemy_health_table.csv
100000,Tier 11,7.34e+264,repo_raw_table,enemy_health_table.csv
1,Tier 12,3700000000.0,repo_raw_table,enemy_health_table.csv
10,Tier 12,31970000000.0,repo_raw_table,enemy_health_table.csv
20,Tier 12,113600000000.0,repo_raw_table,enemy_health_table.csv
30,Tier 12,292370000000.0,repo_raw_table,enemy_health_table.csv
40,Tier 12,566700000000.0,repo_raw_table,enemy_health_table.csv
50,Tier 12,1050000000000.0,repo_raw_table,enemy_health_table.csv
60,Tier 12,1830000000000.0,repo_raw_table,enemy_health_table.csv
70,Tier 12,2690000000000.0,repo_raw_table,enemy_health_table.csv
80,Tier 12,4280000000000.001,repo_raw_table,enemy_health_table.csv
90,Tier 12,6630000000000.0,repo_raw_table,enemy_health_table.csv
100,Tier 12,10550000000000.0,repo_raw_table,enemy_health_table.csv
150,Tier 12,43660000000000.0,repo_raw_table,enemy_health_table.csv
200,Tier 12,144130000000000.0,repo_raw_table,enemy_health_table.csv
250,Tier 12,383790000000000.0,repo_raw_table,enemy_health_table.csv
300,Tier 12,890400000000000.0,repo_raw_table,enemy_health_table.csv
400,Tier 12,3830000000000000.0,repo_raw_table,enemy_health_table.csv
500,Tier 12,1.316e+16,repo_raw_table,enemy_health_table.csv
750,Tier 12,1.9881e+17,repo_raw_table,enemy_health_table.csv
1000,Tier 12,2.32e+18,repo_raw_table,enemy_health_table.csv
1250,Tier 12,1.6850000000000002e+19,repo_raw_table,enemy_health_table.csv
1500,Tier 12,1.2746e+20,repo_raw_table,enemy_health_table.csv
2000,Tier 12,5.730000000000001e+21,repo_raw_table,enemy_health_table.csv
2500,Tier 12,1.7230000000000002e+23,repo_raw_table,enemy_health_table.csv
3000,Tier 12,6.04e+24,repo_raw_table,enemy_health_table.csv
3500,Tier 12,1.5781e+26,repo_raw_table,enemy_health_table.csv
4500,Tier 12,1.1158000000000001e+29,repo_raw_table,enemy_health_table.csv
5000,Tier 12,2.28e+30,repo_raw_table,enemy_health_table.csv
5500,Tier 12,5.820000000000001e+31,repo_raw_table,enemy_health_table.csv
6000,Tier 12,1.24e+33,repo_raw_table,enemy_health_table.csv
6500,Tier 12,2.655e+34,repo_raw_table,enemy_health_table.csv
7000,Tier 12,6.2957e+35,repo_raw_table,enemy_health_table.csv
7500,Tier 12,1.3589999999999998e+37,repo_raw_table,enemy_health_table.csv
8000,Tier 12,2.5779000000000003e+38,repo_raw_table,enemy_health_table.csv
8500,Tier 12,5.889999999999999e+39,repo_raw_table,enemy_health_table.csv
9000,Tier 12,1.2394e+41,repo_raw_table,enemy_health_table.csv
9500,Tier 12,2.2900000000000002e+42,repo_raw_table,enemy_health_table.csv
10000,Tier 12,4.428e+43,repo_raw_table,enemy_health_table.csv
10500,Tier 12,8.631300000000001e+44,repo_raw_table,enemy_health_table.csv
11000,Tier 12,1.863e+46,repo_raw_table,enemy_health_table.csv
11500,Tier 12,3.1619e+47,repo_raw_table,enemy_health_table.csv
12000,Tier 12,6.73e+48,repo_raw_table,enemy_health_table.csv
12500,Tier 12,1.0686e+50,repo_raw_table,enemy_health_table.csv
13000,Tier 12,2.38e+51,repo_raw_table,enemy_health_table.csv
13500,Tier 12,5.82e+52,repo_raw_table,enemy_health_table.csv
14500,Tier 12,1.9120000000000003e+55,repo_raw_table,enemy_health_table.csv
15000,Tier 12,3.2403e+56,repo_raw_table,enemy_health_table.csv
15500,Tier 12,6.41e+57,repo_raw_table,enemy_health_table.csv
16000,Tier 12,1.1553e+59,repo_raw_table,enemy_health_table.csv
16500,Tier 12,2.2e+60,repo_raw_table,enemy_health_table.csv
17000,Tier 12,3.799e+61,repo_raw_table,enemy_health_table.csv
17500,Tier 12,7.2782e+62,repo_raw_table,enemy_health_table.csv
18000,Tier 12,1.4770000000000002e+64,repo_raw_table,enemy_health_table.csv
18500,Tier 12,2.4344e+65,repo_raw_table,enemy_health_table.csv
19000,Tier 12,4.69e+66,repo_raw_table,enemy_health_table.csv
19500,Tier 12,8.488999999999999e+67,repo_raw_table,enemy_health_table.csv
20000,Tier 12,1.43e+69,repo_raw_table,enemy_health_table.csv
21000,Tier 12,6.354900000000002e+71,repo_raw_table,enemy_health_table.csv
22000,Tier 12,1.9259999999999998e+74,repo_raw_table,enemy_health_table.csv
23000,Tier 12,6.011999999999999e+76,repo_raw_table,enemy_health_table.csv
24000,Tier 12,1.938e+79,repo_raw_table,enemy_health_table.csv
25000,Tier 12,5.86e+81,repo_raw_table,enemy_health_table.csv
30000,Tier 12,2.3050000000000003e+94,repo_raw_table,enemy_health_table.csv
35000,Tier 12,7.099e+106,repo_raw_table,enemy_health_table.csv
40000,Tier 12,1.97e+119,repo_raw_table,enemy_health_table.csv
45000,Tier 12,5.87e+131,repo_raw_table,enemy_health_table.csv
50000,Tier 12,1.4400000000000001e+144,repo_raw_table,enemy_health_table.csv
55000,Tier 12,4.38e+156,repo_raw_table,enemy_health_table.csv
60000,Tier 12,9.51e+168,repo_raw_table,enemy_health_table.csv
65000,Tier 12,2.66e+181,repo_raw_table,enemy_health_table.csv
70000,Tier 12,6.27e+193,repo_raw_table,enemy_health_table.csv
75000,Tier 12,1.7e+206,repo_raw_table,enemy_health_table.csv
80000,Tier 12,3.4200000000000003e+218,repo_raw_table,enemy_health_table.csv
85000,Tier 12,1.05e+231,repo_raw_table,enemy_health_table.csv
90000,Tier 12,2.39e+243,repo_raw_table,enemy_health_table.csv
95000,Tier 12,4.59e+255,repo_raw_table,enemy_health_table.csv
100000,Tier 12,1.11e+268,repo_raw_table,enemy_health_table.csv
1,Tier 13,1850000000000.0,repo_raw_table,enemy_health_table.csv
10,Tier 13,18390000000000.0,repo_raw_table,enemy_health_table.csv
20,Tier 13,73870000000000.0,repo_raw_table,enemy_health_table.csv
30,Tier 13,204700000000000.0,repo_raw_table,enemy_health_table.csv
40,Tier 13,417150000000000.0,repo_raw_table,enemy_health_table.csv
50,Tier 13,802450000000000.0,repo_raw_table,enemy_health_table.csv
60,Tier 13,1440000000000000.0,repo_raw_table,enemy_health_table.csv
70,Tier 13,2170000000000000.0,repo_raw_table,enemy_health_table.csv
80,Tier 13,3520000000000000.0,repo_raw_table,enemy_health_table.csv
90,Tier 13,5540000000000000.0,repo_raw_table,enemy_health_table.csv
100,Tier 13,8960000000000002.0,repo_raw_table,enemy_health_table.csv
150,Tier 13,3.924e+16,repo_raw_table,enemy_health_table.csv
200,Tier 13,1.3461000000000002e+17,repo_raw_table,enemy_health_table.csv
250,Tier 13,3.6903e+17,repo_raw_table,enemy_health_table.csv
300,Tier 13,8.7646e+17,repo_raw_table,enemy_health_table.csv
400,Tier 13,3.91e+18,repo_raw_table,enemy_health_table.csv
500,Tier 13,1.382e+19,repo_raw_table,enemy_health_table.csv
750,Tier 13,2.1944e+20,repo_raw_table,enemy_health_table.csv
1000,Tier 13,2.65e+21,repo_raw_table,enemy_health_table.csv
1250,Tier 13,1.979e+22,repo_raw_table,enemy_health_table.csv
1500,Tier 13,1.531e+23,repo_raw_table,enemy_health_table.csv
2000,Tier 13,7.13e+24,repo_raw_table,enemy_health_table.csv
2500,Tier 13,2.2015e+26,repo_raw_table,enemy_health_table.csv
3000,Tier 13,7.88e+27,repo_raw_table,enemy_health_table.csv
3500,Tier 13,2.0999999999999998e+29,repo_raw_table,enemy_health_table.csv
4500,Tier 13,1.5303999999999998e+32,repo_raw_table,enemy_health_table.csv
5000,Tier 13,3.16e+33,repo_raw_table,enemy_health_table.csv
5500,Tier 13,8.176999999999999e+34,repo_raw_table,enemy_health_table.csv
6000,Tier 13,1.7600000000000002e+36,repo_raw_table,enemy_health_table.csv
6500,Tier 13,3.8060000000000006e+37,repo_raw_table,enemy_health_table.csv
7000,Tier 13,9.106299999999999e+38,repo_raw_table,enemy_health_table.csv
7500,Tier 13,1.982e+40,repo_raw_table,enemy_health_table.csv
8000,Tier 13,3.7891e+41,repo_raw_table,enemy_health_table.csv
8500,Tier 13,8.720000000000001e+42,repo_raw_table,enemy_health_table.csv
9000,Tier 13,1.8477000000000003e+44,repo_raw_table,enemy_health_table.csv
9500,Tier 13,3.44e+45,repo_raw_table,enemy_health_table.csv
10000,Tier 13,6.684999999999999e+46,repo_raw_table,enemy_health_table.csv
10500,Tier 13,1.31e+48,repo_raw_table,enemy_health_table.csv
11000,Tier 13,2.845e+49,repo_raw_table,enemy_health_table.csv
11500,Tier 13,4.8546e+50,repo_raw_table,enemy_health_table.csv
12000,Tier 13,1.0380000000000001e+52,repo_raw_table,enemy_health_table.csv
12500,Tier 13,1.6570999999999999e+53,repo_raw_table,enemy_health_table.csv
13000,Tier 13,3.7100000000000005e+54,repo_raw_table,enemy_health_table.csv
13500,Tier 13,9.109000000000001e+55,repo_raw_table,enemy_health_table.csv
14500,Tier 13,3.0180000000000004e+58,repo_raw_table,enemy_health_table.csv
15000,Tier 13,5.1363000000000015e+59,repo_raw_table,enemy_health_table.csv
15500,Tier 13,1.0199999999999997e+61,repo_raw_table,enemy_health_table.csv
16000,Tier 13,1.8456e+62,repo_raw_table,enemy_health_table.csv
16500,Tier 13,3.5299999999999995e+63,repo_raw_table,enemy_health_table.csv
17000,Tier 13,6.114e+64,repo_raw_table,enemy_health_table.csv
17500,Tier 13,1.18e+66,repo_raw_table,enemy_health_table.csv
18000,Tier 13,2.3940000000000002e+67,repo_raw_table,enemy_health_table.csv
18500,Tier 13,3.9572e+68,repo_raw_table,enemy_health_table.csv
19000,Tier 13,7.64e+69,repo_raw_table,enemy_health_table.csv
19500,Tier 13,1.3887000000000002e+71,repo_raw_table,enemy_health_table.csv
20000,Tier 13,2.3400000000000003e+72,repo_raw_table,enemy_health_table.csv
21000,Tier 13,1.05e+75,repo_raw_table,enemy_health_table.csv
22000,Tier 13,3.1967e+77,repo_raw_table,enemy_health_table.csv
23000,Tier 13,1.0032e+80,repo_raw_table,enemy_health_table.csv
24000,Tier 13,3.2499999999999995e+82,repo_raw_table,enemy_health_table.csv
25000,Tier 13,9.880000000000002e+84,repo_raw_table,enemy_health_table.csv
30000,Tier 13,3.970000000000001e+97,repo_raw_table,enemy_health_table.csv
35000,Tier 13,1.2457000000000001e+110,repo_raw_table,enemy_health_table.csv
40000,Tier 13,3.51e+122,repo_raw_table,enemy_health_table.csv
45000,Tier 13,1.06e+135,repo_raw_table,enemy_health_table.csv
50000,Tier 13,2.6299999999999998e+147,repo_raw_table,enemy_health_table.csv
55000,Tier 13,8.12e+159,repo_raw_table,enemy_health_table.csv
60000,Tier 13,1.78e+172,repo_raw_table,enemy_health_table.csv
65000,Tier 13,5.04e+184,repo_raw_table,enemy_health_table.csv
70000,Tier 13,1.19e+197,repo_raw_table,enemy_health_table.csv
75000,Tier 13,3.2700000000000002e+209,repo_raw_table,enemy_health_table.csv
80000,Tier 13,6.63e+221,repo_raw_table,enemy_health_table.csv
85000,Tier 13,2.0500000000000002e+234,repo_raw_table,enemy_health_table.csv
90000,Tier 13,4.7000000000000005e+246,repo_raw_table,enemy_health_table.csv
95000,Tier 13,9.09e+258,repo_raw_table,enemy_health_table.csv
100000,Tier 13,2.2e+271,repo_raw_table,enemy_health_table.csv
1,Tier 14,554300000000000.0,repo_raw_table,enemy_health_table.csv
10,Tier 14,6650000000000000.0,repo_raw_table,enemy_health_table.csv
20,Tier 14,3.1e+16,repo_raw_table,enemy_health_table.csv
30,Tier 14,9.336e+16,repo_raw_table,enemy_health_table.csv
40,Tier 14,2.0101e+17,repo_raw_table,enemy_health_table.csv
50,Tier 14,4.0262e+17,repo_raw_table,enemy_health_table.csv
60,Tier 14,7.4398e+17,repo_raw_table,enemy_health_table.csv
70,Tier 14,1.15e+18,repo_raw_table,enemy_health_table.csv
80,Tier 14,1.91e+18,repo_raw_table,enemy_health_table.csv
90,Tier 14,3.07e+18,repo_raw_table,enemy_health_table.csv
100,Tier 14,5.04e+18,repo_raw_table,enemy_health_table.csv
150,Tier 14,2.352e+19,repo_raw_table,enemy_health_table.csv
200,Tier 14,8.423e+19,repo_raw_table,enemy_health_table.csv
250,Tier 14,2.3863e+20,repo_raw_table,enemy_health_table.csv
300,Tier 14,5.82e+20,repo_raw_table,enemy_health_table.csv
400,Tier 14,2.71e+21,repo_raw_table,enemy_health_table.csv
500,Tier 14,9.869999999999998e+21,repo_raw_table,enemy_health_table.csv
750,Tier 14,1.6611000000000002e+23,repo_raw_table,enemy_health_table.csv
1000,Tier 14,2.09e+24,repo_raw_table,enemy_health_table.csv
1250,Tier 14,1.6100000000000002e+25,repo_raw_table,enemy_health_table.csv
1500,Tier 14,1.2779e+26,repo_raw_table,enemy_health_table.csv
2000,Tier 14,6.2e+27,repo_raw_table,enemy_health_table.csv
2500,Tier 14,1.9744000000000003e+29,repo_raw_table,enemy_health_table.csv
3000,Tier 14,7.25e+30,repo_raw_table,enemy_health_table.csv
3500,Tier 14,1.9743999999999998e+32,repo_raw_table,enemy_health_table.csv
4500,Tier 14,1.4905e+35,repo_raw_table,enemy_health_table.csv
5000,Tier 14,3.13e+36,repo_raw_table,enemy_health_table.csv
5500,Tier 14,8.190999999999999e+37,repo_raw_table,enemy_health_table.csv
6000,Tier 14,1.79e+39,repo_raw_table,enemy_health_table.csv
6500,Tier 14,3.9029999999999997e+40,repo_raw_table,enemy_health_table.csv
7000,Tier 14,9.435e+41,repo_raw_table,enemy_health_table.csv
7500,Tier 14,2.074e+43,repo_raw_table,enemy_health_table.csv
8000,Tier 14,4e+44,repo_raw_table,enemy_health_table.csv
8500,Tier 14,9.289999999999998e+45,repo_raw_table,enemy_health_table.csv
9000,Tier 14,1.9829999999999998e+47,repo_raw_table,enemy_health_table.csv
9500,Tier 14,3.72e+48,repo_raw_table,enemy_health_table.csv
10000,Tier 14,7.281000000000001e+49,repo_raw_table,enemy_health_table.csv
10500,Tier 14,1.44e+51,repo_raw_table,enemy_health_table.csv
11000,Tier 14,3.1400000000000003e+52,repo_raw_table,enemy_health_table.csv
11500,Tier 14,5.392000000000001e+53,repo_raw_table,enemy_health_table.csv
12000,Tier 14,1.16e+55,repo_raw_table,enemy_health_table.csv
12500,Tier 14,1.8622e+56,repo_raw_table,enemy_health_table.csv
13000,Tier 14,4.1900000000000006e+57,repo_raw_table,enemy_health_table.csv
13500,Tier 14,1.0347e+59,repo_raw_table,enemy_health_table.csv
14500,Tier 14,3.463e+61,repo_raw_table,enemy_health_table.csv
15000,Tier 14,5.9212e+62,repo_raw_table,enemy_health_table.csv
15500,Tier 14,1.1809999999999999e+64,repo_raw_table,enemy_health_table.csv
16000,Tier 14,2.147e+65,repo_raw_table,enemy_health_table.csv
16500,Tier 14,4.13e+66,repo_raw_table,enemy_health_table.csv
17000,Tier 14,7.173e+67,repo_raw_table,enemy_health_table.csv
17500,Tier 14,1.38e+69,repo_raw_table,enemy_health_table.csv
18000,Tier 14,2.831e+70,repo_raw_table,enemy_health_table.csv
18500,Tier 14,4.697900000000002e+71,repo_raw_table,enemy_health_table.csv
19000,Tier 14,9.109999999999998e+72,repo_raw_table,enemy_health_table.csv
19500,Tier 14,1.6608e+74,repo_raw_table,enemy_health_table.csv
20000,Tier 14,2.81e+75,repo_raw_table,enemy_health_table.csv
21000,Tier 14,1.27e+78,repo_raw_table,enemy_health_table.csv
22000,Tier 14,3.8882e+80,repo_raw_table,enemy_health_table.csv
23000,Tier 14,1.2278e+83,repo_raw_table,enemy_health_table.csv
24000,Tier 14,4.001e+85,repo_raw_table,enemy_health_table.csv
25000,Tier 14,1.223e+88,repo_raw_table,enemy_health_table.csv
30000,Tier 14,5.0430000000000004e+100,repo_raw_table,enemy_health_table.csv
35000,Tier 14,1.6169999999999997e+113,repo_raw_table,enemy_health_table.csv
40000,Tier 14,4.6399999999999996e+125,repo_raw_table,enemy_health_table.csv
45000,Tier 14,1.43e+138,repo_raw_table,enemy_health_table.csv
50000,Tier 14,3.59e+150,repo_raw_table,enemy_health_table.csv
55000,Tier 14,1.1200000000000001e+163,repo_raw_table,enemy_health_table.csv
60000,Tier 14,2.49e+175,repo_raw_table,enemy_health_table.csv
65000,Tier 14,7.13e+187,repo_raw_table,enemy_health_table.csv
70000,Tier 14,1.71e+200,repo_raw_table,enemy_health_table.csv
75000,Tier 14,4.7299999999999995e+212,repo_raw_table,enemy_health_table.csv
80000,Tier 14,9.66e+224,repo_raw_table,enemy_health_table.csv
85000,Tier 14,3.02e+237,repo_raw_table,enemy_health_table.csv
90000,Tier 14,6.96e+249,repo_raw_table,enemy_health_table.csv
95000,Tier 14,1.36e+262,repo_raw_table,enemy_health_table.csv
100000,Tier 14,3.3100000000000003e+274,repo_raw_table,enemy_health_table.csv
1,Tier 15,1.6629e+17,repo_raw_table,enemy_health_table.csv
10,Tier 15,2.5e+18,repo_raw_table,enemy_health_table.csv
20,Tier 15,1.369e+19,repo_raw_table,enemy_health_table.csv
30,Tier 15,4.485e+19,repo_raw_table,enemy_health_table.csv
40,Tier 15,1.0201e+20,repo_raw_table,enemy_health_table.csv
50,Tier 15,2.1271e+20,repo_raw_table,enemy_health_table.csv
60,Tier 15,4.0573e+20,repo_raw_table,enemy_health_table.csv
70,Tier 15,6.4472e+20,repo_raw_table,enemy_health_table.csv
80,Tier 15,1.09e+21,repo_raw_table,enemy_health_table.csv
90,Tier 15,1.79e+21,repo_raw_table,enemy_health_table.csv
100,Tier 15,2.99e+21,repo_raw_table,enemy_health_table.csv
150,Tier 15,1.4890000000000002e+22,repo_raw_table,enemy_health_table.csv
200,Tier 15,5.576e+22,repo_raw_table,enemy_health_table.csv
250,Tier 15,1.6349e+23,repo_raw_table,enemy_health_table.csv
300,Tier 15,4.1001e+23,repo_raw_table,enemy_health_table.csv
400,Tier 15,1.99e+24,repo_raw_table,enemy_health_table.csv
500,Tier 15,7.52e+24,repo_raw_table,enemy_health_table.csv
750,Tier 15,1.3444999999999998e+26,repo_raw_table,enemy_health_table.csv
1000,Tier 15,1.7700000000000003e+27,repo_raw_table,enemy_health_table.csv
1250,Tier 15,1.408e+28,repo_raw_table,enemy_health_table.csv
1500,Tier 15,1.148e+29,repo_raw_table,enemy_health_table.csv
2000,Tier 15,5.809999999999999e+30,repo_raw_table,enemy_health_table.csv
2500,Tier 15,1.9151999999999998e+32,repo_raw_table,enemy_health_table.csv
3000,Tier 15,7.229999999999999e+33,repo_raw_table,enemy_health_table.csv
3500,Tier 15,2.0144e+35,repo_raw_table,enemy_health_table.csv
4500,Tier 15,1.5791e+38,repo_raw_table,enemy_health_table.csv
5000,Tier 15,3.3699999999999997e+39,repo_raw_table,enemy_health_table.csv
5500,Tier 15,8.943e+40,repo_raw_table,enemy_health_table.csv
6000,Tier 15,1.9800000000000002e+42,repo_raw_table,enemy_health_table.csv
6500,Tier 15,4.3690000000000003e+43,repo_raw_table,enemy_health_table.csv
7000,Tier 15,1.07e+45,repo_raw_table,enemy_health_table.csv
7500,Tier 15,2.3719999999999995e+46,repo_raw_table,enemy_health_table.csv
8000,Tier 15,4.62e+47,repo_raw_table,enemy_health_table.csv
8500,Tier 15,1.082e+49,repo_raw_table,enemy_health_table.csv
9000,Tier 15,2.3312000000000003e+50,repo_raw_table,enemy_health_table.csv
9500,Tier 15,4.4099999999999997e+51,repo_raw_table,enemy_health_table.csv
10000,Tier 15,8.695999999999998e+52,repo_raw_table,enemy_health_table.csv
10500,Tier 15,1.7300000000000002e+54,repo_raw_table,enemy_health_table.csv
11000,Tier 15,3.804e+55,repo_raw_table,enemy_health_table.csv
11500,Tier 15,6.5762e+56,repo_raw_table,enemy_health_table.csv
12000,Tier 15,1.423e+58,repo_raw_table,enemy_health_table.csv
12500,Tier 15,2.2998e+59,repo_raw_table,enemy_health_table.csv
13000,Tier 15,5.2e+60,repo_raw_table,enemy_health_table.csv
13500,Tier 15,1.2927e+62,repo_raw_table,enemy_health_table.csv
14500,Tier 15,4.3719999999999995e+64,repo_raw_table,enemy_health_table.csv
15000,Tier 15,7.5153e+65,repo_raw_table,enemy_health_table.csv
15500,Tier 15,1.5069999999999998e+67,repo_raw_table,enemy_health_table.csv
16000,Tier 15,2.7515e+68,repo_raw_table,enemy_health_table.csv
16500,Tier 15,5.3200000000000015e+69,repo_raw_table,enemy_health_table.csv
17000,Tier 15,9.276e+70,repo_raw_table,enemy_health_table.csv
17500,Tier 15,1.7999999999999998e+72,repo_raw_table,enemy_health_table.csv
18000,Tier 15,3.6930000000000005e+73,repo_raw_table,enemy_health_table.csv
18500,Tier 15,6.153200000000001e+74,repo_raw_table,enemy_health_table.csv
19000,Tier 15,1.1969999999999999e+76,repo_raw_table,enemy_health_table.csv
19500,Tier 15,2.1924999999999998e+77,repo_raw_table,enemy_health_table.csv
20000,Tier 15,3.7300000000000006e+78,repo_raw_table,enemy_health_table.csv
21000,Tier 15,1.6899999999999998e+81,repo_raw_table,enemy_health_table.csv
22000,Tier 15,5.226799999999998e+83,repo_raw_table,enemy_health_table.csv
23000,Tier 15,1.6615000000000005e+86,repo_raw_table,enemy_health_table.csv
24000,Tier 15,5.45e+88,repo_raw_table,enemy_health_table.csv
25000,Tier 15,1.6759999999999998e+91,repo_raw_table,enemy_health_table.csv
30000,Tier 15,7.102e+103,repo_raw_table,enemy_health_table.csv
35000,Tier 15,2.33e+116,repo_raw_table,enemy_health_table.csv
40000,Tier 15,6.8299999999999995e+128,repo_raw_table,enemy_health_table.csv
45000,Tier 15,2.13e+141,repo_raw_table,enemy_health_table.csv
50000,Tier 15,5.46e+153,repo_raw_table,enemy_health_table.csv
55000,Tier 15,1.73e+166,repo_raw_table,enemy_health_table.csv
60000,Tier 15,3.89e+178,repo_raw_table,enemy_health_table.csv
65000,Tier 15,1.13e+191,repo_raw_table,enemy_health_table.csv
70000,Tier 15,2.73e+203,repo_raw_table,enemy_health_table.csv
75000,Tier 15,7.64e+215,repo_raw_table,enemy_health_table.csv
80000,Tier 15,1.58e+228,repo_raw_table,enemy_health_table.csv
85000,Tier 15,4.97e+240,repo_raw_table,enemy_health_table.csv
90000,Tier 15,1.16e+253,repo_raw_table,enemy_health_table.csv
95000,Tier 15,2.27e+265,repo_raw_table,enemy_health_table.csv
100000,Tier 15,5.58e+277,repo_raw_table,enemy_health_table.csv
1,Tier 16,8.31e+18,repo_raw_table,enemy_health_table.csv
10,Tier 16,1.2524e+20,repo_raw_table,enemy_health_table.csv
20,Tier 16,6.845099999999999e+20,repo_raw_table,enemy_health_table.csv
30,Tier 16,2.2400000000000005e+21,repo_raw_table,enemy_health_table.csv
40,Tier 16,5.1e+21,repo_raw_table,enemy_health_table.csv
50,Tier 16,1.064e+22,repo_raw_table,enemy_health_table.csv
60,Tier 16,2.029e+22,repo_raw_table,enemy_health_table.csv
70,Tier 16,3.224e+22,repo_raw_table,enemy_health_table.csv
80,Tier 16,5.471e+22,repo_raw_table,enemy_health_table.csv
90,Tier 16,8.958e+22,repo_raw_table,enemy_health_table.csv
100,Tier 16,1.4968e+23,repo_raw_table,enemy_health_table.csv
150,Tier 16,7.4446e+23,repo_raw_table,enemy_health_table.csv
200,Tier 16,2.79e+24,repo_raw_table,enemy_health_table.csv
250,Tier 16,8.17e+24,repo_raw_table,enemy_health_table.csv
300,Tier 16,2.05e+25,repo_raw_table,enemy_health_table.csv
400,Tier 16,9.959e+25,repo_raw_table,enemy_health_table.csv
500,Tier 16,3.7581e+26,repo_raw_table,enemy_health_table.csv
750,Tier 16,6.72e+27,repo_raw_table,enemy_health_table.csv
1000,Tier 16,8.840999999999999e+28,repo_raw_table,enemy_health_table.csv
1250,Tier 16,7.037800000000001e+29,repo_raw_table,enemy_health_table.csv
1500,Tier 16,5.74e+30,repo_raw_table,enemy_health_table.csv
2000,Tier 16,2.9066000000000004e+32,repo_raw_table,enemy_health_table.csv
2500,Tier 16,9.58e+33,repo_raw_table,enemy_health_table.csv
3000,Tier 16,3.6158e+35,repo_raw_table,enemy_health_table.csv
3500,Tier 16,1.007e+37,repo_raw_table,enemy_health_table.csv
4500,Tier 16,7.899999999999999e+39,repo_raw_table,enemy_health_table.csv
5000,Tier 16,1.6825e+41,repo_raw_table,enemy_health_table.csv
5500,Tier 16,4.47e+42,repo_raw_table,enemy_health_table.csv
6000,Tier 16,9.88e+43,repo_raw_table,enemy_health_table.csv
6500,Tier 16,2.18e+45,repo_raw_table,enemy_health_table.csv
7000,Tier 16,5.340999999999999e+46,repo_raw_table,enemy_health_table.csv
7500,Tier 16,1.19e+48,repo_raw_table,enemy_health_table.csv
8000,Tier 16,2.3100000000000004e+49,repo_raw_table,enemy_health_table.csv
8500,Tier 16,5.4121e+50,repo_raw_table,enemy_health_table.csv
9000,Tier 16,1.166e+52,repo_raw_table,enemy_health_table.csv
9500,Tier 16,2.2035999999999998e+53,repo_raw_table,enemy_health_table.csv
10000,Tier 16,4.35e+54,repo_raw_table,enemy_health_table.csv
10500,Tier 16,8.647000000000001e+55,repo_raw_table,enemy_health_table.csv
11000,Tier 16,1.9000000000000003e+57,repo_raw_table,enemy_health_table.csv
11500,Tier 16,3.2880000000000005e+58,repo_raw_table,enemy_health_table.csv
12000,Tier 16,7.1168e+59,repo_raw_table,enemy_health_table.csv
12500,Tier 16,1.15e+61,repo_raw_table,enemy_health_table.csv
13000,Tier 16,2.6006e+62,repo_raw_table,enemy_health_table.csv
13500,Tier 16,6.459999999999999e+63,repo_raw_table,enemy_health_table.csv
14500,Tier 16,2.1900000000000002e+66,repo_raw_table,enemy_health_table.csv
15000,Tier 16,3.7579999999999997e+67,repo_raw_table,enemy_health_table.csv
15500,Tier 16,7.5345e+68,repo_raw_table,enemy_health_table.csv
16000,Tier 16,1.376e+70,repo_raw_table,enemy_health_table.csv
16500,Tier 16,2.6576e+71,repo_raw_table,enemy_health_table.csv
17000,Tier 16,4.639999999999999e+72,repo_raw_table,enemy_health_table.csv
17500,Tier 16,8.991000000000001e+73,repo_raw_table,enemy_health_table.csv
18000,Tier 16,1.85e+75,repo_raw_table,enemy_health_table.csv
18500,Tier 16,3.077e+76,repo_raw_table,enemy_health_table.csv
19000,Tier 16,5.986799999999999e+77,repo_raw_table,enemy_health_table.csv
19500,Tier 16,1.0960000000000001e+79,repo_raw_table,enemy_health_table.csv
20000,Tier 16,1.8632e+80,repo_raw_table,enemy_health_table.csv
21000,Tier 16,8.459999999999999e+82,repo_raw_table,enemy_health_table.csv
22000,Tier 16,2.613e+85,repo_raw_table,enemy_health_table.csv
23000,Tier 16,8.31e+87,repo_raw_table,enemy_health_table.csv
24000,Tier 16,2.7199999999999997e+90,repo_raw_table,enemy_health_table.csv
25000,Tier 16,8.379699999999999e+92,repo_raw_table,enemy_health_table.csv
30000,Tier 16,3.55e+105,repo_raw_table,enemy_health_table.csv
35000,Tier 16,1.17e+118,repo_raw_table,enemy_health_table.csv
40000,Tier 16,3.4100000000000005e+130,repo_raw_table,enemy_health_table.csv
45000,Tier 16,1.07e+143,repo_raw_table,enemy_health_table.csv
50000,Tier 16,2.73e+155,repo_raw_table,enemy_health_table.csv
55000,Tier 16,8.659999999999999e+167,repo_raw_table,enemy_health_table.csv
60000,Tier 16,1.95e+180,repo_raw_table,enemy_health_table.csv
65000,Tier 16,5.640000000000001e+192,repo_raw_table,enemy_health_table.csv
70000,Tier 16,1.37e+205,repo_raw_table,enemy_health_table.csv
75000,Tier 16,3.8199999999999997e+217,repo_raw_table,enemy_health_table.csv
80000,Tier 16,7.880000000000001e+229,repo_raw_table,enemy_health_table.csv
85000,Tier 16,2.49e+242,repo_raw_table,enemy_health_table.csv
90000,Tier 16,5.780000000000001e+254,repo_raw_table,enemy_health_table.csv
95000,Tier 16,1.1400000000000001e+267,repo_raw_table,enemy_health_table.csv
100000,Tier 16,2.79e+279,repo_raw_table,enemy_health_table.csv
1,Tier 17,2.4943e+20,repo_raw_table,enemy_health_table.csv
10,Tier 17,3.76e+21,repo_raw_table,enemy_health_table.csv
20,Tier 17,2.054e+22,repo_raw_table,enemy_health_table.csv
30,Tier 17,6.727e+22,repo_raw_table,enemy_health_table.csv
40,Tier 17,1.5300999999999997e+23,repo_raw_table,enemy_health_table.csv
50,Tier 17,3.1907e+23,repo_raw_table,enemy_health_table.csv
60,Tier 17,6.0859e+23,repo_raw_table,enemy_health_table.csv
70,Tier 17,9.6708e+23,repo_raw_table,enemy_health_table.csv
80,Tier 17,1.64e+24,repo_raw_table,enemy_health_table.csv
90,Tier 17,2.69e+24,repo_raw_table,enemy_health_table.csv
100,Tier 17,4.49e+24,repo_raw_table,enemy_health_table.csv
150,Tier 17,2.233e+25,repo_raw_table,enemy_health_table.csv
200,Tier 17,8.364e+25,repo_raw_table,enemy_health_table.csv
250,Tier 17,2.4523e+26,repo_raw_table,enemy_health_table.csv
300,Tier 17,6.1501e+26,repo_raw_table,enemy_health_table.csv
400,Tier 17,2.99e+27,repo_raw_table,enemy_health_table.csv
500,Tier 17,1.127e+28,repo_raw_table,enemy_health_table.csv
750,Tier 17,2.0167000000000003e+29,repo_raw_table,enemy_health_table.csv
1000,Tier 17,2.65e+30,repo_raw_table,enemy_health_table.csv
1250,Tier 17,2.111e+31,repo_raw_table,enemy_health_table.csv
1500,Tier 17,1.7221000000000003e+32,repo_raw_table,enemy_health_table.csv
2000,Tier 17,8.72e+33,repo_raw_table,enemy_health_table.csv
2500,Tier 17,2.8728e+35,repo_raw_table,enemy_health_table.csv
3000,Tier 17,1.085e+37,repo_raw_table,enemy_health_table.csv
3500,Tier 17,3.0215e+38,repo_raw_table,enemy_health_table.csv
4500,Tier 17,2.3687e+41,repo_raw_table,enemy_health_table.csv
5000,Tier 17,5.0500000000000003e+42,repo_raw_table,enemy_health_table.csv
5500,Tier 17,1.3415000000000002e+44,repo_raw_table,enemy_health_table.csv
6000,Tier 17,2.96e+45,repo_raw_table,enemy_health_table.csv
6500,Tier 17,6.554e+46,repo_raw_table,enemy_health_table.csv
7000,Tier 17,1.6e+48,repo_raw_table,enemy_health_table.csv
7500,Tier 17,3.558e+49,repo_raw_table,enemy_health_table.csv
8000,Tier 17,6.929900000000001e+50,repo_raw_table,enemy_health_table.csv
8500,Tier 17,1.6239999999999998e+52,repo_raw_table,enemy_health_table.csv
9000,Tier 17,3.4967999999999996e+53,repo_raw_table,enemy_health_table.csv
9500,Tier 17,6.610000000000001e+54,repo_raw_table,enemy_health_table.csv
10000,Tier 17,1.3043000000000002e+56,repo_raw_table,enemy_health_table.csv
10500,Tier 17,2.59e+57,repo_raw_table,enemy_health_table.csv
11000,Tier 17,5.706e+58,repo_raw_table,enemy_health_table.csv
11500,Tier 17,9.8643e+59,repo_raw_table,enemy_health_table.csv
12000,Tier 17,2.135e+61,repo_raw_table,enemy_health_table.csv
12500,Tier 17,3.4495999999999995e+62,repo_raw_table,enemy_health_table.csv
13000,Tier 17,7.8e+63,repo_raw_table,enemy_health_table.csv
13500,Tier 17,1.939e+65,repo_raw_table,enemy_health_table.csv
14500,Tier 17,6.559e+67,repo_raw_table,enemy_health_table.csv
15000,Tier 17,1.13e+69,repo_raw_table,enemy_health_table.csv
15500,Tier 17,2.2600000000000007e+70,repo_raw_table,enemy_health_table.csv
16000,Tier 17,4.127200000000001e+71,repo_raw_table,enemy_health_table.csv
16500,Tier 17,7.969999999999999e+72,repo_raw_table,enemy_health_table.csv
17000,Tier 17,1.3913999999999994e+74,repo_raw_table,enemy_health_table.csv
17500,Tier 17,2.7e+75,repo_raw_table,enemy_health_table.csv
18000,Tier 17,5.539e+76,repo_raw_table,enemy_health_table.csv
18500,Tier 17,9.2298e+77,repo_raw_table,enemy_health_table.csv
19000,Tier 17,1.796e+79,repo_raw_table,enemy_health_table.csv
19500,Tier 17,3.2888000000000004e+80,repo_raw_table,enemy_health_table.csv
20000,Tier 17,5.59e+81,repo_raw_table,enemy_health_table.csv
21000,Tier 17,2.54e+84,repo_raw_table,enemy_health_table.csv
22000,Tier 17,7.8401e+86,repo_raw_table,enemy_health_table.csv
23000,Tier 17,2.4923e+89,repo_raw_table,enemy_health_table.csv
24000,Tier 17,8.174e+91,repo_raw_table,enemy_health_table.csv
25000,Tier 17,2.5140000000000003e+94,repo_raw_table,enemy_health_table.csv
30000,Tier 17,1.0654e+107,repo_raw_table,enemy_health_table.csv
35000,Tier 17,3.5e+119,repo_raw_table,enemy_health_table.csv
40000,Tier 17,1.02e+132,repo_raw_table,enemy_health_table.csv
45000,Tier 17,3.2e+144,repo_raw_table,enemy_health_table.csv
50000,Tier 17,8.2e+156,repo_raw_table,enemy_health_table.csv
55000,Tier 17,2.5999999999999997e+169,repo_raw_table,enemy_health_table.csv
60000,Tier 17,5.8399999999999996e+181,repo_raw_table,enemy_health_table.csv
65000,Tier 17,1.69e+194,repo_raw_table,enemy_health_table.csv
70000,Tier 17,4.1e+206,repo_raw_table,enemy_health_table.csv
75000,Tier 17,1.1499999999999999e+219,repo_raw_table,enemy_health_table.csv
80000,Tier 17,2.36e+231,repo_raw_table,enemy_health_table.csv
85000,Tier 17,7.46e+243,repo_raw_table,enemy_health_table.csv
90000,Tier 17,1.73e+256,repo_raw_table,enemy_health_table.csv
95000,Tier 17,3.41e+268,repo_raw_table,enemy_health_table.csv
100000,Tier 17,8.37e+280,repo_raw_table,enemy_health_table.csv
1,Tier 18,6.24e+21,repo_raw_table,enemy_health_table.csv
10,Tier 18,9.393e+22,repo_raw_table,enemy_health_table.csv
20,Tier 18,5.1338e+23,repo_raw_table,enemy_health_table.csv
30,Tier 18,1.6799999999999998e+24,repo_raw_table,enemy_health_table.csv
40,Tier 18,3.83e+24,repo_raw_table,enemy_health_table.csv
50,Tier 18,7.98e+24,repo_raw_table,enemy_health_table.csv
60,Tier 18,1.521e+25,repo_raw_table,enemy_health_table.csv
70,Tier 18,2.418e+25,repo_raw_table,enemy_health_table.csv
80,Tier 18,4.103e+25,repo_raw_table,enemy_health_table.csv
90,Tier 18,6.719e+25,repo_raw_table,enemy_health_table.csv
100,Tier 18,1.1226e+26,repo_raw_table,enemy_health_table.csv
150,Tier 18,5.5834e+26,repo_raw_table,enemy_health_table.csv
200,Tier 18,2.0900000000000003e+27,repo_raw_table,enemy_health_table.csv
250,Tier 18,6.130000000000001e+27,repo_raw_table,enemy_health_table.csv
300,Tier 18,1.5380000000000002e+28,repo_raw_table,enemy_health_table.csv
400,Tier 18,7.47e+28,repo_raw_table,enemy_health_table.csv
500,Tier 18,2.8186e+29,repo_raw_table,enemy_health_table.csv
750,Tier 18,5.04e+30,repo_raw_table,enemy_health_table.csv
1000,Tier 18,6.631e+31,repo_raw_table,enemy_health_table.csv
1250,Tier 18,5.2782999999999995e+32,repo_raw_table,enemy_health_table.csv
1500,Tier 18,4.309999999999999e+33,repo_raw_table,enemy_health_table.csv
2000,Tier 18,2.1799e+35,repo_raw_table,enemy_health_table.csv
2500,Tier 18,7.18e+36,repo_raw_table,enemy_health_table.csv
3000,Tier 18,2.7119e+38,repo_raw_table,enemy_health_table.csv
3500,Tier 18,7.549999999999999e+39,repo_raw_table,enemy_health_table.csv
4500,Tier 18,5.92e+42,repo_raw_table,enemy_health_table.csv
5000,Tier 18,1.2619e+44,repo_raw_table,enemy_health_table.csv
5500,Tier 18,3.35e+45,repo_raw_table,enemy_health_table.csv
6000,Tier 18,7.409999999999999e+46,repo_raw_table,enemy_health_table.csv
6500,Tier 18,1.64e+48,repo_raw_table,enemy_health_table.csv
7000,Tier 18,4.0049999999999997e+49,repo_raw_table,enemy_health_table.csv
7500,Tier 18,8.8942e+50,repo_raw_table,enemy_health_table.csv
8000,Tier 18,1.732e+52,repo_raw_table,enemy_health_table.csv
8500,Tier 18,4.0591e+53,repo_raw_table,enemy_health_table.csv
9000,Tier 18,8.739999999999999e+54,repo_raw_table,enemy_health_table.csv
9500,Tier 18,1.6527000000000005e+56,repo_raw_table,enemy_health_table.csv
10000,Tier 18,3.26e+57,repo_raw_table,enemy_health_table.csv
10500,Tier 18,6.485e+58,repo_raw_table,enemy_health_table.csv
11000,Tier 18,1.43e+60,repo_raw_table,enemy_health_table.csv
11500,Tier 18,2.466e+61,repo_raw_table,enemy_health_table.csv
12000,Tier 18,5.3376e+62,repo_raw_table,enemy_health_table.csv
12500,Tier 18,8.62e+63,repo_raw_table,enemy_health_table.csv
13000,Tier 18,1.9505e+65,repo_raw_table,enemy_health_table.csv
13500,Tier 18,4.8500000000000004e+66,repo_raw_table,enemy_health_table.csv
14500,Tier 18,1.64e+69,repo_raw_table,enemy_health_table.csv
15000,Tier 18,2.8179999999999997e+70,repo_raw_table,enemy_health_table.csv
15500,Tier 18,5.6509e+71,repo_raw_table,enemy_health_table.csv
16000,Tier 18,1.032e+73,repo_raw_table,enemy_health_table.csv
16500,Tier 18,1.9931999999999998e+74,repo_raw_table,enemy_health_table.csv
17000,Tier 18,3.48e+75,repo_raw_table,enemy_health_table.csv
17500,Tier 18,6.743e+76,repo_raw_table,enemy_health_table.csv
18000,Tier 18,1.3800000000000001e+78,repo_raw_table,enemy_health_table.csv
18500,Tier 18,2.307e+79,repo_raw_table,enemy_health_table.csv
19000,Tier 18,4.4901000000000003e+80,repo_raw_table,enemy_health_table.csv
19500,Tier 18,8.219999999999999e+81,repo_raw_table,enemy_health_table.csv
20000,Tier 18,1.3973999999999998e+83,repo_raw_table,enemy_health_table.csv
21000,Tier 18,6.345000000000001e+85,repo_raw_table,enemy_health_table.csv
22000,Tier 18,1.96e+88,repo_raw_table,enemy_health_table.csv
23000,Tier 18,6.23e+90,repo_raw_table,enemy_health_table.csv
24000,Tier 18,2.04e+93,repo_raw_table,enemy_health_table.csv
25000,Tier 18,6.2847e+95,repo_raw_table,enemy_health_table.csv
30000,Tier 18,2.66e+108,repo_raw_table,enemy_health_table.csv
35000,Tier 18,8.74e+120,repo_raw_table,enemy_health_table.csv
40000,Tier 18,2.56e+133,repo_raw_table,enemy_health_table.csv
45000,Tier 18,8.010000000000001e+145,repo_raw_table,enemy_health_table.csv
50000,Tier 18,2.05e+158,repo_raw_table,enemy_health_table.csv
55000,Tier 18,6.489999999999999e+170,repo_raw_table,enemy_health_table.csv
60000,Tier 18,1.4599999999999998e+183,repo_raw_table,enemy_health_table.csv
65000,Tier 18,4.23e+195,repo_raw_table,enemy_health_table.csv
70000,Tier 18,1.0200000000000001e+208,repo_raw_table,enemy_health_table.csv
75000,Tier 18,2.87e+220,repo_raw_table,enemy_health_table.csv
80000,Tier 18,5.91e+232,repo_raw_table,enemy_health_table.csv
85000,Tier 18,1.8600000000000001e+245,repo_raw_table,enemy_health_table.csv
90000,Tier 18,4.3299999999999997e+257,repo_raw_table,enemy_health_table.csv
95000,Tier 18,8.509999999999999e+269,repo_raw_table,enemy_health_table.csv
100000,Tier 18,2.09e+282,repo_raw_table,enemy_health_table.csv
1,Tier 19,8.109999999999999e+24,repo_raw_table,enemy_health_table.csv
10,Tier 19,1.2211e+26,repo_raw_table,enemy_health_table.csv
20,Tier 19,6.674e+26,repo_raw_table,enemy_health_table.csv
30,Tier 19,2.1900000000000002e+27,repo_raw_table,enemy_health_table.csv
40,Tier 19,4.970000000000001e+27,repo_raw_table,enemy_health_table.csv
50,Tier 19,1.037e+28,repo_raw_table,enemy_health_table.csv
60,Tier 19,1.978e+28,repo_raw_table,enemy_health_table.csv
70,Tier 19,3.143e+28,repo_raw_table,enemy_health_table.csv
80,Tier 19,5.334000000000001e+28,repo_raw_table,enemy_health_table.csv
90,Tier 19,8.734e+28,repo_raw_table,enemy_health_table.csv
100,Tier 19,1.4594e+29,repo_raw_table,enemy_health_table.csv
150,Tier 19,7.258500000000001e+29,repo_raw_table,enemy_health_table.csv
200,Tier 19,2.7200000000000004e+30,repo_raw_table,enemy_health_table.csv
250,Tier 19,7.97e+30,repo_raw_table,enemy_health_table.csv
300,Tier 19,1.999e+31,repo_raw_table,enemy_health_table.csv
400,Tier 19,9.71e+31,repo_raw_table,enemy_health_table.csv
500,Tier 19,3.6642000000000005e+32,repo_raw_table,enemy_health_table.csv
750,Tier 19,6.55e+33,repo_raw_table,enemy_health_table.csv
1000,Tier 19,8.62e+34,repo_raw_table,enemy_health_table.csv
1250,Tier 19,6.8618e+35,repo_raw_table,enemy_health_table.csv
1500,Tier 19,5.6e+36,repo_raw_table,enemy_health_table.csv
2000,Tier 19,2.8339e+38,repo_raw_table,enemy_health_table.csv
2500,Tier 19,9.34e+39,repo_raw_table,enemy_health_table.csv
3000,Tier 19,3.5254e+41,repo_raw_table,enemy_health_table.csv
3500,Tier 19,9.82e+42,repo_raw_table,enemy_health_table.csv
4500,Tier 19,7.7e+45,repo_raw_table,enemy_health_table.csv
5000,Tier 19,1.6405e+47,repo_raw_table,enemy_health_table.csv
5500,Tier 19,4.36e+48,repo_raw_table,enemy_health_table.csv
6000,Tier 19,9.633e+49,repo_raw_table,enemy_health_table.csv
6500,Tier 19,2.13e+51,repo_raw_table,enemy_health_table.csv
7000,Tier 19,5.207e+52,repo_raw_table,enemy_health_table.csv
7500,Tier 19,1.16e+54,repo_raw_table,enemy_health_table.csv
8000,Tier 19,2.252e+55,repo_raw_table,enemy_health_table.csv
8500,Tier 19,5.2768e+56,repo_raw_table,enemy_health_table.csv
9000,Tier 19,1.136e+58,repo_raw_table,enemy_health_table.csv
9500,Tier 19,2.1485e+59,repo_raw_table,enemy_health_table.csv
10000,Tier 19,4.24e+60,repo_raw_table,enemy_health_table.csv
10500,Tier 19,8.431e+61,repo_raw_table,enemy_health_table.csv
11000,Tier 19,1.8500000000000002e+63,repo_raw_table,enemy_health_table.csv
11500,Tier 19,3.2059999999999996e+64,repo_raw_table,enemy_health_table.csv
12000,Tier 19,6.9388999999999995e+65,repo_raw_table,enemy_health_table.csv
12500,Tier 19,1.121e+67,repo_raw_table,enemy_health_table.csv
13000,Tier 19,2.5356e+68,repo_raw_table,enemy_health_table.csv
13500,Tier 19,6.3e+69,repo_raw_table,enemy_health_table.csv
14500,Tier 19,2.1300000000000003e+72,repo_raw_table,enemy_health_table.csv
15000,Tier 19,3.6640000000000005e+73,repo_raw_table,enemy_health_table.csv
15500,Tier 19,7.346100000000001e+74,repo_raw_table,enemy_health_table.csv
16000,Tier 19,1.341e+76,repo_raw_table,enemy_health_table.csv
16500,Tier 19,2.5912e+77,repo_raw_table,enemy_health_table.csv
17000,Tier 19,4.52e+78,repo_raw_table,enemy_health_table.csv
17500,Tier 19,8.765999999999999e+79,repo_raw_table,enemy_health_table.csv
18000,Tier 19,1.7999999999999998e+81,repo_raw_table,enemy_health_table.csv
18500,Tier 19,3e+82,repo_raw_table,enemy_health_table.csv
19000,Tier 19,5.8371e+83,repo_raw_table,enemy_health_table.csv
19500,Tier 19,1.0689999999999999e+85,repo_raw_table,enemy_health_table.csv
20000,Tier 19,1.8166000000000002e+86,repo_raw_table,enemy_health_table.csv
21000,Tier 19,8.248e+88,repo_raw_table,enemy_health_table.csv
22000,Tier 19,2.548e+91,repo_raw_table,enemy_health_table.csv
23000,Tier 19,8.100000000000001e+93,repo_raw_table,enemy_health_table.csv
24000,Tier 19,2.6600000000000003e+96,repo_raw_table,enemy_health_table.csv
25000,Tier 19,8.170200000000001e+98,repo_raw_table,enemy_health_table.csv
30000,Tier 19,3.46e+111,repo_raw_table,enemy_health_table.csv
35000,Tier 19,1.14e+124,repo_raw_table,enemy_health_table.csv
40000,Tier 19,3.3299999999999995e+136,repo_raw_table,enemy_health_table.csv
45000,Tier 19,1.04e+149,repo_raw_table,enemy_health_table.csv
50000,Tier 19,2.66e+161,repo_raw_table,enemy_health_table.csv
55000,Tier 19,8.439999999999999e+173,repo_raw_table,enemy_health_table.csv
60000,Tier 19,1.9e+186,repo_raw_table,enemy_health_table.csv
65000,Tier 19,5.499999999999999e+198,repo_raw_table,enemy_health_table.csv
70000,Tier 19,1.3300000000000001e+211,repo_raw_table,enemy_health_table.csv
75000,Tier 19,3.7200000000000003e+223,repo_raw_table,enemy_health_table.csv
80000,Tier 19,7.679999999999999e+235,repo_raw_table,enemy_health_table.csv
85000,Tier 19,2.42e+248,repo_raw_table,enemy_health_table.csv
90000,Tier 19,5.630000000000001e+260,repo_raw_table,enemy_health_table.csv
95000,Tier 19,1.11e+273,repo_raw_table,enemy_health_table.csv
100000,Tier 19,2.7199999999999997e+285,repo_raw_table,enemy_health_table.csv
1,Tier 20,9.730000000000001e+27,repo_raw_table,enemy_health_table.csv
10,Tier 20,1.4653e+29,repo_raw_table,enemy_health_table.csv
20,Tier 20,8.008800000000001e+29,repo_raw_table,enemy_health_table.csv
30,Tier 20,2.62e+30,repo_raw_table,enemy_health_table.csv
40,Tier 20,5.969999999999999e+30,repo_raw_table,enemy_health_table.csv
50,Tier 20,1.244e+31,repo_raw_table,enemy_health_table.csv
60,Tier 20,2.374e+31,repo_raw_table,enemy_health_table.csv
70,Tier 20,3.772e+31,repo_raw_table,enemy_health_table.csv
80,Tier 20,6.401000000000001e+31,repo_raw_table,enemy_health_table.csv
90,Tier 20,1.0481e+32,repo_raw_table,enemy_health_table.csv
100,Tier 20,1.7512999999999998e+32,repo_raw_table,enemy_health_table.csv
150,Tier 20,8.7101e+32,repo_raw_table,enemy_health_table.csv
200,Tier 20,3.2599999999999993e+33,repo_raw_table,enemy_health_table.csv
250,Tier 20,9.56e+33,repo_raw_table,enemy_health_table.csv
300,Tier 20,2.399e+34,repo_raw_table,enemy_health_table.csv
400,Tier 20,1.1651999999999998e+35,repo_raw_table,enemy_health_table.csv
500,Tier 20,4.397e+35,repo_raw_table,enemy_health_table.csv
750,Tier 20,7.869999999999999e+36,repo_raw_table,enemy_health_table.csv
1000,Tier 20,1.0343999999999999e+38,repo_raw_table,enemy_health_table.csv
1250,Tier 20,8.2342e+38,repo_raw_table,enemy_health_table.csv
1500,Tier 20,6.719999999999999e+39,repo_raw_table,enemy_health_table.csv
2000,Tier 20,3.4007000000000005e+41,repo_raw_table,enemy_health_table.csv
2500,Tier 20,1.12e+43,repo_raw_table,enemy_health_table.csv
3000,Tier 20,4.2305e+44,repo_raw_table,enemy_health_table.csv
3500,Tier 20,1.178e+46,repo_raw_table,enemy_health_table.csv
4500,Tier 20,9.24e+48,repo_raw_table,enemy_health_table.csv
5000,Tier 20,1.9686e+50,repo_raw_table,enemy_health_table.csv
5500,Tier 20,5.23e+51,repo_raw_table,enemy_health_table.csv
6000,Tier 20,1.1558999999999999e+53,repo_raw_table,enemy_health_table.csv
6500,Tier 20,2.5600000000000003e+54,repo_raw_table,enemy_health_table.csv
7000,Tier 20,6.249e+55,repo_raw_table,enemy_health_table.csv
7500,Tier 20,1.39e+57,repo_raw_table,enemy_health_table.csv
8000,Tier 20,2.7030000000000005e+58,repo_raw_table,enemy_health_table.csv
8500,Tier 20,6.3321000000000015e+59,repo_raw_table,enemy_health_table.csv
9000,Tier 20,1.364e+61,repo_raw_table,enemy_health_table.csv
9500,Tier 20,2.5782999999999995e+62,repo_raw_table,enemy_health_table.csv
10000,Tier 20,5.09e+63,repo_raw_table,enemy_health_table.csv
10500,Tier 20,1.0116999999999999e+65,repo_raw_table,enemy_health_table.csv
11000,Tier 20,2.23e+66,repo_raw_table,enemy_health_table.csv
11500,Tier 20,3.847e+67,repo_raw_table,enemy_health_table.csv
12000,Tier 20,8.326599999999999e+68,repo_raw_table,enemy_health_table.csv
12500,Tier 20,1.3450000000000001e+70,repo_raw_table,enemy_health_table.csv
13000,Tier 20,3.0427e+71,repo_raw_table,enemy_health_table.csv
13500,Tier 20,7.559999999999999e+72,repo_raw_table,enemy_health_table.csv
14500,Tier 20,2.56e+75,repo_raw_table,enemy_health_table.csv
15000,Tier 20,4.3959999999999995e+76,repo_raw_table,enemy_health_table.csv
15500,Tier 20,8.8154e+77,repo_raw_table,enemy_health_table.csv
16000,Tier 20,1.6100000000000002e+79,repo_raw_table,enemy_health_table.csv
16500,Tier 20,3.1094e+80,repo_raw_table,enemy_health_table.csv
17000,Tier 20,5.43e+81,repo_raw_table,enemy_health_table.csv
17500,Tier 20,1.0519e+83,repo_raw_table,enemy_health_table.csv
18000,Tier 20,2.16e+84,repo_raw_table,enemy_health_table.csv
18500,Tier 20,3.6000000000000005e+85,repo_raw_table,enemy_health_table.csv
19000,Tier 20,7.004600000000001e+86,repo_raw_table,enemy_health_table.csv
19500,Tier 20,1.283e+88,repo_raw_table,enemy_health_table.csv
20000,Tier 20,2.1799e+89,repo_raw_table,enemy_health_table.csv
21000,Tier 20,9.898e+91,repo_raw_table,enemy_health_table.csv
22000,Tier 20,3.058e+94,repo_raw_table,enemy_health_table.csv
23000,Tier 20,9.72e+96,repo_raw_table,enemy_health_table.csv
24000,Tier 20,3.19e+99,repo_raw_table,enemy_health_table.csv
25000,Tier 20,9.8042e+101,repo_raw_table,enemy_health_table.csv
30000,Tier 20,4.1499999999999995e+114,repo_raw_table,enemy_health_table.csv
35000,Tier 20,1.36e+127,repo_raw_table,enemy_health_table.csv
40000,Tier 20,3.99e+139,repo_raw_table,enemy_health_table.csv
45000,Tier 20,1.25e+152,repo_raw_table,enemy_health_table.csv
50000,Tier 20,3.2e+164,repo_raw_table,enemy_health_table.csv
55000,Tier 20,1.0099999999999999e+177,repo_raw_table,enemy_health_table.csv
60000,Tier 20,2.28e+189,repo_raw_table,enemy_health_table.csv
65000,Tier 20,6.6e+201,repo_raw_table,enemy_health_table.csv
70000,Tier 20,1.6e+214,repo_raw_table,enemy_health_table.csv
75000,Tier 20,4.47e+226,repo_raw_table,enemy_health_table.csv
80000,Tier 20,9.220000000000001e+238,repo_raw_table,enemy_health_table.csv
85000,Tier 20,2.9099999999999995e+251,repo_raw_table,enemy_health_table.csv
90000,Tier 20,6.76e+263,repo_raw_table,enemy_health_table.csv
95000,Tier 20,1.33e+276,repo_raw_table,enemy_health_table.csv
100000,Tier 20,3.27e+288,repo_raw_table,enemy_health_table.csv
1,Tier 21,1.167e+31,repo_raw_table,enemy_health_table.csv
10,Tier 21,1.7584e+32,repo_raw_table,enemy_health_table.csv
20,Tier 21,9.6105e+32,repo_raw_table,enemy_health_table.csv
30,Tier 21,3.15e+33,repo_raw_table,enemy_health_table.csv
40,Tier 21,7.16e+33,repo_raw_table,enemy_health_table.csv
50,Tier 21,1.493e+34,repo_raw_table,enemy_health_table.csv
60,Tier 21,2.848e+34,repo_raw_table,enemy_health_table.csv
70,Tier 21,4.526e+34,repo_raw_table,enemy_health_table.csv
80,Tier 21,7.680999999999999e+34,repo_raw_table,enemy_health_table.csv
90,Tier 21,1.2577e+35,repo_raw_table,enemy_health_table.csv
100,Tier 21,2.1015e+35,repo_raw_table,enemy_health_table.csv
150,Tier 21,1.0499999999999999e+36,repo_raw_table,enemy_health_table.csv
200,Tier 21,3.9099999999999996e+36,repo_raw_table,enemy_health_table.csv
250,Tier 21,1.148e+37,repo_raw_table,enemy_health_table.csv
300,Tier 21,2.878e+37,repo_raw_table,enemy_health_table.csv
400,Tier 21,1.3983000000000002e+38,repo_raw_table,enemy_health_table.csv
500,Tier 21,5.2764e+38,repo_raw_table,enemy_health_table.csv
750,Tier 21,9.439999999999997e+39,repo_raw_table,enemy_health_table.csv
1000,Tier 21,1.2412e+41,repo_raw_table,enemy_health_table.csv
1250,Tier 21,9.881e+41,repo_raw_table,enemy_health_table.csv
1500,Tier 21,8.06e+42,repo_raw_table,enemy_health_table.csv
2000,Tier 21,4.0808e+44,repo_raw_table,enemy_health_table.csv
2500,Tier 21,1.344e+46,repo_raw_table,enemy_health_table.csv
3000,Tier 21,5.0765999999999995e+47,repo_raw_table,enemy_health_table.csv
3500,Tier 21,1.414e+49,repo_raw_table,enemy_health_table.csv
4500,Tier 21,1.1089999999999999e+52,repo_raw_table,enemy_health_table.csv
5000,Tier 21,2.3622999999999998e+53,repo_raw_table,enemy_health_table.csv
5500,Tier 21,6.280000000000001e+54,repo_raw_table,enemy_health_table.csv
6000,Tier 21,1.3871000000000001e+56,repo_raw_table,enemy_health_table.csv
6500,Tier 21,3.07e+57,repo_raw_table,enemy_health_table.csv
7000,Tier 21,7.498000000000001e+58,repo_raw_table,enemy_health_table.csv
7500,Tier 21,1.66e+60,repo_raw_table,enemy_health_table.csv
8000,Tier 21,3.243e+61,repo_raw_table,enemy_health_table.csv
8500,Tier 21,7.5986e+62,repo_raw_table,enemy_health_table.csv
9000,Tier 21,1.6370000000000006e+64,repo_raw_table,enemy_health_table.csv
9500,Tier 21,3.0939e+65,repo_raw_table,enemy_health_table.csv
10000,Tier 21,6.1e+66,repo_raw_table,enemy_health_table.csv
10500,Tier 21,1.214e+68,repo_raw_table,enemy_health_table.csv
11000,Tier 21,2.6700000000000003e+69,repo_raw_table,enemy_health_table.csv
11500,Tier 21,4.616e+70,repo_raw_table,enemy_health_table.csv
12000,Tier 21,9.992000000000004e+71,repo_raw_table,enemy_health_table.csv
12500,Tier 21,1.614e+73,repo_raw_table,enemy_health_table.csv
13000,Tier 21,3.6512999999999996e+74,repo_raw_table,enemy_health_table.csv
13500,Tier 21,9.069999999999999e+75,repo_raw_table,enemy_health_table.csv
14500,Tier 21,3.07e+78,repo_raw_table,enemy_health_table.csv
15000,Tier 21,5.276e+79,repo_raw_table,enemy_health_table.csv
15500,Tier 21,1.06e+81,repo_raw_table,enemy_health_table.csv
16000,Tier 21,1.932e+82,repo_raw_table,enemy_health_table.csv
16500,Tier 21,3.7313e+83,repo_raw_table,enemy_health_table.csv
17000,Tier 21,6.51e+84,repo_raw_table,enemy_health_table.csv
17500,Tier 21,1.2622999999999998e+86,repo_raw_table,enemy_health_table.csv
18000,Tier 21,2.59e+87,repo_raw_table,enemy_health_table.csv
18500,Tier 21,4.32e+88,repo_raw_table,enemy_health_table.csv
19000,Tier 21,8.405499999999998e+89,repo_raw_table,enemy_health_table.csv
19500,Tier 21,1.539e+91,repo_raw_table,enemy_health_table.csv
20000,Tier 21,2.6159e+92,repo_raw_table,enemy_health_table.csv
21000,Tier 21,1.1878000000000002e+95,repo_raw_table,enemy_health_table.csv
22000,Tier 21,3.669e+97,repo_raw_table,enemy_health_table.csv
23000,Tier 21,1.166e+100,repo_raw_table,enemy_health_table.csv
24000,Tier 21,3.83e+102,repo_raw_table,enemy_health_table.csv
25000,Tier 21,1.1799999999999998e+105,repo_raw_table,enemy_health_table.csv
30000,Tier 21,4.99e+117,repo_raw_table,enemy_health_table.csv
35000,Tier 21,1.64e+130,repo_raw_table,enemy_health_table.csv
40000,Tier 21,4.79e+142,repo_raw_table,enemy_health_table.csv
45000,Tier 21,1.5e+155,repo_raw_table,enemy_health_table.csv
50000,Tier 21,3.8399999999999994e+167,repo_raw_table,enemy_health_table.csv
55000,Tier 21,1.22e+180,repo_raw_table,enemy_health_table.csv
60000,Tier 21,2.73e+192,repo_raw_table,enemy_health_table.csv
65000,Tier 21,7.919999999999999e+204,repo_raw_table,enemy_health_table.csv
70000,Tier 21,1.92e+217,repo_raw_table,enemy_health_table.csv
75000,Tier 21,5.36e+229,repo_raw_table,enemy_health_table.csv
80000,Tier 21,1.11e+242,repo_raw_table,enemy_health_table.csv
85000,Tier 21,3.49e+254,repo_raw_table,enemy_health_table.csv
90000,Tier 21,8.11e+266,repo_raw_table,enemy_health_table.csv
95000,Tier 21,1.59e+279,repo_raw_table,enemy_health_table.csv
100000,Tier 21,3.92e+291,repo_raw_table,enemy_health_table.csv
1,Champion,12320000000.0,repo_raw_table,enemy_health_table.csv
10,Champion,387750000000.0,repo_raw_table,enemy_health_table.csv
20,Champion,2080000000000.0,repo_raw_table,enemy_health_table.csv
30,Champion,6740000000000.0,repo_raw_table,enemy_health_table.csv
40,Champion,15330000000000.0,repo_raw_table,enemy_health_table.csv
50,Champion,32260000000000.0,repo_raw_table,enemy_health_table.csv
60,Champion,62440000000000.0,repo_raw_table,enemy_health_table.csv
70,Champion,101090000000000.0,repo_raw_table,enemy_health_table.csv
80,Champion,175320000000000.0,repo_raw_table,enemy_health_table.csv
90,Champion,293980000000000.0,repo_raw_table,enemy_health_table.csv
100,Champion,503940000000000.0,repo_raw_table,enemy_health_table.csv
150,Champion,4780000000000000.0,repo_raw_table,enemy_health_table.csv
200,Champion,2.103e+16,repo_raw_table,enemy_health_table.csv
250,Champion,1.2054e+17,repo_raw_table,enemy_health_table.csv
300,Champion,3.6022e+17,repo_raw_table,enemy_health_table.csv
400,Champion,4.14e+18,repo_raw_table,enemy_health_table.csv
500,Champion,3.733e+19,repo_raw_table,enemy_health_table.csv
750,Champion,7.709999999999999e+21,repo_raw_table,enemy_health_table.csv
1000,Champion,7.21e+23,repo_raw_table,enemy_health_table.csv
1250,Champion,6.791e+25,repo_raw_table,enemy_health_table.csv
1500,Champion,3.99e+27,repo_raw_table,enemy_health_table.csv
2000,Champion,1.752e+31,repo_raw_table,enemy_health_table.csv
2500,Champion,5.045e+34,repo_raw_table,enemy_health_table.csv
3000,Champion,1.6739e+38,repo_raw_table,enemy_health_table.csv
3500,Champion,4.111999999999999e+41,repo_raw_table,enemy_health_table.csv
4500,Champion,2.53e+48,repo_raw_table,enemy_health_table.csv
5000,Champion,4.78e+51,repo_raw_table,enemy_health_table.csv
5500,Champion,1.129e+55,repo_raw_table,enemy_health_table.csv
6000,Champion,2.2190000000000006e+58,repo_raw_table,enemy_health_table.csv
6500,Champion,4.37e+61,repo_raw_table,enemy_health_table.csv
7000,Champion,9.521999999999999e+64,repo_raw_table,enemy_health_table.csv
7500,Champion,1.8858e+68,repo_raw_table,enemy_health_table.csv
8000,Champion,3.2782000000000003e+71,repo_raw_table,enemy_health_table.csv
8500,Champion,6.857999999999998e+74,repo_raw_table,enemy_health_table.csv
9000,Champion,1.3200000000000001e+78,repo_raw_table,enemy_health_table.csv
9500,Champion,2.23e+81,repo_raw_table,enemy_health_table.csv
10000,Champion,3.9300000000000005e+84,repo_raw_table,enemy_health_table.csv
10500,Champion,6.99e+87,repo_raw_table,enemy_health_table.csv
11000,Champion,1.3759999999999999e+91,repo_raw_table,enemy_health_table.csv
11500,Champion,2.129e+94,repo_raw_table,enemy_health_table.csv
12000,Champion,4.124e+97,repo_raw_table,enemy_health_table.csv
12500,Champion,5.965000000000001e+100,repo_raw_table,enemy_health_table.csv
13000,Champion,1.2079e+104,repo_raw_table,enemy_health_table.csv
13500,Champion,2.6887e+107,repo_raw_table,enemy_health_table.csv
14500,Champion,7.2981e+113,repo_raw_table,enemy_health_table.csv
15000,Champion,1.12e+117,repo_raw_table,enemy_health_table.csv
15500,Champion,2.0199999999999998e+120,repo_raw_table,enemy_health_table.csv
16000,Champion,3.31e+123,repo_raw_table,enemy_health_table.csv
16500,Champion,5.72e+126,repo_raw_table,enemy_health_table.csv
17000,Champion,8.96e+129,repo_raw_table,enemy_health_table.csv
17500,Champion,1.5599999999999998e+133,repo_raw_table,enemy_health_table.csv
18000,Champion,2.8699999999999996e+136,repo_raw_table,enemy_health_table.csv
18500,Champion,4.28e+139,repo_raw_table,enemy_health_table.csv
19000,Champion,7.480000000000001e+142,repo_raw_table,enemy_health_table.csv
19500,Champion,1.23e+146,repo_raw_table,enemy_health_table.csv
20000,Champion,1.87e+149,repo_raw_table,enemy_health_table.csv
21000,Champion,6.84e+155,repo_raw_table,enemy_health_table.csv
22000,Champion,1.7e+162,repo_raw_table,enemy_health_table.csv
23000,Champion,4.36e+168,repo_raw_table,enemy_health_table.csv
24000,Champion,1.15e+175,repo_raw_table,enemy_health_table.csv
25000,Champion,2.85e+181,repo_raw_table,enemy_health_table.csv
30000,Champion,4.12e+213,repo_raw_table,enemy_health_table.csv
35000,Champion,4.62e+245,repo_raw_table,enemy_health_table.csv
40000,Champion,4.64e+277,repo_raw_table,enemy_health_table.csv
45000,Champion,inf,repo_raw_table,enemy_health_table.csv
50000,Champion,inf,repo_raw_table,enemy_health_table.csv
55000,Champion,inf,repo_raw_table,enemy_health_table.csv
60000,Champion,inf,repo_raw_table,enemy_health_table.csv
65000,Champion,inf,repo_raw_table,enemy_health_table.csv
70000,Champion,inf,repo_raw_table,enemy_health_table.csv
75000,Champion,inf,repo_raw_table,enemy_health_table.csv
80000,Champion,inf,repo_raw_table,enemy_health_table.csv
85000,Champion,inf,repo_raw_table,enemy_health_table.csv
90000,Champion,inf,repo_raw_table,enemy_health_table.csv
95000,Champion,inf,repo_raw_table,enemy_health_table.csv
100000,Champion,inf,repo_raw_table,enemy_health_table.csv
1,Copper,7.84,repo_raw_table,enemy_health_table.csv
10,Copper,210.36,repo_raw_table,enemy_health_table.csv
20,Copper,1020.0,repo_raw_table,enemy_health_table.csv
30,Copper,3130.0,repo_raw_table,enemy_health_table.csv
40,Copper,6880.0,repo_raw_table,enemy_health_table.csv
50,Copper,14090.0,repo_raw_table,enemy_health_table.csv
60,Copper,26710.0,repo_raw_table,enemy_health_table.csv
70,Copper,42490.0,repo_raw_table,enemy_health_table.csv
80,Copper,72600.0,repo_raw_table,enemy_health_table.csv
90,Copper,120160.0,repo_raw_table,enemy_health_table.csv
100,Copper,203620.0,repo_raw_table,enemy_health_table.csv
150,Copper,1850000.0,repo_raw_table,enemy_health_table.csv
200,Copper,7900000.0,repo_raw_table,enemy_health_table.csv
250,Copper,44230000.0,repo_raw_table,enemy_health_table.csv
300,Copper,129730000.0,repo_raw_table,enemy_health_table.csv
400,Copper,1450000000.0,repo_raw_table,enemy_health_table.csv
500,Copper,12760000000.0,repo_raw_table,enemy_health_table.csv
750,Copper,2530000000000.0,repo_raw_table,enemy_health_table.csv
1000,Copper,229890000000000.0,repo_raw_table,enemy_health_table.csv
1250,Copper,2.117e+16,repo_raw_table,enemy_health_table.csv
1500,Copper,1.22e+18,repo_raw_table,enemy_health_table.csv
2000,Copper,5.21e+21,repo_raw_table,enemy_health_table.csv
2500,Copper,1.467e+25,repo_raw_table,enemy_health_table.csv
3000,Copper,4.78e+28,repo_raw_table,enemy_health_table.csv
3500,Copper,1.1564e+32,repo_raw_table,enemy_health_table.csv
4500,Copper,6.9277e+38,repo_raw_table,enemy_health_table.csv
5000,Copper,1.3000000000000001e+42,repo_raw_table,enemy_health_table.csv
5500,Copper,3.0299999999999997e+45,repo_raw_table,enemy_health_table.csv
6000,Copper,5.91e+48,repo_raw_table,enemy_health_table.csv
6500,Copper,1.1550000000000001e+52,repo_raw_table,enemy_health_table.csv
7000,Copper,2.498e+55,repo_raw_table,enemy_health_table.csv
7500,Copper,4.9140000000000003e+58,repo_raw_table,enemy_health_table.csv
8000,Copper,8.486999999999999e+61,repo_raw_table,enemy_health_table.csv
8500,Copper,1.7647000000000002e+65,repo_raw_table,enemy_health_table.csv
9000,Copper,3.3757999999999995e+68,repo_raw_table,enemy_health_table.csv
9500,Copper,5.6728e+71,repo_raw_table,enemy_health_table.csv
10000,Copper,9.954699999999999e+74,repo_raw_table,enemy_health_table.csv
10500,Copper,1.76e+78,repo_raw_table,enemy_health_table.csv
11000,Copper,3.45e+81,repo_raw_table,enemy_health_table.csv
11500,Copper,5.31e+84,repo_raw_table,enemy_health_table.csv
12000,Copper,1.0249999999999999e+88,repo_raw_table,enemy_health_table.csv
12500,Copper,1.4769999999999999e+91,repo_raw_table,enemy_health_table.csv
13000,Copper,2.979e+94,repo_raw_table,enemy_health_table.csv
13500,Copper,6.606e+97,repo_raw_table,enemy_health_table.csv
14500,Copper,1.7803e+104,repo_raw_table,enemy_health_table.csv
15000,Copper,2.7326e+107,repo_raw_table,enemy_health_table.csv
15500,Copper,4.8943000000000004e+110,repo_raw_table,enemy_health_table.csv
16000,Copper,7.9846e+113,repo_raw_table,enemy_health_table.csv
16500,Copper,1.38e+117,repo_raw_table,enemy_health_table.csv
17000,Copper,2.1499999999999998e+120,repo_raw_table,enemy_health_table.csv
17500,Copper,3.73e+123,repo_raw_table,enemy_health_table.csv
18000,Copper,6.84e+126,repo_raw_table,enemy_health_table.csv
18500,Copper,1.0200000000000001e+130,repo_raw_table,enemy_health_table.csv
19000,Copper,1.78e+133,repo_raw_table,enemy_health_table.csv
19500,Copper,2.91e+136,repo_raw_table,enemy_health_table.csv
20000,Copper,4.42e+139,repo_raw_table,enemy_health_table.csv
21000,Copper,1.61e+146,repo_raw_table,enemy_health_table.csv
22000,Copper,3.98e+152,repo_raw_table,enemy_health_table.csv
23000,Copper,1.02e+159,repo_raw_table,enemy_health_table.csv
24000,Copper,2.6699999999999998e+165,repo_raw_table,enemy_health_table.csv
25000,Copper,6.589999999999999e+171,repo_raw_table,enemy_health_table.csv
30000,Copper,9.34e+203,repo_raw_table,enemy_health_table.csv
35000,Copper,1.03e+236,repo_raw_table,enemy_health_table.csv
40000,Copper,1.02e+268,repo_raw_table,enemy_health_table.csv
45000,Copper,1.09e+300,repo_raw_table,enemy_health_table.csv
50000,Copper,inf,repo_raw_table,enemy_health_table.csv
55000,Copper,inf,repo_raw_table,enemy_health_table.csv
60000,Copper,inf,repo_raw_table,enemy_health_table.csv
65000,Copper,inf,repo_raw_table,enemy_health_table.csv
70000,Copper,inf,repo_raw_table,enemy_health_table.csv
75000,Copper,inf,repo_raw_table,enemy_health_table.csv
80000,Copper,inf,repo_raw_table,enemy_health_table.csv
85000,Copper,inf,repo_raw_table,enemy_health_table.csv
90000,Copper,inf,repo_raw_table,enemy_health_table.csv
95000,Copper,inf,repo_raw_table,enemy_health_table.csv
100000,Copper,inf,repo_raw_table,enemy_health_table.csv
1,Gold,1880.0,repo_raw_table,enemy_health_table.csv
10,Gold,50490.0,repo_raw_table,enemy_health_table.csv
20,Gold,245570.0,repo_raw_table,enemy_health_table.csv
30,Gold,752340.0,repo_raw_table,enemy_health_table.csv
40,Gold,1650000.0,repo_raw_table,enemy_health_table.csv
50,Gold,3380000.0,repo_raw_table,enemy_health_table.csv
60,Gold,6410000.0,repo_raw_table,enemy_health_table.csv
70,Gold,10200000.0,repo_raw_table,enemy_health_table.csv
80,Gold,17420000.0,repo_raw_table,enemy_health_table.csv
90,Gold,28840000.0,repo_raw_table,enemy_health_table.csv
100,Gold,48870000.0,repo_raw_table,enemy_health_table.csv
150,Gold,443860000.0,repo_raw_table,enemy_health_table.csv
200,Gold,1890000000.0,repo_raw_table,enemy_health_table.csv
250,Gold,10620000000.0,repo_raw_table,enemy_health_table.csv
300,Gold,31130000000.0,repo_raw_table,enemy_health_table.csv
400,Gold,347710000000.0,repo_raw_table,enemy_health_table.csv
500,Gold,3060000000000.0,repo_raw_table,enemy_health_table.csv
750,Gold,607370000000000.0,repo_raw_table,enemy_health_table.csv
1000,Gold,5.517e+16,repo_raw_table,enemy_health_table.csv
1250,Gold,5.08e+18,repo_raw_table,enemy_health_table.csv
1500,Gold,2.9342e+20,repo_raw_table,enemy_health_table.csv
2000,Gold,1.2499999999999998e+24,repo_raw_table,enemy_health_table.csv
2500,Gold,3.52e+27,repo_raw_table,enemy_health_table.csv
3000,Gold,1.1470000000000002e+31,repo_raw_table,enemy_health_table.csv
3500,Gold,2.775e+34,repo_raw_table,enemy_health_table.csv
4500,Gold,1.6627e+41,repo_raw_table,enemy_health_table.csv
5000,Gold,3.112e+44,repo_raw_table,enemy_health_table.csv
5500,Gold,7.281399999999999e+47,repo_raw_table,enemy_health_table.csv
6000,Gold,1.42e+51,repo_raw_table,enemy_health_table.csv
6500,Gold,2.7700000000000003e+54,repo_raw_table,enemy_health_table.csv
7000,Gold,6e+57,repo_raw_table,enemy_health_table.csv
7500,Gold,1.1789999999999999e+61,repo_raw_table,enemy_health_table.csv
8000,Gold,2.0370000000000002e+64,repo_raw_table,enemy_health_table.csv
8500,Gold,4.2350000000000004e+67,repo_raw_table,enemy_health_table.csv
9000,Gold,8.102e+70,repo_raw_table,enemy_health_table.csv
9500,Gold,1.3615000000000001e+74,repo_raw_table,enemy_health_table.csv
10000,Gold,2.3891e+77,repo_raw_table,enemy_health_table.csv
10500,Gold,4.2287000000000004e+80,repo_raw_table,enemy_health_table.csv
11000,Gold,8.2822e+83,repo_raw_table,enemy_health_table.csv
11500,Gold,1.28e+87,repo_raw_table,enemy_health_table.csv
12000,Gold,2.46e+90,repo_raw_table,enemy_health_table.csv
12500,Gold,3.54e+93,repo_raw_table,enemy_health_table.csv
13000,Gold,7.150000000000001e+96,repo_raw_table,enemy_health_table.csv
13500,Gold,1.5849999999999998e+100,repo_raw_table,enemy_health_table.csv
14500,Gold,4.273e+106,repo_raw_table,enemy_health_table.csv
15000,Gold,6.558e+109,repo_raw_table,enemy_health_table.csv
15500,Gold,1.1746e+113,repo_raw_table,enemy_health_table.csv
16000,Gold,1.92e+116,repo_raw_table,enemy_health_table.csv
16500,Gold,3.3100000000000004e+119,repo_raw_table,enemy_health_table.csv
17000,Gold,5.16e+122,repo_raw_table,enemy_health_table.csv
17500,Gold,8.939999999999999e+125,repo_raw_table,enemy_health_table.csv
18000,Gold,1.64e+129,repo_raw_table,enemy_health_table.csv
18500,Gold,2.45e+132,repo_raw_table,enemy_health_table.csv
19000,Gold,4.26e+135,repo_raw_table,enemy_health_table.csv
19500,Gold,6.98e+138,repo_raw_table,enemy_health_table.csv
20000,Gold,1.06e+142,repo_raw_table,enemy_health_table.csv
21000,Gold,3.86e+148,repo_raw_table,enemy_health_table.csv
22000,Gold,9.56e+154,repo_raw_table,enemy_health_table.csv
23000,Gold,2.44e+161,repo_raw_table,enemy_health_table.csv
24000,Gold,6.409999999999999e+167,repo_raw_table,enemy_health_table.csv
25000,Gold,1.5800000000000002e+174,repo_raw_table,enemy_health_table.csv
30000,Gold,2.24e+206,repo_raw_table,enemy_health_table.csv
35000,Gold,2.4800000000000002e+238,repo_raw_table,enemy_health_table.csv
40000,Gold,2.4499999999999998e+270,repo_raw_table,enemy_health_table.csv
45000,Gold,2.61e+302,repo_raw_table,enemy_health_table.csv
50000,Gold,inf,repo_raw_table,enemy_health_table.csv
55000,Gold,inf,repo_raw_table,enemy_health_table.csv
60000,Gold,inf,repo_raw_table,enemy_health_table.csv
65000,Gold,inf,repo_raw_table,enemy_health_table.csv
70000,Gold,inf,repo_raw_table,enemy_health_table.csv
75000,Gold,inf,repo_raw_table,enemy_health_table.csv
80000,Gold,inf,repo_raw_table,enemy_health_table.csv
85000,Gold,inf,repo_raw_table,enemy_health_table.csv
90000,Gold,inf,repo_raw_table,enemy_health_table.csv
95000,Gold,inf,repo_raw_table,enemy_health_table.csv
100000,Gold,inf,repo_raw_table,enemy_health_table.csv
1,Legend,8.3176e+20,repo_raw_table,enemy_health_table.csv
10,Legend,5.553e+22,repo_raw_table,enemy_health_table.csv
20,Legend,4.3863e+23,repo_raw_table,enemy_health_table.csv
30,Legend,1.74e+24,repo_raw_table,enemy_health_table.csv
40,Legend,4.53e+24,repo_raw_table,enemy_health_table.csv
50,Legend,1.0539999999999998e+25,repo_raw_table,enemy_health_table.csv
60,Legend,2.211e+25,repo_raw_table,enemy_health_table.csv
70,Legend,3.83e+25,repo_raw_table,enemy_health_table.csv
80,Legend,7.036e+25,repo_raw_table,enemy_health_table.csv
90,Legend,1.2408e+26,repo_raw_table,enemy_health_table.csv
100,Legend,2.2245e+26,repo_raw_table,enemy_health_table.csv
150,Legend,2.5e+27,repo_raw_table,enemy_health_table.csv
200,Legend,1.241e+28,repo_raw_table,enemy_health_table.csv
250,Legend,7.806000000000001e+28,repo_raw_table,enemy_health_table.csv
300,Legend,2.5152000000000004e+29,repo_raw_table,enemy_health_table.csv
400,Legend,3.26e+30,repo_raw_table,enemy_health_table.csv
500,Legend,3.2170000000000004e+31,repo_raw_table,enemy_health_table.csv
750,Legend,7.849999999999999e+33,repo_raw_table,enemy_health_table.csv
1000,Legend,8.262e+35,repo_raw_table,enemy_health_table.csv
1250,Legend,8.528999999999999e+37,repo_raw_table,enemy_health_table.csv
1500,Legend,5.4e+39,repo_raw_table,enemy_health_table.csv
2000,Legend,2.668e+43,repo_raw_table,enemy_health_table.csv
2500,Legend,8.420000000000001e+46,repo_raw_table,enemy_health_table.csv
3000,Legend,3.0103e+50,repo_raw_table,enemy_health_table.csv
3500,Legend,7.8777e+53,repo_raw_table,enemy_health_table.csv
4500,Legend,5.37e+60,repo_raw_table,enemy_health_table.csv
5000,Legend,1.06e+64,repo_raw_table,enemy_health_table.csv
5500,Legend,2.603e+67,repo_raw_table,enemy_health_table.csv
6000,Legend,5.303000000000001e+70,repo_raw_table,enemy_health_table.csv
6500,Legend,1.0792000000000001e+74,repo_raw_table,enemy_health_table.csv
7000,Legend,2.4238999999999996e+77,repo_raw_table,enemy_health_table.csv
7500,Legend,4.9382e+80,repo_raw_table,enemy_health_table.csv
8000,Legend,8.8146e+83,repo_raw_table,enemy_health_table.csv
8500,Legend,1.8900000000000002e+87,repo_raw_table,enemy_health_table.csv
9000,Legend,3.7199999999999998e+90,repo_raw_table,enemy_health_table.csv
9500,Legend,6.43e+93,repo_raw_table,enemy_health_table.csv
10000,Legend,1.159e+97,repo_raw_table,enemy_health_table.csv
10500,Legend,2.1020000000000002e+100,repo_raw_table,enemy_health_table.csv
11000,Legend,4.216e+103,repo_raw_table,enemy_health_table.csv
11500,Legend,6.642e+106,repo_raw_table,enemy_health_table.csv
12000,Legend,1.3093000000000002e+110,repo_raw_table,enemy_health_table.csv
12500,Legend,1.9258e+113,repo_raw_table,enemy_health_table.csv
13000,Legend,3.96e+116,repo_raw_table,enemy_health_table.csv
13500,Legend,8.960000000000001e+119,repo_raw_table,enemy_health_table.csv
14500,Legend,2.5e+126,repo_raw_table,enemy_health_table.csv
15000,Legend,3.9099999999999996e+129,repo_raw_table,enemy_health_table.csv
15500,Legend,7.12e+132,repo_raw_table,enemy_health_table.csv
16000,Legend,1.1799999999999999e+136,repo_raw_table,enemy_health_table.csv
16500,Legend,2.0700000000000002e+139,repo_raw_table,enemy_health_table.csv
17000,Legend,3.28e+142,repo_raw_table,enemy_health_table.csv
17500,Legend,5.77e+145,repo_raw_table,enemy_health_table.csv
18000,Legend,1.07e+149,repo_raw_table,enemy_health_table.csv
18500,Legend,1.6199999999999999e+152,repo_raw_table,enemy_health_table.csv
19000,Legend,2.87e+155,repo_raw_table,enemy_health_table.csv
19500,Legend,4.76e+158,repo_raw_table,enemy_health_table.csv
20000,Legend,7.329999999999999e+161,repo_raw_table,enemy_health_table.csv
21000,Legend,2.7299999999999997e+168,repo_raw_table,enemy_health_table.csv
22000,Legend,6.93e+174,repo_raw_table,enemy_health_table.csv
23000,Legend,1.81e+181,repo_raw_table,enemy_health_table.csv
24000,Legend,4.8599999999999996e+187,repo_raw_table,enemy_health_table.csv
25000,Legend,1.22e+194,repo_raw_table,enemy_health_table.csv
30000,Legend,1.9e+226,repo_raw_table,enemy_health_table.csv
35000,Legend,2.28e+258,repo_raw_table,enemy_health_table.csv
40000,Legend,2.41e+290,repo_raw_table,enemy_health_table.csv
45000,Legend,inf,repo_raw_table,enemy_health_table.csv
50000,Legend,inf,repo_raw_table,enemy_health_table.csv
55000,Legend,inf,repo_raw_table,enemy_health_table.csv
60000,Legend,inf,repo_raw_table,enemy_health_table.csv
65000,Legend,inf,repo_raw_table,enemy_health_table.csv
70000,Legend,inf,repo_raw_table,enemy_health_table.csv
75000,Legend,inf,repo_raw_table,enemy_health_table.csv
80000,Legend,inf,repo_raw_table,enemy_health_table.csv
85000,Legend,inf,repo_raw_table,enemy_health_table.csv
90000,Legend,inf,repo_raw_table,enemy_health_table.csv
95000,Legend,inf,repo_raw_table,enemy_health_table.csv
100000,Legend,inf,repo_raw_table,enemy_health_table.csv
1,Platinum,15050.0,repo_raw_table,enemy_health_table.csv
10,Platinum,403890.0,repo_raw_table,enemy_health_table.csv
20,Platinum,1960000.0,repo_raw_table,enemy_health_table.csv
30,Platinum,6020000.0,repo_raw_table,enemy_health_table.csv
40,Platinum,13210000.0,repo_raw_table,enemy_health_table.csv
50,Platinum,27060000.0,repo_raw_table,enemy_health_table.csv
60,Platinum,51280000.0,repo_raw_table,enemy_health_table.csv
70,Platinum,81580000.0,repo_raw_table,enemy_health_table.csv
80,Platinum,139380000.0,repo_raw_table,enemy_health_table.csv
90,Platinum,230710000.0,repo_raw_table,enemy_health_table.csv
100,Platinum,390950000.0,repo_raw_table,enemy_health_table.csv
150,Platinum,3550000000.0,repo_raw_table,enemy_health_table.csv
200,Platinum,15160000000.0,repo_raw_table,enemy_health_table.csv
250,Platinum,84920000000.0,repo_raw_table,enemy_health_table.csv
300,Platinum,249080000000.0,repo_raw_table,enemy_health_table.csv
400,Platinum,2780000000000.0,repo_raw_table,enemy_health_table.csv
500,Platinum,24500000000000.0,repo_raw_table,enemy_health_table.csv
750,Platinum,4860000000000000.0,repo_raw_table,enemy_health_table.csv
1000,Platinum,4.4138e+17,repo_raw_table,enemy_health_table.csv
1250,Platinum,4.065e+19,repo_raw_table,enemy_health_table.csv
1500,Platinum,2.35e+21,repo_raw_table,enemy_health_table.csv
2000,Platinum,1.001e+25,repo_raw_table,enemy_health_table.csv
2500,Platinum,2.8170000000000004e+28,repo_raw_table,enemy_health_table.csv
3000,Platinum,9.178e+31,repo_raw_table,enemy_health_table.csv
3500,Platinum,2.2202e+35,repo_raw_table,enemy_health_table.csv
4500,Platinum,1.3300000000000001e+42,repo_raw_table,enemy_health_table.csv
5000,Platinum,2.49e+45,repo_raw_table,enemy_health_table.csv
5500,Platinum,5.830000000000001e+48,repo_raw_table,enemy_health_table.csv
6000,Platinum,1.135e+52,repo_raw_table,enemy_health_table.csv
6500,Platinum,2.218e+55,repo_raw_table,enemy_health_table.csv
7000,Platinum,4.797e+58,repo_raw_table,enemy_health_table.csv
7500,Platinum,9.435e+61,repo_raw_table,enemy_health_table.csv
8000,Platinum,1.6295e+65,repo_raw_table,enemy_health_table.csv
8500,Platinum,3.3882999999999994e+68,repo_raw_table,enemy_health_table.csv
9000,Platinum,6.4816e+71,repo_raw_table,enemy_health_table.csv
9500,Platinum,1.0899999999999999e+75,repo_raw_table,enemy_health_table.csv
10000,Platinum,1.91e+78,repo_raw_table,enemy_health_table.csv
10500,Platinum,3.38e+81,repo_raw_table,enemy_health_table.csv
11000,Platinum,6.6300000000000016e+84,repo_raw_table,enemy_health_table.csv
11500,Platinum,1.0199999999999998e+88,repo_raw_table,enemy_health_table.csv
12000,Platinum,1.968e+91,repo_raw_table,enemy_health_table.csv
12500,Platinum,2.835e+94,repo_raw_table,enemy_health_table.csv
13000,Platinum,5.720000000000001e+97,repo_raw_table,enemy_health_table.csv
13500,Platinum,1.2683000000000001e+101,repo_raw_table,enemy_health_table.csv
14500,Platinum,3.4182e+107,repo_raw_table,enemy_health_table.csv
15000,Platinum,5.2467000000000005e+110,repo_raw_table,enemy_health_table.csv
15500,Platinum,9.3971e+113,repo_raw_table,enemy_health_table.csv
16000,Platinum,1.53e+117,repo_raw_table,enemy_health_table.csv
16500,Platinum,2.65e+120,repo_raw_table,enemy_health_table.csv
17000,Platinum,4.13e+123,repo_raw_table,enemy_health_table.csv
17500,Platinum,7.16e+126,repo_raw_table,enemy_health_table.csv
18000,Platinum,1.31e+130,repo_raw_table,enemy_health_table.csv
18500,Platinum,1.9599999999999998e+133,repo_raw_table,enemy_health_table.csv
19000,Platinum,3.4099999999999997e+136,repo_raw_table,enemy_health_table.csv
19500,Platinum,5.58e+139,repo_raw_table,enemy_health_table.csv
20000,Platinum,8.49e+142,repo_raw_table,enemy_health_table.csv
21000,Platinum,3.09e+149,repo_raw_table,enemy_health_table.csv
22000,Platinum,7.65e+155,repo_raw_table,enemy_health_table.csv
23000,Platinum,1.95e+162,repo_raw_table,enemy_health_table.csv
24000,Platinum,5.129999999999999e+168,repo_raw_table,enemy_health_table.csv
25000,Platinum,1.27e+175,repo_raw_table,enemy_health_table.csv
30000,Platinum,1.79e+207,repo_raw_table,enemy_health_table.csv
35000,Platinum,1.9799999999999998e+239,repo_raw_table,enemy_health_table.csv
40000,Platinum,1.96e+271,repo_raw_table,enemy_health_table.csv
45000,Platinum,2.09e+303,repo_raw_table,enemy_health_table.csv
50000,Platinum,inf,repo_raw_table,enemy_health_table.csv
55000,Platinum,inf,repo_raw_table,enemy_health_table.csv
60000,Platinum,inf,repo_raw_table,enemy_health_table.csv
65000,Platinum,inf,repo_raw_table,enemy_health_table.csv
70000,Platinum,inf,repo_raw_table,enemy_health_table.csv
75000,Platinum,inf,repo_raw_table,enemy_health_table.csv
80000,Platinum,inf,repo_raw_table,enemy_health_table.csv
85000,Platinum,inf,repo_raw_table,enemy_health_table.csv
90000,Platinum,inf,repo_raw_table,enemy_health_table.csv
95000,Platinum,inf,repo_raw_table,enemy_health_table.csv
100000,Platinum,inf,repo_raw_table,enemy_health_table.csv
1,Silver,470.17,repo_raw_table,enemy_health_table.csv
10,Silver,12620.0,repo_raw_table,enemy_health_table.csv
20,Silver,61390.0,repo_raw_table,enemy_health_table.csv
30,Silver,188090.0,repo_raw_table,enemy_health_table.csv
40,Silver,412820.0,repo_raw_table,enemy_health_table.csv
50,Silver,845660.0,repo_raw_table,enemy_health_table.csv
60,Silver,1600000.0,repo_raw_table,enemy_health_table.csv
70,Silver,2550000.0,repo_raw_table,enemy_health_table.csv
80,Silver,4360000.0,repo_raw_table,enemy_health_table.csv
90,Silver,7210000.0,repo_raw_table,enemy_health_table.csv
100,Silver,12220000.0,repo_raw_table,enemy_health_table.csv
150,Silver,110970000.0,repo_raw_table,enemy_health_table.csv
200,Silver,473700000.0,repo_raw_table,enemy_health_table.csv
250,Silver,2650000000.0,repo_raw_table,enemy_health_table.csv
300,Silver,7780000000.0,repo_raw_table,enemy_health_table.csv
400,Silver,86930000000.0,repo_raw_table,enemy_health_table.csv
500,Silver,765720000000.0,repo_raw_table,enemy_health_table.csv
750,Silver,151840000000000.0,repo_raw_table,enemy_health_table.csv
1000,Silver,1.379e+16,repo_raw_table,enemy_health_table.csv
1250,Silver,1.27e+18,repo_raw_table,enemy_health_table.csv
1500,Silver,7.334999999999999e+19,repo_raw_table,enemy_health_table.csv
2000,Silver,3.127e+23,repo_raw_table,enemy_health_table.csv
2500,Silver,8.804199999999999e+26,repo_raw_table,enemy_health_table.csv
3000,Silver,2.87e+30,repo_raw_table,enemy_health_table.csv
3500,Silver,6.939999999999999e+33,repo_raw_table,enemy_health_table.csv
4500,Silver,4.157e+40,repo_raw_table,enemy_health_table.csv
5000,Silver,7.78e+43,repo_raw_table,enemy_health_table.csv
5500,Silver,1.8202999999999999e+47,repo_raw_table,enemy_health_table.csv
6000,Silver,3.5475e+50,repo_raw_table,enemy_health_table.csv
6500,Silver,6.930800000000001e+53,repo_raw_table,enemy_health_table.csv
7000,Silver,1.5000000000000002e+57,repo_raw_table,enemy_health_table.csv
7500,Silver,2.9499999999999997e+60,repo_raw_table,enemy_health_table.csv
8000,Silver,5.09e+63,repo_raw_table,enemy_health_table.csv
8500,Silver,1.059e+67,repo_raw_table,enemy_health_table.csv
9000,Silver,2.0260000000000002e+70,repo_raw_table,enemy_health_table.csv
9500,Silver,3.404e+73,repo_raw_table,enemy_health_table.csv
10000,Silver,5.972999999999999e+76,repo_raw_table,enemy_health_table.csv
10500,Silver,1.0572000000000001e+80,repo_raw_table,enemy_health_table.csv
11000,Silver,2.0705e+83,repo_raw_table,enemy_health_table.csv
11500,Silver,3.1886000000000005e+86,repo_raw_table,enemy_health_table.csv
12000,Silver,6.1508e+89,repo_raw_table,enemy_health_table.csv
12500,Silver,8.860599999999999e+92,repo_raw_table,enemy_health_table.csv
13000,Silver,1.79e+96,repo_raw_table,enemy_health_table.csv
13500,Silver,3.96e+99,repo_raw_table,enemy_health_table.csv
14500,Silver,1.0679999999999998e+106,repo_raw_table,enemy_health_table.csv
15000,Silver,1.64e+109,repo_raw_table,enemy_health_table.csv
15500,Silver,2.937e+112,repo_raw_table,enemy_health_table.csv
16000,Silver,4.79e+115,repo_raw_table,enemy_health_table.csv
16500,Silver,8.27e+118,repo_raw_table,enemy_health_table.csv
17000,Silver,1.29e+122,repo_raw_table,enemy_health_table.csv
17500,Silver,2.24e+125,repo_raw_table,enemy_health_table.csv
18000,Silver,4.11e+128,repo_raw_table,enemy_health_table.csv
18500,Silver,6.12e+131,repo_raw_table,enemy_health_table.csv
19000,Silver,1.07e+135,repo_raw_table,enemy_health_table.csv
19500,Silver,1.74e+138,repo_raw_table,enemy_health_table.csv
20000,Silver,2.65e+141,repo_raw_table,enemy_health_table.csv
21000,Silver,9.65e+147,repo_raw_table,enemy_health_table.csv
22000,Silver,2.39e+154,repo_raw_table,enemy_health_table.csv
23000,Silver,6.09e+160,repo_raw_table,enemy_health_table.csv
24000,Silver,1.6e+167,repo_raw_table,enemy_health_table.csv
25000,Silver,3.95e+173,repo_raw_table,enemy_health_table.csv
30000,Silver,5.61e+205,repo_raw_table,enemy_health_table.csv
35000,Silver,6.190000000000001e+237,repo_raw_table,enemy_health_table.csv
40000,Silver,6.14e+269,repo_raw_table,enemy_health_table.csv
45000,Silver,6.52e+301,repo_raw_table,enemy_health_table.csv
50000,Silver,inf,repo_raw_table,enemy_health_table.csv
55000,Silver,inf,repo_raw_table,enemy_health_table.csv
60000,Silver,inf,repo_raw_table,enemy_health_table.csv
65000,Silver,inf,repo_raw_table,enemy_health_table.csv
70000,Silver,inf,repo_raw_table,enemy_health_table.csv
75000,Silver,inf,repo_raw_table,enemy_health_table.csv
80000,Silver,inf,repo_raw_table,enemy_health_table.csv
85000,Silver,inf,repo_raw_table,enemy_health_table.csv
90000,Silver,inf,repo_raw_table,enemy_health_table.csv
95000,Silver,inf,repo_raw_table,enemy_health_table.csv
100000,Silver,inf,repo_raw_table,enemy_health_table.csv
