lab_canonical_id,lab_primary_name,level,value,unit,source_path,source_sha256,source_modified_utc
LAB_ATTACK_SPEED,Attack Speed,1,1.02,raw_number,tables/cache/wiki/lab_attack_speed.csv,8c8697e7c3e5ef35bca9264a0c46c24397d66f35b8594b9b4a6fe8e184157c00,2026-02-27T22:41:39.336453+00:00
LAB_ATTACK_SPEED,Attack Speed,2,1.04,raw_number,tables/cache/wiki/lab_attack_speed.csv,8c8697e7c3e5ef35bca9264a0c46c24397d66f35b8594b9b4a6fe8e184157c00,2026-02-27T22:41:39.336453+00:00
LAB_ATTACK_SPEED,Attack Speed,3,1.06,raw_number,tables/cache/wiki/lab_attack_speed.csv,8c8697e7c3e5ef35bca9264a0c46c24397d66f35b8594b9b4a6fe8e184157c00,2026-02-27T22:41:39.336453+00:00
LAB_ATTACK_SPEED,Attack Speed,4,1.08,raw_number,tables/cache/wiki/lab_attack_speed.csv,8c8697e7c3e5ef35bca9264a0c46c24397d66f35b8594b9b4a6fe8e184157c00,2026-02-27T22:41:39.336453+00:00
LAB_ATTACK_SPEED,Attack Speed,5,1.1,raw_number,tables/cache/wiki/lab_attack_speed.csv,8c8697e7c3e5ef35bca9264a0c46c24397d66f35b8594b9b4a6fe8e184157c00,2026-02-27T22:41:39.336453+00:00
LAB_ATTACK_SPEED,Attack Speed,6,1.12,raw_number,tables/cache/wiki/lab_attack_speed.csv,8c8697e7c3e5ef35bca9264a0c46c24397d66f35b8594b9b4a6fe8e184157c00,2026-02-27T22:41:39.336453+00:00
LAB_ATTACK_SPEED,Attack Speed,7,1.14,raw_number,tables/cache/wiki/lab_attack_speed.csv,8c8697e7c3e5ef35bca9264a0c46c24397d66f35b8594b9b4a6fe8e184157c00,2026-02-27T22:41:39.336453+00:00
LAB_ATTACK_SPEED,Attack Speed,8,1.16,raw_number,tables/cache/wiki/lab_attack_speed.csv,8c8697e7c3e5ef35bca9264a0c46c24397d66f35b8594b9b4a6fe8e184157c00,2026-02-27T22:41:39.336453+00:00
LAB_ATTACK_SPEED,Attack Speed,9,1.18,raw_number,tables/cache/wiki/lab_attack_speed.csv,8c8697e7c3e5ef35bca9264a0c46c24397d66f35b8594b9b4a6fe8e184157c00,2026-02-27T22:41:39.336453+00:00
LAB_ATTACK_SPEED,Attack Speed,10,1.2,raw_number,tables/cache/wiki/lab_attack_speed.csv,8c8697e7c3e5ef35bca9264a0c46c24397d66f35b8594b9b4a6fe8e184157c00,2026-02-27T22:41:39.336453+00:00
LAB_ATTACK_SPEED,Attack Speed,11,1.22,raw_number,tables/cache/wiki/lab_attack_speed.csv,8c8697e7c3e5ef35bca9264a0c46c24397d66f35b8594b9b4a6fe8e184157c00,2026-02-27T22:41:39.336453+00:00
LAB_ATTACK_SPEED,Attack Speed,12,1.24,raw_number,tables/cache/wiki/lab_attack_speed.csv,8c8697e7c3e5ef35bca9264a0c46c24397d66f35b8594b9b4a6fe8e184157c00,2026-02-27T22:41:39.336453+00:00
LAB_ATTACK_SPEED,Attack Speed,13,1.26,raw_number,tables/cache/wiki/lab_attack_speed.csv,8c8697e7c3e5ef35bca9264a0c46c24397d66f35b8594b9b4a6fe8e184157c00,2026-02-27T22:41:39.336453+00:00
LAB_ATTACK_SPEED,Attack Speed,14,1.28,raw_number,tables/cache/wiki/lab_attack_speed.csv,8c8697e7c3e5ef35bca9264a0c46c24397d66f35b8594b9b4a6fe8e184157c00,2026-02-27T22:41:39.336453+00:00
LAB_ATTACK_SPEED,Attack Speed,15,1.3,raw_number,tables/cache/wiki/lab_attack_speed.csv,8c8697e7c3e5ef35bca9264a0c46c24397d66f35b8594b9b4a6fe8e184157c00,2026-02-27T22:41:39.336453+00:00
LAB_ATTACK_SPEED,Attack Speed,16,1.32,raw_number,tables/cache/wiki/lab_attack_speed.csv,8c8697e7c3e5ef35bca9264a0c46c24397d66f35b8594b9b4a6fe8e184157c00,2026-02-27T22:41:39.336453+00:00
LAB_ATTACK_SPEED,Attack Speed,17,1.34,raw_number,tables/cache/wiki/lab_attack_speed.csv,8c8697e7c3e5ef35bca9264a0c46c24397d66f35b8594b9b4a6fe8e184157c00,2026-02-27T22:41:39.336453+00:00
LAB_ATTACK_SPEED,Attack Speed,18,1.36,raw_number,tables/cache/wiki/lab_attack_speed.csv,8c8697e7c3e5ef35bca9264a0c46c24397d66f35b8594b9b4a6fe8e184157c00,2026-02-27T22:41:39.336453+00:00
LAB_ATTACK_SPEED,Attack Speed,19,1.38,raw_number,tables/cache/wiki/lab_attack_speed.csv,8c8697e7c3e5ef35bca9264a0c46c24397d66f35b8594b9b4a6fe8e184157c00,2026-02-27T22:41:39.336453+00:00
LAB_ATTACK_SPEED,Attack Speed,20,1.4,raw_number,tables/cache/wiki/lab_attack_speed.csv,8c8697e7c3e5ef35bca9264a0c46c24397d66f35b8594b9b4a6fe8e184157c00,2026-02-27T22:41:39.336453+00:00
LAB_ATTACK_SPEED,Attack Speed,21,1.42,raw_number,tables/cache/wiki/lab_attack_speed.csv,8c8697e7c3e5ef35bca9264a0c46c24397d66f35b8594b9b4a6fe8e184157c00,2026-02-27T22:41:39.336453+00:00
LAB_ATTACK_SPEED,Attack Speed,22,1.44,raw_number,tables/cache/wiki/lab_attack_speed.csv,8c8697e7c3e5ef35bca9264a0c46c24397d66f35b8594b9b4a6fe8e184157c00,2026-02-27T22:41:39.336453+00:00
LAB_ATTACK_SPEED,Attack Speed,23,1.46,raw_number,tables/cache/wiki/lab_attack_speed.csv,8c8697e7c3e5ef35bca9264a0c46c24397d66f35b8594b9b4a6fe8e184157c00,2026-02-27T22:41:39.336453+00:00
LAB_ATTACK_SPEED,Attack Speed,24,1.48,raw_number,tables/cache/wiki/lab_attack_speed.csv,8c8697e7c3e5ef35bca9264a0c46c24397d66f35b8594b9b4a6fe8e184157c00,2026-02-27T22:41:39.336453+00:00
LAB_ATTACK_SPEED,Attack Speed,25,1.5,raw_number,tables/cache/wiki/lab_attack_speed.csv,8c8697e7c3e5ef35bca9264a0c46c24397d66f35b8594b9b4a6fe8e184157c00,2026-02-27T22:41:39.336453+00:00
LAB_ATTACK_SPEED,Attack Speed,26,1.52,raw_number,tables/cache/wiki/lab_attack_speed.csv,8c8697e7c3e5ef35bca9264a0c46c24397d66f35b8594b9b4a6fe8e184157c00,2026-02-27T22:41:39.336453+00:00
LAB_ATTACK_SPEED,Attack Speed,27,1.54,raw_number,tables/cache/wiki/lab_attack_speed.csv,8c8697e7c3e5ef35bca9264a0c46c24397d66f35b8594b9b4a6fe8e184157c00,2026-02-27T22:41:39.336453+00:00
LAB_ATTACK_SPEED,Attack Speed,28,1.56,raw_number,tables/cache/wiki/lab_attack_speed.csv,8c8697e7c3e5ef35bca9264a0c46c24397d66f35b8594b9b4a6fe8e184157c00,2026-02-27T22:41:39.336453+00:00
LAB_ATTACK_SPEED,Attack Speed,29,1.58,raw_number,tables/cache/wiki/lab_attack_speed.csv,8c8697e7c3e5ef35bca9264a0c46c24397d66f35b8594b9b4a6fe8e184157c00,2026-02-27T22:41:39.336453+00:00
LAB_ATTACK_SPEED,Attack Speed,30,1.6,raw_number,tables/cache/wiki/lab_attack_speed.csv,8c8697e7c3e5ef35bca9264a0c46c24397d66f35b8594b9b4a6fe8e184157c00,2026-02-27T22:41:39.336453+00:00
LAB_ATTACK_SPEED,Attack Speed,31,1.62,raw_number,tables/cache/wiki/lab_attack_speed.csv,8c8697e7c3e5ef35bca9264a0c46c24397d66f35b8594b9b4a6fe8e184157c00,2026-02-27T22:41:39.336453+00:00
LAB_ATTACK_SPEED,Attack Speed,32,1.64,raw_number,tables/cache/wiki/lab_attack_speed.csv,8c8697e7c3e5ef35bca9264a0c46c24397d66f35b8594b9b4a6fe8e184157c00,2026-02-27T22:41:39.336453+00:00
LAB_ATTACK_SPEED,Attack Speed,33,1.66,raw_number,tables/cache/wiki/lab_attack_speed.csv,8c8697e7c3e5ef35bca9264a0c46c24397d66f35b8594b9b4a6fe8e184157c00,2026-02-27T22:41:39.336453+00:00
LAB_ATTACK_SPEED,Attack Speed,34,1.68,raw_number,tables/cache/wiki/lab_attack_speed.csv,8c8697e7c3e5ef35bca9264a0c46c24397d66f35b8594b9b4a6fe8e184157c00,2026-02-27T22:41:39.336453+00:00
LAB_ATTACK_SPEED,Attack Speed,35,1.7,raw_number,tables/cache/wiki/lab_attack_speed.csv,8c8697e7c3e5ef35bca9264a0c46c24397d66f35b8594b9b4a6fe8e184157c00,2026-02-27T22:41:39.336453+00:00
LAB_ATTACK_SPEED,Attack Speed,36,1.72,raw_number,tables/cache/wiki/lab_attack_speed.csv,8c8697e7c3e5ef35bca9264a0c46c24397d66f35b8594b9b4a6fe8e184157c00,2026-02-27T22:41:39.336453+00:00
LAB_ATTACK_SPEED,Attack Speed,37,1.74,raw_number,tables/cache/wiki/lab_attack_speed.csv,8c8697e7c3e5ef35bca9264a0c46c24397d66f35b8594b9b4a6fe8e184157c00,2026-02-27T22:41:39.336453+00:00
LAB_ATTACK_SPEED,Attack Speed,38,1.76,raw_number,tables/cache/wiki/lab_attack_speed.csv,8c8697e7c3e5ef35bca9264a0c46c24397d66f35b8594b9b4a6fe8e184157c00,2026-02-27T22:41:39.336453+00:00
LAB_ATTACK_SPEED,Attack Speed,39,1.78,raw_number,tables/cache/wiki/lab_attack_speed.csv,8c8697e7c3e5ef35bca9264a0c46c24397d66f35b8594b9b4a6fe8e184157c00,2026-02-27T22:41:39.336453+00:00
LAB_ATTACK_SPEED,Attack Speed,40,1.8,raw_number,tables/cache/wiki/lab_attack_speed.csv,8c8697e7c3e5ef35bca9264a0c46c24397d66f35b8594b9b4a6fe8e184157c00,2026-02-27T22:41:39.336453+00:00
LAB_ATTACK_SPEED,Attack Speed,41,1.82,raw_number,tables/cache/wiki/lab_attack_speed.csv,8c8697e7c3e5ef35bca9264a0c46c24397d66f35b8594b9b4a6fe8e184157c00,2026-02-27T22:41:39.336453+00:00
LAB_ATTACK_SPEED,Attack Speed,42,1.84,raw_number,tables/cache/wiki/lab_attack_speed.csv,8c8697e7c3e5ef35bca9264a0c46c24397d66f35b8594b9b4a6fe8e184157c00,2026-02-27T22:41:39.336453+00:00
LAB_ATTACK_SPEED,Attack Speed,43,1.86,raw_number,tables/cache/wiki/lab_attack_speed.csv,8c8697e7c3e5ef35bca9264a0c46c24397d66f35b8594b9b4a6fe8e184157c00,2026-02-27T22:41:39.336453+00:00
LAB_ATTACK_SPEED,Attack Speed,44,1.88,raw_number,tables/cache/wiki/lab_attack_speed.csv,8c8697e7c3e5ef35bca9264a0c46c24397d66f35b8594b9b4a6fe8e184157c00,2026-02-27T22:41:39.336453+00:00
LAB_ATTACK_SPEED,Attack Speed,45,1.9,raw_number,tables/cache/wiki/lab_attack_speed.csv,8c8697e7c3e5ef35bca9264a0c46c24397d66f35b8594b9b4a6fe8e184157c00,2026-02-27T22:41:39.336453+00:00
LAB_ATTACK_SPEED,Attack Speed,46,1.92,raw_number,tables/cache/wiki/lab_attack_speed.csv,8c8697e7c3e5ef35bca9264a0c46c24397d66f35b8594b9b4a6fe8e184157c00,2026-02-27T22:41:39.336453+00:00
LAB_ATTACK_SPEED,Attack Speed,47,1.94,raw_number,tables/cache/wiki/lab_attack_speed.csv,8c8697e7c3e5ef35bca9264a0c46c24397d66f35b8594b9b4a6fe8e184157c00,2026-02-27T22:41:39.336453+00:00
LAB_ATTACK_SPEED,Attack Speed,48,1.96,raw_number,tables/cache/wiki/lab_attack_speed.csv,8c8697e7c3e5ef35bca9264a0c46c24397d66f35b8594b9b4a6fe8e184157c00,2026-02-27T22:41:39.336453+00:00
LAB_ATTACK_SPEED,Attack Speed,49,1.98,raw_number,tables/cache/wiki/lab_attack_speed.csv,8c8697e7c3e5ef35bca9264a0c46c24397d66f35b8594b9b4a6fe8e184157c00,2026-02-27T22:41:39.336453+00:00
LAB_ATTACK_SPEED,Attack Speed,50,2.0,raw_number,tables/cache/wiki/lab_attack_speed.csv,8c8697e7c3e5ef35bca9264a0c46c24397d66f35b8594b9b4a6fe8e184157c00,2026-02-27T22:41:39.336453+00:00
LAB_ATTACK_SPEED,Attack Speed,51,2.02,raw_number,tables/cache/wiki/lab_attack_speed.csv,8c8697e7c3e5ef35bca9264a0c46c24397d66f35b8594b9b4a6fe8e184157c00,2026-02-27T22:41:39.336453+00:00
LAB_ATTACK_SPEED,Attack Speed,52,2.04,raw_number,tables/cache/wiki/lab_attack_speed.csv,8c8697e7c3e5ef35bca9264a0c46c24397d66f35b8594b9b4a6fe8e184157c00,2026-02-27T22:41:39.336453+00:00
LAB_ATTACK_SPEED,Attack Speed,53,2.06,raw_number,tables/cache/wiki/lab_attack_speed.csv,8c8697e7c3e5ef35bca9264a0c46c24397d66f35b8594b9b4a6fe8e184157c00,2026-02-27T22:41:39.336453+00:00
LAB_ATTACK_SPEED,Attack Speed,54,2.08,raw_number,tables/cache/wiki/lab_attack_speed.csv,8c8697e7c3e5ef35bca9264a0c46c24397d66f35b8594b9b4a6fe8e184157c00,2026-02-27T22:41:39.336453+00:00
LAB_ATTACK_SPEED,Attack Speed,55,2.1,raw_number,tables/cache/wiki/lab_attack_speed.csv,8c8697e7c3e5ef35bca9264a0c46c24397d66f35b8594b9b4a6fe8e184157c00,2026-02-27T22:41:39.336453+00:00
LAB_ATTACK_SPEED,Attack Speed,56,2.12,raw_number,tables/cache/wiki/lab_attack_speed.csv,8c8697e7c3e5ef35bca9264a0c46c24397d66f35b8594b9b4a6fe8e184157c00,2026-02-27T22:41:39.336453+00:00
LAB_ATTACK_SPEED,Attack Speed,57,2.14,raw_number,tables/cache/wiki/lab_attack_speed.csv,8c8697e7c3e5ef35bca9264a0c46c24397d66f35b8594b9b4a6fe8e184157c00,2026-02-27T22:41:39.336453+00:00
LAB_ATTACK_SPEED,Attack Speed,58,2.16,raw_number,tables/cache/wiki/lab_attack_speed.csv,8c8697e7c3e5ef35bca9264a0c46c24397d66f35b8594b9b4a6fe8e184157c00,2026-02-27T22:41:39.336453+00:00
LAB_ATTACK_SPEED,Attack Speed,59,2.18,raw_number,tables/cache/wiki/lab_attack_speed.csv,8c8697e7c3e5ef35bca9264a0c46c24397d66f35b8594b9b4a6fe8e184157c00,2026-02-27T22:41:39.336453+00:00
LAB_ATTACK_SPEED,Attack Speed,60,2.2,raw_number,tables/cache/wiki/lab_attack_speed.csv,8c8697e7c3e5ef35bca9264a0c46c24397d66f35b8594b9b4a6fe8e184157c00,2026-02-27T22:41:39.336453+00:00
LAB_ATTACK_SPEED,Attack Speed,61,2.22,raw_number,tables/cache/wiki/lab_attack_speed.csv,8c8697e7c3e5ef35bca9264a0c46c24397d66f35b8594b9b4a6fe8e184157c00,2026-02-27T22:41:39.336453+00:00
LAB_ATTACK_SPEED,Attack Speed,62,2.24,raw_number,tables/cache/wiki/lab_attack_speed.csv,8c8697e7c3e5ef35bca9264a0c46c24397d66f35b8594b9b4a6fe8e184157c00,2026-02-27T22:41:39.336453+00:00
LAB_ATTACK_SPEED,Attack Speed,63,2.26,raw_number,tables/cache/wiki/lab_attack_speed.csv,8c8697e7c3e5ef35bca9264a0c46c24397d66f35b8594b9b4a6fe8e184157c00,2026-02-27T22:41:39.336453+00:00
LAB_ATTACK_SPEED,Attack Speed,64,2.28,raw_number,tables/cache/wiki/lab_attack_speed.csv,8c8697e7c3e5ef35bca9264a0c46c24397d66f35b8594b9b4a6fe8e184157c00,2026-02-27T22:41:39.336453+00:00
LAB_ATTACK_SPEED,Attack Speed,65,2.3,raw_number,tables/cache/wiki/lab_attack_speed.csv,8c8697e7c3e5ef35bca9264a0c46c24397d66f35b8594b9b4a6fe8e184157c00,2026-02-27T22:41:39.336453+00:00
LAB_ATTACK_SPEED,Attack Speed,66,2.32,raw_number,tables/cache/wiki/lab_attack_speed.csv,8c8697e7c3e5ef35bca9264a0c46c24397d66f35b8594b9b4a6fe8e184157c00,2026-02-27T22:41:39.336453+00:00
LAB_ATTACK_SPEED,Attack Speed,67,2.34,raw_number,tables/cache/wiki/lab_attack_speed.csv,8c8697e7c3e5ef35bca9264a0c46c24397d66f35b8594b9b4a6fe8e184157c00,2026-02-27T22:41:39.336453+00:00
LAB_ATTACK_SPEED,Attack Speed,68,2.36,raw_number,tables/cache/wiki/lab_attack_speed.csv,8c8697e7c3e5ef35bca9264a0c46c24397d66f35b8594b9b4a6fe8e184157c00,2026-02-27T22:41:39.336453+00:00
LAB_ATTACK_SPEED,Attack Speed,69,2.38,raw_number,tables/cache/wiki/lab_attack_speed.csv,8c8697e7c3e5ef35bca9264a0c46c24397d66f35b8594b9b4a6fe8e184157c00,2026-02-27T22:41:39.336453+00:00
LAB_ATTACK_SPEED,Attack Speed,70,2.4,raw_number,tables/cache/wiki/lab_attack_speed.csv,8c8697e7c3e5ef35bca9264a0c46c24397d66f35b8594b9b4a6fe8e184157c00,2026-02-27T22:41:39.336453+00:00
LAB_ATTACK_SPEED,Attack Speed,71,2.42,raw_number,tables/cache/wiki/lab_attack_speed.csv,8c8697e7c3e5ef35bca9264a0c46c24397d66f35b8594b9b4a6fe8e184157c00,2026-02-27T22:41:39.336453+00:00
LAB_ATTACK_SPEED,Attack Speed,72,2.44,raw_number,tables/cache/wiki/lab_attack_speed.csv,8c8697e7c3e5ef35bca9264a0c46c24397d66f35b8594b9b4a6fe8e184157c00,2026-02-27T22:41:39.336453+00:00
LAB_ATTACK_SPEED,Attack Speed,73,2.46,raw_number,tables/cache/wiki/lab_attack_speed.csv,8c8697e7c3e5ef35bca9264a0c46c24397d66f35b8594b9b4a6fe8e184157c00,2026-02-27T22:41:39.336453+00:00
LAB_ATTACK_SPEED,Attack Speed,74,2.48,raw_number,tables/cache/wiki/lab_attack_speed.csv,8c8697e7c3e5ef35bca9264a0c46c24397d66f35b8594b9b4a6fe8e184157c00,2026-02-27T22:41:39.336453+00:00
LAB_ATTACK_SPEED,Attack Speed,75,2.5,raw_number,tables/cache/wiki/lab_attack_speed.csv,8c8697e7c3e5ef35bca9264a0c46c24397d66f35b8594b9b4a6fe8e184157c00,2026-02-27T22:41:39.336453+00:00
LAB_ATTACK_SPEED,Attack Speed,76,2.52,raw_number,tables/cache/wiki/lab_attack_speed.csv,8c8697e7c3e5ef35bca9264a0c46c24397d66f35b8594b9b4a6fe8e184157c00,2026-02-27T22:41:39.336453+00:00
LAB_ATTACK_SPEED,Attack Speed,77,2.54,raw_number,tables/cache/wiki/lab_attack_speed.csv,8c8697e7c3e5ef35bca9264a0c46c24397d66f35b8594b9b4a6fe8e184157c00,2026-02-27T22:41:39.336453+00:00
LAB_ATTACK_SPEED,Attack Speed,78,2.56,raw_number,tables/cache/wiki/lab_attack_speed.csv,8c8697e7c3e5ef35bca9264a0c46c24397d66f35b8594b9b4a6fe8e184157c00,2026-02-27T22:41:39.336453+00:00
LAB_ATTACK_SPEED,Attack Speed,79,2.58,raw_number,tables/cache/wiki/lab_attack_speed.csv,8c8697e7c3e5ef35bca9264a0c46c24397d66f35b8594b9b4a6fe8e184157c00,2026-02-27T22:41:39.336453+00:00
LAB_ATTACK_SPEED,Attack Speed,80,2.6,raw_number,tables/cache/wiki/lab_attack_speed.csv,8c8697e7c3e5ef35bca9264a0c46c24397d66f35b8594b9b4a6fe8e184157c00,2026-02-27T22:41:39.336453+00:00
LAB_ATTACK_SPEED,Attack Speed,81,2.62,raw_number,tables/cache/wiki/lab_attack_speed.csv,8c8697e7c3e5ef35bca9264a0c46c24397d66f35b8594b9b4a6fe8e184157c00,2026-02-27T22:41:39.336453+00:00
LAB_ATTACK_SPEED,Attack Speed,82,2.64,raw_number,tables/cache/wiki/lab_attack_speed.csv,8c8697e7c3e5ef35bca9264a0c46c24397d66f35b8594b9b4a6fe8e184157c00,2026-02-27T22:41:39.336453+00:00
LAB_ATTACK_SPEED,Attack Speed,83,2.66,raw_number,tables/cache/wiki/lab_attack_speed.csv,8c8697e7c3e5ef35bca9264a0c46c24397d66f35b8594b9b4a6fe8e184157c00,2026-02-27T22:41:39.336453+00:00
LAB_ATTACK_SPEED,Attack Speed,84,2.68,raw_number,tables/cache/wiki/lab_attack_speed.csv,8c8697e7c3e5ef35bca9264a0c46c24397d66f35b8594b9b4a6fe8e184157c00,2026-02-27T22:41:39.336453+00:00
LAB_ATTACK_SPEED,Attack Speed,85,2.7,raw_number,tables/cache/wiki/lab_attack_speed.csv,8c8697e7c3e5ef35bca9264a0c46c24397d66f35b8594b9b4a6fe8e184157c00,2026-02-27T22:41:39.336453+00:00
LAB_ATTACK_SPEED,Attack Speed,86,2.72,raw_number,tables/cache/wiki/lab_attack_speed.csv,8c8697e7c3e5ef35bca9264a0c46c24397d66f35b8594b9b4a6fe8e184157c00,2026-02-27T22:41:39.336453+00:00
LAB_ATTACK_SPEED,Attack Speed,87,2.74,raw_number,tables/cache/wiki/lab_attack_speed.csv,8c8697e7c3e5ef35bca9264a0c46c24397d66f35b8594b9b4a6fe8e184157c00,2026-02-27T22:41:39.336453+00:00
LAB_ATTACK_SPEED,Attack Speed,88,2.76,raw_number,tables/cache/wiki/lab_attack_speed.csv,8c8697e7c3e5ef35bca9264a0c46c24397d66f35b8594b9b4a6fe8e184157c00,2026-02-27T22:41:39.336453+00:00
LAB_ATTACK_SPEED,Attack Speed,89,2.78,raw_number,tables/cache/wiki/lab_attack_speed.csv,8c8697e7c3e5ef35bca9264a0c46c24397d66f35b8594b9b4a6fe8e184157c00,2026-02-27T22:41:39.336453+00:00
LAB_ATTACK_SPEED,Attack Speed,90,2.8,raw_number,tables/cache/wiki/lab_attack_speed.csv,8c8697e7c3e5ef35bca9264a0c46c24397d66f35b8594b9b4a6fe8e184157c00,2026-02-27T22:41:39.336453+00:00
LAB_ATTACK_SPEED,Attack Speed,91,2.82,raw_number,tables/cache/wiki/lab_attack_speed.csv,8c8697e7c3e5ef35bca9264a0c46c24397d66f35b8594b9b4a6fe8e184157c00,2026-02-27T22:41:39.336453+00:00
LAB_ATTACK_SPEED,Attack Speed,92,2.84,raw_number,tables/cache/wiki/lab_attack_speed.csv,8c8697e7c3e5ef35bca9264a0c46c24397d66f35b8594b9b4a6fe8e184157c00,2026-02-27T22:41:39.336453+00:00
LAB_ATTACK_SPEED,Attack Speed,93,2.86,raw_number,tables/cache/wiki/lab_attack_speed.csv,8c8697e7c3e5ef35bca9264a0c46c24397d66f35b8594b9b4a6fe8e184157c00,2026-02-27T22:41:39.336453+00:00
LAB_ATTACK_SPEED,Attack Speed,94,2.88,raw_number,tables/cache/wiki/lab_attack_speed.csv,8c8697e7c3e5ef35bca9264a0c46c24397d66f35b8594b9b4a6fe8e184157c00,2026-02-27T22:41:39.336453+00:00
LAB_ATTACK_SPEED,Attack Speed,95,2.9,raw_number,tables/cache/wiki/lab_attack_speed.csv,8c8697e7c3e5ef35bca9264a0c46c24397d66f35b8594b9b4a6fe8e184157c00,2026-02-27T22:41:39.336453+00:00
LAB_ATTACK_SPEED,Attack Speed,96,2.92,raw_number,tables/cache/wiki/lab_attack_speed.csv,8c8697e7c3e5ef35bca9264a0c46c24397d66f35b8594b9b4a6fe8e184157c00,2026-02-27T22:41:39.336453+00:00
LAB_ATTACK_SPEED,Attack Speed,97,2.94,raw_number,tables/cache/wiki/lab_attack_speed.csv,8c8697e7c3e5ef35bca9264a0c46c24397d66f35b8594b9b4a6fe8e184157c00,2026-02-27T22:41:39.336453+00:00
LAB_ATTACK_SPEED,Attack Speed,98,2.96,raw_number,tables/cache/wiki/lab_attack_speed.csv,8c8697e7c3e5ef35bca9264a0c46c24397d66f35b8594b9b4a6fe8e184157c00,2026-02-27T22:41:39.336453+00:00
LAB_ATTACK_SPEED,Attack Speed,99,2.98,raw_number,tables/cache/wiki/lab_attack_speed.csv,8c8697e7c3e5ef35bca9264a0c46c24397d66f35b8594b9b4a6fe8e184157c00,2026-02-27T22:41:39.336453+00:00
LAB_CASH_BONUS,Cash Bonus,1,1.02,raw_number,kb/labs/tables/wiki-lab-cash-bonus.csv,externally_verified_live_wiki_generated_from_page_table,2026-03-14T00:00:00+00:00
LAB_CASH_BONUS,Cash Bonus,2,1.04,raw_number,kb/labs/tables/wiki-lab-cash-bonus.csv,externally_verified_live_wiki_generated_from_page_table,2026-03-14T00:00:00+00:00
LAB_CASH_BONUS,Cash Bonus,3,1.06,raw_number,kb/labs/tables/wiki-lab-cash-bonus.csv,externally_verified_live_wiki_generated_from_page_table,2026-03-14T00:00:00+00:00
LAB_CASH_BONUS,Cash Bonus,4,1.08,raw_number,kb/labs/tables/wiki-lab-cash-bonus.csv,externally_verified_live_wiki_generated_from_page_table,2026-03-14T00:00:00+00:00
LAB_CASH_BONUS,Cash Bonus,5,1.1,raw_number,kb/labs/tables/wiki-lab-cash-bonus.csv,externally_verified_live_wiki_generated_from_page_table,2026-03-14T00:00:00+00:00
LAB_CASH_BONUS,Cash Bonus,6,1.12,raw_number,kb/labs/tables/wiki-lab-cash-bonus.csv,externally_verified_live_wiki_generated_from_page_table,2026-03-14T00:00:00+00:00
LAB_CASH_BONUS,Cash Bonus,7,1.14,raw_number,kb/labs/tables/wiki-lab-cash-bonus.csv,externally_verified_live_wiki_generated_from_page_table,2026-03-14T00:00:00+00:00
LAB_CASH_BONUS,Cash Bonus,8,1.16,raw_number,kb/labs/tables/wiki-lab-cash-bonus.csv,externally_verified_live_wiki_generated_from_page_table,2026-03-14T00:00:00+00:00
LAB_CASH_BONUS,Cash Bonus,9,1.18,raw_number,kb/labs/tables/wiki-lab-cash-bonus.csv,externally_verified_live_wiki_generated_from_page_table,2026-03-14T00:00:00+00:00
LAB_CASH_BONUS,Cash Bonus,10,1.2,raw_number,kb/labs/tables/wiki-lab-cash-bonus.csv,externally_verified_live_wiki_generated_from_page_table,2026-03-14T00:00:00+00:00
LAB_CASH_BONUS,Cash Bonus,11,1.22,raw_number,kb/labs/tables/wiki-lab-cash-bonus.csv,externally_verified_live_wiki_generated_from_page_table,2026-03-14T00:00:00+00:00
LAB_CASH_BONUS,Cash Bonus,12,1.24,raw_number,kb/labs/tables/wiki-lab-cash-bonus.csv,externally_verified_live_wiki_generated_from_page_table,2026-03-14T00:00:00+00:00
LAB_CASH_BONUS,Cash Bonus,13,1.26,raw_number,kb/labs/tables/wiki-lab-cash-bonus.csv,externally_verified_live_wiki_generated_from_page_table,2026-03-14T00:00:00+00:00
LAB_CASH_BONUS,Cash Bonus,14,1.28,raw_number,kb/labs/tables/wiki-lab-cash-bonus.csv,externally_verified_live_wiki_generated_from_page_table,2026-03-14T00:00:00+00:00
LAB_CASH_BONUS,Cash Bonus,15,1.3,raw_number,kb/labs/tables/wiki-lab-cash-bonus.csv,externally_verified_live_wiki_generated_from_page_table,2026-03-14T00:00:00+00:00
LAB_CASH_BONUS,Cash Bonus,16,1.32,raw_number,kb/labs/tables/wiki-lab-cash-bonus.csv,externally_verified_live_wiki_generated_from_page_table,2026-03-14T00:00:00+00:00
LAB_CASH_BONUS,Cash Bonus,17,1.34,raw_number,kb/labs/tables/wiki-lab-cash-bonus.csv,externally_verified_live_wiki_generated_from_page_table,2026-03-14T00:00:00+00:00
LAB_CASH_BONUS,Cash Bonus,18,1.36,raw_number,kb/labs/tables/wiki-lab-cash-bonus.csv,externally_verified_live_wiki_generated_from_page_table,2026-03-14T00:00:00+00:00
LAB_CASH_BONUS,Cash Bonus,19,1.38,raw_number,kb/labs/tables/wiki-lab-cash-bonus.csv,externally_verified_live_wiki_generated_from_page_table,2026-03-14T00:00:00+00:00
LAB_CASH_BONUS,Cash Bonus,20,1.4,raw_number,kb/labs/tables/wiki-lab-cash-bonus.csv,externally_verified_live_wiki_generated_from_page_table,2026-03-14T00:00:00+00:00
LAB_CASH_BONUS,Cash Bonus,21,1.42,raw_number,kb/labs/tables/wiki-lab-cash-bonus.csv,externally_verified_live_wiki_generated_from_page_table,2026-03-14T00:00:00+00:00
LAB_CASH_BONUS,Cash Bonus,22,1.44,raw_number,kb/labs/tables/wiki-lab-cash-bonus.csv,externally_verified_live_wiki_generated_from_page_table,2026-03-14T00:00:00+00:00
LAB_CASH_BONUS,Cash Bonus,23,1.46,raw_number,kb/labs/tables/wiki-lab-cash-bonus.csv,externally_verified_live_wiki_generated_from_page_table,2026-03-14T00:00:00+00:00
LAB_CASH_BONUS,Cash Bonus,24,1.48,raw_number,kb/labs/tables/wiki-lab-cash-bonus.csv,externally_verified_live_wiki_generated_from_page_table,2026-03-14T00:00:00+00:00
LAB_CASH_BONUS,Cash Bonus,25,1.5,raw_number,kb/labs/tables/wiki-lab-cash-bonus.csv,externally_verified_live_wiki_generated_from_page_table,2026-03-14T00:00:00+00:00
LAB_CASH_BONUS,Cash Bonus,26,1.52,raw_number,kb/labs/tables/wiki-lab-cash-bonus.csv,externally_verified_live_wiki_generated_from_page_table,2026-03-14T00:00:00+00:00
LAB_CASH_BONUS,Cash Bonus,27,1.54,raw_number,kb/labs/tables/wiki-lab-cash-bonus.csv,externally_verified_live_wiki_generated_from_page_table,2026-03-14T00:00:00+00:00
LAB_CASH_BONUS,Cash Bonus,28,1.56,raw_number,kb/labs/tables/wiki-lab-cash-bonus.csv,externally_verified_live_wiki_generated_from_page_table,2026-03-14T00:00:00+00:00
LAB_CASH_BONUS,Cash Bonus,29,1.58,raw_number,kb/labs/tables/wiki-lab-cash-bonus.csv,externally_verified_live_wiki_generated_from_page_table,2026-03-14T00:00:00+00:00
LAB_CASH_BONUS,Cash Bonus,30,1.6,raw_number,kb/labs/tables/wiki-lab-cash-bonus.csv,externally_verified_live_wiki_generated_from_page_table,2026-03-14T00:00:00+00:00
LAB_CASH_BONUS,Cash Bonus,31,1.62,raw_number,kb/labs/tables/wiki-lab-cash-bonus.csv,externally_verified_live_wiki_generated_from_page_table,2026-03-14T00:00:00+00:00
LAB_CASH_BONUS,Cash Bonus,32,1.64,raw_number,kb/labs/tables/wiki-lab-cash-bonus.csv,externally_verified_live_wiki_generated_from_page_table,2026-03-14T00:00:00+00:00
LAB_CASH_BONUS,Cash Bonus,33,1.66,raw_number,kb/labs/tables/wiki-lab-cash-bonus.csv,externally_verified_live_wiki_generated_from_page_table,2026-03-14T00:00:00+00:00
LAB_CASH_BONUS,Cash Bonus,34,1.68,raw_number,kb/labs/tables/wiki-lab-cash-bonus.csv,externally_verified_live_wiki_generated_from_page_table,2026-03-14T00:00:00+00:00
LAB_CASH_BONUS,Cash Bonus,35,1.7,raw_number,kb/labs/tables/wiki-lab-cash-bonus.csv,externally_verified_live_wiki_generated_from_page_table,2026-03-14T00:00:00+00:00
LAB_CASH_BONUS,Cash Bonus,36,1.72,raw_number,kb/labs/tables/wiki-lab-cash-bonus.csv,externally_verified_live_wiki_generated_from_page_table,2026-03-14T00:00:00+00:00
LAB_CASH_BONUS,Cash Bonus,37,1.74,raw_number,kb/labs/tables/wiki-lab-cash-bonus.csv,externally_verified_live_wiki_generated_from_page_table,2026-03-14T00:00:00+00:00
LAB_CASH_BONUS,Cash Bonus,38,1.76,raw_number,kb/labs/tables/wiki-lab-cash-bonus.csv,externally_verified_live_wiki_generated_from_page_table,2026-03-14T00:00:00+00:00
LAB_CASH_BONUS,Cash Bonus,39,1.78,raw_number,kb/labs/tables/wiki-lab-cash-bonus.csv,externally_verified_live_wiki_generated_from_page_table,2026-03-14T00:00:00+00:00
LAB_CASH_BONUS,Cash Bonus,40,1.8,raw_number,kb/labs/tables/wiki-lab-cash-bonus.csv,externally_verified_live_wiki_generated_from_page_table,2026-03-14T00:00:00+00:00
LAB_CASH_BONUS,Cash Bonus,41,1.82,raw_number,kb/labs/tables/wiki-lab-cash-bonus.csv,externally_verified_live_wiki_generated_from_page_table,2026-03-14T00:00:00+00:00
LAB_CASH_BONUS,Cash Bonus,42,1.84,raw_number,kb/labs/tables/wiki-lab-cash-bonus.csv,externally_verified_live_wiki_generated_from_page_table,2026-03-14T00:00:00+00:00
LAB_CASH_BONUS,Cash Bonus,43,1.86,raw_number,kb/labs/tables/wiki-lab-cash-bonus.csv,externally_verified_live_wiki_generated_from_page_table,2026-03-14T00:00:00+00:00
LAB_CASH_BONUS,Cash Bonus,44,1.88,raw_number,kb/labs/tables/wiki-lab-cash-bonus.csv,externally_verified_live_wiki_generated_from_page_table,2026-03-14T00:00:00+00:00
LAB_CASH_BONUS,Cash Bonus,45,1.9,raw_number,kb/labs/tables/wiki-lab-cash-bonus.csv,externally_verified_live_wiki_generated_from_page_table,2026-03-14T00:00:00+00:00
LAB_CASH_BONUS,Cash Bonus,46,1.92,raw_number,kb/labs/tables/wiki-lab-cash-bonus.csv,externally_verified_live_wiki_generated_from_page_table,2026-03-14T00:00:00+00:00
LAB_CASH_BONUS,Cash Bonus,47,1.94,raw_number,kb/labs/tables/wiki-lab-cash-bonus.csv,externally_verified_live_wiki_generated_from_page_table,2026-03-14T00:00:00+00:00
LAB_CASH_BONUS,Cash Bonus,48,1.96,raw_number,kb/labs/tables/wiki-lab-cash-bonus.csv,externally_verified_live_wiki_generated_from_page_table,2026-03-14T00:00:00+00:00
LAB_CASH_BONUS,Cash Bonus,49,1.98,raw_number,kb/labs/tables/wiki-lab-cash-bonus.csv,externally_verified_live_wiki_generated_from_page_table,2026-03-14T00:00:00+00:00
LAB_CASH_BONUS,Cash Bonus,50,2.0,raw_number,kb/labs/tables/wiki-lab-cash-bonus.csv,externally_verified_live_wiki_generated_from_page_table,2026-03-14T00:00:00+00:00
LAB_CASH_BONUS,Cash Bonus,51,2.02,raw_number,kb/labs/tables/wiki-lab-cash-bonus.csv,externally_verified_live_wiki_generated_from_page_table,2026-03-14T00:00:00+00:00
LAB_CASH_BONUS,Cash Bonus,52,2.04,raw_number,kb/labs/tables/wiki-lab-cash-bonus.csv,externally_verified_live_wiki_generated_from_page_table,2026-03-14T00:00:00+00:00
LAB_CASH_BONUS,Cash Bonus,53,2.06,raw_number,kb/labs/tables/wiki-lab-cash-bonus.csv,externally_verified_live_wiki_generated_from_page_table,2026-03-14T00:00:00+00:00
LAB_CASH_BONUS,Cash Bonus,54,2.08,raw_number,kb/labs/tables/wiki-lab-cash-bonus.csv,externally_verified_live_wiki_generated_from_page_table,2026-03-14T00:00:00+00:00
LAB_CASH_BONUS,Cash Bonus,55,2.1,raw_number,kb/labs/tables/wiki-lab-cash-bonus.csv,externally_verified_live_wiki_generated_from_page_table,2026-03-14T00:00:00+00:00
LAB_CASH_BONUS,Cash Bonus,56,2.12,raw_number,kb/labs/tables/wiki-lab-cash-bonus.csv,externally_verified_live_wiki_generated_from_page_table,2026-03-14T00:00:00+00:00
LAB_CASH_BONUS,Cash Bonus,57,2.14,raw_number,kb/labs/tables/wiki-lab-cash-bonus.csv,externally_verified_live_wiki_generated_from_page_table,2026-03-14T00:00:00+00:00
LAB_CASH_BONUS,Cash Bonus,58,2.16,raw_number,kb/labs/tables/wiki-lab-cash-bonus.csv,externally_verified_live_wiki_generated_from_page_table,2026-03-14T00:00:00+00:00
LAB_CASH_BONUS,Cash Bonus,59,2.18,raw_number,kb/labs/tables/wiki-lab-cash-bonus.csv,externally_verified_live_wiki_generated_from_page_table,2026-03-14T00:00:00+00:00
LAB_CASH_BONUS,Cash Bonus,60,2.2,raw_number,kb/labs/tables/wiki-lab-cash-bonus.csv,externally_verified_live_wiki_generated_from_page_table,2026-03-14T00:00:00+00:00
LAB_CASH_BONUS,Cash Bonus,61,2.22,raw_number,kb/labs/tables/wiki-lab-cash-bonus.csv,externally_verified_live_wiki_generated_from_page_table,2026-03-14T00:00:00+00:00
LAB_CASH_BONUS,Cash Bonus,62,2.24,raw_number,kb/labs/tables/wiki-lab-cash-bonus.csv,externally_verified_live_wiki_generated_from_page_table,2026-03-14T00:00:00+00:00
LAB_CASH_BONUS,Cash Bonus,63,2.26,raw_number,kb/labs/tables/wiki-lab-cash-bonus.csv,externally_verified_live_wiki_generated_from_page_table,2026-03-14T00:00:00+00:00
LAB_CASH_BONUS,Cash Bonus,64,2.28,raw_number,kb/labs/tables/wiki-lab-cash-bonus.csv,externally_verified_live_wiki_generated_from_page_table,2026-03-14T00:00:00+00:00
LAB_CASH_BONUS,Cash Bonus,65,2.3,raw_number,kb/labs/tables/wiki-lab-cash-bonus.csv,externally_verified_live_wiki_generated_from_page_table,2026-03-14T00:00:00+00:00
LAB_CASH_BONUS,Cash Bonus,66,2.32,raw_number,kb/labs/tables/wiki-lab-cash-bonus.csv,externally_verified_live_wiki_generated_from_page_table,2026-03-14T00:00:00+00:00
LAB_CASH_BONUS,Cash Bonus,67,2.34,raw_number,kb/labs/tables/wiki-lab-cash-bonus.csv,externally_verified_live_wiki_generated_from_page_table,2026-03-14T00:00:00+00:00
LAB_CASH_BONUS,Cash Bonus,68,2.36,raw_number,kb/labs/tables/wiki-lab-cash-bonus.csv,externally_verified_live_wiki_generated_from_page_table,2026-03-14T00:00:00+00:00
LAB_CASH_BONUS,Cash Bonus,69,2.38,raw_number,kb/labs/tables/wiki-lab-cash-bonus.csv,externally_verified_live_wiki_generated_from_page_table,2026-03-14T00:00:00+00:00
LAB_CASH_BONUS,Cash Bonus,70,2.4,raw_number,kb/labs/tables/wiki-lab-cash-bonus.csv,externally_verified_live_wiki_generated_from_page_table,2026-03-14T00:00:00+00:00
LAB_CASH_BONUS,Cash Bonus,71,2.42,raw_number,kb/labs/tables/wiki-lab-cash-bonus.csv,externally_verified_live_wiki_generated_from_page_table,2026-03-14T00:00:00+00:00
LAB_CASH_BONUS,Cash Bonus,72,2.44,raw_number,kb/labs/tables/wiki-lab-cash-bonus.csv,externally_verified_live_wiki_generated_from_page_table,2026-03-14T00:00:00+00:00
LAB_CASH_BONUS,Cash Bonus,73,2.46,raw_number,kb/labs/tables/wiki-lab-cash-bonus.csv,externally_verified_live_wiki_generated_from_page_table,2026-03-14T00:00:00+00:00
LAB_CASH_BONUS,Cash Bonus,74,2.48,raw_number,kb/labs/tables/wiki-lab-cash-bonus.csv,externally_verified_live_wiki_generated_from_page_table,2026-03-14T00:00:00+00:00
LAB_CASH_BONUS,Cash Bonus,75,2.5,raw_number,kb/labs/tables/wiki-lab-cash-bonus.csv,externally_verified_live_wiki_generated_from_page_table,2026-03-14T00:00:00+00:00
LAB_CASH_BONUS,Cash Bonus,76,2.52,raw_number,kb/labs/tables/wiki-lab-cash-bonus.csv,externally_verified_live_wiki_generated_from_page_table,2026-03-14T00:00:00+00:00
LAB_CASH_BONUS,Cash Bonus,77,2.54,raw_number,kb/labs/tables/wiki-lab-cash-bonus.csv,externally_verified_live_wiki_generated_from_page_table,2026-03-14T00:00:00+00:00
LAB_CASH_BONUS,Cash Bonus,78,2.56,raw_number,kb/labs/tables/wiki-lab-cash-bonus.csv,externally_verified_live_wiki_generated_from_page_table,2026-03-14T00:00:00+00:00
LAB_CASH_BONUS,Cash Bonus,79,2.58,raw_number,kb/labs/tables/wiki-lab-cash-bonus.csv,externally_verified_live_wiki_generated_from_page_table,2026-03-14T00:00:00+00:00
LAB_CASH_BONUS,Cash Bonus,80,2.6,raw_number,kb/labs/tables/wiki-lab-cash-bonus.csv,externally_verified_live_wiki_generated_from_page_table,2026-03-14T00:00:00+00:00
LAB_CASH_BONUS,Cash Bonus,81,2.62,raw_number,kb/labs/tables/wiki-lab-cash-bonus.csv,externally_verified_live_wiki_generated_from_page_table,2026-03-14T00:00:00+00:00
LAB_CASH_BONUS,Cash Bonus,82,2.64,raw_number,kb/labs/tables/wiki-lab-cash-bonus.csv,externally_verified_live_wiki_generated_from_page_table,2026-03-14T00:00:00+00:00
LAB_CASH_BONUS,Cash Bonus,83,2.66,raw_number,kb/labs/tables/wiki-lab-cash-bonus.csv,externally_verified_live_wiki_generated_from_page_table,2026-03-14T00:00:00+00:00
LAB_CASH_BONUS,Cash Bonus,84,2.68,raw_number,kb/labs/tables/wiki-lab-cash-bonus.csv,externally_verified_live_wiki_generated_from_page_table,2026-03-14T00:00:00+00:00
LAB_CASH_BONUS,Cash Bonus,85,2.7,raw_number,kb/labs/tables/wiki-lab-cash-bonus.csv,externally_verified_live_wiki_generated_from_page_table,2026-03-14T00:00:00+00:00
LAB_CASH_BONUS,Cash Bonus,86,2.72,raw_number,kb/labs/tables/wiki-lab-cash-bonus.csv,externally_verified_live_wiki_generated_from_page_table,2026-03-14T00:00:00+00:00
LAB_CASH_BONUS,Cash Bonus,87,2.74,raw_number,kb/labs/tables/wiki-lab-cash-bonus.csv,externally_verified_live_wiki_generated_from_page_table,2026-03-14T00:00:00+00:00
LAB_CASH_BONUS,Cash Bonus,88,2.76,raw_number,kb/labs/tables/wiki-lab-cash-bonus.csv,externally_verified_live_wiki_generated_from_page_table,2026-03-14T00:00:00+00:00
LAB_CASH_BONUS,Cash Bonus,89,2.78,raw_number,kb/labs/tables/wiki-lab-cash-bonus.csv,externally_verified_live_wiki_generated_from_page_table,2026-03-14T00:00:00+00:00
LAB_CASH_BONUS,Cash Bonus,90,2.8,raw_number,kb/labs/tables/wiki-lab-cash-bonus.csv,externally_verified_live_wiki_generated_from_page_table,2026-03-14T00:00:00+00:00
LAB_CASH_BONUS,Cash Bonus,91,2.82,raw_number,kb/labs/tables/wiki-lab-cash-bonus.csv,externally_verified_live_wiki_generated_from_page_table,2026-03-14T00:00:00+00:00
LAB_CASH_BONUS,Cash Bonus,92,2.84,raw_number,kb/labs/tables/wiki-lab-cash-bonus.csv,externally_verified_live_wiki_generated_from_page_table,2026-03-14T00:00:00+00:00
LAB_CASH_BONUS,Cash Bonus,93,2.86,raw_number,kb/labs/tables/wiki-lab-cash-bonus.csv,externally_verified_live_wiki_generated_from_page_table,2026-03-14T00:00:00+00:00
LAB_CASH_BONUS,Cash Bonus,94,2.88,raw_number,kb/labs/tables/wiki-lab-cash-bonus.csv,externally_verified_live_wiki_generated_from_page_table,2026-03-14T00:00:00+00:00
LAB_CASH_BONUS,Cash Bonus,95,2.9,raw_number,kb/labs/tables/wiki-lab-cash-bonus.csv,externally_verified_live_wiki_generated_from_page_table,2026-03-14T00:00:00+00:00
LAB_CASH_BONUS,Cash Bonus,96,2.92,raw_number,kb/labs/tables/wiki-lab-cash-bonus.csv,externally_verified_live_wiki_generated_from_page_table,2026-03-14T00:00:00+00:00
LAB_CASH_BONUS,Cash Bonus,97,2.94,raw_number,kb/labs/tables/wiki-lab-cash-bonus.csv,externally_verified_live_wiki_generated_from_page_table,2026-03-14T00:00:00+00:00
LAB_CASH_BONUS,Cash Bonus,98,2.96,raw_number,kb/labs/tables/wiki-lab-cash-bonus.csv,externally_verified_live_wiki_generated_from_page_table,2026-03-14T00:00:00+00:00
LAB_CASH_BONUS,Cash Bonus,99,2.98,raw_number,kb/labs/tables/wiki-lab-cash-bonus.csv,externally_verified_live_wiki_generated_from_page_table,2026-03-14T00:00:00+00:00
LAB_CHRONO_FIELD_DURATION,Chrono Field Duration,1,1.0,raw_number,tables/cache/wiki/lab_chrono_field_duration.csv,b7a7239619845fcb3efbbf283cc33eee2c84ff0d46b6e19d0f3d2c7f6d5c0c0a,2026-02-27T22:41:39.340453+00:00
LAB_CHRONO_FIELD_DURATION,Chrono Field Duration,2,2.0,raw_number,tables/cache/wiki/lab_chrono_field_duration.csv,b7a7239619845fcb3efbbf283cc33eee2c84ff0d46b6e19d0f3d2c7f6d5c0c0a,2026-02-27T22:41:39.340453+00:00
LAB_CHRONO_FIELD_DURATION,Chrono Field Duration,3,3.0,raw_number,tables/cache/wiki/lab_chrono_field_duration.csv,b7a7239619845fcb3efbbf283cc33eee2c84ff0d46b6e19d0f3d2c7f6d5c0c0a,2026-02-27T22:41:39.340453+00:00
LAB_CHRONO_FIELD_DURATION,Chrono Field Duration,4,4.0,raw_number,tables/cache/wiki/lab_chrono_field_duration.csv,b7a7239619845fcb3efbbf283cc33eee2c84ff0d46b6e19d0f3d2c7f6d5c0c0a,2026-02-27T22:41:39.340453+00:00
LAB_CHRONO_FIELD_DURATION,Chrono Field Duration,5,5.0,raw_number,tables/cache/wiki/lab_chrono_field_duration.csv,b7a7239619845fcb3efbbf283cc33eee2c84ff0d46b6e19d0f3d2c7f6d5c0c0a,2026-02-27T22:41:39.340453+00:00
LAB_CHRONO_FIELD_DURATION,Chrono Field Duration,6,6.0,raw_number,tables/cache/wiki/lab_chrono_field_duration.csv,b7a7239619845fcb3efbbf283cc33eee2c84ff0d46b6e19d0f3d2c7f6d5c0c0a,2026-02-27T22:41:39.340453+00:00
LAB_CHRONO_FIELD_DURATION,Chrono Field Duration,7,7.0,raw_number,tables/cache/wiki/lab_chrono_field_duration.csv,b7a7239619845fcb3efbbf283cc33eee2c84ff0d46b6e19d0f3d2c7f6d5c0c0a,2026-02-27T22:41:39.340453+00:00
LAB_CHRONO_FIELD_DURATION,Chrono Field Duration,8,8.0,raw_number,tables/cache/wiki/lab_chrono_field_duration.csv,b7a7239619845fcb3efbbf283cc33eee2c84ff0d46b6e19d0f3d2c7f6d5c0c0a,2026-02-27T22:41:39.340453+00:00
LAB_CHRONO_FIELD_DURATION,Chrono Field Duration,9,9.0,raw_number,tables/cache/wiki/lab_chrono_field_duration.csv,b7a7239619845fcb3efbbf283cc33eee2c84ff0d46b6e19d0f3d2c7f6d5c0c0a,2026-02-27T22:41:39.340453+00:00
LAB_CHRONO_FIELD_DURATION,Chrono Field Duration,10,10.0,raw_number,tables/cache/wiki/lab_chrono_field_duration.csv,b7a7239619845fcb3efbbf283cc33eee2c84ff0d46b6e19d0f3d2c7f6d5c0c0a,2026-02-27T22:41:39.340453+00:00
LAB_CHRONO_FIELD_DURATION,Chrono Field Duration,11,11.0,raw_number,tables/cache/wiki/lab_chrono_field_duration.csv,b7a7239619845fcb3efbbf283cc33eee2c84ff0d46b6e19d0f3d2c7f6d5c0c0a,2026-02-27T22:41:39.340453+00:00
LAB_CHRONO_FIELD_DURATION,Chrono Field Duration,12,12.0,raw_number,tables/cache/wiki/lab_chrono_field_duration.csv,b7a7239619845fcb3efbbf283cc33eee2c84ff0d46b6e19d0f3d2c7f6d5c0c0a,2026-02-27T22:41:39.340453+00:00
LAB_CHRONO_FIELD_DURATION,Chrono Field Duration,13,13.0,raw_number,tables/cache/wiki/lab_chrono_field_duration.csv,b7a7239619845fcb3efbbf283cc33eee2c84ff0d46b6e19d0f3d2c7f6d5c0c0a,2026-02-27T22:41:39.340453+00:00
LAB_CHRONO_FIELD_DURATION,Chrono Field Duration,14,14.0,raw_number,tables/cache/wiki/lab_chrono_field_duration.csv,b7a7239619845fcb3efbbf283cc33eee2c84ff0d46b6e19d0f3d2c7f6d5c0c0a,2026-02-27T22:41:39.340453+00:00
LAB_CHRONO_FIELD_DURATION,Chrono Field Duration,15,15.0,raw_number,tables/cache/wiki/lab_chrono_field_duration.csv,b7a7239619845fcb3efbbf283cc33eee2c84ff0d46b6e19d0f3d2c7f6d5c0c0a,2026-02-27T22:41:39.340453+00:00
LAB_CHRONO_FIELD_DURATION,Chrono Field Duration,16,16.0,raw_number,tables/cache/wiki/lab_chrono_field_duration.csv,b7a7239619845fcb3efbbf283cc33eee2c84ff0d46b6e19d0f3d2c7f6d5c0c0a,2026-02-27T22:41:39.340453+00:00
LAB_CHRONO_FIELD_DURATION,Chrono Field Duration,17,17.0,raw_number,tables/cache/wiki/lab_chrono_field_duration.csv,b7a7239619845fcb3efbbf283cc33eee2c84ff0d46b6e19d0f3d2c7f6d5c0c0a,2026-02-27T22:41:39.340453+00:00
LAB_CHRONO_FIELD_DURATION,Chrono Field Duration,18,18.0,raw_number,tables/cache/wiki/lab_chrono_field_duration.csv,b7a7239619845fcb3efbbf283cc33eee2c84ff0d46b6e19d0f3d2c7f6d5c0c0a,2026-02-27T22:41:39.340453+00:00
LAB_CHRONO_FIELD_DURATION,Chrono Field Duration,19,19.0,raw_number,tables/cache/wiki/lab_chrono_field_duration.csv,b7a7239619845fcb3efbbf283cc33eee2c84ff0d46b6e19d0f3d2c7f6d5c0c0a,2026-02-27T22:41:39.340453+00:00
LAB_CHRONO_FIELD_DURATION,Chrono Field Duration,20,20.0,raw_number,tables/cache/wiki/lab_chrono_field_duration.csv,b7a7239619845fcb3efbbf283cc33eee2c84ff0d46b6e19d0f3d2c7f6d5c0c0a,2026-02-27T22:41:39.340453+00:00
LAB_CHRONO_FIELD_DURATION,Chrono Field Duration,21,21.0,raw_number,tables/cache/wiki/lab_chrono_field_duration.csv,b7a7239619845fcb3efbbf283cc33eee2c84ff0d46b6e19d0f3d2c7f6d5c0c0a,2026-02-27T22:41:39.340453+00:00
LAB_CHRONO_FIELD_DURATION,Chrono Field Duration,22,22.0,raw_number,tables/cache/wiki/lab_chrono_field_duration.csv,b7a7239619845fcb3efbbf283cc33eee2c84ff0d46b6e19d0f3d2c7f6d5c0c0a,2026-02-27T22:41:39.340453+00:00
LAB_CHRONO_FIELD_DURATION,Chrono Field Duration,23,23.0,raw_number,tables/cache/wiki/lab_chrono_field_duration.csv,b7a7239619845fcb3efbbf283cc33eee2c84ff0d46b6e19d0f3d2c7f6d5c0c0a,2026-02-27T22:41:39.340453+00:00
LAB_CHRONO_FIELD_DURATION,Chrono Field Duration,24,24.0,raw_number,tables/cache/wiki/lab_chrono_field_duration.csv,b7a7239619845fcb3efbbf283cc33eee2c84ff0d46b6e19d0f3d2c7f6d5c0c0a,2026-02-27T22:41:39.340453+00:00
LAB_CHRONO_FIELD_DURATION,Chrono Field Duration,25,25.0,raw_number,tables/cache/wiki/lab_chrono_field_duration.csv,b7a7239619845fcb3efbbf283cc33eee2c84ff0d46b6e19d0f3d2c7f6d5c0c0a,2026-02-27T22:41:39.340453+00:00
LAB_CHRONO_FIELD_DURATION,Chrono Field Duration,26,26.0,raw_number,tables/cache/wiki/lab_chrono_field_duration.csv,b7a7239619845fcb3efbbf283cc33eee2c84ff0d46b6e19d0f3d2c7f6d5c0c0a,2026-02-27T22:41:39.340453+00:00
LAB_CHRONO_FIELD_DURATION,Chrono Field Duration,27,27.0,raw_number,tables/cache/wiki/lab_chrono_field_duration.csv,b7a7239619845fcb3efbbf283cc33eee2c84ff0d46b6e19d0f3d2c7f6d5c0c0a,2026-02-27T22:41:39.340453+00:00
LAB_CHRONO_FIELD_DURATION,Chrono Field Duration,28,28.0,raw_number,tables/cache/wiki/lab_chrono_field_duration.csv,b7a7239619845fcb3efbbf283cc33eee2c84ff0d46b6e19d0f3d2c7f6d5c0c0a,2026-02-27T22:41:39.340453+00:00
LAB_CHRONO_FIELD_DURATION,Chrono Field Duration,29,29.0,raw_number,tables/cache/wiki/lab_chrono_field_duration.csv,b7a7239619845fcb3efbbf283cc33eee2c84ff0d46b6e19d0f3d2c7f6d5c0c0a,2026-02-27T22:41:39.340453+00:00
LAB_CHRONO_FIELD_DURATION,Chrono Field Duration,30,30.0,raw_number,tables/cache/wiki/lab_chrono_field_duration.csv,b7a7239619845fcb3efbbf283cc33eee2c84ff0d46b6e19d0f3d2c7f6d5c0c0a,2026-02-27T22:41:39.340453+00:00
LAB_COINS_PER_WAVE,Coins/Wave,1,1.02,raw_number,kb/labs/tables/wiki-lab-coins-wave.csv,externally_verified_live_wiki_generated_from_page_table,2026-03-14T00:00:00+00:00
LAB_COINS_PER_WAVE,Coins/Wave,2,1.04,raw_number,kb/labs/tables/wiki-lab-coins-wave.csv,externally_verified_live_wiki_generated_from_page_table,2026-03-14T00:00:00+00:00
LAB_COINS_PER_WAVE,Coins/Wave,3,1.06,raw_number,kb/labs/tables/wiki-lab-coins-wave.csv,externally_verified_live_wiki_generated_from_page_table,2026-03-14T00:00:00+00:00
LAB_COINS_PER_WAVE,Coins/Wave,4,1.08,raw_number,kb/labs/tables/wiki-lab-coins-wave.csv,externally_verified_live_wiki_generated_from_page_table,2026-03-14T00:00:00+00:00
LAB_COINS_PER_WAVE,Coins/Wave,5,1.1,raw_number,kb/labs/tables/wiki-lab-coins-wave.csv,externally_verified_live_wiki_generated_from_page_table,2026-03-14T00:00:00+00:00
LAB_COINS_PER_WAVE,Coins/Wave,6,1.12,raw_number,kb/labs/tables/wiki-lab-coins-wave.csv,externally_verified_live_wiki_generated_from_page_table,2026-03-14T00:00:00+00:00
LAB_COINS_PER_WAVE,Coins/Wave,7,1.14,raw_number,kb/labs/tables/wiki-lab-coins-wave.csv,externally_verified_live_wiki_generated_from_page_table,2026-03-14T00:00:00+00:00
LAB_COINS_PER_WAVE,Coins/Wave,8,1.16,raw_number,kb/labs/tables/wiki-lab-coins-wave.csv,externally_verified_live_wiki_generated_from_page_table,2026-03-14T00:00:00+00:00
LAB_COINS_PER_WAVE,Coins/Wave,9,1.18,raw_number,kb/labs/tables/wiki-lab-coins-wave.csv,externally_verified_live_wiki_generated_from_page_table,2026-03-14T00:00:00+00:00
LAB_COINS_PER_WAVE,Coins/Wave,10,1.2,raw_number,kb/labs/tables/wiki-lab-coins-wave.csv,externally_verified_live_wiki_generated_from_page_table,2026-03-14T00:00:00+00:00
LAB_COINS_PER_WAVE,Coins/Wave,11,1.22,raw_number,kb/labs/tables/wiki-lab-coins-wave.csv,externally_verified_live_wiki_generated_from_page_table,2026-03-14T00:00:00+00:00
LAB_COINS_PER_WAVE,Coins/Wave,12,1.24,raw_number,kb/labs/tables/wiki-lab-coins-wave.csv,externally_verified_live_wiki_generated_from_page_table,2026-03-14T00:00:00+00:00
LAB_COINS_PER_WAVE,Coins/Wave,13,1.26,raw_number,kb/labs/tables/wiki-lab-coins-wave.csv,externally_verified_live_wiki_generated_from_page_table,2026-03-14T00:00:00+00:00
LAB_COINS_PER_WAVE,Coins/Wave,14,1.28,raw_number,kb/labs/tables/wiki-lab-coins-wave.csv,externally_verified_live_wiki_generated_from_page_table,2026-03-14T00:00:00+00:00
LAB_COINS_PER_WAVE,Coins/Wave,15,1.3,raw_number,kb/labs/tables/wiki-lab-coins-wave.csv,externally_verified_live_wiki_generated_from_page_table,2026-03-14T00:00:00+00:00
LAB_COINS_PER_WAVE,Coins/Wave,16,1.32,raw_number,kb/labs/tables/wiki-lab-coins-wave.csv,externally_verified_live_wiki_generated_from_page_table,2026-03-14T00:00:00+00:00
LAB_COINS_PER_WAVE,Coins/Wave,17,1.34,raw_number,kb/labs/tables/wiki-lab-coins-wave.csv,externally_verified_live_wiki_generated_from_page_table,2026-03-14T00:00:00+00:00
LAB_COINS_PER_WAVE,Coins/Wave,18,1.36,raw_number,kb/labs/tables/wiki-lab-coins-wave.csv,externally_verified_live_wiki_generated_from_page_table,2026-03-14T00:00:00+00:00
LAB_COINS_PER_WAVE,Coins/Wave,19,1.38,raw_number,kb/labs/tables/wiki-lab-coins-wave.csv,externally_verified_live_wiki_generated_from_page_table,2026-03-14T00:00:00+00:00
LAB_COINS_PER_WAVE,Coins/Wave,20,1.4,raw_number,kb/labs/tables/wiki-lab-coins-wave.csv,externally_verified_live_wiki_generated_from_page_table,2026-03-14T00:00:00+00:00
LAB_COINS_PER_WAVE,Coins/Wave,21,1.42,raw_number,kb/labs/tables/wiki-lab-coins-wave.csv,externally_verified_live_wiki_generated_from_page_table,2026-03-14T00:00:00+00:00
LAB_COINS_PER_WAVE,Coins/Wave,22,1.44,raw_number,kb/labs/tables/wiki-lab-coins-wave.csv,externally_verified_live_wiki_generated_from_page_table,2026-03-14T00:00:00+00:00
LAB_COINS_PER_WAVE,Coins/Wave,23,1.46,raw_number,kb/labs/tables/wiki-lab-coins-wave.csv,externally_verified_live_wiki_generated_from_page_table,2026-03-14T00:00:00+00:00
LAB_COINS_PER_WAVE,Coins/Wave,24,1.48,raw_number,kb/labs/tables/wiki-lab-coins-wave.csv,externally_verified_live_wiki_generated_from_page_table,2026-03-14T00:00:00+00:00
LAB_COINS_PER_WAVE,Coins/Wave,25,1.5,raw_number,kb/labs/tables/wiki-lab-coins-wave.csv,externally_verified_live_wiki_generated_from_page_table,2026-03-14T00:00:00+00:00
LAB_COINS_PER_WAVE,Coins/Wave,26,1.52,raw_number,kb/labs/tables/wiki-lab-coins-wave.csv,externally_verified_live_wiki_generated_from_page_table,2026-03-14T00:00:00+00:00
LAB_COINS_PER_WAVE,Coins/Wave,27,1.54,raw_number,kb/labs/tables/wiki-lab-coins-wave.csv,externally_verified_live_wiki_generated_from_page_table,2026-03-14T00:00:00+00:00
LAB_COINS_PER_WAVE,Coins/Wave,28,1.56,raw_number,kb/labs/tables/wiki-lab-coins-wave.csv,externally_verified_live_wiki_generated_from_page_table,2026-03-14T00:00:00+00:00
LAB_COINS_PER_WAVE,Coins/Wave,29,1.58,raw_number,kb/labs/tables/wiki-lab-coins-wave.csv,externally_verified_live_wiki_generated_from_page_table,2026-03-14T00:00:00+00:00
LAB_COINS_PER_WAVE,Coins/Wave,30,1.6,raw_number,kb/labs/tables/wiki-lab-coins-wave.csv,externally_verified_live_wiki_generated_from_page_table,2026-03-14T00:00:00+00:00
LAB_COINS_PER_WAVE,Coins/Wave,31,1.62,raw_number,kb/labs/tables/wiki-lab-coins-wave.csv,externally_verified_live_wiki_generated_from_page_table,2026-03-14T00:00:00+00:00
LAB_COINS_PER_WAVE,Coins/Wave,32,1.64,raw_number,kb/labs/tables/wiki-lab-coins-wave.csv,externally_verified_live_wiki_generated_from_page_table,2026-03-14T00:00:00+00:00
LAB_COINS_PER_WAVE,Coins/Wave,33,1.66,raw_number,kb/labs/tables/wiki-lab-coins-wave.csv,externally_verified_live_wiki_generated_from_page_table,2026-03-14T00:00:00+00:00
LAB_COINS_PER_WAVE,Coins/Wave,34,1.68,raw_number,kb/labs/tables/wiki-lab-coins-wave.csv,externally_verified_live_wiki_generated_from_page_table,2026-03-14T00:00:00+00:00
LAB_COINS_PER_WAVE,Coins/Wave,35,1.7,raw_number,kb/labs/tables/wiki-lab-coins-wave.csv,externally_verified_live_wiki_generated_from_page_table,2026-03-14T00:00:00+00:00
LAB_COINS_PER_WAVE,Coins/Wave,36,1.72,raw_number,kb/labs/tables/wiki-lab-coins-wave.csv,externally_verified_live_wiki_generated_from_page_table,2026-03-14T00:00:00+00:00
LAB_COINS_PER_WAVE,Coins/Wave,37,1.74,raw_number,kb/labs/tables/wiki-lab-coins-wave.csv,externally_verified_live_wiki_generated_from_page_table,2026-03-14T00:00:00+00:00
LAB_COINS_PER_WAVE,Coins/Wave,38,1.76,raw_number,kb/labs/tables/wiki-lab-coins-wave.csv,externally_verified_live_wiki_generated_from_page_table,2026-03-14T00:00:00+00:00
LAB_COINS_PER_WAVE,Coins/Wave,39,1.78,raw_number,kb/labs/tables/wiki-lab-coins-wave.csv,externally_verified_live_wiki_generated_from_page_table,2026-03-14T00:00:00+00:00
LAB_COINS_PER_WAVE,Coins/Wave,40,1.8,raw_number,kb/labs/tables/wiki-lab-coins-wave.csv,externally_verified_live_wiki_generated_from_page_table,2026-03-14T00:00:00+00:00
LAB_COINS_PER_WAVE,Coins/Wave,41,1.82,raw_number,kb/labs/tables/wiki-lab-coins-wave.csv,externally_verified_live_wiki_generated_from_page_table,2026-03-14T00:00:00+00:00
LAB_COINS_PER_WAVE,Coins/Wave,42,1.84,raw_number,kb/labs/tables/wiki-lab-coins-wave.csv,externally_verified_live_wiki_generated_from_page_table,2026-03-14T00:00:00+00:00
LAB_COINS_PER_WAVE,Coins/Wave,43,1.86,raw_number,kb/labs/tables/wiki-lab-coins-wave.csv,externally_verified_live_wiki_generated_from_page_table,2026-03-14T00:00:00+00:00
LAB_COINS_PER_WAVE,Coins/Wave,44,1.88,raw_number,kb/labs/tables/wiki-lab-coins-wave.csv,externally_verified_live_wiki_generated_from_page_table,2026-03-14T00:00:00+00:00
LAB_COINS_PER_WAVE,Coins/Wave,45,1.9,raw_number,kb/labs/tables/wiki-lab-coins-wave.csv,externally_verified_live_wiki_generated_from_page_table,2026-03-14T00:00:00+00:00
LAB_COINS_PER_WAVE,Coins/Wave,46,1.92,raw_number,kb/labs/tables/wiki-lab-coins-wave.csv,externally_verified_live_wiki_generated_from_page_table,2026-03-14T00:00:00+00:00
LAB_COINS_PER_WAVE,Coins/Wave,47,1.94,raw_number,kb/labs/tables/wiki-lab-coins-wave.csv,externally_verified_live_wiki_generated_from_page_table,2026-03-14T00:00:00+00:00
LAB_COINS_PER_WAVE,Coins/Wave,48,1.96,raw_number,kb/labs/tables/wiki-lab-coins-wave.csv,externally_verified_live_wiki_generated_from_page_table,2026-03-14T00:00:00+00:00
LAB_COINS_PER_WAVE,Coins/Wave,49,1.98,raw_number,kb/labs/tables/wiki-lab-coins-wave.csv,externally_verified_live_wiki_generated_from_page_table,2026-03-14T00:00:00+00:00
LAB_COINS_PER_WAVE,Coins/Wave,50,2.0,raw_number,kb/labs/tables/wiki-lab-coins-wave.csv,externally_verified_live_wiki_generated_from_page_table,2026-03-14T00:00:00+00:00
LAB_COINS_PER_WAVE,Coins/Wave,51,2.02,raw_number,kb/labs/tables/wiki-lab-coins-wave.csv,externally_verified_live_wiki_generated_from_page_table,2026-03-14T00:00:00+00:00
LAB_COINS_PER_WAVE,Coins/Wave,52,2.04,raw_number,kb/labs/tables/wiki-lab-coins-wave.csv,externally_verified_live_wiki_generated_from_page_table,2026-03-14T00:00:00+00:00
LAB_COINS_PER_WAVE,Coins/Wave,53,2.06,raw_number,kb/labs/tables/wiki-lab-coins-wave.csv,externally_verified_live_wiki_generated_from_page_table,2026-03-14T00:00:00+00:00
LAB_COINS_PER_WAVE,Coins/Wave,54,2.08,raw_number,kb/labs/tables/wiki-lab-coins-wave.csv,externally_verified_live_wiki_generated_from_page_table,2026-03-14T00:00:00+00:00
LAB_COINS_PER_WAVE,Coins/Wave,55,2.1,raw_number,kb/labs/tables/wiki-lab-coins-wave.csv,externally_verified_live_wiki_generated_from_page_table,2026-03-14T00:00:00+00:00
LAB_COINS_PER_WAVE,Coins/Wave,56,2.12,raw_number,kb/labs/tables/wiki-lab-coins-wave.csv,externally_verified_live_wiki_generated_from_page_table,2026-03-14T00:00:00+00:00
LAB_COINS_PER_WAVE,Coins/Wave,57,2.14,raw_number,kb/labs/tables/wiki-lab-coins-wave.csv,externally_verified_live_wiki_generated_from_page_table,2026-03-14T00:00:00+00:00
LAB_COINS_PER_WAVE,Coins/Wave,58,2.16,raw_number,kb/labs/tables/wiki-lab-coins-wave.csv,externally_verified_live_wiki_generated_from_page_table,2026-03-14T00:00:00+00:00
LAB_COINS_PER_WAVE,Coins/Wave,59,2.18,raw_number,kb/labs/tables/wiki-lab-coins-wave.csv,externally_verified_live_wiki_generated_from_page_table,2026-03-14T00:00:00+00:00
LAB_COINS_PER_WAVE,Coins/Wave,60,2.2,raw_number,kb/labs/tables/wiki-lab-coins-wave.csv,externally_verified_live_wiki_generated_from_page_table,2026-03-14T00:00:00+00:00
LAB_COINS_PER_WAVE,Coins/Wave,61,2.22,raw_number,kb/labs/tables/wiki-lab-coins-wave.csv,externally_verified_live_wiki_generated_from_page_table,2026-03-14T00:00:00+00:00
LAB_COINS_PER_WAVE,Coins/Wave,62,2.24,raw_number,kb/labs/tables/wiki-lab-coins-wave.csv,externally_verified_live_wiki_generated_from_page_table,2026-03-14T00:00:00+00:00
LAB_COINS_PER_WAVE,Coins/Wave,63,2.26,raw_number,kb/labs/tables/wiki-lab-coins-wave.csv,externally_verified_live_wiki_generated_from_page_table,2026-03-14T00:00:00+00:00
LAB_COINS_PER_WAVE,Coins/Wave,64,2.28,raw_number,kb/labs/tables/wiki-lab-coins-wave.csv,externally_verified_live_wiki_generated_from_page_table,2026-03-14T00:00:00+00:00
LAB_COINS_PER_WAVE,Coins/Wave,65,2.3,raw_number,kb/labs/tables/wiki-lab-coins-wave.csv,externally_verified_live_wiki_generated_from_page_table,2026-03-14T00:00:00+00:00
LAB_COINS_PER_WAVE,Coins/Wave,66,2.32,raw_number,kb/labs/tables/wiki-lab-coins-wave.csv,externally_verified_live_wiki_generated_from_page_table,2026-03-14T00:00:00+00:00
LAB_COINS_PER_WAVE,Coins/Wave,67,2.34,raw_number,kb/labs/tables/wiki-lab-coins-wave.csv,externally_verified_live_wiki_generated_from_page_table,2026-03-14T00:00:00+00:00
LAB_COINS_PER_WAVE,Coins/Wave,68,2.36,raw_number,kb/labs/tables/wiki-lab-coins-wave.csv,externally_verified_live_wiki_generated_from_page_table,2026-03-14T00:00:00+00:00
LAB_COINS_PER_WAVE,Coins/Wave,69,2.38,raw_number,kb/labs/tables/wiki-lab-coins-wave.csv,externally_verified_live_wiki_generated_from_page_table,2026-03-14T00:00:00+00:00
LAB_COINS_PER_WAVE,Coins/Wave,70,2.4,raw_number,kb/labs/tables/wiki-lab-coins-wave.csv,externally_verified_live_wiki_generated_from_page_table,2026-03-14T00:00:00+00:00
LAB_COINS_PER_WAVE,Coins/Wave,71,2.42,raw_number,kb/labs/tables/wiki-lab-coins-wave.csv,externally_verified_live_wiki_generated_from_page_table,2026-03-14T00:00:00+00:00
LAB_COINS_PER_WAVE,Coins/Wave,72,2.44,raw_number,kb/labs/tables/wiki-lab-coins-wave.csv,externally_verified_live_wiki_generated_from_page_table,2026-03-14T00:00:00+00:00
LAB_COINS_PER_WAVE,Coins/Wave,73,2.46,raw_number,kb/labs/tables/wiki-lab-coins-wave.csv,externally_verified_live_wiki_generated_from_page_table,2026-03-14T00:00:00+00:00
LAB_COINS_PER_WAVE,Coins/Wave,74,2.48,raw_number,kb/labs/tables/wiki-lab-coins-wave.csv,externally_verified_live_wiki_generated_from_page_table,2026-03-14T00:00:00+00:00
LAB_COINS_PER_WAVE,Coins/Wave,75,2.5,raw_number,kb/labs/tables/wiki-lab-coins-wave.csv,externally_verified_live_wiki_generated_from_page_table,2026-03-14T00:00:00+00:00
LAB_COINS_PER_WAVE,Coins/Wave,76,2.52,raw_number,kb/labs/tables/wiki-lab-coins-wave.csv,externally_verified_live_wiki_generated_from_page_table,2026-03-14T00:00:00+00:00
LAB_COINS_PER_WAVE,Coins/Wave,77,2.54,raw_number,kb/labs/tables/wiki-lab-coins-wave.csv,externally_verified_live_wiki_generated_from_page_table,2026-03-14T00:00:00+00:00
LAB_COINS_PER_WAVE,Coins/Wave,78,2.56,raw_number,kb/labs/tables/wiki-lab-coins-wave.csv,externally_verified_live_wiki_generated_from_page_table,2026-03-14T00:00:00+00:00
LAB_COINS_PER_WAVE,Coins/Wave,79,2.58,raw_number,kb/labs/tables/wiki-lab-coins-wave.csv,externally_verified_live_wiki_generated_from_page_table,2026-03-14T00:00:00+00:00
LAB_COINS_PER_WAVE,Coins/Wave,80,2.6,raw_number,kb/labs/tables/wiki-lab-coins-wave.csv,externally_verified_live_wiki_generated_from_page_table,2026-03-14T00:00:00+00:00
LAB_COINS_PER_WAVE,Coins/Wave,81,2.62,raw_number,kb/labs/tables/wiki-lab-coins-wave.csv,externally_verified_live_wiki_generated_from_page_table,2026-03-14T00:00:00+00:00
LAB_COINS_PER_WAVE,Coins/Wave,82,2.64,raw_number,kb/labs/tables/wiki-lab-coins-wave.csv,externally_verified_live_wiki_generated_from_page_table,2026-03-14T00:00:00+00:00
LAB_COINS_PER_WAVE,Coins/Wave,83,2.66,raw_number,kb/labs/tables/wiki-lab-coins-wave.csv,externally_verified_live_wiki_generated_from_page_table,2026-03-14T00:00:00+00:00
LAB_COINS_PER_WAVE,Coins/Wave,84,2.68,raw_number,kb/labs/tables/wiki-lab-coins-wave.csv,externally_verified_live_wiki_generated_from_page_table,2026-03-14T00:00:00+00:00
LAB_COINS_PER_WAVE,Coins/Wave,85,2.7,raw_number,kb/labs/tables/wiki-lab-coins-wave.csv,externally_verified_live_wiki_generated_from_page_table,2026-03-14T00:00:00+00:00
LAB_COINS_PER_WAVE,Coins/Wave,86,2.72,raw_number,kb/labs/tables/wiki-lab-coins-wave.csv,externally_verified_live_wiki_generated_from_page_table,2026-03-14T00:00:00+00:00
LAB_COINS_PER_WAVE,Coins/Wave,87,2.74,raw_number,kb/labs/tables/wiki-lab-coins-wave.csv,externally_verified_live_wiki_generated_from_page_table,2026-03-14T00:00:00+00:00
LAB_COINS_PER_WAVE,Coins/Wave,88,2.76,raw_number,kb/labs/tables/wiki-lab-coins-wave.csv,externally_verified_live_wiki_generated_from_page_table,2026-03-14T00:00:00+00:00
LAB_COINS_PER_WAVE,Coins/Wave,89,2.78,raw_number,kb/labs/tables/wiki-lab-coins-wave.csv,externally_verified_live_wiki_generated_from_page_table,2026-03-14T00:00:00+00:00
LAB_COINS_PER_WAVE,Coins/Wave,90,2.8,raw_number,kb/labs/tables/wiki-lab-coins-wave.csv,externally_verified_live_wiki_generated_from_page_table,2026-03-14T00:00:00+00:00
LAB_COINS_PER_WAVE,Coins/Wave,91,2.82,raw_number,kb/labs/tables/wiki-lab-coins-wave.csv,externally_verified_live_wiki_generated_from_page_table,2026-03-14T00:00:00+00:00
LAB_COINS_PER_WAVE,Coins/Wave,92,2.84,raw_number,kb/labs/tables/wiki-lab-coins-wave.csv,externally_verified_live_wiki_generated_from_page_table,2026-03-14T00:00:00+00:00
LAB_COINS_PER_WAVE,Coins/Wave,93,2.86,raw_number,kb/labs/tables/wiki-lab-coins-wave.csv,externally_verified_live_wiki_generated_from_page_table,2026-03-14T00:00:00+00:00
LAB_COINS_PER_WAVE,Coins/Wave,94,2.88,raw_number,kb/labs/tables/wiki-lab-coins-wave.csv,externally_verified_live_wiki_generated_from_page_table,2026-03-14T00:00:00+00:00
LAB_COINS_PER_WAVE,Coins/Wave,95,2.9,raw_number,kb/labs/tables/wiki-lab-coins-wave.csv,externally_verified_live_wiki_generated_from_page_table,2026-03-14T00:00:00+00:00
LAB_COINS_PER_WAVE,Coins/Wave,96,2.92,raw_number,kb/labs/tables/wiki-lab-coins-wave.csv,externally_verified_live_wiki_generated_from_page_table,2026-03-14T00:00:00+00:00
LAB_COINS_PER_WAVE,Coins/Wave,97,2.94,raw_number,kb/labs/tables/wiki-lab-coins-wave.csv,externally_verified_live_wiki_generated_from_page_table,2026-03-14T00:00:00+00:00
LAB_COINS_PER_WAVE,Coins/Wave,98,2.96,raw_number,kb/labs/tables/wiki-lab-coins-wave.csv,externally_verified_live_wiki_generated_from_page_table,2026-03-14T00:00:00+00:00
LAB_COINS_PER_WAVE,Coins/Wave,99,2.98,raw_number,kb/labs/tables/wiki-lab-coins-wave.csv,externally_verified_live_wiki_generated_from_page_table,2026-03-14T00:00:00+00:00
LAB_DAMAGE,Damage,1,1.02,raw_number,kb/labs/tables/wiki-lab-damage.csv,externally_verified_live_wiki_generated_from_page_table,2026-03-14T00:00:00+00:00
LAB_DAMAGE,Damage,2,1.04,raw_number,kb/labs/tables/wiki-lab-damage.csv,externally_verified_live_wiki_generated_from_page_table,2026-03-14T00:00:00+00:00
LAB_DAMAGE,Damage,3,1.06,raw_number,kb/labs/tables/wiki-lab-damage.csv,externally_verified_live_wiki_generated_from_page_table,2026-03-14T00:00:00+00:00
LAB_DAMAGE,Damage,4,1.08,raw_number,kb/labs/tables/wiki-lab-damage.csv,externally_verified_live_wiki_generated_from_page_table,2026-03-14T00:00:00+00:00
LAB_DAMAGE,Damage,5,1.1,raw_number,kb/labs/tables/wiki-lab-damage.csv,externally_verified_live_wiki_generated_from_page_table,2026-03-14T00:00:00+00:00
LAB_DAMAGE,Damage,6,1.12,raw_number,kb/labs/tables/wiki-lab-damage.csv,externally_verified_live_wiki_generated_from_page_table,2026-03-14T00:00:00+00:00
LAB_DAMAGE,Damage,7,1.14,raw_number,kb/labs/tables/wiki-lab-damage.csv,externally_verified_live_wiki_generated_from_page_table,2026-03-14T00:00:00+00:00
LAB_DAMAGE,Damage,8,1.16,raw_number,kb/labs/tables/wiki-lab-damage.csv,externally_verified_live_wiki_generated_from_page_table,2026-03-14T00:00:00+00:00
LAB_DAMAGE,Damage,9,1.18,raw_number,kb/labs/tables/wiki-lab-damage.csv,externally_verified_live_wiki_generated_from_page_table,2026-03-14T00:00:00+00:00
LAB_DAMAGE,Damage,10,1.2,raw_number,kb/labs/tables/wiki-lab-damage.csv,externally_verified_live_wiki_generated_from_page_table,2026-03-14T00:00:00+00:00
LAB_DAMAGE,Damage,11,1.22,raw_number,kb/labs/tables/wiki-lab-damage.csv,externally_verified_live_wiki_generated_from_page_table,2026-03-14T00:00:00+00:00
LAB_DAMAGE,Damage,12,1.24,raw_number,kb/labs/tables/wiki-lab-damage.csv,externally_verified_live_wiki_generated_from_page_table,2026-03-14T00:00:00+00:00
LAB_DAMAGE,Damage,13,1.26,raw_number,kb/labs/tables/wiki-lab-damage.csv,externally_verified_live_wiki_generated_from_page_table,2026-03-14T00:00:00+00:00
LAB_DAMAGE,Damage,14,1.28,raw_number,kb/labs/tables/wiki-lab-damage.csv,externally_verified_live_wiki_generated_from_page_table,2026-03-14T00:00:00+00:00
LAB_DAMAGE,Damage,15,1.3,raw_number,kb/labs/tables/wiki-lab-damage.csv,externally_verified_live_wiki_generated_from_page_table,2026-03-14T00:00:00+00:00
LAB_DAMAGE,Damage,16,1.32,raw_number,kb/labs/tables/wiki-lab-damage.csv,externally_verified_live_wiki_generated_from_page_table,2026-03-14T00:00:00+00:00
LAB_DAMAGE,Damage,17,1.34,raw_number,kb/labs/tables/wiki-lab-damage.csv,externally_verified_live_wiki_generated_from_page_table,2026-03-14T00:00:00+00:00
LAB_DAMAGE,Damage,18,1.36,raw_number,kb/labs/tables/wiki-lab-damage.csv,externally_verified_live_wiki_generated_from_page_table,2026-03-14T00:00:00+00:00
LAB_DAMAGE,Damage,19,1.38,raw_number,kb/labs/tables/wiki-lab-damage.csv,externally_verified_live_wiki_generated_from_page_table,2026-03-14T00:00:00+00:00
LAB_DAMAGE,Damage,20,1.4,raw_number,kb/labs/tables/wiki-lab-damage.csv,externally_verified_live_wiki_generated_from_page_table,2026-03-14T00:00:00+00:00
LAB_DAMAGE,Damage,21,1.42,raw_number,kb/labs/tables/wiki-lab-damage.csv,externally_verified_live_wiki_generated_from_page_table,2026-03-14T00:00:00+00:00
LAB_DAMAGE,Damage,22,1.44,raw_number,kb/labs/tables/wiki-lab-damage.csv,externally_verified_live_wiki_generated_from_page_table,2026-03-14T00:00:00+00:00
LAB_DAMAGE,Damage,23,1.46,raw_number,kb/labs/tables/wiki-lab-damage.csv,externally_verified_live_wiki_generated_from_page_table,2026-03-14T00:00:00+00:00
LAB_DAMAGE,Damage,24,1.48,raw_number,kb/labs/tables/wiki-lab-damage.csv,externally_verified_live_wiki_generated_from_page_table,2026-03-14T00:00:00+00:00
LAB_DAMAGE,Damage,25,1.5,raw_number,kb/labs/tables/wiki-lab-damage.csv,externally_verified_live_wiki_generated_from_page_table,2026-03-14T00:00:00+00:00
LAB_DAMAGE,Damage,26,1.52,raw_number,kb/labs/tables/wiki-lab-damage.csv,externally_verified_live_wiki_generated_from_page_table,2026-03-14T00:00:00+00:00
LAB_DAMAGE,Damage,27,1.54,raw_number,kb/labs/tables/wiki-lab-damage.csv,externally_verified_live_wiki_generated_from_page_table,2026-03-14T00:00:00+00:00
LAB_DAMAGE,Damage,28,1.56,raw_number,kb/labs/tables/wiki-lab-damage.csv,externally_verified_live_wiki_generated_from_page_table,2026-03-14T00:00:00+00:00
LAB_DAMAGE,Damage,29,1.58,raw_number,kb/labs/tables/wiki-lab-damage.csv,externally_verified_live_wiki_generated_from_page_table,2026-03-14T00:00:00+00:00
LAB_DAMAGE,Damage,30,1.6,raw_number,kb/labs/tables/wiki-lab-damage.csv,externally_verified_live_wiki_generated_from_page_table,2026-03-14T00:00:00+00:00
LAB_DAMAGE,Damage,31,1.62,raw_number,kb/labs/tables/wiki-lab-damage.csv,externally_verified_live_wiki_generated_from_page_table,2026-03-14T00:00:00+00:00
LAB_DAMAGE,Damage,32,1.64,raw_number,kb/labs/tables/wiki-lab-damage.csv,externally_verified_live_wiki_generated_from_page_table,2026-03-14T00:00:00+00:00
LAB_DAMAGE,Damage,33,1.66,raw_number,kb/labs/tables/wiki-lab-damage.csv,externally_verified_live_wiki_generated_from_page_table,2026-03-14T00:00:00+00:00
LAB_DAMAGE,Damage,34,1.68,raw_number,kb/labs/tables/wiki-lab-damage.csv,externally_verified_live_wiki_generated_from_page_table,2026-03-14T00:00:00+00:00
LAB_DAMAGE,Damage,35,1.7,raw_number,kb/labs/tables/wiki-lab-damage.csv,externally_verified_live_wiki_generated_from_page_table,2026-03-14T00:00:00+00:00
LAB_DAMAGE,Damage,36,1.72,raw_number,kb/labs/tables/wiki-lab-damage.csv,externally_verified_live_wiki_generated_from_page_table,2026-03-14T00:00:00+00:00
LAB_DAMAGE,Damage,37,1.74,raw_number,kb/labs/tables/wiki-lab-damage.csv,externally_verified_live_wiki_generated_from_page_table,2026-03-14T00:00:00+00:00
LAB_DAMAGE,Damage,38,1.76,raw_number,kb/labs/tables/wiki-lab-damage.csv,externally_verified_live_wiki_generated_from_page_table,2026-03-14T00:00:00+00:00
LAB_DAMAGE,Damage,39,1.78,raw_number,kb/labs/tables/wiki-lab-damage.csv,externally_verified_live_wiki_generated_from_page_table,2026-03-14T00:00:00+00:00
LAB_DAMAGE,Damage,40,1.8,raw_number,kb/labs/tables/wiki-lab-damage.csv,externally_verified_live_wiki_generated_from_page_table,2026-03-14T00:00:00+00:00
LAB_DAMAGE,Damage,41,1.82,raw_number,kb/labs/tables/wiki-lab-damage.csv,externally_verified_live_wiki_generated_from_page_table,2026-03-14T00:00:00+00:00
LAB_DAMAGE,Damage,42,1.84,raw_number,kb/labs/tables/wiki-lab-damage.csv,externally_verified_live_wiki_generated_from_page_table,2026-03-14T00:00:00+00:00
LAB_DAMAGE,Damage,43,1.86,raw_number,kb/labs/tables/wiki-lab-damage.csv,externally_verified_live_wiki_generated_from_page_table,2026-03-14T00:00:00+00:00
LAB_DAMAGE,Damage,44,1.88,raw_number,kb/labs/tables/wiki-lab-damage.csv,externally_verified_live_wiki_generated_from_page_table,2026-03-14T00:00:00+00:00
LAB_DAMAGE,Damage,45,1.9,raw_number,kb/labs/tables/wiki-lab-damage.csv,externally_verified_live_wiki_generated_from_page_table,2026-03-14T00:00:00+00:00
LAB_DAMAGE,Damage,46,1.92,raw_number,kb/labs/tables/wiki-lab-damage.csv,externally_verified_live_wiki_generated_from_page_table,2026-03-14T00:00:00+00:00
LAB_DAMAGE,Damage,47,1.94,raw_number,kb/labs/tables/wiki-lab-damage.csv,externally_verified_live_wiki_generated_from_page_table,2026-03-14T00:00:00+00:00
LAB_DAMAGE,Damage,48,1.96,raw_number,kb/labs/tables/wiki-lab-damage.csv,externally_verified_live_wiki_generated_from_page_table,2026-03-14T00:00:00+00:00
LAB_DAMAGE,Damage,49,1.98,raw_number,kb/labs/tables/wiki-lab-damage.csv,externally_verified_live_wiki_generated_from_page_table,2026-03-14T00:00:00+00:00
LAB_DAMAGE,Damage,50,2.0,raw_number,kb/labs/tables/wiki-lab-damage.csv,externally_verified_live_wiki_generated_from_page_table,2026-03-14T00:00:00+00:00
LAB_DAMAGE,Damage,51,2.02,raw_number,kb/labs/tables/wiki-lab-damage.csv,externally_verified_live_wiki_generated_from_page_table,2026-03-14T00:00:00+00:00
LAB_DAMAGE,Damage,52,2.04,raw_number,kb/labs/tables/wiki-lab-damage.csv,externally_verified_live_wiki_generated_from_page_table,2026-03-14T00:00:00+00:00
LAB_DAMAGE,Damage,53,2.06,raw_number,kb/labs/tables/wiki-lab-damage.csv,externally_verified_live_wiki_generated_from_page_table,2026-03-14T00:00:00+00:00
LAB_DAMAGE,Damage,54,2.08,raw_number,kb/labs/tables/wiki-lab-damage.csv,externally_verified_live_wiki_generated_from_page_table,2026-03-14T00:00:00+00:00
LAB_DAMAGE,Damage,55,2.1,raw_number,kb/labs/tables/wiki-lab-damage.csv,externally_verified_live_wiki_generated_from_page_table,2026-03-14T00:00:00+00:00
LAB_DAMAGE,Damage,56,2.12,raw_number,kb/labs/tables/wiki-lab-damage.csv,externally_verified_live_wiki_generated_from_page_table,2026-03-14T00:00:00+00:00
LAB_DAMAGE,Damage,57,2.14,raw_number,kb/labs/tables/wiki-lab-damage.csv,externally_verified_live_wiki_generated_from_page_table,2026-03-14T00:00:00+00:00
LAB_DAMAGE,Damage,58,2.16,raw_number,kb/labs/tables/wiki-lab-damage.csv,externally_verified_live_wiki_generated_from_page_table,2026-03-14T00:00:00+00:00
LAB_DAMAGE,Damage,59,2.18,raw_number,kb/labs/tables/wiki-lab-damage.csv,externally_verified_live_wiki_generated_from_page_table,2026-03-14T00:00:00+00:00
LAB_DAMAGE,Damage,60,2.2,raw_number,kb/labs/tables/wiki-lab-damage.csv,externally_verified_live_wiki_generated_from_page_table,2026-03-14T00:00:00+00:00
LAB_DAMAGE,Damage,61,2.22,raw_number,kb/labs/tables/wiki-lab-damage.csv,externally_verified_live_wiki_generated_from_page_table,2026-03-14T00:00:00+00:00
LAB_DAMAGE,Damage,62,2.24,raw_number,kb/labs/tables/wiki-lab-damage.csv,externally_verified_live_wiki_generated_from_page_table,2026-03-14T00:00:00+00:00
LAB_DAMAGE,Damage,63,2.26,raw_number,kb/labs/tables/wiki-lab-damage.csv,externally_verified_live_wiki_generated_from_page_table,2026-03-14T00:00:00+00:00
LAB_DAMAGE,Damage,64,2.28,raw_number,kb/labs/tables/wiki-lab-damage.csv,externally_verified_live_wiki_generated_from_page_table,2026-03-14T00:00:00+00:00
LAB_DAMAGE,Damage,65,2.3,raw_number,kb/labs/tables/wiki-lab-damage.csv,externally_verified_live_wiki_generated_from_page_table,2026-03-14T00:00:00+00:00
LAB_DAMAGE,Damage,66,2.32,raw_number,kb/labs/tables/wiki-lab-damage.csv,externally_verified_live_wiki_generated_from_page_table,2026-03-14T00:00:00+00:00
LAB_DAMAGE,Damage,67,2.34,raw_number,kb/labs/tables/wiki-lab-damage.csv,externally_verified_live_wiki_generated_from_page_table,2026-03-14T00:00:00+00:00
LAB_DAMAGE,Damage,68,2.36,raw_number,kb/labs/tables/wiki-lab-damage.csv,externally_verified_live_wiki_generated_from_page_table,2026-03-14T00:00:00+00:00
LAB_DAMAGE,Damage,69,2.38,raw_number,kb/labs/tables/wiki-lab-damage.csv,externally_verified_live_wiki_generated_from_page_table,2026-03-14T00:00:00+00:00
LAB_DAMAGE,Damage,70,2.4,raw_number,kb/labs/tables/wiki-lab-damage.csv,externally_verified_live_wiki_generated_from_page_table,2026-03-14T00:00:00+00:00
LAB_DAMAGE,Damage,71,2.42,raw_number,kb/labs/tables/wiki-lab-damage.csv,externally_verified_live_wiki_generated_from_page_table,2026-03-14T00:00:00+00:00
LAB_DAMAGE,Damage,72,2.44,raw_number,kb/labs/tables/wiki-lab-damage.csv,externally_verified_live_wiki_generated_from_page_table,2026-03-14T00:00:00+00:00
LAB_DAMAGE,Damage,73,2.46,raw_number,kb/labs/tables/wiki-lab-damage.csv,externally_verified_live_wiki_generated_from_page_table,2026-03-14T00:00:00+00:00
LAB_DAMAGE,Damage,74,2.48,raw_number,kb/labs/tables/wiki-lab-damage.csv,externally_verified_live_wiki_generated_from_page_table,2026-03-14T00:00:00+00:00
LAB_DAMAGE,Damage,75,2.5,raw_number,kb/labs/tables/wiki-lab-damage.csv,externally_verified_live_wiki_generated_from_page_table,2026-03-14T00:00:00+00:00
LAB_DAMAGE,Damage,76,2.52,raw_number,kb/labs/tables/wiki-lab-damage.csv,externally_verified_live_wiki_generated_from_page_table,2026-03-14T00:00:00+00:00
LAB_DAMAGE,Damage,77,2.54,raw_number,kb/labs/tables/wiki-lab-damage.csv,externally_verified_live_wiki_generated_from_page_table,2026-03-14T00:00:00+00:00
LAB_DAMAGE,Damage,78,2.56,raw_number,kb/labs/tables/wiki-lab-damage.csv,externally_verified_live_wiki_generated_from_page_table,2026-03-14T00:00:00+00:00
LAB_DAMAGE,Damage,79,2.58,raw_number,kb/labs/tables/wiki-lab-damage.csv,externally_verified_live_wiki_generated_from_page_table,2026-03-14T00:00:00+00:00
LAB_DAMAGE,Damage,80,2.6,raw_number,kb/labs/tables/wiki-lab-damage.csv,externally_verified_live_wiki_generated_from_page_table,2026-03-14T00:00:00+00:00
LAB_DAMAGE,Damage,81,2.62,raw_number,kb/labs/tables/wiki-lab-damage.csv,externally_verified_live_wiki_generated_from_page_table,2026-03-14T00:00:00+00:00
LAB_DAMAGE,Damage,82,2.64,raw_number,kb/labs/tables/wiki-lab-damage.csv,externally_verified_live_wiki_generated_from_page_table,2026-03-14T00:00:00+00:00
LAB_DAMAGE,Damage,83,2.66,raw_number,kb/labs/tables/wiki-lab-damage.csv,externally_verified_live_wiki_generated_from_page_table,2026-03-14T00:00:00+00:00
LAB_DAMAGE,Damage,84,2.68,raw_number,kb/labs/tables/wiki-lab-damage.csv,externally_verified_live_wiki_generated_from_page_table,2026-03-14T00:00:00+00:00
LAB_DAMAGE,Damage,85,2.7,raw_number,kb/labs/tables/wiki-lab-damage.csv,externally_verified_live_wiki_generated_from_page_table,2026-03-14T00:00:00+00:00
LAB_DAMAGE,Damage,86,2.72,raw_number,kb/labs/tables/wiki-lab-damage.csv,externally_verified_live_wiki_generated_from_page_table,2026-03-14T00:00:00+00:00
LAB_DAMAGE,Damage,87,2.74,raw_number,kb/labs/tables/wiki-lab-damage.csv,externally_verified_live_wiki_generated_from_page_table,2026-03-14T00:00:00+00:00
LAB_DAMAGE,Damage,88,2.76,raw_number,kb/labs/tables/wiki-lab-damage.csv,externally_verified_live_wiki_generated_from_page_table,2026-03-14T00:00:00+00:00
LAB_DAMAGE,Damage,89,2.78,raw_number,kb/labs/tables/wiki-lab-damage.csv,externally_verified_live_wiki_generated_from_page_table,2026-03-14T00:00:00+00:00
LAB_DAMAGE,Damage,90,2.8,raw_number,kb/labs/tables/wiki-lab-damage.csv,externally_verified_live_wiki_generated_from_page_table,2026-03-14T00:00:00+00:00
LAB_DAMAGE,Damage,91,2.82,raw_number,kb/labs/tables/wiki-lab-damage.csv,externally_verified_live_wiki_generated_from_page_table,2026-03-14T00:00:00+00:00
LAB_DAMAGE,Damage,92,2.84,raw_number,kb/labs/tables/wiki-lab-damage.csv,externally_verified_live_wiki_generated_from_page_table,2026-03-14T00:00:00+00:00
LAB_DAMAGE,Damage,93,2.86,raw_number,kb/labs/tables/wiki-lab-damage.csv,externally_verified_live_wiki_generated_from_page_table,2026-03-14T00:00:00+00:00
LAB_DAMAGE,Damage,94,2.88,raw_number,kb/labs/tables/wiki-lab-damage.csv,externally_verified_live_wiki_generated_from_page_table,2026-03-14T00:00:00+00:00
LAB_DAMAGE,Damage,95,2.9,raw_number,kb/labs/tables/wiki-lab-damage.csv,externally_verified_live_wiki_generated_from_page_table,2026-03-14T00:00:00+00:00
LAB_DAMAGE,Damage,96,2.92,raw_number,kb/labs/tables/wiki-lab-damage.csv,externally_verified_live_wiki_generated_from_page_table,2026-03-14T00:00:00+00:00
LAB_DAMAGE,Damage,97,2.94,raw_number,kb/labs/tables/wiki-lab-damage.csv,externally_verified_live_wiki_generated_from_page_table,2026-03-14T00:00:00+00:00
LAB_DAMAGE,Damage,98,2.96,raw_number,kb/labs/tables/wiki-lab-damage.csv,externally_verified_live_wiki_generated_from_page_table,2026-03-14T00:00:00+00:00
LAB_DAMAGE,Damage,99,2.98,raw_number,kb/labs/tables/wiki-lab-damage.csv,externally_verified_live_wiki_generated_from_page_table,2026-03-14T00:00:00+00:00
LAB_DAMAGE,Damage,100,3.0,raw_number,kb/labs/tables/wiki-lab-damage.csv,externally_verified_live_wiki_generated_from_page_table,2026-03-14T00:00:00+00:00
LAB_DEFENSE_PERCENT,Defense %,1,0.2,percent_points,tables/cache/wiki/lab_defense.csv,f065e39b80938268d2d0ca63520d5930e8e3aadb6dd128c0074a9b69353d19cd,2026-02-27T22:41:39.336453+00:00
LAB_DEFENSE_PERCENT,Defense %,2,0.4,percent_points,tables/cache/wiki/lab_defense.csv,f065e39b80938268d2d0ca63520d5930e8e3aadb6dd128c0074a9b69353d19cd,2026-02-27T22:41:39.336453+00:00
LAB_DEFENSE_PERCENT,Defense %,3,0.6,percent_points,tables/cache/wiki/lab_defense.csv,f065e39b80938268d2d0ca63520d5930e8e3aadb6dd128c0074a9b69353d19cd,2026-02-27T22:41:39.336453+00:00
LAB_DEFENSE_PERCENT,Defense %,4,0.8,percent_points,tables/cache/wiki/lab_defense.csv,f065e39b80938268d2d0ca63520d5930e8e3aadb6dd128c0074a9b69353d19cd,2026-02-27T22:41:39.336453+00:00
LAB_DEFENSE_PERCENT,Defense %,5,1.0,percent_points,tables/cache/wiki/lab_defense.csv,f065e39b80938268d2d0ca63520d5930e8e3aadb6dd128c0074a9b69353d19cd,2026-02-27T22:41:39.336453+00:00
LAB_DEFENSE_PERCENT,Defense %,6,1.2,percent_points,tables/cache/wiki/lab_defense.csv,f065e39b80938268d2d0ca63520d5930e8e3aadb6dd128c0074a9b69353d19cd,2026-02-27T22:41:39.336453+00:00
LAB_DEFENSE_PERCENT,Defense %,7,1.4,percent_points,tables/cache/wiki/lab_defense.csv,f065e39b80938268d2d0ca63520d5930e8e3aadb6dd128c0074a9b69353d19cd,2026-02-27T22:41:39.336453+00:00
LAB_DEFENSE_PERCENT,Defense %,8,1.6,percent_points,tables/cache/wiki/lab_defense.csv,f065e39b80938268d2d0ca63520d5930e8e3aadb6dd128c0074a9b69353d19cd,2026-02-27T22:41:39.336453+00:00
LAB_DEFENSE_PERCENT,Defense %,9,1.8,percent_points,tables/cache/wiki/lab_defense.csv,f065e39b80938268d2d0ca63520d5930e8e3aadb6dd128c0074a9b69353d19cd,2026-02-27T22:41:39.336453+00:00
LAB_DEFENSE_PERCENT,Defense %,10,2.0,percent_points,tables/cache/wiki/lab_defense.csv,f065e39b80938268d2d0ca63520d5930e8e3aadb6dd128c0074a9b69353d19cd,2026-02-27T22:41:39.336453+00:00
LAB_DEFENSE_PERCENT,Defense %,11,2.2,percent_points,tables/cache/wiki/lab_defense.csv,f065e39b80938268d2d0ca63520d5930e8e3aadb6dd128c0074a9b69353d19cd,2026-02-27T22:41:39.336453+00:00
LAB_DEFENSE_PERCENT,Defense %,12,2.4,percent_points,tables/cache/wiki/lab_defense.csv,f065e39b80938268d2d0ca63520d5930e8e3aadb6dd128c0074a9b69353d19cd,2026-02-27T22:41:39.336453+00:00
LAB_DEFENSE_PERCENT,Defense %,13,2.6,percent_points,tables/cache/wiki/lab_defense.csv,f065e39b80938268d2d0ca63520d5930e8e3aadb6dd128c0074a9b69353d19cd,2026-02-27T22:41:39.336453+00:00
LAB_DEFENSE_PERCENT,Defense %,14,2.8,percent_points,tables/cache/wiki/lab_defense.csv,f065e39b80938268d2d0ca63520d5930e8e3aadb6dd128c0074a9b69353d19cd,2026-02-27T22:41:39.336453+00:00
LAB_DEFENSE_PERCENT,Defense %,15,3.0,percent_points,tables/cache/wiki/lab_defense.csv,f065e39b80938268d2d0ca63520d5930e8e3aadb6dd128c0074a9b69353d19cd,2026-02-27T22:41:39.336453+00:00
LAB_DEFENSE_PERCENT,Defense %,16,3.2,percent_points,tables/cache/wiki/lab_defense.csv,f065e39b80938268d2d0ca63520d5930e8e3aadb6dd128c0074a9b69353d19cd,2026-02-27T22:41:39.336453+00:00
LAB_DEFENSE_PERCENT,Defense %,17,3.4,percent_points,tables/cache/wiki/lab_defense.csv,f065e39b80938268d2d0ca63520d5930e8e3aadb6dd128c0074a9b69353d19cd,2026-02-27T22:41:39.336453+00:00
LAB_DEFENSE_PERCENT,Defense %,18,3.6,percent_points,tables/cache/wiki/lab_defense.csv,f065e39b80938268d2d0ca63520d5930e8e3aadb6dd128c0074a9b69353d19cd,2026-02-27T22:41:39.336453+00:00
LAB_DEFENSE_PERCENT,Defense %,19,3.8,percent_points,tables/cache/wiki/lab_defense.csv,f065e39b80938268d2d0ca63520d5930e8e3aadb6dd128c0074a9b69353d19cd,2026-02-27T22:41:39.336453+00:00
LAB_DEFENSE_PERCENT,Defense %,20,4.0,percent_points,tables/cache/wiki/lab_defense.csv,f065e39b80938268d2d0ca63520d5930e8e3aadb6dd128c0074a9b69353d19cd,2026-02-27T22:41:39.336453+00:00
LAB_DEFENSE_PERCENT,Defense %,21,4.2,percent_points,tables/cache/wiki/lab_defense.csv,f065e39b80938268d2d0ca63520d5930e8e3aadb6dd128c0074a9b69353d19cd,2026-02-27T22:41:39.336453+00:00
LAB_DEFENSE_PERCENT,Defense %,22,4.4,percent_points,tables/cache/wiki/lab_defense.csv,f065e39b80938268d2d0ca63520d5930e8e3aadb6dd128c0074a9b69353d19cd,2026-02-27T22:41:39.336453+00:00
LAB_DEFENSE_PERCENT,Defense %,23,4.6,percent_points,tables/cache/wiki/lab_defense.csv,f065e39b80938268d2d0ca63520d5930e8e3aadb6dd128c0074a9b69353d19cd,2026-02-27T22:41:39.336453+00:00
LAB_DEFENSE_PERCENT,Defense %,24,4.8,percent_points,tables/cache/wiki/lab_defense.csv,f065e39b80938268d2d0ca63520d5930e8e3aadb6dd128c0074a9b69353d19cd,2026-02-27T22:41:39.336453+00:00
LAB_DEFENSE_PERCENT,Defense %,25,5.0,percent_points,tables/cache/wiki/lab_defense.csv,f065e39b80938268d2d0ca63520d5930e8e3aadb6dd128c0074a9b69353d19cd,2026-02-27T22:41:39.336453+00:00
LAB_DEFENSE_PERCENT,Defense %,26,5.2,percent_points,tables/cache/wiki/lab_defense.csv,f065e39b80938268d2d0ca63520d5930e8e3aadb6dd128c0074a9b69353d19cd,2026-02-27T22:41:39.336453+00:00
LAB_DEFENSE_PERCENT,Defense %,27,5.4,percent_points,tables/cache/wiki/lab_defense.csv,f065e39b80938268d2d0ca63520d5930e8e3aadb6dd128c0074a9b69353d19cd,2026-02-27T22:41:39.336453+00:00
LAB_DEFENSE_PERCENT,Defense %,28,5.6,percent_points,tables/cache/wiki/lab_defense.csv,f065e39b80938268d2d0ca63520d5930e8e3aadb6dd128c0074a9b69353d19cd,2026-02-27T22:41:39.336453+00:00
LAB_DEFENSE_PERCENT,Defense %,29,5.8,percent_points,tables/cache/wiki/lab_defense.csv,f065e39b80938268d2d0ca63520d5930e8e3aadb6dd128c0074a9b69353d19cd,2026-02-27T22:41:39.336453+00:00
LAB_DEFENSE_PERCENT,Defense %,30,6.0,percent_points,tables/cache/wiki/lab_defense.csv,f065e39b80938268d2d0ca63520d5930e8e3aadb6dd128c0074a9b69353d19cd,2026-02-27T22:41:39.336453+00:00
LAB_DEFENSE_PERCENT,Defense %,31,6.2,percent_points,tables/cache/wiki/lab_defense.csv,f065e39b80938268d2d0ca63520d5930e8e3aadb6dd128c0074a9b69353d19cd,2026-02-27T22:41:39.336453+00:00
LAB_DEFENSE_PERCENT,Defense %,32,6.4,percent_points,tables/cache/wiki/lab_defense.csv,f065e39b80938268d2d0ca63520d5930e8e3aadb6dd128c0074a9b69353d19cd,2026-02-27T22:41:39.336453+00:00
LAB_DEFENSE_PERCENT,Defense %,33,6.6,percent_points,tables/cache/wiki/lab_defense.csv,f065e39b80938268d2d0ca63520d5930e8e3aadb6dd128c0074a9b69353d19cd,2026-02-27T22:41:39.336453+00:00
LAB_DEFENSE_PERCENT,Defense %,34,6.8,percent_points,tables/cache/wiki/lab_defense.csv,f065e39b80938268d2d0ca63520d5930e8e3aadb6dd128c0074a9b69353d19cd,2026-02-27T22:41:39.336453+00:00
LAB_DEFENSE_PERCENT,Defense %,35,7.0,percent_points,tables/cache/wiki/lab_defense.csv,f065e39b80938268d2d0ca63520d5930e8e3aadb6dd128c0074a9b69353d19cd,2026-02-27T22:41:39.336453+00:00
LAB_DEFENSE_PERCENT,Defense %,36,7.2,percent_points,tables/cache/wiki/lab_defense.csv,f065e39b80938268d2d0ca63520d5930e8e3aadb6dd128c0074a9b69353d19cd,2026-02-27T22:41:39.336453+00:00
LAB_DEFENSE_PERCENT,Defense %,37,7.4,percent_points,tables/cache/wiki/lab_defense.csv,f065e39b80938268d2d0ca63520d5930e8e3aadb6dd128c0074a9b69353d19cd,2026-02-27T22:41:39.336453+00:00
LAB_DEFENSE_PERCENT,Defense %,38,7.6,percent_points,tables/cache/wiki/lab_defense.csv,f065e39b80938268d2d0ca63520d5930e8e3aadb6dd128c0074a9b69353d19cd,2026-02-27T22:41:39.336453+00:00
LAB_DEFENSE_PERCENT,Defense %,39,7.8,percent_points,tables/cache/wiki/lab_defense.csv,f065e39b80938268d2d0ca63520d5930e8e3aadb6dd128c0074a9b69353d19cd,2026-02-27T22:41:39.336453+00:00
LAB_DEFENSE_PERCENT,Defense %,40,8.0,percent_points,tables/cache/wiki/lab_defense.csv,f065e39b80938268d2d0ca63520d5930e8e3aadb6dd128c0074a9b69353d19cd,2026-02-27T22:41:39.336453+00:00
LAB_DEFENSE_PERCENT,Defense %,41,8.2,percent_points,tables/cache/wiki/lab_defense.csv,f065e39b80938268d2d0ca63520d5930e8e3aadb6dd128c0074a9b69353d19cd,2026-02-27T22:41:39.336453+00:00
LAB_DEFENSE_PERCENT,Defense %,42,8.4,percent_points,tables/cache/wiki/lab_defense.csv,f065e39b80938268d2d0ca63520d5930e8e3aadb6dd128c0074a9b69353d19cd,2026-02-27T22:41:39.336453+00:00
LAB_DEFENSE_PERCENT,Defense %,43,8.6,percent_points,tables/cache/wiki/lab_defense.csv,f065e39b80938268d2d0ca63520d5930e8e3aadb6dd128c0074a9b69353d19cd,2026-02-27T22:41:39.336453+00:00
LAB_DEFENSE_PERCENT,Defense %,44,8.8,percent_points,tables/cache/wiki/lab_defense.csv,f065e39b80938268d2d0ca63520d5930e8e3aadb6dd128c0074a9b69353d19cd,2026-02-27T22:41:39.336453+00:00
LAB_DEFENSE_PERCENT,Defense %,45,9.0,percent_points,tables/cache/wiki/lab_defense.csv,f065e39b80938268d2d0ca63520d5930e8e3aadb6dd128c0074a9b69353d19cd,2026-02-27T22:41:39.336453+00:00
LAB_DEFENSE_PERCENT,Defense %,46,9.2,percent_points,tables/cache/wiki/lab_defense.csv,f065e39b80938268d2d0ca63520d5930e8e3aadb6dd128c0074a9b69353d19cd,2026-02-27T22:41:39.336453+00:00
LAB_DEFENSE_PERCENT,Defense %,47,9.4,percent_points,tables/cache/wiki/lab_defense.csv,f065e39b80938268d2d0ca63520d5930e8e3aadb6dd128c0074a9b69353d19cd,2026-02-27T22:41:39.336453+00:00
LAB_DEFENSE_PERCENT,Defense %,48,9.6,percent_points,tables/cache/wiki/lab_defense.csv,f065e39b80938268d2d0ca63520d5930e8e3aadb6dd128c0074a9b69353d19cd,2026-02-27T22:41:39.336453+00:00
LAB_DEFENSE_PERCENT,Defense %,49,9.8,percent_points,tables/cache/wiki/lab_defense.csv,f065e39b80938268d2d0ca63520d5930e8e3aadb6dd128c0074a9b69353d19cd,2026-02-27T22:41:39.336453+00:00
LAB_DEFENSE_PERCENT,Defense %,50,10.0,percent_points,tables/cache/wiki/lab_defense.csv,f065e39b80938268d2d0ca63520d5930e8e3aadb6dd128c0074a9b69353d19cd,2026-02-27T22:41:39.336453+00:00
LAB_ENEMY_ATTACK_LEVEL_SKIP,Enemy Attack Level Skip,1,0.1,percent_points,tables/cache/wiki/lab_enemy_attack_level_skip.csv,6f07b2299022c8c970877e59c364f6caccec97ca232c1b34e1d6c96ff7e55d69,2026-02-27T22:39:57.541066+00:00
LAB_ENEMY_ATTACK_LEVEL_SKIP,Enemy Attack Level Skip,2,0.2,percent_points,tables/cache/wiki/lab_enemy_attack_level_skip.csv,6f07b2299022c8c970877e59c364f6caccec97ca232c1b34e1d6c96ff7e55d69,2026-02-27T22:39:57.541066+00:00
LAB_ENEMY_ATTACK_LEVEL_SKIP,Enemy Attack Level Skip,3,0.3,percent_points,tables/cache/wiki/lab_enemy_attack_level_skip.csv,6f07b2299022c8c970877e59c364f6caccec97ca232c1b34e1d6c96ff7e55d69,2026-02-27T22:39:57.541066+00:00
LAB_ENEMY_ATTACK_LEVEL_SKIP,Enemy Attack Level Skip,4,0.4,percent_points,tables/cache/wiki/lab_enemy_attack_level_skip.csv,6f07b2299022c8c970877e59c364f6caccec97ca232c1b34e1d6c96ff7e55d69,2026-02-27T22:39:57.541066+00:00
LAB_ENEMY_ATTACK_LEVEL_SKIP,Enemy Attack Level Skip,5,0.5,percent_points,tables/cache/wiki/lab_enemy_attack_level_skip.csv,6f07b2299022c8c970877e59c364f6caccec97ca232c1b34e1d6c96ff7e55d69,2026-02-27T22:39:57.541066+00:00
LAB_ENEMY_ATTACK_LEVEL_SKIP,Enemy Attack Level Skip,6,0.6,percent_points,tables/cache/wiki/lab_enemy_attack_level_skip.csv,6f07b2299022c8c970877e59c364f6caccec97ca232c1b34e1d6c96ff7e55d69,2026-02-27T22:39:57.541066+00:00
LAB_ENEMY_ATTACK_LEVEL_SKIP,Enemy Attack Level Skip,7,0.7,percent_points,tables/cache/wiki/lab_enemy_attack_level_skip.csv,6f07b2299022c8c970877e59c364f6caccec97ca232c1b34e1d6c96ff7e55d69,2026-02-27T22:39:57.541066+00:00
LAB_ENEMY_ATTACK_LEVEL_SKIP,Enemy Attack Level Skip,8,0.8,percent_points,tables/cache/wiki/lab_enemy_attack_level_skip.csv,6f07b2299022c8c970877e59c364f6caccec97ca232c1b34e1d6c96ff7e55d69,2026-02-27T22:39:57.541066+00:00
LAB_ENEMY_ATTACK_LEVEL_SKIP,Enemy Attack Level Skip,9,0.9,percent_points,tables/cache/wiki/lab_enemy_attack_level_skip.csv,6f07b2299022c8c970877e59c364f6caccec97ca232c1b34e1d6c96ff7e55d69,2026-02-27T22:39:57.541066+00:00
LAB_ENEMY_ATTACK_LEVEL_SKIP,Enemy Attack Level Skip,10,1.0,percent_points,tables/cache/wiki/lab_enemy_attack_level_skip.csv,6f07b2299022c8c970877e59c364f6caccec97ca232c1b34e1d6c96ff7e55d69,2026-02-27T22:39:57.541066+00:00
LAB_ENEMY_ATTACK_LEVEL_SKIP,Enemy Attack Level Skip,11,1.1,percent_points,tables/cache/wiki/lab_enemy_attack_level_skip.csv,6f07b2299022c8c970877e59c364f6caccec97ca232c1b34e1d6c96ff7e55d69,2026-02-27T22:39:57.541066+00:00
LAB_ENEMY_ATTACK_LEVEL_SKIP,Enemy Attack Level Skip,12,1.2,percent_points,tables/cache/wiki/lab_enemy_attack_level_skip.csv,6f07b2299022c8c970877e59c364f6caccec97ca232c1b34e1d6c96ff7e55d69,2026-02-27T22:39:57.541066+00:00
LAB_ENEMY_ATTACK_LEVEL_SKIP,Enemy Attack Level Skip,13,1.3,percent_points,tables/cache/wiki/lab_enemy_attack_level_skip.csv,6f07b2299022c8c970877e59c364f6caccec97ca232c1b34e1d6c96ff7e55d69,2026-02-27T22:39:57.541066+00:00
LAB_ENEMY_ATTACK_LEVEL_SKIP,Enemy Attack Level Skip,14,1.4,percent_points,tables/cache/wiki/lab_enemy_attack_level_skip.csv,6f07b2299022c8c970877e59c364f6caccec97ca232c1b34e1d6c96ff7e55d69,2026-02-27T22:39:57.541066+00:00
LAB_ENEMY_ATTACK_LEVEL_SKIP,Enemy Attack Level Skip,15,1.5,percent_points,tables/cache/wiki/lab_enemy_attack_level_skip.csv,6f07b2299022c8c970877e59c364f6caccec97ca232c1b34e1d6c96ff7e55d69,2026-02-27T22:39:57.541066+00:00
LAB_ENEMY_ATTACK_LEVEL_SKIP,Enemy Attack Level Skip,16,1.6,percent_points,tables/cache/wiki/lab_enemy_attack_level_skip.csv,6f07b2299022c8c970877e59c364f6caccec97ca232c1b34e1d6c96ff7e55d69,2026-02-27T22:39:57.541066+00:00
LAB_ENEMY_ATTACK_LEVEL_SKIP,Enemy Attack Level Skip,17,1.7,percent_points,tables/cache/wiki/lab_enemy_attack_level_skip.csv,6f07b2299022c8c970877e59c364f6caccec97ca232c1b34e1d6c96ff7e55d69,2026-02-27T22:39:57.541066+00:00
LAB_ENEMY_ATTACK_LEVEL_SKIP,Enemy Attack Level Skip,18,1.8,percent_points,tables/cache/wiki/lab_enemy_attack_level_skip.csv,6f07b2299022c8c970877e59c364f6caccec97ca232c1b34e1d6c96ff7e55d69,2026-02-27T22:39:57.541066+00:00
LAB_ENEMY_ATTACK_LEVEL_SKIP,Enemy Attack Level Skip,19,1.9,percent_points,tables/cache/wiki/lab_enemy_attack_level_skip.csv,6f07b2299022c8c970877e59c364f6caccec97ca232c1b34e1d6c96ff7e55d69,2026-02-27T22:39:57.541066+00:00
LAB_ENEMY_ATTACK_LEVEL_SKIP,Enemy Attack Level Skip,20,2.0,percent_points,tables/cache/wiki/lab_enemy_attack_level_skip.csv,6f07b2299022c8c970877e59c364f6caccec97ca232c1b34e1d6c96ff7e55d69,2026-02-27T22:39:57.541066+00:00
LAB_ENEMY_HEALTH_LEVEL_SKIP,Enemy Health Level Skip,1,0.1,percent_points,tables/cache/wiki/lab_enemy_health_level_skip.csv,6f07b2299022c8c970877e59c364f6caccec97ca232c1b34e1d6c96ff7e55d69,2026-02-27T22:39:57.541066+00:00
LAB_ENEMY_HEALTH_LEVEL_SKIP,Enemy Health Level Skip,2,0.2,percent_points,tables/cache/wiki/lab_enemy_health_level_skip.csv,6f07b2299022c8c970877e59c364f6caccec97ca232c1b34e1d6c96ff7e55d69,2026-02-27T22:39:57.541066+00:00
LAB_ENEMY_HEALTH_LEVEL_SKIP,Enemy Health Level Skip,3,0.3,percent_points,tables/cache/wiki/lab_enemy_health_level_skip.csv,6f07b2299022c8c970877e59c364f6caccec97ca232c1b34e1d6c96ff7e55d69,2026-02-27T22:39:57.541066+00:00
LAB_ENEMY_HEALTH_LEVEL_SKIP,Enemy Health Level Skip,4,0.4,percent_points,tables/cache/wiki/lab_enemy_health_level_skip.csv,6f07b2299022c8c970877e59c364f6caccec97ca232c1b34e1d6c96ff7e55d69,2026-02-27T22:39:57.541066+00:00
LAB_ENEMY_HEALTH_LEVEL_SKIP,Enemy Health Level Skip,5,0.5,percent_points,tables/cache/wiki/lab_enemy_health_level_skip.csv,6f07b2299022c8c970877e59c364f6caccec97ca232c1b34e1d6c96ff7e55d69,2026-02-27T22:39:57.541066+00:00
LAB_ENEMY_HEALTH_LEVEL_SKIP,Enemy Health Level Skip,6,0.6,percent_points,tables/cache/wiki/lab_enemy_health_level_skip.csv,6f07b2299022c8c970877e59c364f6caccec97ca232c1b34e1d6c96ff7e55d69,2026-02-27T22:39:57.541066+00:00
LAB_ENEMY_HEALTH_LEVEL_SKIP,Enemy Health Level Skip,7,0.7,percent_points,tables/cache/wiki/lab_enemy_health_level_skip.csv,6f07b2299022c8c970877e59c364f6caccec97ca232c1b34e1d6c96ff7e55d69,2026-02-27T22:39:57.541066+00:00
LAB_ENEMY_HEALTH_LEVEL_SKIP,Enemy Health Level Skip,8,0.8,percent_points,tables/cache/wiki/lab_enemy_health_level_skip.csv,6f07b2299022c8c970877e59c364f6caccec97ca232c1b34e1d6c96ff7e55d69,2026-02-27T22:39:57.541066+00:00
LAB_ENEMY_HEALTH_LEVEL_SKIP,Enemy Health Level Skip,9,0.9,percent_points,tables/cache/wiki/lab_enemy_health_level_skip.csv,6f07b2299022c8c970877e59c364f6caccec97ca232c1b34e1d6c96ff7e55d69,2026-02-27T22:39:57.541066+00:00
LAB_ENEMY_HEALTH_LEVEL_SKIP,Enemy Health Level Skip,10,1.0,percent_points,tables/cache/wiki/lab_enemy_health_level_skip.csv,6f07b2299022c8c970877e59c364f6caccec97ca232c1b34e1d6c96ff7e55d69,2026-02-27T22:39:57.541066+00:00
LAB_ENEMY_HEALTH_LEVEL_SKIP,Enemy Health Level Skip,11,1.1,percent_points,tables/cache/wiki/lab_enemy_health_level_skip.csv,6f07b2299022c8c970877e59c364f6caccec97ca232c1b34e1d6c96ff7e55d69,2026-02-27T22:39:57.541066+00:00
LAB_ENEMY_HEALTH_LEVEL_SKIP,Enemy Health Level Skip,12,1.2,percent_points,tables/cache/wiki/lab_enemy_health_level_skip.csv,6f07b2299022c8c970877e59c364f6caccec97ca232c1b34e1d6c96ff7e55d69,2026-02-27T22:39:57.541066+00:00
LAB_ENEMY_HEALTH_LEVEL_SKIP,Enemy Health Level Skip,13,1.3,percent_points,tables/cache/wiki/lab_enemy_health_level_skip.csv,6f07b2299022c8c970877e59c364f6caccec97ca232c1b34e1d6c96ff7e55d69,2026-02-27T22:39:57.541066+00:00
LAB_ENEMY_HEALTH_LEVEL_SKIP,Enemy Health Level Skip,14,1.4,percent_points,tables/cache/wiki/lab_enemy_health_level_skip.csv,6f07b2299022c8c970877e59c364f6caccec97ca232c1b34e1d6c96ff7e55d69,2026-02-27T22:39:57.541066+00:00
LAB_ENEMY_HEALTH_LEVEL_SKIP,Enemy Health Level Skip,15,1.5,percent_points,tables/cache/wiki/lab_enemy_health_level_skip.csv,6f07b2299022c8c970877e59c364f6caccec97ca232c1b34e1d6c96ff7e55d69,2026-02-27T22:39:57.541066+00:00
LAB_ENEMY_HEALTH_LEVEL_SKIP,Enemy Health Level Skip,16,1.6,percent_points,tables/cache/wiki/lab_enemy_health_level_skip.csv,6f07b2299022c8c970877e59c364f6caccec97ca232c1b34e1d6c96ff7e55d69,2026-02-27T22:39:57.541066+00:00
LAB_ENEMY_HEALTH_LEVEL_SKIP,Enemy Health Level Skip,17,1.7,percent_points,tables/cache/wiki/lab_enemy_health_level_skip.csv,6f07b2299022c8c970877e59c364f6caccec97ca232c1b34e1d6c96ff7e55d69,2026-02-27T22:39:57.541066+00:00
LAB_ENEMY_HEALTH_LEVEL_SKIP,Enemy Health Level Skip,18,1.8,percent_points,tables/cache/wiki/lab_enemy_health_level_skip.csv,6f07b2299022c8c970877e59c364f6caccec97ca232c1b34e1d6c96ff7e55d69,2026-02-27T22:39:57.541066+00:00
LAB_ENEMY_HEALTH_LEVEL_SKIP,Enemy Health Level Skip,19,1.9,percent_points,tables/cache/wiki/lab_enemy_health_level_skip.csv,6f07b2299022c8c970877e59c364f6caccec97ca232c1b34e1d6c96ff7e55d69,2026-02-27T22:39:57.541066+00:00
LAB_ENEMY_HEALTH_LEVEL_SKIP,Enemy Health Level Skip,20,2.0,percent_points,tables/cache/wiki/lab_enemy_health_level_skip.csv,6f07b2299022c8c970877e59c364f6caccec97ca232c1b34e1d6c96ff7e55d69,2026-02-27T22:39:57.541066+00:00
LAB_HEALTH,Health,1,1.03,raw_number,tables/cache/wiki/lab_health.csv,cc5075f4bc75d5e6e63963f1c7b45f8d527b0ec7372e1a4469d2bd8df6a95b31,2026-02-27T22:39:57.541066+00:00
LAB_HEALTH,Health,2,1.06,raw_number,tables/cache/wiki/lab_health.csv,cc5075f4bc75d5e6e63963f1c7b45f8d527b0ec7372e1a4469d2bd8df6a95b31,2026-02-27T22:39:57.541066+00:00
LAB_HEALTH,Health,3,1.09,raw_number,tables/cache/wiki/lab_health.csv,cc5075f4bc75d5e6e63963f1c7b45f8d527b0ec7372e1a4469d2bd8df6a95b31,2026-02-27T22:39:57.541066+00:00
LAB_HEALTH,Health,4,1.12,raw_number,tables/cache/wiki/lab_health.csv,cc5075f4bc75d5e6e63963f1c7b45f8d527b0ec7372e1a4469d2bd8df6a95b31,2026-02-27T22:39:57.541066+00:00
LAB_HEALTH,Health,5,1.15,raw_number,tables/cache/wiki/lab_health.csv,cc5075f4bc75d5e6e63963f1c7b45f8d527b0ec7372e1a4469d2bd8df6a95b31,2026-02-27T22:39:57.541066+00:00
LAB_HEALTH,Health,6,1.18,raw_number,tables/cache/wiki/lab_health.csv,cc5075f4bc75d5e6e63963f1c7b45f8d527b0ec7372e1a4469d2bd8df6a95b31,2026-02-27T22:39:57.541066+00:00
LAB_HEALTH,Health,7,1.21,raw_number,tables/cache/wiki/lab_health.csv,cc5075f4bc75d5e6e63963f1c7b45f8d527b0ec7372e1a4469d2bd8df6a95b31,2026-02-27T22:39:57.541066+00:00
LAB_HEALTH,Health,8,1.24,raw_number,tables/cache/wiki/lab_health.csv,cc5075f4bc75d5e6e63963f1c7b45f8d527b0ec7372e1a4469d2bd8df6a95b31,2026-02-27T22:39:57.541066+00:00
LAB_HEALTH,Health,9,1.27,raw_number,tables/cache/wiki/lab_health.csv,cc5075f4bc75d5e6e63963f1c7b45f8d527b0ec7372e1a4469d2bd8df6a95b31,2026-02-27T22:39:57.541066+00:00
LAB_HEALTH,Health,10,1.3,raw_number,tables/cache/wiki/lab_health.csv,cc5075f4bc75d5e6e63963f1c7b45f8d527b0ec7372e1a4469d2bd8df6a95b31,2026-02-27T22:39:57.541066+00:00
LAB_HEALTH,Health,11,1.33,raw_number,tables/cache/wiki/lab_health.csv,cc5075f4bc75d5e6e63963f1c7b45f8d527b0ec7372e1a4469d2bd8df6a95b31,2026-02-27T22:39:57.541066+00:00
LAB_HEALTH,Health,12,1.36,raw_number,tables/cache/wiki/lab_health.csv,cc5075f4bc75d5e6e63963f1c7b45f8d527b0ec7372e1a4469d2bd8df6a95b31,2026-02-27T22:39:57.541066+00:00
LAB_HEALTH,Health,13,1.39,raw_number,tables/cache/wiki/lab_health.csv,cc5075f4bc75d5e6e63963f1c7b45f8d527b0ec7372e1a4469d2bd8df6a95b31,2026-02-27T22:39:57.541066+00:00
LAB_HEALTH,Health,14,1.42,raw_number,tables/cache/wiki/lab_health.csv,cc5075f4bc75d5e6e63963f1c7b45f8d527b0ec7372e1a4469d2bd8df6a95b31,2026-02-27T22:39:57.541066+00:00
LAB_HEALTH,Health,15,1.45,raw_number,tables/cache/wiki/lab_health.csv,cc5075f4bc75d5e6e63963f1c7b45f8d527b0ec7372e1a4469d2bd8df6a95b31,2026-02-27T22:39:57.541066+00:00
LAB_HEALTH,Health,16,1.48,raw_number,tables/cache/wiki/lab_health.csv,cc5075f4bc75d5e6e63963f1c7b45f8d527b0ec7372e1a4469d2bd8df6a95b31,2026-02-27T22:39:57.541066+00:00
LAB_HEALTH,Health,17,1.51,raw_number,tables/cache/wiki/lab_health.csv,cc5075f4bc75d5e6e63963f1c7b45f8d527b0ec7372e1a4469d2bd8df6a95b31,2026-02-27T22:39:57.541066+00:00
LAB_HEALTH,Health,18,1.54,raw_number,tables/cache/wiki/lab_health.csv,cc5075f4bc75d5e6e63963f1c7b45f8d527b0ec7372e1a4469d2bd8df6a95b31,2026-02-27T22:39:57.541066+00:00
LAB_HEALTH,Health,19,1.57,raw_number,tables/cache/wiki/lab_health.csv,cc5075f4bc75d5e6e63963f1c7b45f8d527b0ec7372e1a4469d2bd8df6a95b31,2026-02-27T22:39:57.541066+00:00
LAB_HEALTH,Health,20,1.6,raw_number,tables/cache/wiki/lab_health.csv,cc5075f4bc75d5e6e63963f1c7b45f8d527b0ec7372e1a4469d2bd8df6a95b31,2026-02-27T22:39:57.541066+00:00
LAB_HEALTH,Health,21,1.63,raw_number,tables/cache/wiki/lab_health.csv,cc5075f4bc75d5e6e63963f1c7b45f8d527b0ec7372e1a4469d2bd8df6a95b31,2026-02-27T22:39:57.541066+00:00
LAB_HEALTH,Health,22,1.66,raw_number,tables/cache/wiki/lab_health.csv,cc5075f4bc75d5e6e63963f1c7b45f8d527b0ec7372e1a4469d2bd8df6a95b31,2026-02-27T22:39:57.541066+00:00
LAB_HEALTH,Health,23,1.69,raw_number,tables/cache/wiki/lab_health.csv,cc5075f4bc75d5e6e63963f1c7b45f8d527b0ec7372e1a4469d2bd8df6a95b31,2026-02-27T22:39:57.541066+00:00
LAB_HEALTH,Health,24,1.72,raw_number,tables/cache/wiki/lab_health.csv,cc5075f4bc75d5e6e63963f1c7b45f8d527b0ec7372e1a4469d2bd8df6a95b31,2026-02-27T22:39:57.541066+00:00
LAB_HEALTH,Health,25,1.75,raw_number,tables/cache/wiki/lab_health.csv,cc5075f4bc75d5e6e63963f1c7b45f8d527b0ec7372e1a4469d2bd8df6a95b31,2026-02-27T22:39:57.541066+00:00
LAB_HEALTH,Health,26,1.78,raw_number,tables/cache/wiki/lab_health.csv,cc5075f4bc75d5e6e63963f1c7b45f8d527b0ec7372e1a4469d2bd8df6a95b31,2026-02-27T22:39:57.541066+00:00
LAB_HEALTH,Health,27,1.81,raw_number,tables/cache/wiki/lab_health.csv,cc5075f4bc75d5e6e63963f1c7b45f8d527b0ec7372e1a4469d2bd8df6a95b31,2026-02-27T22:39:57.541066+00:00
LAB_HEALTH,Health,28,1.84,raw_number,tables/cache/wiki/lab_health.csv,cc5075f4bc75d5e6e63963f1c7b45f8d527b0ec7372e1a4469d2bd8df6a95b31,2026-02-27T22:39:57.541066+00:00
LAB_HEALTH,Health,29,1.87,raw_number,tables/cache/wiki/lab_health.csv,cc5075f4bc75d5e6e63963f1c7b45f8d527b0ec7372e1a4469d2bd8df6a95b31,2026-02-27T22:39:57.541066+00:00
LAB_HEALTH,Health,30,1.9,raw_number,tables/cache/wiki/lab_health.csv,cc5075f4bc75d5e6e63963f1c7b45f8d527b0ec7372e1a4469d2bd8df6a95b31,2026-02-27T22:39:57.541066+00:00
LAB_HEALTH,Health,31,1.93,raw_number,tables/cache/wiki/lab_health.csv,cc5075f4bc75d5e6e63963f1c7b45f8d527b0ec7372e1a4469d2bd8df6a95b31,2026-02-27T22:39:57.541066+00:00
LAB_HEALTH,Health,32,1.96,raw_number,tables/cache/wiki/lab_health.csv,cc5075f4bc75d5e6e63963f1c7b45f8d527b0ec7372e1a4469d2bd8df6a95b31,2026-02-27T22:39:57.541066+00:00
LAB_HEALTH,Health,33,1.99,raw_number,tables/cache/wiki/lab_health.csv,cc5075f4bc75d5e6e63963f1c7b45f8d527b0ec7372e1a4469d2bd8df6a95b31,2026-02-27T22:39:57.541066+00:00
LAB_HEALTH,Health,34,2.02,raw_number,tables/cache/wiki/lab_health.csv,cc5075f4bc75d5e6e63963f1c7b45f8d527b0ec7372e1a4469d2bd8df6a95b31,2026-02-27T22:39:57.541066+00:00
LAB_HEALTH,Health,35,2.05,raw_number,tables/cache/wiki/lab_health.csv,cc5075f4bc75d5e6e63963f1c7b45f8d527b0ec7372e1a4469d2bd8df6a95b31,2026-02-27T22:39:57.541066+00:00
LAB_HEALTH,Health,36,2.08,raw_number,tables/cache/wiki/lab_health.csv,cc5075f4bc75d5e6e63963f1c7b45f8d527b0ec7372e1a4469d2bd8df6a95b31,2026-02-27T22:39:57.541066+00:00
LAB_HEALTH,Health,37,2.11,raw_number,tables/cache/wiki/lab_health.csv,cc5075f4bc75d5e6e63963f1c7b45f8d527b0ec7372e1a4469d2bd8df6a95b31,2026-02-27T22:39:57.541066+00:00
LAB_HEALTH,Health,38,2.14,raw_number,tables/cache/wiki/lab_health.csv,cc5075f4bc75d5e6e63963f1c7b45f8d527b0ec7372e1a4469d2bd8df6a95b31,2026-02-27T22:39:57.541066+00:00
LAB_HEALTH,Health,39,2.17,raw_number,tables/cache/wiki/lab_health.csv,cc5075f4bc75d5e6e63963f1c7b45f8d527b0ec7372e1a4469d2bd8df6a95b31,2026-02-27T22:39:57.541066+00:00
LAB_HEALTH,Health,40,2.2,raw_number,tables/cache/wiki/lab_health.csv,cc5075f4bc75d5e6e63963f1c7b45f8d527b0ec7372e1a4469d2bd8df6a95b31,2026-02-27T22:39:57.541066+00:00
LAB_HEALTH,Health,41,2.23,raw_number,tables/cache/wiki/lab_health.csv,cc5075f4bc75d5e6e63963f1c7b45f8d527b0ec7372e1a4469d2bd8df6a95b31,2026-02-27T22:39:57.541066+00:00
LAB_HEALTH,Health,42,2.26,raw_number,tables/cache/wiki/lab_health.csv,cc5075f4bc75d5e6e63963f1c7b45f8d527b0ec7372e1a4469d2bd8df6a95b31,2026-02-27T22:39:57.541066+00:00
LAB_HEALTH,Health,43,2.29,raw_number,tables/cache/wiki/lab_health.csv,cc5075f4bc75d5e6e63963f1c7b45f8d527b0ec7372e1a4469d2bd8df6a95b31,2026-02-27T22:39:57.541066+00:00
LAB_HEALTH,Health,44,2.32,raw_number,tables/cache/wiki/lab_health.csv,cc5075f4bc75d5e6e63963f1c7b45f8d527b0ec7372e1a4469d2bd8df6a95b31,2026-02-27T22:39:57.541066+00:00
LAB_HEALTH,Health,45,2.35,raw_number,tables/cache/wiki/lab_health.csv,cc5075f4bc75d5e6e63963f1c7b45f8d527b0ec7372e1a4469d2bd8df6a95b31,2026-02-27T22:39:57.541066+00:00
LAB_HEALTH,Health,46,2.38,raw_number,tables/cache/wiki/lab_health.csv,cc5075f4bc75d5e6e63963f1c7b45f8d527b0ec7372e1a4469d2bd8df6a95b31,2026-02-27T22:39:57.541066+00:00
LAB_HEALTH,Health,47,2.41,raw_number,tables/cache/wiki/lab_health.csv,cc5075f4bc75d5e6e63963f1c7b45f8d527b0ec7372e1a4469d2bd8df6a95b31,2026-02-27T22:39:57.541066+00:00
LAB_HEALTH,Health,48,2.44,raw_number,tables/cache/wiki/lab_health.csv,cc5075f4bc75d5e6e63963f1c7b45f8d527b0ec7372e1a4469d2bd8df6a95b31,2026-02-27T22:39:57.541066+00:00
LAB_HEALTH,Health,49,2.47,raw_number,tables/cache/wiki/lab_health.csv,cc5075f4bc75d5e6e63963f1c7b45f8d527b0ec7372e1a4469d2bd8df6a95b31,2026-02-27T22:39:57.541066+00:00
LAB_HEALTH,Health,50,2.5,raw_number,tables/cache/wiki/lab_health.csv,cc5075f4bc75d5e6e63963f1c7b45f8d527b0ec7372e1a4469d2bd8df6a95b31,2026-02-27T22:39:57.541066+00:00
LAB_HEALTH,Health,51,2.53,raw_number,tables/cache/wiki/lab_health.csv,cc5075f4bc75d5e6e63963f1c7b45f8d527b0ec7372e1a4469d2bd8df6a95b31,2026-02-27T22:39:57.541066+00:00
LAB_HEALTH,Health,52,2.56,raw_number,tables/cache/wiki/lab_health.csv,cc5075f4bc75d5e6e63963f1c7b45f8d527b0ec7372e1a4469d2bd8df6a95b31,2026-02-27T22:39:57.541066+00:00
LAB_HEALTH,Health,53,2.59,raw_number,tables/cache/wiki/lab_health.csv,cc5075f4bc75d5e6e63963f1c7b45f8d527b0ec7372e1a4469d2bd8df6a95b31,2026-02-27T22:39:57.541066+00:00
LAB_HEALTH,Health,54,2.62,raw_number,tables/cache/wiki/lab_health.csv,cc5075f4bc75d5e6e63963f1c7b45f8d527b0ec7372e1a4469d2bd8df6a95b31,2026-02-27T22:39:57.541066+00:00
LAB_HEALTH,Health,55,2.65,raw_number,tables/cache/wiki/lab_health.csv,cc5075f4bc75d5e6e63963f1c7b45f8d527b0ec7372e1a4469d2bd8df6a95b31,2026-02-27T22:39:57.541066+00:00
LAB_HEALTH,Health,56,2.68,raw_number,tables/cache/wiki/lab_health.csv,cc5075f4bc75d5e6e63963f1c7b45f8d527b0ec7372e1a4469d2bd8df6a95b31,2026-02-27T22:39:57.541066+00:00
LAB_HEALTH,Health,57,2.71,raw_number,tables/cache/wiki/lab_health.csv,cc5075f4bc75d5e6e63963f1c7b45f8d527b0ec7372e1a4469d2bd8df6a95b31,2026-02-27T22:39:57.541066+00:00
LAB_HEALTH,Health,58,2.74,raw_number,tables/cache/wiki/lab_health.csv,cc5075f4bc75d5e6e63963f1c7b45f8d527b0ec7372e1a4469d2bd8df6a95b31,2026-02-27T22:39:57.541066+00:00
LAB_HEALTH,Health,59,2.77,raw_number,tables/cache/wiki/lab_health.csv,cc5075f4bc75d5e6e63963f1c7b45f8d527b0ec7372e1a4469d2bd8df6a95b31,2026-02-27T22:39:57.541066+00:00
LAB_HEALTH,Health,60,2.8,raw_number,tables/cache/wiki/lab_health.csv,cc5075f4bc75d5e6e63963f1c7b45f8d527b0ec7372e1a4469d2bd8df6a95b31,2026-02-27T22:39:57.541066+00:00
LAB_HEALTH,Health,61,2.83,raw_number,tables/cache/wiki/lab_health.csv,cc5075f4bc75d5e6e63963f1c7b45f8d527b0ec7372e1a4469d2bd8df6a95b31,2026-02-27T22:39:57.541066+00:00
LAB_HEALTH,Health,62,2.86,raw_number,tables/cache/wiki/lab_health.csv,cc5075f4bc75d5e6e63963f1c7b45f8d527b0ec7372e1a4469d2bd8df6a95b31,2026-02-27T22:39:57.541066+00:00
LAB_HEALTH,Health,63,2.89,raw_number,tables/cache/wiki/lab_health.csv,cc5075f4bc75d5e6e63963f1c7b45f8d527b0ec7372e1a4469d2bd8df6a95b31,2026-02-27T22:39:57.541066+00:00
LAB_HEALTH,Health,64,2.92,raw_number,tables/cache/wiki/lab_health.csv,cc5075f4bc75d5e6e63963f1c7b45f8d527b0ec7372e1a4469d2bd8df6a95b31,2026-02-27T22:39:57.541066+00:00
LAB_HEALTH,Health,65,2.95,raw_number,tables/cache/wiki/lab_health.csv,cc5075f4bc75d5e6e63963f1c7b45f8d527b0ec7372e1a4469d2bd8df6a95b31,2026-02-27T22:39:57.541066+00:00
LAB_HEALTH,Health,66,2.98,raw_number,tables/cache/wiki/lab_health.csv,cc5075f4bc75d5e6e63963f1c7b45f8d527b0ec7372e1a4469d2bd8df6a95b31,2026-02-27T22:39:57.541066+00:00
LAB_HEALTH,Health,67,3.01,raw_number,tables/cache/wiki/lab_health.csv,cc5075f4bc75d5e6e63963f1c7b45f8d527b0ec7372e1a4469d2bd8df6a95b31,2026-02-27T22:39:57.541066+00:00
LAB_HEALTH,Health,68,3.04,raw_number,tables/cache/wiki/lab_health.csv,cc5075f4bc75d5e6e63963f1c7b45f8d527b0ec7372e1a4469d2bd8df6a95b31,2026-02-27T22:39:57.541066+00:00
LAB_HEALTH,Health,69,3.07,raw_number,tables/cache/wiki/lab_health.csv,cc5075f4bc75d5e6e63963f1c7b45f8d527b0ec7372e1a4469d2bd8df6a95b31,2026-02-27T22:39:57.541066+00:00
LAB_HEALTH,Health,70,3.1,raw_number,tables/cache/wiki/lab_health.csv,cc5075f4bc75d5e6e63963f1c7b45f8d527b0ec7372e1a4469d2bd8df6a95b31,2026-02-27T22:39:57.541066+00:00
LAB_HEALTH,Health,71,3.13,raw_number,tables/cache/wiki/lab_health.csv,cc5075f4bc75d5e6e63963f1c7b45f8d527b0ec7372e1a4469d2bd8df6a95b31,2026-02-27T22:39:57.541066+00:00
LAB_HEALTH,Health,72,3.16,raw_number,tables/cache/wiki/lab_health.csv,cc5075f4bc75d5e6e63963f1c7b45f8d527b0ec7372e1a4469d2bd8df6a95b31,2026-02-27T22:39:57.541066+00:00
LAB_HEALTH,Health,73,3.19,raw_number,tables/cache/wiki/lab_health.csv,cc5075f4bc75d5e6e63963f1c7b45f8d527b0ec7372e1a4469d2bd8df6a95b31,2026-02-27T22:39:57.541066+00:00
LAB_HEALTH,Health,74,3.22,raw_number,tables/cache/wiki/lab_health.csv,cc5075f4bc75d5e6e63963f1c7b45f8d527b0ec7372e1a4469d2bd8df6a95b31,2026-02-27T22:39:57.541066+00:00
LAB_HEALTH,Health,75,3.25,raw_number,tables/cache/wiki/lab_health.csv,cc5075f4bc75d5e6e63963f1c7b45f8d527b0ec7372e1a4469d2bd8df6a95b31,2026-02-27T22:39:57.541066+00:00
LAB_HEALTH,Health,76,3.28,raw_number,tables/cache/wiki/lab_health.csv,cc5075f4bc75d5e6e63963f1c7b45f8d527b0ec7372e1a4469d2bd8df6a95b31,2026-02-27T22:39:57.541066+00:00
LAB_HEALTH,Health,77,3.31,raw_number,tables/cache/wiki/lab_health.csv,cc5075f4bc75d5e6e63963f1c7b45f8d527b0ec7372e1a4469d2bd8df6a95b31,2026-02-27T22:39:57.541066+00:00
LAB_HEALTH,Health,78,3.34,raw_number,tables/cache/wiki/lab_health.csv,cc5075f4bc75d5e6e63963f1c7b45f8d527b0ec7372e1a4469d2bd8df6a95b31,2026-02-27T22:39:57.541066+00:00
LAB_HEALTH,Health,79,3.37,raw_number,tables/cache/wiki/lab_health.csv,cc5075f4bc75d5e6e63963f1c7b45f8d527b0ec7372e1a4469d2bd8df6a95b31,2026-02-27T22:39:57.541066+00:00
LAB_HEALTH,Health,80,3.4,raw_number,tables/cache/wiki/lab_health.csv,cc5075f4bc75d5e6e63963f1c7b45f8d527b0ec7372e1a4469d2bd8df6a95b31,2026-02-27T22:39:57.541066+00:00
LAB_HEALTH,Health,81,3.43,raw_number,tables/cache/wiki/lab_health.csv,cc5075f4bc75d5e6e63963f1c7b45f8d527b0ec7372e1a4469d2bd8df6a95b31,2026-02-27T22:39:57.541066+00:00
LAB_HEALTH,Health,82,3.46,raw_number,tables/cache/wiki/lab_health.csv,cc5075f4bc75d5e6e63963f1c7b45f8d527b0ec7372e1a4469d2bd8df6a95b31,2026-02-27T22:39:57.541066+00:00
LAB_HEALTH,Health,83,3.49,raw_number,tables/cache/wiki/lab_health.csv,cc5075f4bc75d5e6e63963f1c7b45f8d527b0ec7372e1a4469d2bd8df6a95b31,2026-02-27T22:39:57.541066+00:00
LAB_HEALTH,Health,84,3.52,raw_number,tables/cache/wiki/lab_health.csv,cc5075f4bc75d5e6e63963f1c7b45f8d527b0ec7372e1a4469d2bd8df6a95b31,2026-02-27T22:39:57.541066+00:00
LAB_HEALTH,Health,85,3.55,raw_number,tables/cache/wiki/lab_health.csv,cc5075f4bc75d5e6e63963f1c7b45f8d527b0ec7372e1a4469d2bd8df6a95b31,2026-02-27T22:39:57.541066+00:00
LAB_HEALTH,Health,86,3.58,raw_number,tables/cache/wiki/lab_health.csv,cc5075f4bc75d5e6e63963f1c7b45f8d527b0ec7372e1a4469d2bd8df6a95b31,2026-02-27T22:39:57.541066+00:00
LAB_HEALTH,Health,87,3.61,raw_number,tables/cache/wiki/lab_health.csv,cc5075f4bc75d5e6e63963f1c7b45f8d527b0ec7372e1a4469d2bd8df6a95b31,2026-02-27T22:39:57.541066+00:00
LAB_HEALTH,Health,88,3.64,raw_number,tables/cache/wiki/lab_health.csv,cc5075f4bc75d5e6e63963f1c7b45f8d527b0ec7372e1a4469d2bd8df6a95b31,2026-02-27T22:39:57.541066+00:00
LAB_HEALTH,Health,89,3.67,raw_number,tables/cache/wiki/lab_health.csv,cc5075f4bc75d5e6e63963f1c7b45f8d527b0ec7372e1a4469d2bd8df6a95b31,2026-02-27T22:39:57.541066+00:00
LAB_HEALTH,Health,90,3.7,raw_number,tables/cache/wiki/lab_health.csv,cc5075f4bc75d5e6e63963f1c7b45f8d527b0ec7372e1a4469d2bd8df6a95b31,2026-02-27T22:39:57.541066+00:00
LAB_HEALTH,Health,91,3.73,raw_number,tables/cache/wiki/lab_health.csv,cc5075f4bc75d5e6e63963f1c7b45f8d527b0ec7372e1a4469d2bd8df6a95b31,2026-02-27T22:39:57.541066+00:00
LAB_HEALTH,Health,92,3.76,raw_number,tables/cache/wiki/lab_health.csv,cc5075f4bc75d5e6e63963f1c7b45f8d527b0ec7372e1a4469d2bd8df6a95b31,2026-02-27T22:39:57.541066+00:00
LAB_HEALTH,Health,93,3.79,raw_number,tables/cache/wiki/lab_health.csv,cc5075f4bc75d5e6e63963f1c7b45f8d527b0ec7372e1a4469d2bd8df6a95b31,2026-02-27T22:39:57.541066+00:00
LAB_HEALTH,Health,94,3.82,raw_number,tables/cache/wiki/lab_health.csv,cc5075f4bc75d5e6e63963f1c7b45f8d527b0ec7372e1a4469d2bd8df6a95b31,2026-02-27T22:39:57.541066+00:00
LAB_HEALTH,Health,95,3.85,raw_number,tables/cache/wiki/lab_health.csv,cc5075f4bc75d5e6e63963f1c7b45f8d527b0ec7372e1a4469d2bd8df6a95b31,2026-02-27T22:39:57.541066+00:00
LAB_HEALTH,Health,96,3.88,raw_number,tables/cache/wiki/lab_health.csv,cc5075f4bc75d5e6e63963f1c7b45f8d527b0ec7372e1a4469d2bd8df6a95b31,2026-02-27T22:39:57.541066+00:00
LAB_HEALTH,Health,97,3.91,raw_number,tables/cache/wiki/lab_health.csv,cc5075f4bc75d5e6e63963f1c7b45f8d527b0ec7372e1a4469d2bd8df6a95b31,2026-02-27T22:39:57.541066+00:00
LAB_HEALTH,Health,98,3.94,raw_number,tables/cache/wiki/lab_health.csv,cc5075f4bc75d5e6e63963f1c7b45f8d527b0ec7372e1a4469d2bd8df6a95b31,2026-02-27T22:39:57.541066+00:00
LAB_HEALTH,Health,99,3.97,raw_number,tables/cache/wiki/lab_health.csv,cc5075f4bc75d5e6e63963f1c7b45f8d527b0ec7372e1a4469d2bd8df6a95b31,2026-02-27T22:39:57.541066+00:00
LAB_HEALTH,Health,100,4.0,raw_number,tables/cache/wiki/lab_health.csv,cc5075f4bc75d5e6e63963f1c7b45f8d527b0ec7372e1a4469d2bd8df6a95b31,2026-02-27T22:39:57.541066+00:00
LAB_HEALTH_REGEN,Health Regen,1,1.03,raw_number,tables/cache/wiki/lab_health_regen.csv,cc5075f4bc75d5e6e63963f1c7b45f8d527b0ec7372e1a4469d2bd8df6a95b31,2026-02-27T22:39:57.541066+00:00
LAB_HEALTH_REGEN,Health Regen,2,1.06,raw_number,tables/cache/wiki/lab_health_regen.csv,cc5075f4bc75d5e6e63963f1c7b45f8d527b0ec7372e1a4469d2bd8df6a95b31,2026-02-27T22:39:57.541066+00:00
LAB_HEALTH_REGEN,Health Regen,3,1.09,raw_number,tables/cache/wiki/lab_health_regen.csv,cc5075f4bc75d5e6e63963f1c7b45f8d527b0ec7372e1a4469d2bd8df6a95b31,2026-02-27T22:39:57.541066+00:00
LAB_HEALTH_REGEN,Health Regen,4,1.12,raw_number,tables/cache/wiki/lab_health_regen.csv,cc5075f4bc75d5e6e63963f1c7b45f8d527b0ec7372e1a4469d2bd8df6a95b31,2026-02-27T22:39:57.541066+00:00
LAB_HEALTH_REGEN,Health Regen,5,1.15,raw_number,tables/cache/wiki/lab_health_regen.csv,cc5075f4bc75d5e6e63963f1c7b45f8d527b0ec7372e1a4469d2bd8df6a95b31,2026-02-27T22:39:57.541066+00:00
LAB_HEALTH_REGEN,Health Regen,6,1.18,raw_number,tables/cache/wiki/lab_health_regen.csv,cc5075f4bc75d5e6e63963f1c7b45f8d527b0ec7372e1a4469d2bd8df6a95b31,2026-02-27T22:39:57.541066+00:00
LAB_HEALTH_REGEN,Health Regen,7,1.21,raw_number,tables/cache/wiki/lab_health_regen.csv,cc5075f4bc75d5e6e63963f1c7b45f8d527b0ec7372e1a4469d2bd8df6a95b31,2026-02-27T22:39:57.541066+00:00
LAB_HEALTH_REGEN,Health Regen,8,1.24,raw_number,tables/cache/wiki/lab_health_regen.csv,cc5075f4bc75d5e6e63963f1c7b45f8d527b0ec7372e1a4469d2bd8df6a95b31,2026-02-27T22:39:57.541066+00:00
LAB_HEALTH_REGEN,Health Regen,9,1.27,raw_number,tables/cache/wiki/lab_health_regen.csv,cc5075f4bc75d5e6e63963f1c7b45f8d527b0ec7372e1a4469d2bd8df6a95b31,2026-02-27T22:39:57.541066+00:00
LAB_HEALTH_REGEN,Health Regen,10,1.3,raw_number,tables/cache/wiki/lab_health_regen.csv,cc5075f4bc75d5e6e63963f1c7b45f8d527b0ec7372e1a4469d2bd8df6a95b31,2026-02-27T22:39:57.541066+00:00
LAB_HEALTH_REGEN,Health Regen,11,1.33,raw_number,tables/cache/wiki/lab_health_regen.csv,cc5075f4bc75d5e6e63963f1c7b45f8d527b0ec7372e1a4469d2bd8df6a95b31,2026-02-27T22:39:57.541066+00:00
LAB_HEALTH_REGEN,Health Regen,12,1.36,raw_number,tables/cache/wiki/lab_health_regen.csv,cc5075f4bc75d5e6e63963f1c7b45f8d527b0ec7372e1a4469d2bd8df6a95b31,2026-02-27T22:39:57.541066+00:00
LAB_HEALTH_REGEN,Health Regen,13,1.39,raw_number,tables/cache/wiki/lab_health_regen.csv,cc5075f4bc75d5e6e63963f1c7b45f8d527b0ec7372e1a4469d2bd8df6a95b31,2026-02-27T22:39:57.541066+00:00
LAB_HEALTH_REGEN,Health Regen,14,1.42,raw_number,tables/cache/wiki/lab_health_regen.csv,cc5075f4bc75d5e6e63963f1c7b45f8d527b0ec7372e1a4469d2bd8df6a95b31,2026-02-27T22:39:57.541066+00:00
LAB_HEALTH_REGEN,Health Regen,15,1.45,raw_number,tables/cache/wiki/lab_health_regen.csv,cc5075f4bc75d5e6e63963f1c7b45f8d527b0ec7372e1a4469d2bd8df6a95b31,2026-02-27T22:39:57.541066+00:00
LAB_HEALTH_REGEN,Health Regen,16,1.48,raw_number,tables/cache/wiki/lab_health_regen.csv,cc5075f4bc75d5e6e63963f1c7b45f8d527b0ec7372e1a4469d2bd8df6a95b31,2026-02-27T22:39:57.541066+00:00
LAB_HEALTH_REGEN,Health Regen,17,1.51,raw_number,tables/cache/wiki/lab_health_regen.csv,cc5075f4bc75d5e6e63963f1c7b45f8d527b0ec7372e1a4469d2bd8df6a95b31,2026-02-27T22:39:57.541066+00:00
LAB_HEALTH_REGEN,Health Regen,18,1.54,raw_number,tables/cache/wiki/lab_health_regen.csv,cc5075f4bc75d5e6e63963f1c7b45f8d527b0ec7372e1a4469d2bd8df6a95b31,2026-02-27T22:39:57.541066+00:00
LAB_HEALTH_REGEN,Health Regen,19,1.57,raw_number,tables/cache/wiki/lab_health_regen.csv,cc5075f4bc75d5e6e63963f1c7b45f8d527b0ec7372e1a4469d2bd8df6a95b31,2026-02-27T22:39:57.541066+00:00
LAB_HEALTH_REGEN,Health Regen,20,1.6,raw_number,tables/cache/wiki/lab_health_regen.csv,cc5075f4bc75d5e6e63963f1c7b45f8d527b0ec7372e1a4469d2bd8df6a95b31,2026-02-27T22:39:57.541066+00:00
LAB_HEALTH_REGEN,Health Regen,21,1.63,raw_number,tables/cache/wiki/lab_health_regen.csv,cc5075f4bc75d5e6e63963f1c7b45f8d527b0ec7372e1a4469d2bd8df6a95b31,2026-02-27T22:39:57.541066+00:00
LAB_HEALTH_REGEN,Health Regen,22,1.66,raw_number,tables/cache/wiki/lab_health_regen.csv,cc5075f4bc75d5e6e63963f1c7b45f8d527b0ec7372e1a4469d2bd8df6a95b31,2026-02-27T22:39:57.541066+00:00
LAB_HEALTH_REGEN,Health Regen,23,1.69,raw_number,tables/cache/wiki/lab_health_regen.csv,cc5075f4bc75d5e6e63963f1c7b45f8d527b0ec7372e1a4469d2bd8df6a95b31,2026-02-27T22:39:57.541066+00:00
LAB_HEALTH_REGEN,Health Regen,24,1.72,raw_number,tables/cache/wiki/lab_health_regen.csv,cc5075f4bc75d5e6e63963f1c7b45f8d527b0ec7372e1a4469d2bd8df6a95b31,2026-02-27T22:39:57.541066+00:00
LAB_HEALTH_REGEN,Health Regen,25,1.75,raw_number,tables/cache/wiki/lab_health_regen.csv,cc5075f4bc75d5e6e63963f1c7b45f8d527b0ec7372e1a4469d2bd8df6a95b31,2026-02-27T22:39:57.541066+00:00
LAB_HEALTH_REGEN,Health Regen,26,1.78,raw_number,tables/cache/wiki/lab_health_regen.csv,cc5075f4bc75d5e6e63963f1c7b45f8d527b0ec7372e1a4469d2bd8df6a95b31,2026-02-27T22:39:57.541066+00:00
LAB_HEALTH_REGEN,Health Regen,27,1.81,raw_number,tables/cache/wiki/lab_health_regen.csv,cc5075f4bc75d5e6e63963f1c7b45f8d527b0ec7372e1a4469d2bd8df6a95b31,2026-02-27T22:39:57.541066+00:00
LAB_HEALTH_REGEN,Health Regen,28,1.84,raw_number,tables/cache/wiki/lab_health_regen.csv,cc5075f4bc75d5e6e63963f1c7b45f8d527b0ec7372e1a4469d2bd8df6a95b31,2026-02-27T22:39:57.541066+00:00
LAB_HEALTH_REGEN,Health Regen,29,1.87,raw_number,tables/cache/wiki/lab_health_regen.csv,cc5075f4bc75d5e6e63963f1c7b45f8d527b0ec7372e1a4469d2bd8df6a95b31,2026-02-27T22:39:57.541066+00:00
LAB_HEALTH_REGEN,Health Regen,30,1.9,raw_number,tables/cache/wiki/lab_health_regen.csv,cc5075f4bc75d5e6e63963f1c7b45f8d527b0ec7372e1a4469d2bd8df6a95b31,2026-02-27T22:39:57.541066+00:00
LAB_HEALTH_REGEN,Health Regen,31,1.93,raw_number,tables/cache/wiki/lab_health_regen.csv,cc5075f4bc75d5e6e63963f1c7b45f8d527b0ec7372e1a4469d2bd8df6a95b31,2026-02-27T22:39:57.541066+00:00
LAB_HEALTH_REGEN,Health Regen,32,1.96,raw_number,tables/cache/wiki/lab_health_regen.csv,cc5075f4bc75d5e6e63963f1c7b45f8d527b0ec7372e1a4469d2bd8df6a95b31,2026-02-27T22:39:57.541066+00:00
LAB_HEALTH_REGEN,Health Regen,33,1.99,raw_number,tables/cache/wiki/lab_health_regen.csv,cc5075f4bc75d5e6e63963f1c7b45f8d527b0ec7372e1a4469d2bd8df6a95b31,2026-02-27T22:39:57.541066+00:00
LAB_HEALTH_REGEN,Health Regen,34,2.02,raw_number,tables/cache/wiki/lab_health_regen.csv,cc5075f4bc75d5e6e63963f1c7b45f8d527b0ec7372e1a4469d2bd8df6a95b31,2026-02-27T22:39:57.541066+00:00
LAB_HEALTH_REGEN,Health Regen,35,2.05,raw_number,tables/cache/wiki/lab_health_regen.csv,cc5075f4bc75d5e6e63963f1c7b45f8d527b0ec7372e1a4469d2bd8df6a95b31,2026-02-27T22:39:57.541066+00:00
LAB_HEALTH_REGEN,Health Regen,36,2.08,raw_number,tables/cache/wiki/lab_health_regen.csv,cc5075f4bc75d5e6e63963f1c7b45f8d527b0ec7372e1a4469d2bd8df6a95b31,2026-02-27T22:39:57.541066+00:00
LAB_HEALTH_REGEN,Health Regen,37,2.11,raw_number,tables/cache/wiki/lab_health_regen.csv,cc5075f4bc75d5e6e63963f1c7b45f8d527b0ec7372e1a4469d2bd8df6a95b31,2026-02-27T22:39:57.541066+00:00
LAB_HEALTH_REGEN,Health Regen,38,2.14,raw_number,tables/cache/wiki/lab_health_regen.csv,cc5075f4bc75d5e6e63963f1c7b45f8d527b0ec7372e1a4469d2bd8df6a95b31,2026-02-27T22:39:57.541066+00:00
LAB_HEALTH_REGEN,Health Regen,39,2.17,raw_number,tables/cache/wiki/lab_health_regen.csv,cc5075f4bc75d5e6e63963f1c7b45f8d527b0ec7372e1a4469d2bd8df6a95b31,2026-02-27T22:39:57.541066+00:00
LAB_HEALTH_REGEN,Health Regen,40,2.2,raw_number,tables/cache/wiki/lab_health_regen.csv,cc5075f4bc75d5e6e63963f1c7b45f8d527b0ec7372e1a4469d2bd8df6a95b31,2026-02-27T22:39:57.541066+00:00
LAB_HEALTH_REGEN,Health Regen,41,2.23,raw_number,tables/cache/wiki/lab_health_regen.csv,cc5075f4bc75d5e6e63963f1c7b45f8d527b0ec7372e1a4469d2bd8df6a95b31,2026-02-27T22:39:57.541066+00:00
LAB_HEALTH_REGEN,Health Regen,42,2.26,raw_number,tables/cache/wiki/lab_health_regen.csv,cc5075f4bc75d5e6e63963f1c7b45f8d527b0ec7372e1a4469d2bd8df6a95b31,2026-02-27T22:39:57.541066+00:00
LAB_HEALTH_REGEN,Health Regen,43,2.29,raw_number,tables/cache/wiki/lab_health_regen.csv,cc5075f4bc75d5e6e63963f1c7b45f8d527b0ec7372e1a4469d2bd8df6a95b31,2026-02-27T22:39:57.541066+00:00
LAB_HEALTH_REGEN,Health Regen,44,2.32,raw_number,tables/cache/wiki/lab_health_regen.csv,cc5075f4bc75d5e6e63963f1c7b45f8d527b0ec7372e1a4469d2bd8df6a95b31,2026-02-27T22:39:57.541066+00:00
LAB_HEALTH_REGEN,Health Regen,45,2.35,raw_number,tables/cache/wiki/lab_health_regen.csv,cc5075f4bc75d5e6e63963f1c7b45f8d527b0ec7372e1a4469d2bd8df6a95b31,2026-02-27T22:39:57.541066+00:00
LAB_HEALTH_REGEN,Health Regen,46,2.38,raw_number,tables/cache/wiki/lab_health_regen.csv,cc5075f4bc75d5e6e63963f1c7b45f8d527b0ec7372e1a4469d2bd8df6a95b31,2026-02-27T22:39:57.541066+00:00
LAB_HEALTH_REGEN,Health Regen,47,2.41,raw_number,tables/cache/wiki/lab_health_regen.csv,cc5075f4bc75d5e6e63963f1c7b45f8d527b0ec7372e1a4469d2bd8df6a95b31,2026-02-27T22:39:57.541066+00:00
LAB_HEALTH_REGEN,Health Regen,48,2.44,raw_number,tables/cache/wiki/lab_health_regen.csv,cc5075f4bc75d5e6e63963f1c7b45f8d527b0ec7372e1a4469d2bd8df6a95b31,2026-02-27T22:39:57.541066+00:00
LAB_HEALTH_REGEN,Health Regen,49,2.47,raw_number,tables/cache/wiki/lab_health_regen.csv,cc5075f4bc75d5e6e63963f1c7b45f8d527b0ec7372e1a4469d2bd8df6a95b31,2026-02-27T22:39:57.541066+00:00
LAB_HEALTH_REGEN,Health Regen,50,2.5,raw_number,tables/cache/wiki/lab_health_regen.csv,cc5075f4bc75d5e6e63963f1c7b45f8d527b0ec7372e1a4469d2bd8df6a95b31,2026-02-27T22:39:57.541066+00:00
LAB_HEALTH_REGEN,Health Regen,51,2.53,raw_number,tables/cache/wiki/lab_health_regen.csv,cc5075f4bc75d5e6e63963f1c7b45f8d527b0ec7372e1a4469d2bd8df6a95b31,2026-02-27T22:39:57.541066+00:00
LAB_HEALTH_REGEN,Health Regen,52,2.56,raw_number,tables/cache/wiki/lab_health_regen.csv,cc5075f4bc75d5e6e63963f1c7b45f8d527b0ec7372e1a4469d2bd8df6a95b31,2026-02-27T22:39:57.541066+00:00
LAB_HEALTH_REGEN,Health Regen,53,2.59,raw_number,tables/cache/wiki/lab_health_regen.csv,cc5075f4bc75d5e6e63963f1c7b45f8d527b0ec7372e1a4469d2bd8df6a95b31,2026-02-27T22:39:57.541066+00:00
LAB_HEALTH_REGEN,Health Regen,54,2.62,raw_number,tables/cache/wiki/lab_health_regen.csv,cc5075f4bc75d5e6e63963f1c7b45f8d527b0ec7372e1a4469d2bd8df6a95b31,2026-02-27T22:39:57.541066+00:00
LAB_HEALTH_REGEN,Health Regen,55,2.65,raw_number,tables/cache/wiki/lab_health_regen.csv,cc5075f4bc75d5e6e63963f1c7b45f8d527b0ec7372e1a4469d2bd8df6a95b31,2026-02-27T22:39:57.541066+00:00
LAB_HEALTH_REGEN,Health Regen,56,2.68,raw_number,tables/cache/wiki/lab_health_regen.csv,cc5075f4bc75d5e6e63963f1c7b45f8d527b0ec7372e1a4469d2bd8df6a95b31,2026-02-27T22:39:57.541066+00:00
LAB_HEALTH_REGEN,Health Regen,57,2.71,raw_number,tables/cache/wiki/lab_health_regen.csv,cc5075f4bc75d5e6e63963f1c7b45f8d527b0ec7372e1a4469d2bd8df6a95b31,2026-02-27T22:39:57.541066+00:00
LAB_HEALTH_REGEN,Health Regen,58,2.74,raw_number,tables/cache/wiki/lab_health_regen.csv,cc5075f4bc75d5e6e63963f1c7b45f8d527b0ec7372e1a4469d2bd8df6a95b31,2026-02-27T22:39:57.541066+00:00
LAB_HEALTH_REGEN,Health Regen,59,2.77,raw_number,tables/cache/wiki/lab_health_regen.csv,cc5075f4bc75d5e6e63963f1c7b45f8d527b0ec7372e1a4469d2bd8df6a95b31,2026-02-27T22:39:57.541066+00:00
LAB_HEALTH_REGEN,Health Regen,60,2.8,raw_number,tables/cache/wiki/lab_health_regen.csv,cc5075f4bc75d5e6e63963f1c7b45f8d527b0ec7372e1a4469d2bd8df6a95b31,2026-02-27T22:39:57.541066+00:00
LAB_HEALTH_REGEN,Health Regen,61,2.83,raw_number,tables/cache/wiki/lab_health_regen.csv,cc5075f4bc75d5e6e63963f1c7b45f8d527b0ec7372e1a4469d2bd8df6a95b31,2026-02-27T22:39:57.541066+00:00
LAB_HEALTH_REGEN,Health Regen,62,2.86,raw_number,tables/cache/wiki/lab_health_regen.csv,cc5075f4bc75d5e6e63963f1c7b45f8d527b0ec7372e1a4469d2bd8df6a95b31,2026-02-27T22:39:57.541066+00:00
LAB_HEALTH_REGEN,Health Regen,63,2.89,raw_number,tables/cache/wiki/lab_health_regen.csv,cc5075f4bc75d5e6e63963f1c7b45f8d527b0ec7372e1a4469d2bd8df6a95b31,2026-02-27T22:39:57.541066+00:00
LAB_HEALTH_REGEN,Health Regen,64,2.92,raw_number,tables/cache/wiki/lab_health_regen.csv,cc5075f4bc75d5e6e63963f1c7b45f8d527b0ec7372e1a4469d2bd8df6a95b31,2026-02-27T22:39:57.541066+00:00
LAB_HEALTH_REGEN,Health Regen,65,2.95,raw_number,tables/cache/wiki/lab_health_regen.csv,cc5075f4bc75d5e6e63963f1c7b45f8d527b0ec7372e1a4469d2bd8df6a95b31,2026-02-27T22:39:57.541066+00:00
LAB_HEALTH_REGEN,Health Regen,66,2.98,raw_number,tables/cache/wiki/lab_health_regen.csv,cc5075f4bc75d5e6e63963f1c7b45f8d527b0ec7372e1a4469d2bd8df6a95b31,2026-02-27T22:39:57.541066+00:00
LAB_HEALTH_REGEN,Health Regen,67,3.01,raw_number,tables/cache/wiki/lab_health_regen.csv,cc5075f4bc75d5e6e63963f1c7b45f8d527b0ec7372e1a4469d2bd8df6a95b31,2026-02-27T22:39:57.541066+00:00
LAB_HEALTH_REGEN,Health Regen,68,3.04,raw_number,tables/cache/wiki/lab_health_regen.csv,cc5075f4bc75d5e6e63963f1c7b45f8d527b0ec7372e1a4469d2bd8df6a95b31,2026-02-27T22:39:57.541066+00:00
LAB_HEALTH_REGEN,Health Regen,69,3.07,raw_number,tables/cache/wiki/lab_health_regen.csv,cc5075f4bc75d5e6e63963f1c7b45f8d527b0ec7372e1a4469d2bd8df6a95b31,2026-02-27T22:39:57.541066+00:00
LAB_HEALTH_REGEN,Health Regen,70,3.1,raw_number,tables/cache/wiki/lab_health_regen.csv,cc5075f4bc75d5e6e63963f1c7b45f8d527b0ec7372e1a4469d2bd8df6a95b31,2026-02-27T22:39:57.541066+00:00
LAB_HEALTH_REGEN,Health Regen,71,3.13,raw_number,tables/cache/wiki/lab_health_regen.csv,cc5075f4bc75d5e6e63963f1c7b45f8d527b0ec7372e1a4469d2bd8df6a95b31,2026-02-27T22:39:57.541066+00:00
LAB_HEALTH_REGEN,Health Regen,72,3.16,raw_number,tables/cache/wiki/lab_health_regen.csv,cc5075f4bc75d5e6e63963f1c7b45f8d527b0ec7372e1a4469d2bd8df6a95b31,2026-02-27T22:39:57.541066+00:00
LAB_HEALTH_REGEN,Health Regen,73,3.19,raw_number,tables/cache/wiki/lab_health_regen.csv,cc5075f4bc75d5e6e63963f1c7b45f8d527b0ec7372e1a4469d2bd8df6a95b31,2026-02-27T22:39:57.541066+00:00
LAB_HEALTH_REGEN,Health Regen,74,3.22,raw_number,tables/cache/wiki/lab_health_regen.csv,cc5075f4bc75d5e6e63963f1c7b45f8d527b0ec7372e1a4469d2bd8df6a95b31,2026-02-27T22:39:57.541066+00:00
LAB_HEALTH_REGEN,Health Regen,75,3.25,raw_number,tables/cache/wiki/lab_health_regen.csv,cc5075f4bc75d5e6e63963f1c7b45f8d527b0ec7372e1a4469d2bd8df6a95b31,2026-02-27T22:39:57.541066+00:00
LAB_HEALTH_REGEN,Health Regen,76,3.28,raw_number,tables/cache/wiki/lab_health_regen.csv,cc5075f4bc75d5e6e63963f1c7b45f8d527b0ec7372e1a4469d2bd8df6a95b31,2026-02-27T22:39:57.541066+00:00
LAB_HEALTH_REGEN,Health Regen,77,3.31,raw_number,tables/cache/wiki/lab_health_regen.csv,cc5075f4bc75d5e6e63963f1c7b45f8d527b0ec7372e1a4469d2bd8df6a95b31,2026-02-27T22:39:57.541066+00:00
LAB_HEALTH_REGEN,Health Regen,78,3.34,raw_number,tables/cache/wiki/lab_health_regen.csv,cc5075f4bc75d5e6e63963f1c7b45f8d527b0ec7372e1a4469d2bd8df6a95b31,2026-02-27T22:39:57.541066+00:00
LAB_HEALTH_REGEN,Health Regen,79,3.37,raw_number,tables/cache/wiki/lab_health_regen.csv,cc5075f4bc75d5e6e63963f1c7b45f8d527b0ec7372e1a4469d2bd8df6a95b31,2026-02-27T22:39:57.541066+00:00
LAB_HEALTH_REGEN,Health Regen,80,3.4,raw_number,tables/cache/wiki/lab_health_regen.csv,cc5075f4bc75d5e6e63963f1c7b45f8d527b0ec7372e1a4469d2bd8df6a95b31,2026-02-27T22:39:57.541066+00:00
LAB_HEALTH_REGEN,Health Regen,81,3.43,raw_number,tables/cache/wiki/lab_health_regen.csv,cc5075f4bc75d5e6e63963f1c7b45f8d527b0ec7372e1a4469d2bd8df6a95b31,2026-02-27T22:39:57.541066+00:00
LAB_HEALTH_REGEN,Health Regen,82,3.46,raw_number,tables/cache/wiki/lab_health_regen.csv,cc5075f4bc75d5e6e63963f1c7b45f8d527b0ec7372e1a4469d2bd8df6a95b31,2026-02-27T22:39:57.541066+00:00
LAB_HEALTH_REGEN,Health Regen,83,3.49,raw_number,tables/cache/wiki/lab_health_regen.csv,cc5075f4bc75d5e6e63963f1c7b45f8d527b0ec7372e1a4469d2bd8df6a95b31,2026-02-27T22:39:57.541066+00:00
LAB_HEALTH_REGEN,Health Regen,84,3.52,raw_number,tables/cache/wiki/lab_health_regen.csv,cc5075f4bc75d5e6e63963f1c7b45f8d527b0ec7372e1a4469d2bd8df6a95b31,2026-02-27T22:39:57.541066+00:00
LAB_HEALTH_REGEN,Health Regen,85,3.55,raw_number,tables/cache/wiki/lab_health_regen.csv,cc5075f4bc75d5e6e63963f1c7b45f8d527b0ec7372e1a4469d2bd8df6a95b31,2026-02-27T22:39:57.541066+00:00
LAB_HEALTH_REGEN,Health Regen,86,3.58,raw_number,tables/cache/wiki/lab_health_regen.csv,cc5075f4bc75d5e6e63963f1c7b45f8d527b0ec7372e1a4469d2bd8df6a95b31,2026-02-27T22:39:57.541066+00:00
LAB_HEALTH_REGEN,Health Regen,87,3.61,raw_number,tables/cache/wiki/lab_health_regen.csv,cc5075f4bc75d5e6e63963f1c7b45f8d527b0ec7372e1a4469d2bd8df6a95b31,2026-02-27T22:39:57.541066+00:00
LAB_HEALTH_REGEN,Health Regen,88,3.64,raw_number,tables/cache/wiki/lab_health_regen.csv,cc5075f4bc75d5e6e63963f1c7b45f8d527b0ec7372e1a4469d2bd8df6a95b31,2026-02-27T22:39:57.541066+00:00
LAB_HEALTH_REGEN,Health Regen,89,3.67,raw_number,tables/cache/wiki/lab_health_regen.csv,cc5075f4bc75d5e6e63963f1c7b45f8d527b0ec7372e1a4469d2bd8df6a95b31,2026-02-27T22:39:57.541066+00:00
LAB_HEALTH_REGEN,Health Regen,90,3.7,raw_number,tables/cache/wiki/lab_health_regen.csv,cc5075f4bc75d5e6e63963f1c7b45f8d527b0ec7372e1a4469d2bd8df6a95b31,2026-02-27T22:39:57.541066+00:00
LAB_HEALTH_REGEN,Health Regen,91,3.73,raw_number,tables/cache/wiki/lab_health_regen.csv,cc5075f4bc75d5e6e63963f1c7b45f8d527b0ec7372e1a4469d2bd8df6a95b31,2026-02-27T22:39:57.541066+00:00
LAB_HEALTH_REGEN,Health Regen,92,3.76,raw_number,tables/cache/wiki/lab_health_regen.csv,cc5075f4bc75d5e6e63963f1c7b45f8d527b0ec7372e1a4469d2bd8df6a95b31,2026-02-27T22:39:57.541066+00:00
LAB_HEALTH_REGEN,Health Regen,93,3.79,raw_number,tables/cache/wiki/lab_health_regen.csv,cc5075f4bc75d5e6e63963f1c7b45f8d527b0ec7372e1a4469d2bd8df6a95b31,2026-02-27T22:39:57.541066+00:00
LAB_HEALTH_REGEN,Health Regen,94,3.82,raw_number,tables/cache/wiki/lab_health_regen.csv,cc5075f4bc75d5e6e63963f1c7b45f8d527b0ec7372e1a4469d2bd8df6a95b31,2026-02-27T22:39:57.541066+00:00
LAB_HEALTH_REGEN,Health Regen,95,3.85,raw_number,tables/cache/wiki/lab_health_regen.csv,cc5075f4bc75d5e6e63963f1c7b45f8d527b0ec7372e1a4469d2bd8df6a95b31,2026-02-27T22:39:57.541066+00:00
LAB_HEALTH_REGEN,Health Regen,96,3.88,raw_number,tables/cache/wiki/lab_health_regen.csv,cc5075f4bc75d5e6e63963f1c7b45f8d527b0ec7372e1a4469d2bd8df6a95b31,2026-02-27T22:39:57.541066+00:00
LAB_HEALTH_REGEN,Health Regen,97,3.91,raw_number,tables/cache/wiki/lab_health_regen.csv,cc5075f4bc75d5e6e63963f1c7b45f8d527b0ec7372e1a4469d2bd8df6a95b31,2026-02-27T22:39:57.541066+00:00
LAB_HEALTH_REGEN,Health Regen,98,3.94,raw_number,tables/cache/wiki/lab_health_regen.csv,cc5075f4bc75d5e6e63963f1c7b45f8d527b0ec7372e1a4469d2bd8df6a95b31,2026-02-27T22:39:57.541066+00:00
LAB_HEALTH_REGEN,Health Regen,99,3.97,raw_number,tables/cache/wiki/lab_health_regen.csv,cc5075f4bc75d5e6e63963f1c7b45f8d527b0ec7372e1a4469d2bd8df6a95b31,2026-02-27T22:39:57.541066+00:00
LAB_HEALTH_REGEN,Health Regen,100,4.0,raw_number,tables/cache/wiki/lab_health_regen.csv,cc5075f4bc75d5e6e63963f1c7b45f8d527b0ec7372e1a4469d2bd8df6a95b31,2026-02-27T22:39:57.541066+00:00
LAB_LAB_SPEED,Labs Speed,1,1.02,raw_number,kb/labs/tables/wiki-lab-labs-speed.csv,externally_verified_live_wiki_generated_from_page_table,2026-03-14T00:00:00+00:00
LAB_LAB_SPEED,Labs Speed,2,1.04,raw_number,kb/labs/tables/wiki-lab-labs-speed.csv,externally_verified_live_wiki_generated_from_page_table,2026-03-14T00:00:00+00:00
LAB_LAB_SPEED,Labs Speed,3,1.06,raw_number,kb/labs/tables/wiki-lab-labs-speed.csv,externally_verified_live_wiki_generated_from_page_table,2026-03-14T00:00:00+00:00
LAB_LAB_SPEED,Labs Speed,4,1.08,raw_number,kb/labs/tables/wiki-lab-labs-speed.csv,externally_verified_live_wiki_generated_from_page_table,2026-03-14T00:00:00+00:00
LAB_LAB_SPEED,Labs Speed,5,1.1,raw_number,kb/labs/tables/wiki-lab-labs-speed.csv,externally_verified_live_wiki_generated_from_page_table,2026-03-14T00:00:00+00:00
LAB_LAB_SPEED,Labs Speed,6,1.12,raw_number,kb/labs/tables/wiki-lab-labs-speed.csv,externally_verified_live_wiki_generated_from_page_table,2026-03-14T00:00:00+00:00
LAB_LAB_SPEED,Labs Speed,7,1.14,raw_number,kb/labs/tables/wiki-lab-labs-speed.csv,externally_verified_live_wiki_generated_from_page_table,2026-03-14T00:00:00+00:00
LAB_LAB_SPEED,Labs Speed,8,1.16,raw_number,kb/labs/tables/wiki-lab-labs-speed.csv,externally_verified_live_wiki_generated_from_page_table,2026-03-14T00:00:00+00:00
LAB_LAB_SPEED,Labs Speed,9,1.18,raw_number,kb/labs/tables/wiki-lab-labs-speed.csv,externally_verified_live_wiki_generated_from_page_table,2026-03-14T00:00:00+00:00
LAB_LAB_SPEED,Labs Speed,10,1.2,raw_number,kb/labs/tables/wiki-lab-labs-speed.csv,externally_verified_live_wiki_generated_from_page_table,2026-03-14T00:00:00+00:00
LAB_LAB_SPEED,Labs Speed,11,1.22,raw_number,kb/labs/tables/wiki-lab-labs-speed.csv,externally_verified_live_wiki_generated_from_page_table,2026-03-14T00:00:00+00:00
LAB_LAB_SPEED,Labs Speed,12,1.24,raw_number,kb/labs/tables/wiki-lab-labs-speed.csv,externally_verified_live_wiki_generated_from_page_table,2026-03-14T00:00:00+00:00
LAB_LAB_SPEED,Labs Speed,13,1.26,raw_number,kb/labs/tables/wiki-lab-labs-speed.csv,externally_verified_live_wiki_generated_from_page_table,2026-03-14T00:00:00+00:00
LAB_LAB_SPEED,Labs Speed,14,1.28,raw_number,kb/labs/tables/wiki-lab-labs-speed.csv,externally_verified_live_wiki_generated_from_page_table,2026-03-14T00:00:00+00:00
LAB_LAB_SPEED,Labs Speed,15,1.3,raw_number,kb/labs/tables/wiki-lab-labs-speed.csv,externally_verified_live_wiki_generated_from_page_table,2026-03-14T00:00:00+00:00
LAB_LAB_SPEED,Labs Speed,16,1.32,raw_number,kb/labs/tables/wiki-lab-labs-speed.csv,externally_verified_live_wiki_generated_from_page_table,2026-03-14T00:00:00+00:00
LAB_LAB_SPEED,Labs Speed,17,1.34,raw_number,kb/labs/tables/wiki-lab-labs-speed.csv,externally_verified_live_wiki_generated_from_page_table,2026-03-14T00:00:00+00:00
LAB_LAB_SPEED,Labs Speed,18,1.36,raw_number,kb/labs/tables/wiki-lab-labs-speed.csv,externally_verified_live_wiki_generated_from_page_table,2026-03-14T00:00:00+00:00
LAB_LAB_SPEED,Labs Speed,19,1.38,raw_number,kb/labs/tables/wiki-lab-labs-speed.csv,externally_verified_live_wiki_generated_from_page_table,2026-03-14T00:00:00+00:00
LAB_LAB_SPEED,Labs Speed,20,1.4,raw_number,kb/labs/tables/wiki-lab-labs-speed.csv,externally_verified_live_wiki_generated_from_page_table,2026-03-14T00:00:00+00:00
LAB_LAB_SPEED,Labs Speed,21,1.42,raw_number,kb/labs/tables/wiki-lab-labs-speed.csv,externally_verified_live_wiki_generated_from_page_table,2026-03-14T00:00:00+00:00
LAB_LAB_SPEED,Labs Speed,22,1.44,raw_number,kb/labs/tables/wiki-lab-labs-speed.csv,externally_verified_live_wiki_generated_from_page_table,2026-03-14T00:00:00+00:00
LAB_LAB_SPEED,Labs Speed,23,1.46,raw_number,kb/labs/tables/wiki-lab-labs-speed.csv,externally_verified_live_wiki_generated_from_page_table,2026-03-14T00:00:00+00:00
LAB_LAB_SPEED,Labs Speed,24,1.48,raw_number,kb/labs/tables/wiki-lab-labs-speed.csv,externally_verified_live_wiki_generated_from_page_table,2026-03-14T00:00:00+00:00
LAB_LAB_SPEED,Labs Speed,25,1.5,raw_number,kb/labs/tables/wiki-lab-labs-speed.csv,externally_verified_live_wiki_generated_from_page_table,2026-03-14T00:00:00+00:00
LAB_LAB_SPEED,Labs Speed,26,1.52,raw_number,kb/labs/tables/wiki-lab-labs-speed.csv,externally_verified_live_wiki_generated_from_page_table,2026-03-14T00:00:00+00:00
LAB_LAB_SPEED,Labs Speed,27,1.54,raw_number,kb/labs/tables/wiki-lab-labs-speed.csv,externally_verified_live_wiki_generated_from_page_table,2026-03-14T00:00:00+00:00
LAB_LAB_SPEED,Labs Speed,28,1.56,raw_number,kb/labs/tables/wiki-lab-labs-speed.csv,externally_verified_live_wiki_generated_from_page_table,2026-03-14T00:00:00+00:00
LAB_LAB_SPEED,Labs Speed,29,1.58,raw_number,kb/labs/tables/wiki-lab-labs-speed.csv,externally_verified_live_wiki_generated_from_page_table,2026-03-14T00:00:00+00:00
LAB_LAB_SPEED,Labs Speed,30,1.6,raw_number,kb/labs/tables/wiki-lab-labs-speed.csv,externally_verified_live_wiki_generated_from_page_table,2026-03-14T00:00:00+00:00
LAB_LAB_SPEED,Labs Speed,31,1.62,raw_number,kb/labs/tables/wiki-lab-labs-speed.csv,externally_verified_live_wiki_generated_from_page_table,2026-03-14T00:00:00+00:00
LAB_LAB_SPEED,Labs Speed,32,1.64,raw_number,kb/labs/tables/wiki-lab-labs-speed.csv,externally_verified_live_wiki_generated_from_page_table,2026-03-14T00:00:00+00:00
LAB_LAB_SPEED,Labs Speed,33,1.66,raw_number,kb/labs/tables/wiki-lab-labs-speed.csv,externally_verified_live_wiki_generated_from_page_table,2026-03-14T00:00:00+00:00
LAB_LAB_SPEED,Labs Speed,34,1.68,raw_number,kb/labs/tables/wiki-lab-labs-speed.csv,externally_verified_live_wiki_generated_from_page_table,2026-03-14T00:00:00+00:00
LAB_LAB_SPEED,Labs Speed,35,1.7,raw_number,kb/labs/tables/wiki-lab-labs-speed.csv,externally_verified_live_wiki_generated_from_page_table,2026-03-14T00:00:00+00:00
LAB_LAB_SPEED,Labs Speed,36,1.72,raw_number,kb/labs/tables/wiki-lab-labs-speed.csv,externally_verified_live_wiki_generated_from_page_table,2026-03-14T00:00:00+00:00
LAB_LAB_SPEED,Labs Speed,37,1.74,raw_number,kb/labs/tables/wiki-lab-labs-speed.csv,externally_verified_live_wiki_generated_from_page_table,2026-03-14T00:00:00+00:00
LAB_LAB_SPEED,Labs Speed,38,1.76,raw_number,kb/labs/tables/wiki-lab-labs-speed.csv,externally_verified_live_wiki_generated_from_page_table,2026-03-14T00:00:00+00:00
LAB_LAB_SPEED,Labs Speed,39,1.78,raw_number,kb/labs/tables/wiki-lab-labs-speed.csv,externally_verified_live_wiki_generated_from_page_table,2026-03-14T00:00:00+00:00
LAB_LAB_SPEED,Labs Speed,40,1.8,raw_number,kb/labs/tables/wiki-lab-labs-speed.csv,externally_verified_live_wiki_generated_from_page_table,2026-03-14T00:00:00+00:00
LAB_LAB_SPEED,Labs Speed,41,1.82,raw_number,kb/labs/tables/wiki-lab-labs-speed.csv,externally_verified_live_wiki_generated_from_page_table,2026-03-14T00:00:00+00:00
LAB_LAB_SPEED,Labs Speed,42,1.84,raw_number,kb/labs/tables/wiki-lab-labs-speed.csv,externally_verified_live_wiki_generated_from_page_table,2026-03-14T00:00:00+00:00
LAB_LAB_SPEED,Labs Speed,43,1.86,raw_number,kb/labs/tables/wiki-lab-labs-speed.csv,externally_verified_live_wiki_generated_from_page_table,2026-03-14T00:00:00+00:00
LAB_LAB_SPEED,Labs Speed,44,1.88,raw_number,kb/labs/tables/wiki-lab-labs-speed.csv,externally_verified_live_wiki_generated_from_page_table,2026-03-14T00:00:00+00:00
LAB_LAB_SPEED,Labs Speed,45,1.9,raw_number,kb/labs/tables/wiki-lab-labs-speed.csv,externally_verified_live_wiki_generated_from_page_table,2026-03-14T00:00:00+00:00
LAB_LAB_SPEED,Labs Speed,46,1.92,raw_number,kb/labs/tables/wiki-lab-labs-speed.csv,externally_verified_live_wiki_generated_from_page_table,2026-03-14T00:00:00+00:00
LAB_LAB_SPEED,Labs Speed,47,1.94,raw_number,kb/labs/tables/wiki-lab-labs-speed.csv,externally_verified_live_wiki_generated_from_page_table,2026-03-14T00:00:00+00:00
LAB_LAB_SPEED,Labs Speed,48,1.96,raw_number,kb/labs/tables/wiki-lab-labs-speed.csv,externally_verified_live_wiki_generated_from_page_table,2026-03-14T00:00:00+00:00
LAB_LAB_SPEED,Labs Speed,49,1.98,raw_number,kb/labs/tables/wiki-lab-labs-speed.csv,externally_verified_live_wiki_generated_from_page_table,2026-03-14T00:00:00+00:00
LAB_LAB_SPEED,Labs Speed,50,2.0,raw_number,kb/labs/tables/wiki-lab-labs-speed.csv,externally_verified_live_wiki_generated_from_page_table,2026-03-14T00:00:00+00:00
LAB_LAB_SPEED,Labs Speed,51,2.02,raw_number,kb/labs/tables/wiki-lab-labs-speed.csv,externally_verified_live_wiki_generated_from_page_table,2026-03-14T00:00:00+00:00
LAB_LAB_SPEED,Labs Speed,52,2.04,raw_number,kb/labs/tables/wiki-lab-labs-speed.csv,externally_verified_live_wiki_generated_from_page_table,2026-03-14T00:00:00+00:00
LAB_LAB_SPEED,Labs Speed,53,2.06,raw_number,kb/labs/tables/wiki-lab-labs-speed.csv,externally_verified_live_wiki_generated_from_page_table,2026-03-14T00:00:00+00:00
LAB_LAB_SPEED,Labs Speed,54,2.08,raw_number,kb/labs/tables/wiki-lab-labs-speed.csv,externally_verified_live_wiki_generated_from_page_table,2026-03-14T00:00:00+00:00
LAB_LAB_SPEED,Labs Speed,55,2.1,raw_number,kb/labs/tables/wiki-lab-labs-speed.csv,externally_verified_live_wiki_generated_from_page_table,2026-03-14T00:00:00+00:00
LAB_LAB_SPEED,Labs Speed,56,2.12,raw_number,kb/labs/tables/wiki-lab-labs-speed.csv,externally_verified_live_wiki_generated_from_page_table,2026-03-14T00:00:00+00:00
LAB_LAB_SPEED,Labs Speed,57,2.14,raw_number,kb/labs/tables/wiki-lab-labs-speed.csv,externally_verified_live_wiki_generated_from_page_table,2026-03-14T00:00:00+00:00
LAB_LAB_SPEED,Labs Speed,58,2.16,raw_number,kb/labs/tables/wiki-lab-labs-speed.csv,externally_verified_live_wiki_generated_from_page_table,2026-03-14T00:00:00+00:00
LAB_LAB_SPEED,Labs Speed,59,2.18,raw_number,kb/labs/tables/wiki-lab-labs-speed.csv,externally_verified_live_wiki_generated_from_page_table,2026-03-14T00:00:00+00:00
LAB_LAB_SPEED,Labs Speed,60,2.2,raw_number,kb/labs/tables/wiki-lab-labs-speed.csv,externally_verified_live_wiki_generated_from_page_table,2026-03-14T00:00:00+00:00
LAB_LAB_SPEED,Labs Speed,61,2.22,raw_number,kb/labs/tables/wiki-lab-labs-speed.csv,externally_verified_live_wiki_generated_from_page_table,2026-03-14T00:00:00+00:00
LAB_LAB_SPEED,Labs Speed,62,2.24,raw_number,kb/labs/tables/wiki-lab-labs-speed.csv,externally_verified_live_wiki_generated_from_page_table,2026-03-14T00:00:00+00:00
LAB_LAB_SPEED,Labs Speed,63,2.26,raw_number,kb/labs/tables/wiki-lab-labs-speed.csv,externally_verified_live_wiki_generated_from_page_table,2026-03-14T00:00:00+00:00
LAB_LAB_SPEED,Labs Speed,64,2.28,raw_number,kb/labs/tables/wiki-lab-labs-speed.csv,externally_verified_live_wiki_generated_from_page_table,2026-03-14T00:00:00+00:00
LAB_LAB_SPEED,Labs Speed,65,2.3,raw_number,kb/labs/tables/wiki-lab-labs-speed.csv,externally_verified_live_wiki_generated_from_page_table,2026-03-14T00:00:00+00:00
LAB_LAB_SPEED,Labs Speed,66,2.32,raw_number,kb/labs/tables/wiki-lab-labs-speed.csv,externally_verified_live_wiki_generated_from_page_table,2026-03-14T00:00:00+00:00
LAB_LAB_SPEED,Labs Speed,67,2.34,raw_number,kb/labs/tables/wiki-lab-labs-speed.csv,externally_verified_live_wiki_generated_from_page_table,2026-03-14T00:00:00+00:00
LAB_LAB_SPEED,Labs Speed,68,2.36,raw_number,kb/labs/tables/wiki-lab-labs-speed.csv,externally_verified_live_wiki_generated_from_page_table,2026-03-14T00:00:00+00:00
LAB_LAB_SPEED,Labs Speed,69,2.38,raw_number,kb/labs/tables/wiki-lab-labs-speed.csv,externally_verified_live_wiki_generated_from_page_table,2026-03-14T00:00:00+00:00
LAB_LAB_SPEED,Labs Speed,70,2.4,raw_number,kb/labs/tables/wiki-lab-labs-speed.csv,externally_verified_live_wiki_generated_from_page_table,2026-03-14T00:00:00+00:00
LAB_LAB_SPEED,Labs Speed,71,2.42,raw_number,kb/labs/tables/wiki-lab-labs-speed.csv,externally_verified_live_wiki_generated_from_page_table,2026-03-14T00:00:00+00:00
LAB_LAB_SPEED,Labs Speed,72,2.44,raw_number,kb/labs/tables/wiki-lab-labs-speed.csv,externally_verified_live_wiki_generated_from_page_table,2026-03-14T00:00:00+00:00
LAB_LAB_SPEED,Labs Speed,73,2.46,raw_number,kb/labs/tables/wiki-lab-labs-speed.csv,externally_verified_live_wiki_generated_from_page_table,2026-03-14T00:00:00+00:00
LAB_LAB_SPEED,Labs Speed,74,2.48,raw_number,kb/labs/tables/wiki-lab-labs-speed.csv,externally_verified_live_wiki_generated_from_page_table,2026-03-14T00:00:00+00:00
LAB_LAB_SPEED,Labs Speed,75,2.5,raw_number,kb/labs/tables/wiki-lab-labs-speed.csv,externally_verified_live_wiki_generated_from_page_table,2026-03-14T00:00:00+00:00
LAB_LAB_SPEED,Labs Speed,76,2.52,raw_number,kb/labs/tables/wiki-lab-labs-speed.csv,externally_verified_live_wiki_generated_from_page_table,2026-03-14T00:00:00+00:00
LAB_LAB_SPEED,Labs Speed,77,2.54,raw_number,kb/labs/tables/wiki-lab-labs-speed.csv,externally_verified_live_wiki_generated_from_page_table,2026-03-14T00:00:00+00:00
LAB_LAB_SPEED,Labs Speed,78,2.56,raw_number,kb/labs/tables/wiki-lab-labs-speed.csv,externally_verified_live_wiki_generated_from_page_table,2026-03-14T00:00:00+00:00
LAB_LAB_SPEED,Labs Speed,79,2.58,raw_number,kb/labs/tables/wiki-lab-labs-speed.csv,externally_verified_live_wiki_generated_from_page_table,2026-03-14T00:00:00+00:00
LAB_LAB_SPEED,Labs Speed,80,2.6,raw_number,kb/labs/tables/wiki-lab-labs-speed.csv,externally_verified_live_wiki_generated_from_page_table,2026-03-14T00:00:00+00:00
LAB_LAB_SPEED,Labs Speed,81,2.62,raw_number,kb/labs/tables/wiki-lab-labs-speed.csv,externally_verified_live_wiki_generated_from_page_table,2026-03-14T00:00:00+00:00
LAB_LAB_SPEED,Labs Speed,82,2.64,raw_number,kb/labs/tables/wiki-lab-labs-speed.csv,externally_verified_live_wiki_generated_from_page_table,2026-03-14T00:00:00+00:00
LAB_LAB_SPEED,Labs Speed,83,2.66,raw_number,kb/labs/tables/wiki-lab-labs-speed.csv,externally_verified_live_wiki_generated_from_page_table,2026-03-14T00:00:00+00:00
LAB_LAB_SPEED,Labs Speed,84,2.68,raw_number,kb/labs/tables/wiki-lab-labs-speed.csv,externally_verified_live_wiki_generated_from_page_table,2026-03-14T00:00:00+00:00
LAB_LAB_SPEED,Labs Speed,85,2.7,raw_number,kb/labs/tables/wiki-lab-labs-speed.csv,externally_verified_live_wiki_generated_from_page_table,2026-03-14T00:00:00+00:00
LAB_LAB_SPEED,Labs Speed,86,2.72,raw_number,kb/labs/tables/wiki-lab-labs-speed.csv,externally_verified_live_wiki_generated_from_page_table,2026-03-14T00:00:00+00:00
LAB_LAB_SPEED,Labs Speed,87,2.74,raw_number,kb/labs/tables/wiki-lab-labs-speed.csv,externally_verified_live_wiki_generated_from_page_table,2026-03-14T00:00:00+00:00
LAB_LAB_SPEED,Labs Speed,88,2.76,raw_number,kb/labs/tables/wiki-lab-labs-speed.csv,externally_verified_live_wiki_generated_from_page_table,2026-03-14T00:00:00+00:00
LAB_LAB_SPEED,Labs Speed,89,2.78,raw_number,kb/labs/tables/wiki-lab-labs-speed.csv,externally_verified_live_wiki_generated_from_page_table,2026-03-14T00:00:00+00:00
LAB_LAB_SPEED,Labs Speed,90,2.8,raw_number,kb/labs/tables/wiki-lab-labs-speed.csv,externally_verified_live_wiki_generated_from_page_table,2026-03-14T00:00:00+00:00
LAB_LAB_SPEED,Labs Speed,91,2.82,raw_number,kb/labs/tables/wiki-lab-labs-speed.csv,externally_verified_live_wiki_generated_from_page_table,2026-03-14T00:00:00+00:00
LAB_LAB_SPEED,Labs Speed,92,2.84,raw_number,kb/labs/tables/wiki-lab-labs-speed.csv,externally_verified_live_wiki_generated_from_page_table,2026-03-14T00:00:00+00:00
LAB_LAB_SPEED,Labs Speed,93,2.86,raw_number,kb/labs/tables/wiki-lab-labs-speed.csv,externally_verified_live_wiki_generated_from_page_table,2026-03-14T00:00:00+00:00
LAB_LAB_SPEED,Labs Speed,94,2.88,raw_number,kb/labs/tables/wiki-lab-labs-speed.csv,externally_verified_live_wiki_generated_from_page_table,2026-03-14T00:00:00+00:00
LAB_LAB_SPEED,Labs Speed,95,2.9,raw_number,kb/labs/tables/wiki-lab-labs-speed.csv,externally_verified_live_wiki_generated_from_page_table,2026-03-14T00:00:00+00:00
LAB_LAB_SPEED,Labs Speed,96,2.92,raw_number,kb/labs/tables/wiki-lab-labs-speed.csv,externally_verified_live_wiki_generated_from_page_table,2026-03-14T00:00:00+00:00
LAB_LAB_SPEED,Labs Speed,97,2.94,raw_number,kb/labs/tables/wiki-lab-labs-speed.csv,externally_verified_live_wiki_generated_from_page_table,2026-03-14T00:00:00+00:00
LAB_LAB_SPEED,Labs Speed,98,2.96,raw_number,kb/labs/tables/wiki-lab-labs-speed.csv,externally_verified_live_wiki_generated_from_page_table,2026-03-14T00:00:00+00:00
LAB_LAB_SPEED,Labs Speed,99,2.98,raw_number,kb/labs/tables/wiki-lab-labs-speed.csv,externally_verified_live_wiki_generated_from_page_table,2026-03-14T00:00:00+00:00
LAB_RANGE,Range,1,1.02,raw_number,kb/labs/tables/wiki-lab-range.csv,externally_verified_live_wiki_generated_from_page_table,2026-03-14T00:00:00+00:00
LAB_RANGE,Range,2,1.04,raw_number,kb/labs/tables/wiki-lab-range.csv,externally_verified_live_wiki_generated_from_page_table,2026-03-14T00:00:00+00:00
LAB_RANGE,Range,3,1.06,raw_number,kb/labs/tables/wiki-lab-range.csv,externally_verified_live_wiki_generated_from_page_table,2026-03-14T00:00:00+00:00
LAB_RANGE,Range,4,1.08,raw_number,kb/labs/tables/wiki-lab-range.csv,externally_verified_live_wiki_generated_from_page_table,2026-03-14T00:00:00+00:00
LAB_RANGE,Range,5,1.1,raw_number,kb/labs/tables/wiki-lab-range.csv,externally_verified_live_wiki_generated_from_page_table,2026-03-14T00:00:00+00:00
LAB_RANGE,Range,6,1.12,raw_number,kb/labs/tables/wiki-lab-range.csv,externally_verified_live_wiki_generated_from_page_table,2026-03-14T00:00:00+00:00
LAB_RANGE,Range,7,1.14,raw_number,kb/labs/tables/wiki-lab-range.csv,externally_verified_live_wiki_generated_from_page_table,2026-03-14T00:00:00+00:00
LAB_RANGE,Range,8,1.16,raw_number,kb/labs/tables/wiki-lab-range.csv,externally_verified_live_wiki_generated_from_page_table,2026-03-14T00:00:00+00:00
LAB_RANGE,Range,9,1.18,raw_number,kb/labs/tables/wiki-lab-range.csv,externally_verified_live_wiki_generated_from_page_table,2026-03-14T00:00:00+00:00
LAB_RANGE,Range,10,1.2,raw_number,kb/labs/tables/wiki-lab-range.csv,externally_verified_live_wiki_generated_from_page_table,2026-03-14T00:00:00+00:00
LAB_RANGE,Range,11,1.22,raw_number,kb/labs/tables/wiki-lab-range.csv,externally_verified_live_wiki_generated_from_page_table,2026-03-14T00:00:00+00:00
LAB_RANGE,Range,12,1.24,raw_number,kb/labs/tables/wiki-lab-range.csv,externally_verified_live_wiki_generated_from_page_table,2026-03-14T00:00:00+00:00
LAB_RANGE,Range,13,1.26,raw_number,kb/labs/tables/wiki-lab-range.csv,externally_verified_live_wiki_generated_from_page_table,2026-03-14T00:00:00+00:00
LAB_RANGE,Range,14,1.28,raw_number,kb/labs/tables/wiki-lab-range.csv,externally_verified_live_wiki_generated_from_page_table,2026-03-14T00:00:00+00:00
LAB_RANGE,Range,15,1.3,raw_number,kb/labs/tables/wiki-lab-range.csv,externally_verified_live_wiki_generated_from_page_table,2026-03-14T00:00:00+00:00
LAB_RANGE,Range,16,1.32,raw_number,kb/labs/tables/wiki-lab-range.csv,externally_verified_live_wiki_generated_from_page_table,2026-03-14T00:00:00+00:00
LAB_RANGE,Range,17,1.34,raw_number,kb/labs/tables/wiki-lab-range.csv,externally_verified_live_wiki_generated_from_page_table,2026-03-14T00:00:00+00:00
LAB_RANGE,Range,18,1.36,raw_number,kb/labs/tables/wiki-lab-range.csv,externally_verified_live_wiki_generated_from_page_table,2026-03-14T00:00:00+00:00
LAB_RANGE,Range,19,1.38,raw_number,kb/labs/tables/wiki-lab-range.csv,externally_verified_live_wiki_generated_from_page_table,2026-03-14T00:00:00+00:00
LAB_RANGE,Range,20,1.4,raw_number,kb/labs/tables/wiki-lab-range.csv,externally_verified_live_wiki_generated_from_page_table,2026-03-14T00:00:00+00:00
LAB_RANGE,Range,21,1.42,raw_number,kb/labs/tables/wiki-lab-range.csv,externally_verified_live_wiki_generated_from_page_table,2026-03-14T00:00:00+00:00
LAB_RANGE,Range,22,1.44,raw_number,kb/labs/tables/wiki-lab-range.csv,externally_verified_live_wiki_generated_from_page_table,2026-03-14T00:00:00+00:00
LAB_RANGE,Range,23,1.46,raw_number,kb/labs/tables/wiki-lab-range.csv,externally_verified_live_wiki_generated_from_page_table,2026-03-14T00:00:00+00:00
LAB_RANGE,Range,24,1.48,raw_number,kb/labs/tables/wiki-lab-range.csv,externally_verified_live_wiki_generated_from_page_table,2026-03-14T00:00:00+00:00
LAB_RANGE,Range,25,1.5,raw_number,kb/labs/tables/wiki-lab-range.csv,externally_verified_live_wiki_generated_from_page_table,2026-03-14T00:00:00+00:00
LAB_RANGE,Range,26,1.52,raw_number,kb/labs/tables/wiki-lab-range.csv,externally_verified_live_wiki_generated_from_page_table,2026-03-14T00:00:00+00:00
LAB_RANGE,Range,27,1.54,raw_number,kb/labs/tables/wiki-lab-range.csv,externally_verified_live_wiki_generated_from_page_table,2026-03-14T00:00:00+00:00
LAB_RANGE,Range,28,1.56,raw_number,kb/labs/tables/wiki-lab-range.csv,externally_verified_live_wiki_generated_from_page_table,2026-03-14T00:00:00+00:00
LAB_RANGE,Range,29,1.58,raw_number,kb/labs/tables/wiki-lab-range.csv,externally_verified_live_wiki_generated_from_page_table,2026-03-14T00:00:00+00:00
LAB_RANGE,Range,30,1.6,raw_number,kb/labs/tables/wiki-lab-range.csv,externally_verified_live_wiki_generated_from_page_table,2026-03-14T00:00:00+00:00
LAB_RANGE,Range,31,1.62,raw_number,kb/labs/tables/wiki-lab-range.csv,externally_verified_live_wiki_generated_from_page_table,2026-03-14T00:00:00+00:00
LAB_RANGE,Range,32,1.64,raw_number,kb/labs/tables/wiki-lab-range.csv,externally_verified_live_wiki_generated_from_page_table,2026-03-14T00:00:00+00:00
LAB_RANGE,Range,33,1.66,raw_number,kb/labs/tables/wiki-lab-range.csv,externally_verified_live_wiki_generated_from_page_table,2026-03-14T00:00:00+00:00
LAB_RANGE,Range,34,1.68,raw_number,kb/labs/tables/wiki-lab-range.csv,externally_verified_live_wiki_generated_from_page_table,2026-03-14T00:00:00+00:00
LAB_RANGE,Range,35,1.7,raw_number,kb/labs/tables/wiki-lab-range.csv,externally_verified_live_wiki_generated_from_page_table,2026-03-14T00:00:00+00:00
LAB_RANGE,Range,36,1.72,raw_number,kb/labs/tables/wiki-lab-range.csv,externally_verified_live_wiki_generated_from_page_table,2026-03-14T00:00:00+00:00
LAB_RANGE,Range,37,1.74,raw_number,kb/labs/tables/wiki-lab-range.csv,externally_verified_live_wiki_generated_from_page_table,2026-03-14T00:00:00+00:00
LAB_RANGE,Range,38,1.76,raw_number,kb/labs/tables/wiki-lab-range.csv,externally_verified_live_wiki_generated_from_page_table,2026-03-14T00:00:00+00:00
LAB_RANGE,Range,39,1.78,raw_number,kb/labs/tables/wiki-lab-range.csv,externally_verified_live_wiki_generated_from_page_table,2026-03-14T00:00:00+00:00
LAB_RANGE,Range,40,1.8,raw_number,kb/labs/tables/wiki-lab-range.csv,externally_verified_live_wiki_generated_from_page_table,2026-03-14T00:00:00+00:00
LAB_RANGE,Range,41,1.82,raw_number,kb/labs/tables/wiki-lab-range.csv,externally_verified_live_wiki_generated_from_page_table,2026-03-14T00:00:00+00:00
LAB_RANGE,Range,42,1.84,raw_number,kb/labs/tables/wiki-lab-range.csv,externally_verified_live_wiki_generated_from_page_table,2026-03-14T00:00:00+00:00
LAB_RANGE,Range,43,1.86,raw_number,kb/labs/tables/wiki-lab-range.csv,externally_verified_live_wiki_generated_from_page_table,2026-03-14T00:00:00+00:00
LAB_RANGE,Range,44,1.88,raw_number,kb/labs/tables/wiki-lab-range.csv,externally_verified_live_wiki_generated_from_page_table,2026-03-14T00:00:00+00:00
LAB_RANGE,Range,45,1.9,raw_number,kb/labs/tables/wiki-lab-range.csv,externally_verified_live_wiki_generated_from_page_table,2026-03-14T00:00:00+00:00
LAB_RANGE,Range,46,1.92,raw_number,kb/labs/tables/wiki-lab-range.csv,externally_verified_live_wiki_generated_from_page_table,2026-03-14T00:00:00+00:00
LAB_RANGE,Range,47,1.94,raw_number,kb/labs/tables/wiki-lab-range.csv,externally_verified_live_wiki_generated_from_page_table,2026-03-14T00:00:00+00:00
LAB_RANGE,Range,48,1.96,raw_number,kb/labs/tables/wiki-lab-range.csv,externally_verified_live_wiki_generated_from_page_table,2026-03-14T00:00:00+00:00
LAB_RANGE,Range,49,1.98,raw_number,kb/labs/tables/wiki-lab-range.csv,externally_verified_live_wiki_generated_from_page_table,2026-03-14T00:00:00+00:00
LAB_RANGE,Range,50,2.0,raw_number,kb/labs/tables/wiki-lab-range.csv,externally_verified_live_wiki_generated_from_page_table,2026-03-14T00:00:00+00:00
LAB_RANGE,Range,51,2.02,raw_number,kb/labs/tables/wiki-lab-range.csv,externally_verified_live_wiki_generated_from_page_table,2026-03-14T00:00:00+00:00
LAB_RANGE,Range,52,2.04,raw_number,kb/labs/tables/wiki-lab-range.csv,externally_verified_live_wiki_generated_from_page_table,2026-03-14T00:00:00+00:00
LAB_RANGE,Range,53,2.06,raw_number,kb/labs/tables/wiki-lab-range.csv,externally_verified_live_wiki_generated_from_page_table,2026-03-14T00:00:00+00:00
LAB_RANGE,Range,54,2.08,raw_number,kb/labs/tables/wiki-lab-range.csv,externally_verified_live_wiki_generated_from_page_table,2026-03-14T00:00:00+00:00
LAB_RANGE,Range,55,2.1,raw_number,kb/labs/tables/wiki-lab-range.csv,externally_verified_live_wiki_generated_from_page_table,2026-03-14T00:00:00+00:00
LAB_RANGE,Range,56,2.12,raw_number,kb/labs/tables/wiki-lab-range.csv,externally_verified_live_wiki_generated_from_page_table,2026-03-14T00:00:00+00:00
LAB_RANGE,Range,57,2.14,raw_number,kb/labs/tables/wiki-lab-range.csv,externally_verified_live_wiki_generated_from_page_table,2026-03-14T00:00:00+00:00
LAB_RANGE,Range,58,2.16,raw_number,kb/labs/tables/wiki-lab-range.csv,externally_verified_live_wiki_generated_from_page_table,2026-03-14T00:00:00+00:00
LAB_RANGE,Range,59,2.18,raw_number,kb/labs/tables/wiki-lab-range.csv,externally_verified_live_wiki_generated_from_page_table,2026-03-14T00:00:00+00:00
LAB_RANGE,Range,60,2.2,raw_number,kb/labs/tables/wiki-lab-range.csv,externally_verified_live_wiki_generated_from_page_table,2026-03-14T00:00:00+00:00
LAB_RANGE,Range,61,2.22,raw_number,kb/labs/tables/wiki-lab-range.csv,externally_verified_live_wiki_generated_from_page_table,2026-03-14T00:00:00+00:00
LAB_RANGE,Range,62,2.24,raw_number,kb/labs/tables/wiki-lab-range.csv,externally_verified_live_wiki_generated_from_page_table,2026-03-14T00:00:00+00:00
LAB_RANGE,Range,63,2.26,raw_number,kb/labs/tables/wiki-lab-range.csv,externally_verified_live_wiki_generated_from_page_table,2026-03-14T00:00:00+00:00
LAB_RANGE,Range,64,2.28,raw_number,kb/labs/tables/wiki-lab-range.csv,externally_verified_live_wiki_generated_from_page_table,2026-03-14T00:00:00+00:00
LAB_RANGE,Range,65,2.3,raw_number,kb/labs/tables/wiki-lab-range.csv,externally_verified_live_wiki_generated_from_page_table,2026-03-14T00:00:00+00:00
LAB_RANGE,Range,66,2.32,raw_number,kb/labs/tables/wiki-lab-range.csv,externally_verified_live_wiki_generated_from_page_table,2026-03-14T00:00:00+00:00
LAB_RANGE,Range,67,2.34,raw_number,kb/labs/tables/wiki-lab-range.csv,externally_verified_live_wiki_generated_from_page_table,2026-03-14T00:00:00+00:00
LAB_RANGE,Range,68,2.36,raw_number,kb/labs/tables/wiki-lab-range.csv,externally_verified_live_wiki_generated_from_page_table,2026-03-14T00:00:00+00:00
LAB_RANGE,Range,69,2.38,raw_number,kb/labs/tables/wiki-lab-range.csv,externally_verified_live_wiki_generated_from_page_table,2026-03-14T00:00:00+00:00
LAB_RANGE,Range,70,2.4,raw_number,kb/labs/tables/wiki-lab-range.csv,externally_verified_live_wiki_generated_from_page_table,2026-03-14T00:00:00+00:00
LAB_RANGE,Range,71,2.42,raw_number,kb/labs/tables/wiki-lab-range.csv,externally_verified_live_wiki_generated_from_page_table,2026-03-14T00:00:00+00:00
LAB_RANGE,Range,72,2.44,raw_number,kb/labs/tables/wiki-lab-range.csv,externally_verified_live_wiki_generated_from_page_table,2026-03-14T00:00:00+00:00
LAB_RANGE,Range,73,2.46,raw_number,kb/labs/tables/wiki-lab-range.csv,externally_verified_live_wiki_generated_from_page_table,2026-03-14T00:00:00+00:00
LAB_RANGE,Range,74,2.48,raw_number,kb/labs/tables/wiki-lab-range.csv,externally_verified_live_wiki_generated_from_page_table,2026-03-14T00:00:00+00:00
LAB_RANGE,Range,75,2.5,raw_number,kb/labs/tables/wiki-lab-range.csv,externally_verified_live_wiki_generated_from_page_table,2026-03-14T00:00:00+00:00
LAB_RANGE,Range,76,2.52,raw_number,kb/labs/tables/wiki-lab-range.csv,externally_verified_live_wiki_generated_from_page_table,2026-03-14T00:00:00+00:00
LAB_RANGE,Range,77,2.54,raw_number,kb/labs/tables/wiki-lab-range.csv,externally_verified_live_wiki_generated_from_page_table,2026-03-14T00:00:00+00:00
LAB_RANGE,Range,78,2.56,raw_number,kb/labs/tables/wiki-lab-range.csv,externally_verified_live_wiki_generated_from_page_table,2026-03-14T00:00:00+00:00
LAB_RANGE,Range,79,2.58,raw_number,kb/labs/tables/wiki-lab-range.csv,externally_verified_live_wiki_generated_from_page_table,2026-03-14T00:00:00+00:00
LAB_RANGE,Range,80,2.6,raw_number,kb/labs/tables/wiki-lab-range.csv,externally_verified_live_wiki_generated_from_page_table,2026-03-14T00:00:00+00:00
LAB_RECOVERY_PACKAGE_CHANCE,Recovery Package Chance,1,0.2,percent,tables/cache/wiki/lab_recovery_package_chance.csv,bf473321f32799633733b5ad4a3fec967fab344fa95a8b6cb6d80527e4afeb54,2026-02-27T22:39:57.541066+00:00
LAB_RECOVERY_PACKAGE_CHANCE,Recovery Package Chance,2,0.4,percent,tables/cache/wiki/lab_recovery_package_chance.csv,bf473321f32799633733b5ad4a3fec967fab344fa95a8b6cb6d80527e4afeb54,2026-02-27T22:39:57.541066+00:00
LAB_RECOVERY_PACKAGE_CHANCE,Recovery Package Chance,3,0.6,percent,tables/cache/wiki/lab_recovery_package_chance.csv,bf473321f32799633733b5ad4a3fec967fab344fa95a8b6cb6d80527e4afeb54,2026-02-27T22:39:57.541066+00:00
LAB_RECOVERY_PACKAGE_CHANCE,Recovery Package Chance,4,0.8,percent,tables/cache/wiki/lab_recovery_package_chance.csv,bf473321f32799633733b5ad4a3fec967fab344fa95a8b6cb6d80527e4afeb54,2026-02-27T22:39:57.541066+00:00
LAB_RECOVERY_PACKAGE_CHANCE,Recovery Package Chance,5,1.0,percent,tables/cache/wiki/lab_recovery_package_chance.csv,bf473321f32799633733b5ad4a3fec967fab344fa95a8b6cb6d80527e4afeb54,2026-02-27T22:39:57.541066+00:00
LAB_RECOVERY_PACKAGE_CHANCE,Recovery Package Chance,6,1.2,percent,tables/cache/wiki/lab_recovery_package_chance.csv,bf473321f32799633733b5ad4a3fec967fab344fa95a8b6cb6d80527e4afeb54,2026-02-27T22:39:57.541066+00:00
LAB_RECOVERY_PACKAGE_CHANCE,Recovery Package Chance,7,1.4,percent,tables/cache/wiki/lab_recovery_package_chance.csv,bf473321f32799633733b5ad4a3fec967fab344fa95a8b6cb6d80527e4afeb54,2026-02-27T22:39:57.541066+00:00
LAB_RECOVERY_PACKAGE_CHANCE,Recovery Package Chance,8,1.6,percent,tables/cache/wiki/lab_recovery_package_chance.csv,bf473321f32799633733b5ad4a3fec967fab344fa95a8b6cb6d80527e4afeb54,2026-02-27T22:39:57.541066+00:00
LAB_RECOVERY_PACKAGE_CHANCE,Recovery Package Chance,9,1.8,percent,tables/cache/wiki/lab_recovery_package_chance.csv,bf473321f32799633733b5ad4a3fec967fab344fa95a8b6cb6d80527e4afeb54,2026-02-27T22:39:57.541066+00:00
LAB_RECOVERY_PACKAGE_CHANCE,Recovery Package Chance,10,2.0,percent,tables/cache/wiki/lab_recovery_package_chance.csv,bf473321f32799633733b5ad4a3fec967fab344fa95a8b6cb6d80527e4afeb54,2026-02-27T22:39:57.541066+00:00
LAB_RECOVERY_PACKAGE_CHANCE,Recovery Package Chance,11,2.2,percent,tables/cache/wiki/lab_recovery_package_chance.csv,bf473321f32799633733b5ad4a3fec967fab344fa95a8b6cb6d80527e4afeb54,2026-02-27T22:39:57.541066+00:00
LAB_RECOVERY_PACKAGE_CHANCE,Recovery Package Chance,12,2.4,percent,tables/cache/wiki/lab_recovery_package_chance.csv,bf473321f32799633733b5ad4a3fec967fab344fa95a8b6cb6d80527e4afeb54,2026-02-27T22:39:57.541066+00:00
LAB_RECOVERY_PACKAGE_CHANCE,Recovery Package Chance,13,2.6,percent,tables/cache/wiki/lab_recovery_package_chance.csv,bf473321f32799633733b5ad4a3fec967fab344fa95a8b6cb6d80527e4afeb54,2026-02-27T22:39:57.541066+00:00
LAB_RECOVERY_PACKAGE_CHANCE,Recovery Package Chance,14,2.8,percent,tables/cache/wiki/lab_recovery_package_chance.csv,bf473321f32799633733b5ad4a3fec967fab344fa95a8b6cb6d80527e4afeb54,2026-02-27T22:39:57.541066+00:00
LAB_RECOVERY_PACKAGE_CHANCE,Recovery Package Chance,15,3.0,percent,tables/cache/wiki/lab_recovery_package_chance.csv,bf473321f32799633733b5ad4a3fec967fab344fa95a8b6cb6d80527e4afeb54,2026-02-27T22:39:57.541066+00:00
LAB_RECOVERY_PACKAGE_CHANCE,Recovery Package Chance,16,3.2,percent,tables/cache/wiki/lab_recovery_package_chance.csv,bf473321f32799633733b5ad4a3fec967fab344fa95a8b6cb6d80527e4afeb54,2026-02-27T22:39:57.541066+00:00
LAB_RECOVERY_PACKAGE_CHANCE,Recovery Package Chance,17,3.4,percent,tables/cache/wiki/lab_recovery_package_chance.csv,bf473321f32799633733b5ad4a3fec967fab344fa95a8b6cb6d80527e4afeb54,2026-02-27T22:39:57.541066+00:00
LAB_RECOVERY_PACKAGE_CHANCE,Recovery Package Chance,18,3.6,percent,tables/cache/wiki/lab_recovery_package_chance.csv,bf473321f32799633733b5ad4a3fec967fab344fa95a8b6cb6d80527e4afeb54,2026-02-27T22:39:57.541066+00:00
LAB_RECOVERY_PACKAGE_CHANCE,Recovery Package Chance,19,3.8,percent,tables/cache/wiki/lab_recovery_package_chance.csv,bf473321f32799633733b5ad4a3fec967fab344fa95a8b6cb6d80527e4afeb54,2026-02-27T22:39:57.541066+00:00
LAB_RECOVERY_PACKAGE_CHANCE,Recovery Package Chance,20,4.0,percent,tables/cache/wiki/lab_recovery_package_chance.csv,bf473321f32799633733b5ad4a3fec967fab344fa95a8b6cb6d80527e4afeb54,2026-02-27T22:39:57.541066+00:00
LAB_WALL_HEALTH,Wall Health,1,2.0,percent,tables/cache/wiki/wall_lab_wall_health.csv,69667446bb7e12bf534412485af2762fa73396e4b6e14ed7c0df4887a63f13c4,2026-02-27T22:39:57.541066+00:00
LAB_WALL_HEALTH,Wall Health,2,4.0,percent,tables/cache/wiki/wall_lab_wall_health.csv,69667446bb7e12bf534412485af2762fa73396e4b6e14ed7c0df4887a63f13c4,2026-02-27T22:39:57.541066+00:00
LAB_WALL_HEALTH,Wall Health,3,6.0,percent,tables/cache/wiki/wall_lab_wall_health.csv,69667446bb7e12bf534412485af2762fa73396e4b6e14ed7c0df4887a63f13c4,2026-02-27T22:39:57.541066+00:00
LAB_WALL_HEALTH,Wall Health,4,8.0,percent,tables/cache/wiki/wall_lab_wall_health.csv,69667446bb7e12bf534412485af2762fa73396e4b6e14ed7c0df4887a63f13c4,2026-02-27T22:39:57.541066+00:00
LAB_WALL_HEALTH,Wall Health,5,10.0,percent,tables/cache/wiki/wall_lab_wall_health.csv,69667446bb7e12bf534412485af2762fa73396e4b6e14ed7c0df4887a63f13c4,2026-02-27T22:39:57.541066+00:00
LAB_WALL_HEALTH,Wall Health,6,12.0,percent,tables/cache/wiki/wall_lab_wall_health.csv,69667446bb7e12bf534412485af2762fa73396e4b6e14ed7c0df4887a63f13c4,2026-02-27T22:39:57.541066+00:00
LAB_WALL_HEALTH,Wall Health,7,14.0,percent,tables/cache/wiki/wall_lab_wall_health.csv,69667446bb7e12bf534412485af2762fa73396e4b6e14ed7c0df4887a63f13c4,2026-02-27T22:39:57.541066+00:00
LAB_WALL_HEALTH,Wall Health,8,16.0,percent,tables/cache/wiki/wall_lab_wall_health.csv,69667446bb7e12bf534412485af2762fa73396e4b6e14ed7c0df4887a63f13c4,2026-02-27T22:39:57.541066+00:00
LAB_WALL_HEALTH,Wall Health,9,18.0,percent,tables/cache/wiki/wall_lab_wall_health.csv,69667446bb7e12bf534412485af2762fa73396e4b6e14ed7c0df4887a63f13c4,2026-02-27T22:39:57.541066+00:00
LAB_WALL_HEALTH,Wall Health,10,20.0,percent,tables/cache/wiki/wall_lab_wall_health.csv,69667446bb7e12bf534412485af2762fa73396e4b6e14ed7c0df4887a63f13c4,2026-02-27T22:39:57.541066+00:00
LAB_WALL_HEALTH,Wall Health,11,22.0,percent,tables/cache/wiki/wall_lab_wall_health.csv,69667446bb7e12bf534412485af2762fa73396e4b6e14ed7c0df4887a63f13c4,2026-02-27T22:39:57.541066+00:00
LAB_WALL_HEALTH,Wall Health,12,24.0,percent,tables/cache/wiki/wall_lab_wall_health.csv,69667446bb7e12bf534412485af2762fa73396e4b6e14ed7c0df4887a63f13c4,2026-02-27T22:39:57.541066+00:00
LAB_WALL_HEALTH,Wall Health,13,26.0,percent,tables/cache/wiki/wall_lab_wall_health.csv,69667446bb7e12bf534412485af2762fa73396e4b6e14ed7c0df4887a63f13c4,2026-02-27T22:39:57.541066+00:00
LAB_WALL_HEALTH,Wall Health,14,28.0,percent,tables/cache/wiki/wall_lab_wall_health.csv,69667446bb7e12bf534412485af2762fa73396e4b6e14ed7c0df4887a63f13c4,2026-02-27T22:39:57.541066+00:00
LAB_WALL_HEALTH,Wall Health,15,30.0,percent,tables/cache/wiki/wall_lab_wall_health.csv,69667446bb7e12bf534412485af2762fa73396e4b6e14ed7c0df4887a63f13c4,2026-02-27T22:39:57.541066+00:00
LAB_WALL_HEALTH,Wall Health,16,32.0,percent,tables/cache/wiki/wall_lab_wall_health.csv,69667446bb7e12bf534412485af2762fa73396e4b6e14ed7c0df4887a63f13c4,2026-02-27T22:39:57.541066+00:00
LAB_WALL_HEALTH,Wall Health,17,34.0,percent,tables/cache/wiki/wall_lab_wall_health.csv,69667446bb7e12bf534412485af2762fa73396e4b6e14ed7c0df4887a63f13c4,2026-02-27T22:39:57.541066+00:00
LAB_WALL_HEALTH,Wall Health,18,36.0,percent,tables/cache/wiki/wall_lab_wall_health.csv,69667446bb7e12bf534412485af2762fa73396e4b6e14ed7c0df4887a63f13c4,2026-02-27T22:39:57.541066+00:00
LAB_WALL_HEALTH,Wall Health,19,38.0,percent,tables/cache/wiki/wall_lab_wall_health.csv,69667446bb7e12bf534412485af2762fa73396e4b6e14ed7c0df4887a63f13c4,2026-02-27T22:39:57.541066+00:00
LAB_WALL_HEALTH,Wall Health,20,40.0,percent,tables/cache/wiki/wall_lab_wall_health.csv,69667446bb7e12bf534412485af2762fa73396e4b6e14ed7c0df4887a63f13c4,2026-02-27T22:39:57.541066+00:00
LAB_WALL_HEALTH,Wall Health,21,42.0,percent,tables/cache/wiki/wall_lab_wall_health.csv,69667446bb7e12bf534412485af2762fa73396e4b6e14ed7c0df4887a63f13c4,2026-02-27T22:39:57.541066+00:00
LAB_WALL_HEALTH,Wall Health,22,44.0,percent,tables/cache/wiki/wall_lab_wall_health.csv,69667446bb7e12bf534412485af2762fa73396e4b6e14ed7c0df4887a63f13c4,2026-02-27T22:39:57.541066+00:00
LAB_WALL_HEALTH,Wall Health,23,46.0,percent,tables/cache/wiki/wall_lab_wall_health.csv,69667446bb7e12bf534412485af2762fa73396e4b6e14ed7c0df4887a63f13c4,2026-02-27T22:39:57.541066+00:00
LAB_WALL_HEALTH,Wall Health,24,48.0,percent,tables/cache/wiki/wall_lab_wall_health.csv,69667446bb7e12bf534412485af2762fa73396e4b6e14ed7c0df4887a63f13c4,2026-02-27T22:39:57.541066+00:00
LAB_WALL_HEALTH,Wall Health,25,50.0,percent,tables/cache/wiki/wall_lab_wall_health.csv,69667446bb7e12bf534412485af2762fa73396e4b6e14ed7c0df4887a63f13c4,2026-02-27T22:39:57.541066+00:00
LAB_WALL_HEALTH,Wall Health,26,52.0,percent,tables/cache/wiki/wall_lab_wall_health.csv,69667446bb7e12bf534412485af2762fa73396e4b6e14ed7c0df4887a63f13c4,2026-02-27T22:39:57.541066+00:00
LAB_WALL_HEALTH,Wall Health,27,54.0,percent,tables/cache/wiki/wall_lab_wall_health.csv,69667446bb7e12bf534412485af2762fa73396e4b6e14ed7c0df4887a63f13c4,2026-02-27T22:39:57.541066+00:00
LAB_WALL_HEALTH,Wall Health,28,56.0,percent,tables/cache/wiki/wall_lab_wall_health.csv,69667446bb7e12bf534412485af2762fa73396e4b6e14ed7c0df4887a63f13c4,2026-02-27T22:39:57.541066+00:00
LAB_WALL_HEALTH,Wall Health,29,58.0,percent,tables/cache/wiki/wall_lab_wall_health.csv,69667446bb7e12bf534412485af2762fa73396e4b6e14ed7c0df4887a63f13c4,2026-02-27T22:39:57.541066+00:00
LAB_WALL_HEALTH,Wall Health,30,60.0,percent,tables/cache/wiki/wall_lab_wall_health.csv,69667446bb7e12bf534412485af2762fa73396e4b6e14ed7c0df4887a63f13c4,2026-02-27T22:39:57.541066+00:00
LAB_WALL_HEALTH,Wall Health,31,62.0,percent,tables/cache/wiki/wall_lab_wall_health.csv,69667446bb7e12bf534412485af2762fa73396e4b6e14ed7c0df4887a63f13c4,2026-02-27T22:39:57.541066+00:00
LAB_WALL_HEALTH,Wall Health,32,64.0,percent,tables/cache/wiki/wall_lab_wall_health.csv,69667446bb7e12bf534412485af2762fa73396e4b6e14ed7c0df4887a63f13c4,2026-02-27T22:39:57.541066+00:00
LAB_WALL_HEALTH,Wall Health,33,66.0,percent,tables/cache/wiki/wall_lab_wall_health.csv,69667446bb7e12bf534412485af2762fa73396e4b6e14ed7c0df4887a63f13c4,2026-02-27T22:39:57.541066+00:00
LAB_WALL_HEALTH,Wall Health,34,68.0,percent,tables/cache/wiki/wall_lab_wall_health.csv,69667446bb7e12bf534412485af2762fa73396e4b6e14ed7c0df4887a63f13c4,2026-02-27T22:39:57.541066+00:00
LAB_WALL_HEALTH,Wall Health,35,70.0,percent,tables/cache/wiki/wall_lab_wall_health.csv,69667446bb7e12bf534412485af2762fa73396e4b6e14ed7c0df4887a63f13c4,2026-02-27T22:39:57.541066+00:00
LAB_WALL_HEALTH,Wall Health,36,72.0,percent,tables/cache/wiki/wall_lab_wall_health.csv,69667446bb7e12bf534412485af2762fa73396e4b6e14ed7c0df4887a63f13c4,2026-02-27T22:39:57.541066+00:00
LAB_WALL_HEALTH,Wall Health,37,74.0,percent,tables/cache/wiki/wall_lab_wall_health.csv,69667446bb7e12bf534412485af2762fa73396e4b6e14ed7c0df4887a63f13c4,2026-02-27T22:39:57.541066+00:00
LAB_WALL_HEALTH,Wall Health,38,76.0,percent,tables/cache/wiki/wall_lab_wall_health.csv,69667446bb7e12bf534412485af2762fa73396e4b6e14ed7c0df4887a63f13c4,2026-02-27T22:39:57.541066+00:00
LAB_WALL_HEALTH,Wall Health,39,78.0,percent,tables/cache/wiki/wall_lab_wall_health.csv,69667446bb7e12bf534412485af2762fa73396e4b6e14ed7c0df4887a63f13c4,2026-02-27T22:39:57.541066+00:00
LAB_WALL_HEALTH,Wall Health,40,80.0,percent,tables/cache/wiki/wall_lab_wall_health.csv,69667446bb7e12bf534412485af2762fa73396e4b6e14ed7c0df4887a63f13c4,2026-02-27T22:39:57.541066+00:00
LAB_WALL_HEALTH,Wall Health,41,82.0,percent,tables/cache/wiki/wall_lab_wall_health.csv,69667446bb7e12bf534412485af2762fa73396e4b6e14ed7c0df4887a63f13c4,2026-02-27T22:39:57.541066+00:00
LAB_WALL_HEALTH,Wall Health,42,84.0,percent,tables/cache/wiki/wall_lab_wall_health.csv,69667446bb7e12bf534412485af2762fa73396e4b6e14ed7c0df4887a63f13c4,2026-02-27T22:39:57.541066+00:00
LAB_WALL_HEALTH,Wall Health,43,86.0,percent,tables/cache/wiki/wall_lab_wall_health.csv,69667446bb7e12bf534412485af2762fa73396e4b6e14ed7c0df4887a63f13c4,2026-02-27T22:39:57.541066+00:00
LAB_WALL_HEALTH,Wall Health,44,88.0,percent,tables/cache/wiki/wall_lab_wall_health.csv,69667446bb7e12bf534412485af2762fa73396e4b6e14ed7c0df4887a63f13c4,2026-02-27T22:39:57.541066+00:00
LAB_WALL_HEALTH,Wall Health,45,90.0,percent,tables/cache/wiki/wall_lab_wall_health.csv,69667446bb7e12bf534412485af2762fa73396e4b6e14ed7c0df4887a63f13c4,2026-02-27T22:39:57.541066+00:00
LAB_WALL_HEALTH,Wall Health,46,92.0,percent,tables/cache/wiki/wall_lab_wall_health.csv,69667446bb7e12bf534412485af2762fa73396e4b6e14ed7c0df4887a63f13c4,2026-02-27T22:39:57.541066+00:00
LAB_WALL_HEALTH,Wall Health,47,94.0,percent,tables/cache/wiki/wall_lab_wall_health.csv,69667446bb7e12bf534412485af2762fa73396e4b6e14ed7c0df4887a63f13c4,2026-02-27T22:39:57.541066+00:00
LAB_WALL_HEALTH,Wall Health,48,96.0,percent,tables/cache/wiki/wall_lab_wall_health.csv,69667446bb7e12bf534412485af2762fa73396e4b6e14ed7c0df4887a63f13c4,2026-02-27T22:39:57.541066+00:00
LAB_WALL_HEALTH,Wall Health,49,98.0,percent,tables/cache/wiki/wall_lab_wall_health.csv,69667446bb7e12bf534412485af2762fa73396e4b6e14ed7c0df4887a63f13c4,2026-02-27T22:39:57.541066+00:00
LAB_WALL_HEALTH,Wall Health,50,100.0,percent,tables/cache/wiki/wall_lab_wall_health.csv,69667446bb7e12bf534412485af2762fa73396e4b6e14ed7c0df4887a63f13c4,2026-02-27T22:39:57.541066+00:00
LAB_WALL_REGEN,Wall Regen,1,10.0,percent,tables/cache/wiki/wall_lab_wall_regen.csv,d3593d8c27679130d20043388b163648dd0f7bec0b460c8cdd8ec4f92633402f,2026-02-27T22:39:57.541066+00:00
LAB_WALL_REGEN,Wall Regen,2,20.0,percent,tables/cache/wiki/wall_lab_wall_regen.csv,d3593d8c27679130d20043388b163648dd0f7bec0b460c8cdd8ec4f92633402f,2026-02-27T22:39:57.541066+00:00
LAB_WALL_REGEN,Wall Regen,3,30.0,percent,tables/cache/wiki/wall_lab_wall_regen.csv,d3593d8c27679130d20043388b163648dd0f7bec0b460c8cdd8ec4f92633402f,2026-02-27T22:39:57.541066+00:00
LAB_WALL_REGEN,Wall Regen,4,40.0,percent,tables/cache/wiki/wall_lab_wall_regen.csv,d3593d8c27679130d20043388b163648dd0f7bec0b460c8cdd8ec4f92633402f,2026-02-27T22:39:57.541066+00:00
LAB_WALL_REGEN,Wall Regen,5,50.0,percent,tables/cache/wiki/wall_lab_wall_regen.csv,d3593d8c27679130d20043388b163648dd0f7bec0b460c8cdd8ec4f92633402f,2026-02-27T22:39:57.541066+00:00
LAB_WALL_REGEN,Wall Regen,6,60.0,percent,tables/cache/wiki/wall_lab_wall_regen.csv,d3593d8c27679130d20043388b163648dd0f7bec0b460c8cdd8ec4f92633402f,2026-02-27T22:39:57.541066+00:00
LAB_WALL_REGEN,Wall Regen,7,70.0,percent,tables/cache/wiki/wall_lab_wall_regen.csv,d3593d8c27679130d20043388b163648dd0f7bec0b460c8cdd8ec4f92633402f,2026-02-27T22:39:57.541066+00:00
LAB_WALL_REGEN,Wall Regen,8,80.0,percent,tables/cache/wiki/wall_lab_wall_regen.csv,d3593d8c27679130d20043388b163648dd0f7bec0b460c8cdd8ec4f92633402f,2026-02-27T22:39:57.541066+00:00
LAB_WALL_REGEN,Wall Regen,9,90.0,percent,tables/cache/wiki/wall_lab_wall_regen.csv,d3593d8c27679130d20043388b163648dd0f7bec0b460c8cdd8ec4f92633402f,2026-02-27T22:39:57.541066+00:00
LAB_WALL_REGEN,Wall Regen,10,100.0,percent,tables/cache/wiki/wall_lab_wall_regen.csv,d3593d8c27679130d20043388b163648dd0f7bec0b460c8cdd8ec4f92633402f,2026-02-27T22:39:57.541066+00:00
LAB_WALL_REGEN,Wall Regen,11,110.0,percent,tables/cache/wiki/wall_lab_wall_regen.csv,d3593d8c27679130d20043388b163648dd0f7bec0b460c8cdd8ec4f92633402f,2026-02-27T22:39:57.541066+00:00
LAB_WALL_REGEN,Wall Regen,12,120.0,percent,tables/cache/wiki/wall_lab_wall_regen.csv,d3593d8c27679130d20043388b163648dd0f7bec0b460c8cdd8ec4f92633402f,2026-02-27T22:39:57.541066+00:00
LAB_WALL_REGEN,Wall Regen,13,130.0,percent,tables/cache/wiki/wall_lab_wall_regen.csv,d3593d8c27679130d20043388b163648dd0f7bec0b460c8cdd8ec4f92633402f,2026-02-27T22:39:57.541066+00:00
LAB_WALL_REGEN,Wall Regen,14,140.0,percent,tables/cache/wiki/wall_lab_wall_regen.csv,d3593d8c27679130d20043388b163648dd0f7bec0b460c8cdd8ec4f92633402f,2026-02-27T22:39:57.541066+00:00
LAB_WALL_REGEN,Wall Regen,15,150.0,percent,tables/cache/wiki/wall_lab_wall_regen.csv,d3593d8c27679130d20043388b163648dd0f7bec0b460c8cdd8ec4f92633402f,2026-02-27T22:39:57.541066+00:00
LAB_WALL_REGEN,Wall Regen,16,160.0,percent,tables/cache/wiki/wall_lab_wall_regen.csv,d3593d8c27679130d20043388b163648dd0f7bec0b460c8cdd8ec4f92633402f,2026-02-27T22:39:57.541066+00:00
LAB_WALL_REGEN,Wall Regen,17,170.0,percent,tables/cache/wiki/wall_lab_wall_regen.csv,d3593d8c27679130d20043388b163648dd0f7bec0b460c8cdd8ec4f92633402f,2026-02-27T22:39:57.541066+00:00
LAB_WALL_REGEN,Wall Regen,18,180.0,percent,tables/cache/wiki/wall_lab_wall_regen.csv,d3593d8c27679130d20043388b163648dd0f7bec0b460c8cdd8ec4f92633402f,2026-02-27T22:39:57.541066+00:00
LAB_WALL_REGEN,Wall Regen,19,190.0,percent,tables/cache/wiki/wall_lab_wall_regen.csv,d3593d8c27679130d20043388b163648dd0f7bec0b460c8cdd8ec4f92633402f,2026-02-27T22:39:57.541066+00:00
LAB_WALL_REGEN,Wall Regen,20,200.0,percent,tables/cache/wiki/wall_lab_wall_regen.csv,d3593d8c27679130d20043388b163648dd0f7bec0b460c8cdd8ec4f92633402f,2026-02-27T22:39:57.541066+00:00
LAB_WALL_REGEN,Wall Regen,21,210.0,percent,tables/cache/wiki/wall_lab_wall_regen.csv,d3593d8c27679130d20043388b163648dd0f7bec0b460c8cdd8ec4f92633402f,2026-02-27T22:39:57.541066+00:00
LAB_WALL_REGEN,Wall Regen,22,220.0,percent,tables/cache/wiki/wall_lab_wall_regen.csv,d3593d8c27679130d20043388b163648dd0f7bec0b460c8cdd8ec4f92633402f,2026-02-27T22:39:57.541066+00:00
LAB_WALL_REGEN,Wall Regen,23,230.0,percent,tables/cache/wiki/wall_lab_wall_regen.csv,d3593d8c27679130d20043388b163648dd0f7bec0b460c8cdd8ec4f92633402f,2026-02-27T22:39:57.541066+00:00
LAB_WALL_REGEN,Wall Regen,24,240.0,percent,tables/cache/wiki/wall_lab_wall_regen.csv,d3593d8c27679130d20043388b163648dd0f7bec0b460c8cdd8ec4f92633402f,2026-02-27T22:39:57.541066+00:00
LAB_WALL_REGEN,Wall Regen,25,250.0,percent,tables/cache/wiki/wall_lab_wall_regen.csv,d3593d8c27679130d20043388b163648dd0f7bec0b460c8cdd8ec4f92633402f,2026-02-27T22:39:57.541066+00:00
LAB_WALL_REGEN,Wall Regen,26,260.0,percent,tables/cache/wiki/wall_lab_wall_regen.csv,d3593d8c27679130d20043388b163648dd0f7bec0b460c8cdd8ec4f92633402f,2026-02-27T22:39:57.541066+00:00
LAB_WALL_REGEN,Wall Regen,27,270.0,percent,tables/cache/wiki/wall_lab_wall_regen.csv,d3593d8c27679130d20043388b163648dd0f7bec0b460c8cdd8ec4f92633402f,2026-02-27T22:39:57.541066+00:00
LAB_WALL_REGEN,Wall Regen,28,280.0,percent,tables/cache/wiki/wall_lab_wall_regen.csv,d3593d8c27679130d20043388b163648dd0f7bec0b460c8cdd8ec4f92633402f,2026-02-27T22:39:57.541066+00:00
LAB_WALL_REGEN,Wall Regen,29,290.0,percent,tables/cache/wiki/wall_lab_wall_regen.csv,d3593d8c27679130d20043388b163648dd0f7bec0b460c8cdd8ec4f92633402f,2026-02-27T22:39:57.541066+00:00
LAB_WALL_REGEN,Wall Regen,30,300.0,percent,tables/cache/wiki/wall_lab_wall_regen.csv,d3593d8c27679130d20043388b163648dd0f7bec0b460c8cdd8ec4f92633402f,2026-02-27T22:39:57.541066+00:00
LAB_WAVES_REQUIRED,Waves Required,1,-1.0,raw_number,tables/cache/wiki/lab_waves_required.csv,e11a0de5f3f2a0c4d62625f4682df6e70ee4e60fa08fc09423b82984bf71f677,2026-02-27T22:41:39.340453+00:00
LAB_WAVES_REQUIRED,Waves Required,2,-2.0,raw_number,tables/cache/wiki/lab_waves_required.csv,e11a0de5f3f2a0c4d62625f4682df6e70ee4e60fa08fc09423b82984bf71f677,2026-02-27T22:41:39.340453+00:00
LAB_WAVES_REQUIRED,Waves Required,3,-3.0,raw_number,tables/cache/wiki/lab_waves_required.csv,e11a0de5f3f2a0c4d62625f4682df6e70ee4e60fa08fc09423b82984bf71f677,2026-02-27T22:41:39.340453+00:00
LAB_WAVES_REQUIRED,Waves Required,4,-4.0,raw_number,tables/cache/wiki/lab_waves_required.csv,e11a0de5f3f2a0c4d62625f4682df6e70ee4e60fa08fc09423b82984bf71f677,2026-02-27T22:41:39.340453+00:00
LAB_WAVES_REQUIRED,Waves Required,5,-5.0,raw_number,tables/cache/wiki/lab_waves_required.csv,e11a0de5f3f2a0c4d62625f4682df6e70ee4e60fa08fc09423b82984bf71f677,2026-02-27T22:41:39.340453+00:00
LAB_WAVES_REQUIRED,Waves Required,6,-6.0,raw_number,tables/cache/wiki/lab_waves_required.csv,e11a0de5f3f2a0c4d62625f4682df6e70ee4e60fa08fc09423b82984bf71f677,2026-02-27T22:41:39.340453+00:00
LAB_WAVES_REQUIRED,Waves Required,7,-7.0,raw_number,tables/cache/wiki/lab_waves_required.csv,e11a0de5f3f2a0c4d62625f4682df6e70ee4e60fa08fc09423b82984bf71f677,2026-02-27T22:41:39.340453+00:00
LAB_WAVES_REQUIRED,Waves Required,8,-8.0,raw_number,tables/cache/wiki/lab_waves_required.csv,e11a0de5f3f2a0c4d62625f4682df6e70ee4e60fa08fc09423b82984bf71f677,2026-02-27T22:41:39.340453+00:00
LAB_WAVES_REQUIRED,Waves Required,9,-9.0,raw_number,tables/cache/wiki/lab_waves_required.csv,e11a0de5f3f2a0c4d62625f4682df6e70ee4e60fa08fc09423b82984bf71f677,2026-02-27T22:41:39.340453+00:00
LAB_WAVES_REQUIRED,Waves Required,10,-10.0,raw_number,tables/cache/wiki/lab_waves_required.csv,e11a0de5f3f2a0c4d62625f4682df6e70ee4e60fa08fc09423b82984bf71f677,2026-02-27T22:41:39.340453+00:00
LAB_WAVES_REQUIRED,Waves Required,11,-11.0,raw_number,tables/cache/wiki/lab_waves_required.csv,e11a0de5f3f2a0c4d62625f4682df6e70ee4e60fa08fc09423b82984bf71f677,2026-02-27T22:41:39.340453+00:00
LAB_WAVES_REQUIRED,Waves Required,12,-12.0,raw_number,tables/cache/wiki/lab_waves_required.csv,e11a0de5f3f2a0c4d62625f4682df6e70ee4e60fa08fc09423b82984bf71f677,2026-02-27T22:41:39.340453+00:00
LAB_WAVES_REQUIRED,Waves Required,13,-13.0,raw_number,tables/cache/wiki/lab_waves_required.csv,e11a0de5f3f2a0c4d62625f4682df6e70ee4e60fa08fc09423b82984bf71f677,2026-02-27T22:41:39.340453+00:00
LAB_WAVES_REQUIRED,Waves Required,14,-14.0,raw_number,tables/cache/wiki/lab_waves_required.csv,e11a0de5f3f2a0c4d62625f4682df6e70ee4e60fa08fc09423b82984bf71f677,2026-02-27T22:41:39.340453+00:00
LAB_WAVES_REQUIRED,Waves Required,15,-15.0,raw_number,tables/cache/wiki/lab_waves_required.csv,e11a0de5f3f2a0c4d62625f4682df6e70ee4e60fa08fc09423b82984bf71f677,2026-02-27T22:41:39.340453+00:00
LAB_WAVES_REQUIRED,Waves Required,16,-16.0,raw_number,tables/cache/wiki/lab_waves_required.csv,e11a0de5f3f2a0c4d62625f4682df6e70ee4e60fa08fc09423b82984bf71f677,2026-02-27T22:41:39.340453+00:00
LAB_WAVES_REQUIRED,Waves Required,17,-17.0,raw_number,tables/cache/wiki/lab_waves_required.csv,e11a0de5f3f2a0c4d62625f4682df6e70ee4e60fa08fc09423b82984bf71f677,2026-02-27T22:41:39.340453+00:00
LAB_WAVES_REQUIRED,Waves Required,18,-18.0,raw_number,tables/cache/wiki/lab_waves_required.csv,e11a0de5f3f2a0c4d62625f4682df6e70ee4e60fa08fc09423b82984bf71f677,2026-02-27T22:41:39.340453+00:00
LAB_WAVES_REQUIRED,Waves Required,19,-19.0,raw_number,tables/cache/wiki/lab_waves_required.csv,e11a0de5f3f2a0c4d62625f4682df6e70ee4e60fa08fc09423b82984bf71f677,2026-02-27T22:41:39.340453+00:00
LAB_WAVES_REQUIRED,Waves Required,20,-20.0,raw_number,tables/cache/wiki/lab_waves_required.csv,e11a0de5f3f2a0c4d62625f4682df6e70ee4e60fa08fc09423b82984bf71f677,2026-02-27T22:41:39.340453+00:00
LAB_WAVES_REQUIRED,Waves Required,21,-21.0,raw_number,tables/cache/wiki/lab_waves_required.csv,e11a0de5f3f2a0c4d62625f4682df6e70ee4e60fa08fc09423b82984bf71f677,2026-02-27T22:41:39.340453+00:00
LAB_WAVES_REQUIRED,Waves Required,22,-22.0,raw_number,tables/cache/wiki/lab_waves_required.csv,e11a0de5f3f2a0c4d62625f4682df6e70ee4e60fa08fc09423b82984bf71f677,2026-02-27T22:41:39.340453+00:00
LAB_WAVES_REQUIRED,Waves Required,23,-23.0,raw_number,tables/cache/wiki/lab_waves_required.csv,e11a0de5f3f2a0c4d62625f4682df6e70ee4e60fa08fc09423b82984bf71f677,2026-02-27T22:41:39.340453+00:00
LAB_WAVES_REQUIRED,Waves Required,24,-24.0,raw_number,tables/cache/wiki/lab_waves_required.csv,e11a0de5f3f2a0c4d62625f4682df6e70ee4e60fa08fc09423b82984bf71f677,2026-02-27T22:41:39.340453+00:00
LAB_WAVES_REQUIRED,Waves Required,25,-25.0,raw_number,tables/cache/wiki/lab_waves_required.csv,e11a0de5f3f2a0c4d62625f4682df6e70ee4e60fa08fc09423b82984bf71f677,2026-02-27T22:41:39.340453+00:00
LAB_WAVES_REQUIRED,Waves Required,26,-26.0,raw_number,tables/cache/wiki/lab_waves_required.csv,e11a0de5f3f2a0c4d62625f4682df6e70ee4e60fa08fc09423b82984bf71f677,2026-02-27T22:41:39.340453+00:00
LAB_WAVES_REQUIRED,Waves Required,27,-27.0,raw_number,tables/cache/wiki/lab_waves_required.csv,e11a0de5f3f2a0c4d62625f4682df6e70ee4e60fa08fc09423b82984bf71f677,2026-02-27T22:41:39.340453+00:00
LAB_WAVES_REQUIRED,Waves Required,28,-28.0,raw_number,tables/cache/wiki/lab_waves_required.csv,e11a0de5f3f2a0c4d62625f4682df6e70ee4e60fa08fc09423b82984bf71f677,2026-02-27T22:41:39.340453+00:00
LAB_WAVES_REQUIRED,Waves Required,29,-29.0,raw_number,tables/cache/wiki/lab_waves_required.csv,e11a0de5f3f2a0c4d62625f4682df6e70ee4e60fa08fc09423b82984bf71f677,2026-02-27T22:41:39.340453+00:00
LAB_WAVES_REQUIRED,Waves Required,30,-30.0,raw_number,tables/cache/wiki/lab_waves_required.csv,e11a0de5f3f2a0c4d62625f4682df6e70ee4e60fa08fc09423b82984bf71f677,2026-02-27T22:41:39.340453+00:00
LAB_WAVES_REQUIRED,Waves Required,31,-31.0,raw_number,tables/cache/wiki/lab_waves_required.csv,e11a0de5f3f2a0c4d62625f4682df6e70ee4e60fa08fc09423b82984bf71f677,2026-02-27T22:41:39.340453+00:00
LAB_WAVES_REQUIRED,Waves Required,32,-32.0,raw_number,tables/cache/wiki/lab_waves_required.csv,e11a0de5f3f2a0c4d62625f4682df6e70ee4e60fa08fc09423b82984bf71f677,2026-02-27T22:41:39.340453+00:00
LAB_WAVES_REQUIRED,Waves Required,33,-33.0,raw_number,tables/cache/wiki/lab_waves_required.csv,e11a0de5f3f2a0c4d62625f4682df6e70ee4e60fa08fc09423b82984bf71f677,2026-02-27T22:41:39.340453+00:00
LAB_WAVES_REQUIRED,Waves Required,34,-34.0,raw_number,tables/cache/wiki/lab_waves_required.csv,e11a0de5f3f2a0c4d62625f4682df6e70ee4e60fa08fc09423b82984bf71f677,2026-02-27T22:41:39.340453+00:00
LAB_WAVES_REQUIRED,Waves Required,35,-35.0,raw_number,tables/cache/wiki/lab_waves_required.csv,e11a0de5f3f2a0c4d62625f4682df6e70ee4e60fa08fc09423b82984bf71f677,2026-02-27T22:41:39.340453+00:00
LAB_WAVES_REQUIRED,Waves Required,36,-36.0,raw_number,tables/cache/wiki/lab_waves_required.csv,e11a0de5f3f2a0c4d62625f4682df6e70ee4e60fa08fc09423b82984bf71f677,2026-02-27T22:41:39.340453+00:00
LAB_WAVES_REQUIRED,Waves Required,37,-37.0,raw_number,tables/cache/wiki/lab_waves_required.csv,e11a0de5f3f2a0c4d62625f4682df6e70ee4e60fa08fc09423b82984bf71f677,2026-02-27T22:41:39.340453+00:00
LAB_WAVES_REQUIRED,Waves Required,38,-38.0,raw_number,tables/cache/wiki/lab_waves_required.csv,e11a0de5f3f2a0c4d62625f4682df6e70ee4e60fa08fc09423b82984bf71f677,2026-02-27T22:41:39.340453+00:00
LAB_WAVES_REQUIRED,Waves Required,39,-39.0,raw_number,tables/cache/wiki/lab_waves_required.csv,e11a0de5f3f2a0c4d62625f4682df6e70ee4e60fa08fc09423b82984bf71f677,2026-02-27T22:41:39.340453+00:00
LAB_WAVES_REQUIRED,Waves Required,40,-40.0,raw_number,tables/cache/wiki/lab_waves_required.csv,e11a0de5f3f2a0c4d62625f4682df6e70ee4e60fa08fc09423b82984bf71f677,2026-02-27T22:41:39.340453+00:00
LAB_WAVES_REQUIRED,Waves Required,41,-41.0,raw_number,tables/cache/wiki/lab_waves_required.csv,e11a0de5f3f2a0c4d62625f4682df6e70ee4e60fa08fc09423b82984bf71f677,2026-02-27T22:41:39.340453+00:00
LAB_WAVES_REQUIRED,Waves Required,42,-42.0,raw_number,tables/cache/wiki/lab_waves_required.csv,e11a0de5f3f2a0c4d62625f4682df6e70ee4e60fa08fc09423b82984bf71f677,2026-02-27T22:41:39.340453+00:00
LAB_WAVES_REQUIRED,Waves Required,43,-43.0,raw_number,tables/cache/wiki/lab_waves_required.csv,e11a0de5f3f2a0c4d62625f4682df6e70ee4e60fa08fc09423b82984bf71f677,2026-02-27T22:41:39.340453+00:00
LAB_WAVES_REQUIRED,Waves Required,44,-44.0,raw_number,tables/cache/wiki/lab_waves_required.csv,e11a0de5f3f2a0c4d62625f4682df6e70ee4e60fa08fc09423b82984bf71f677,2026-02-27T22:41:39.340453+00:00
LAB_WAVES_REQUIRED,Waves Required,45,-45.0,raw_number,tables/cache/wiki/lab_waves_required.csv,e11a0de5f3f2a0c4d62625f4682df6e70ee4e60fa08fc09423b82984bf71f677,2026-02-27T22:41:39.340453+00:00
LAB_WAVES_REQUIRED,Waves Required,46,-46.0,raw_number,tables/cache/wiki/lab_waves_required.csv,e11a0de5f3f2a0c4d62625f4682df6e70ee4e60fa08fc09423b82984bf71f677,2026-02-27T22:41:39.340453+00:00
LAB_WAVES_REQUIRED,Waves Required,47,-47.0,raw_number,tables/cache/wiki/lab_waves_required.csv,e11a0de5f3f2a0c4d62625f4682df6e70ee4e60fa08fc09423b82984bf71f677,2026-02-27T22:41:39.340453+00:00
LAB_WAVES_REQUIRED,Waves Required,48,-48.0,raw_number,tables/cache/wiki/lab_waves_required.csv,e11a0de5f3f2a0c4d62625f4682df6e70ee4e60fa08fc09423b82984bf71f677,2026-02-27T22:41:39.340453+00:00
LAB_WAVES_REQUIRED,Waves Required,49,-49.0,raw_number,tables/cache/wiki/lab_waves_required.csv,e11a0de5f3f2a0c4d62625f4682df6e70ee4e60fa08fc09423b82984bf71f677,2026-02-27T22:41:39.340453+00:00
LAB_WAVES_REQUIRED,Waves Required,50,-50.0,raw_number,tables/cache/wiki/lab_waves_required.csv,e11a0de5f3f2a0c4d62625f4682df6e70ee4e60fa08fc09423b82984bf71f677,2026-02-27T22:41:39.340453+00:00
LAB_WAVES_REQUIRED,Waves Required,51,-51.0,raw_number,tables/cache/wiki/lab_waves_required.csv,e11a0de5f3f2a0c4d62625f4682df6e70ee4e60fa08fc09423b82984bf71f677,2026-02-27T22:41:39.340453+00:00
LAB_WAVES_REQUIRED,Waves Required,52,-52.0,raw_number,tables/cache/wiki/lab_waves_required.csv,e11a0de5f3f2a0c4d62625f4682df6e70ee4e60fa08fc09423b82984bf71f677,2026-02-27T22:41:39.340453+00:00
LAB_WAVES_REQUIRED,Waves Required,53,-53.0,raw_number,tables/cache/wiki/lab_waves_required.csv,e11a0de5f3f2a0c4d62625f4682df6e70ee4e60fa08fc09423b82984bf71f677,2026-02-27T22:41:39.340453+00:00
LAB_WAVES_REQUIRED,Waves Required,54,-54.0,raw_number,tables/cache/wiki/lab_waves_required.csv,e11a0de5f3f2a0c4d62625f4682df6e70ee4e60fa08fc09423b82984bf71f677,2026-02-27T22:41:39.340453+00:00
LAB_WAVES_REQUIRED,Waves Required,55,-55.0,raw_number,tables/cache/wiki/lab_waves_required.csv,e11a0de5f3f2a0c4d62625f4682df6e70ee4e60fa08fc09423b82984bf71f677,2026-02-27T22:41:39.340453+00:00
LAB_WAVES_REQUIRED,Waves Required,56,-56.0,raw_number,tables/cache/wiki/lab_waves_required.csv,e11a0de5f3f2a0c4d62625f4682df6e70ee4e60fa08fc09423b82984bf71f677,2026-02-27T22:41:39.340453+00:00
LAB_WAVES_REQUIRED,Waves Required,57,-57.0,raw_number,tables/cache/wiki/lab_waves_required.csv,e11a0de5f3f2a0c4d62625f4682df6e70ee4e60fa08fc09423b82984bf71f677,2026-02-27T22:41:39.340453+00:00
LAB_WAVES_REQUIRED,Waves Required,58,-58.0,raw_number,tables/cache/wiki/lab_waves_required.csv,e11a0de5f3f2a0c4d62625f4682df6e70ee4e60fa08fc09423b82984bf71f677,2026-02-27T22:41:39.340453+00:00
LAB_WAVES_REQUIRED,Waves Required,59,-59.0,raw_number,tables/cache/wiki/lab_waves_required.csv,e11a0de5f3f2a0c4d62625f4682df6e70ee4e60fa08fc09423b82984bf71f677,2026-02-27T22:41:39.340453+00:00
LAB_WAVES_REQUIRED,Waves Required,60,-60.0,raw_number,tables/cache/wiki/lab_waves_required.csv,e11a0de5f3f2a0c4d62625f4682df6e70ee4e60fa08fc09423b82984bf71f677,2026-02-27T22:41:39.340453+00:00
LAB_WAVES_REQUIRED,Waves Required,61,-61.0,raw_number,tables/cache/wiki/lab_waves_required.csv,e11a0de5f3f2a0c4d62625f4682df6e70ee4e60fa08fc09423b82984bf71f677,2026-02-27T22:41:39.340453+00:00
LAB_WAVES_REQUIRED,Waves Required,62,-62.0,raw_number,tables/cache/wiki/lab_waves_required.csv,e11a0de5f3f2a0c4d62625f4682df6e70ee4e60fa08fc09423b82984bf71f677,2026-02-27T22:41:39.340453+00:00
LAB_WAVES_REQUIRED,Waves Required,63,-63.0,raw_number,tables/cache/wiki/lab_waves_required.csv,e11a0de5f3f2a0c4d62625f4682df6e70ee4e60fa08fc09423b82984bf71f677,2026-02-27T22:41:39.340453+00:00
LAB_WAVES_REQUIRED,Waves Required,64,-64.0,raw_number,tables/cache/wiki/lab_waves_required.csv,e11a0de5f3f2a0c4d62625f4682df6e70ee4e60fa08fc09423b82984bf71f677,2026-02-27T22:41:39.340453+00:00
LAB_WAVES_REQUIRED,Waves Required,65,-65.0,raw_number,tables/cache/wiki/lab_waves_required.csv,e11a0de5f3f2a0c4d62625f4682df6e70ee4e60fa08fc09423b82984bf71f677,2026-02-27T22:41:39.340453+00:00
LAB_WAVES_REQUIRED,Waves Required,66,-66.0,raw_number,tables/cache/wiki/lab_waves_required.csv,e11a0de5f3f2a0c4d62625f4682df6e70ee4e60fa08fc09423b82984bf71f677,2026-02-27T22:41:39.340453+00:00
LAB_WAVES_REQUIRED,Waves Required,67,-67.0,raw_number,tables/cache/wiki/lab_waves_required.csv,e11a0de5f3f2a0c4d62625f4682df6e70ee4e60fa08fc09423b82984bf71f677,2026-02-27T22:41:39.340453+00:00
LAB_WAVES_REQUIRED,Waves Required,68,-68.0,raw_number,tables/cache/wiki/lab_waves_required.csv,e11a0de5f3f2a0c4d62625f4682df6e70ee4e60fa08fc09423b82984bf71f677,2026-02-27T22:41:39.340453+00:00
LAB_WAVES_REQUIRED,Waves Required,69,-69.0,raw_number,tables/cache/wiki/lab_waves_required.csv,e11a0de5f3f2a0c4d62625f4682df6e70ee4e60fa08fc09423b82984bf71f677,2026-02-27T22:41:39.340453+00:00
LAB_WAVES_REQUIRED,Waves Required,70,-70.0,raw_number,tables/cache/wiki/lab_waves_required.csv,e11a0de5f3f2a0c4d62625f4682df6e70ee4e60fa08fc09423b82984bf71f677,2026-02-27T22:41:39.340453+00:00
LAB_WAVES_REQUIRED,Waves Required,71,-71.0,raw_number,tables/cache/wiki/lab_waves_required.csv,e11a0de5f3f2a0c4d62625f4682df6e70ee4e60fa08fc09423b82984bf71f677,2026-02-27T22:41:39.340453+00:00
LAB_WAVES_REQUIRED,Waves Required,72,-72.0,raw_number,tables/cache/wiki/lab_waves_required.csv,e11a0de5f3f2a0c4d62625f4682df6e70ee4e60fa08fc09423b82984bf71f677,2026-02-27T22:41:39.340453+00:00
LAB_WAVES_REQUIRED,Waves Required,73,-73.0,raw_number,tables/cache/wiki/lab_waves_required.csv,e11a0de5f3f2a0c4d62625f4682df6e70ee4e60fa08fc09423b82984bf71f677,2026-02-27T22:41:39.340453+00:00
LAB_WAVES_REQUIRED,Waves Required,74,-74.0,raw_number,tables/cache/wiki/lab_waves_required.csv,e11a0de5f3f2a0c4d62625f4682df6e70ee4e60fa08fc09423b82984bf71f677,2026-02-27T22:41:39.340453+00:00
LAB_WAVES_REQUIRED,Waves Required,75,-75.0,raw_number,tables/cache/wiki/lab_waves_required.csv,e11a0de5f3f2a0c4d62625f4682df6e70ee4e60fa08fc09423b82984bf71f677,2026-02-27T22:41:39.340453+00:00
LAB_WAVES_REQUIRED,Waves Required,76,-76.0,raw_number,tables/cache/wiki/lab_waves_required.csv,e11a0de5f3f2a0c4d62625f4682df6e70ee4e60fa08fc09423b82984bf71f677,2026-02-27T22:41:39.340453+00:00
LAB_WAVES_REQUIRED,Waves Required,77,-77.0,raw_number,tables/cache/wiki/lab_waves_required.csv,e11a0de5f3f2a0c4d62625f4682df6e70ee4e60fa08fc09423b82984bf71f677,2026-02-27T22:41:39.340453+00:00
LAB_WAVES_REQUIRED,Waves Required,78,-78.0,raw_number,tables/cache/wiki/lab_waves_required.csv,e11a0de5f3f2a0c4d62625f4682df6e70ee4e60fa08fc09423b82984bf71f677,2026-02-27T22:41:39.340453+00:00
LAB_WAVES_REQUIRED,Waves Required,79,-79.0,raw_number,tables/cache/wiki/lab_waves_required.csv,e11a0de5f3f2a0c4d62625f4682df6e70ee4e60fa08fc09423b82984bf71f677,2026-02-27T22:41:39.340453+00:00
LAB_WAVES_REQUIRED,Waves Required,80,-80.0,raw_number,tables/cache/wiki/lab_waves_required.csv,e11a0de5f3f2a0c4d62625f4682df6e70ee4e60fa08fc09423b82984bf71f677,2026-02-27T22:41:39.340453+00:00
LAB_WAVES_REQUIRED,Waves Required,81,-81.0,raw_number,tables/cache/wiki/lab_waves_required.csv,e11a0de5f3f2a0c4d62625f4682df6e70ee4e60fa08fc09423b82984bf71f677,2026-02-27T22:41:39.340453+00:00
LAB_WAVES_REQUIRED,Waves Required,82,-82.0,raw_number,tables/cache/wiki/lab_waves_required.csv,e11a0de5f3f2a0c4d62625f4682df6e70ee4e60fa08fc09423b82984bf71f677,2026-02-27T22:41:39.340453+00:00
LAB_WAVES_REQUIRED,Waves Required,83,-83.0,raw_number,tables/cache/wiki/lab_waves_required.csv,e11a0de5f3f2a0c4d62625f4682df6e70ee4e60fa08fc09423b82984bf71f677,2026-02-27T22:41:39.340453+00:00
LAB_WAVES_REQUIRED,Waves Required,84,-84.0,raw_number,tables/cache/wiki/lab_waves_required.csv,e11a0de5f3f2a0c4d62625f4682df6e70ee4e60fa08fc09423b82984bf71f677,2026-02-27T22:41:39.340453+00:00
LAB_WAVES_REQUIRED,Waves Required,85,-85.0,raw_number,tables/cache/wiki/lab_waves_required.csv,e11a0de5f3f2a0c4d62625f4682df6e70ee4e60fa08fc09423b82984bf71f677,2026-02-27T22:41:39.340453+00:00
LAB_WAVES_REQUIRED,Waves Required,86,-86.0,raw_number,tables/cache/wiki/lab_waves_required.csv,e11a0de5f3f2a0c4d62625f4682df6e70ee4e60fa08fc09423b82984bf71f677,2026-02-27T22:41:39.340453+00:00
LAB_WAVES_REQUIRED,Waves Required,87,-87.0,raw_number,tables/cache/wiki/lab_waves_required.csv,e11a0de5f3f2a0c4d62625f4682df6e70ee4e60fa08fc09423b82984bf71f677,2026-02-27T22:41:39.340453+00:00
LAB_WAVES_REQUIRED,Waves Required,88,-88.0,raw_number,tables/cache/wiki/lab_waves_required.csv,e11a0de5f3f2a0c4d62625f4682df6e70ee4e60fa08fc09423b82984bf71f677,2026-02-27T22:41:39.340453+00:00
LAB_WAVES_REQUIRED,Waves Required,89,-89.0,raw_number,tables/cache/wiki/lab_waves_required.csv,e11a0de5f3f2a0c4d62625f4682df6e70ee4e60fa08fc09423b82984bf71f677,2026-02-27T22:41:39.340453+00:00
LAB_WAVES_REQUIRED,Waves Required,90,-90.0,raw_number,tables/cache/wiki/lab_waves_required.csv,e11a0de5f3f2a0c4d62625f4682df6e70ee4e60fa08fc09423b82984bf71f677,2026-02-27T22:41:39.340453+00:00
LAB_WAVES_REQUIRED,Waves Required,91,-91.0,raw_number,tables/cache/wiki/lab_waves_required.csv,e11a0de5f3f2a0c4d62625f4682df6e70ee4e60fa08fc09423b82984bf71f677,2026-02-27T22:41:39.340453+00:00
LAB_WAVES_REQUIRED,Waves Required,92,-92.0,raw_number,tables/cache/wiki/lab_waves_required.csv,e11a0de5f3f2a0c4d62625f4682df6e70ee4e60fa08fc09423b82984bf71f677,2026-02-27T22:41:39.340453+00:00
LAB_WAVES_REQUIRED,Waves Required,93,-93.0,raw_number,tables/cache/wiki/lab_waves_required.csv,e11a0de5f3f2a0c4d62625f4682df6e70ee4e60fa08fc09423b82984bf71f677,2026-02-27T22:41:39.340453+00:00
LAB_WAVES_REQUIRED,Waves Required,94,-94.0,raw_number,tables/cache/wiki/lab_waves_required.csv,e11a0de5f3f2a0c4d62625f4682df6e70ee4e60fa08fc09423b82984bf71f677,2026-02-27T22:41:39.340453+00:00
LAB_WAVES_REQUIRED,Waves Required,95,-95.0,raw_number,tables/cache/wiki/lab_waves_required.csv,e11a0de5f3f2a0c4d62625f4682df6e70ee4e60fa08fc09423b82984bf71f677,2026-02-27T22:41:39.340453+00:00
LAB_WAVES_REQUIRED,Waves Required,96,-96.0,raw_number,tables/cache/wiki/lab_waves_required.csv,e11a0de5f3f2a0c4d62625f4682df6e70ee4e60fa08fc09423b82984bf71f677,2026-02-27T22:41:39.340453+00:00
LAB_WAVES_REQUIRED,Waves Required,97,-97.0,raw_number,tables/cache/wiki/lab_waves_required.csv,e11a0de5f3f2a0c4d62625f4682df6e70ee4e60fa08fc09423b82984bf71f677,2026-02-27T22:41:39.340453+00:00
LAB_WAVES_REQUIRED,Waves Required,98,-98.0,raw_number,tables/cache/wiki/lab_waves_required.csv,e11a0de5f3f2a0c4d62625f4682df6e70ee4e60fa08fc09423b82984bf71f677,2026-02-27T22:41:39.340453+00:00
LAB_WAVES_REQUIRED,Waves Required,99,-99.0,raw_number,tables/cache/wiki/lab_waves_required.csv,e11a0de5f3f2a0c4d62625f4682df6e70ee4e60fa08fc09423b82984bf71f677,2026-02-27T22:41:39.340453+00:00
LAB_WAVES_REQUIRED,Waves Required,100,-100.0,raw_number,tables/cache/wiki/lab_waves_required.csv,e11a0de5f3f2a0c4d62625f4682df6e70ee4e60fa08fc09423b82984bf71f677,2026-02-27T22:41:39.340453+00:00
