destination,status,verification_status,kb_alignment_status,verdict,final_value,unit,resolver,contributor_count,issues,level_contributors,unresolved_contributors,semantic_mismatches,ep_compare_status,ep_compare_delta,ep_compare_value,ep_compare_value_type,ep_reference_value,ep_reference_value_type,compare_context,formula_contract,contributor_consumption
state::meta.game_speed_multiplier,resolved,publishable,not_ep_compared,pass,5.0,unknown,standard_scalar_param,1,[],[],[],[],,,,,,,,"{'formula_class': 'unclassified', 'publish_policy': 'allow', 'compare_policy': 'normal', 'rationale': ''}",
state::economy.starting_cash_bonus,resolved,publishable,not_ep_compared,pass,30.0,unknown,standard_scalar_param,1,[],[],[],[],,,,,,,,"{'formula_class': 'unclassified', 'publish_policy': 'allow', 'compare_policy': 'normal', 'rationale': ''}",
state::meta.lab_speed_multiplier,resolved,publishable,not_ep_compared,pass,2.84,unknown,standard_scalar_param,1,[],[],[],[],,,,,,,,"{'formula_class': 'unclassified', 'publish_policy': 'allow', 'compare_policy': 'normal', 'rationale': ''}",
state::account_meta.buy_multiplier,resolved,publishable,not_ep_compared,pass,4.0,unknown,standard_scalar_param,1,[],[],[],[],,,,,,,,"{'formula_class': 'unclassified', 'publish_policy': 'allow', 'compare_policy': 'normal', 'rationale': ''}",
state::account_meta.more_round_stats,resolved,publishable,not_ep_compared,pass,True,unknown,capability_passthrough,1,[],[],[],[],,,,,,,,"{'formula_class': 'unclassified', 'publish_policy': 'allow', 'compare_policy': 'normal', 'rationale': ''}",
state::capability.target_priority,mapped_not_resolved,needs_work,not_ep_compared,needs_work,,unknown,capability_passthrough,1,"['unresolved_contributor_present', 'semantically_incompatible_contributor_present']",[],['Target Priority'],"[{'source': 'Target Priority', 'value_type': 'raw_text'}]",,,,,,,,"{'formula_class': 'unclassified', 'publish_policy': 'allow', 'compare_policy': 'normal', 'rationale': ''}",
state::account_meta.card_presets,resolved,publishable,not_ep_compared,pass,True,unknown,capability_passthrough,1,[],[],[],[],,,,,,,,"{'formula_class': 'unclassified', 'publish_policy': 'allow', 'compare_policy': 'normal', 'rationale': ''}",
state::account_meta.workshop_respec,resolved,publishable,not_ep_compared,pass,True,unknown,capability_passthrough,1,[],[],[],[],,,,,,,,"{'formula_class': 'unclassified', 'publish_policy': 'allow', 'compare_policy': 'normal', 'rationale': ''}",
state::account_meta.reroll_daily_mission,resolved,publishable,not_ep_compared,pass,True,unknown,capability_passthrough,1,[],[],[],[],,,,,,,,"{'formula_class': 'unclassified', 'publish_policy': 'allow', 'compare_policy': 'normal', 'rationale': ''}",
state::tower.damage,resolved,publishable,not_ep_compared,pass,23244331190.764286,damage,standard_scalar_stat,9,[],[],[],[],,,,,,,,"{'formula_class': 'generic_family_promoted', 'publish_policy': 'allow', 'compare_policy': 'normal', 'rationale': 'KB now closes damage contributor semantics sufficiently for publish; workshop base scaled by lab/card/module/enhancement/relic/vault multipliers.'}",
state::tower.attack_speed,resolved,publishable,not_ep_compared,pass,64.27804687500002,attacks_per_second,standard_scalar_stat,7,[],[],[],[],,,,,,,,"{'formula_class': 'generic_validated', 'publish_policy': 'allow', 'compare_policy': 'normal', 'rationale': ''}",
state::tower.crit_multiplier,resolved,publishable,not_ep_compared,pass,532.89,multiplier,standard_scalar_stat,6,[],[],[],[],,,,,,,,"{'formula_class': 'generic_validated', 'publish_policy': 'allow', 'compare_policy': 'normal', 'rationale': ''}",
state::tower.range_m,resolved,publishable,not_ep_compared,pass,109.55999999999999,m,standard_scalar_stat,2,[],[],[],[],,,,,,,,"{'formula_class': 'generic_validated', 'publish_policy': 'allow', 'compare_policy': 'normal', 'rationale': ''}","{'consumed': 2, 'listed': 2}"
state::tower.damage_per_meter_multiplier,resolved,publishable,not_ep_compared,pass,0.56463,multiplier,standard_scalar_stat,5,[],[],[],[],,,,,,,,"{'formula_class': 'generic_family_promoted', 'publish_policy': 'allow', 'compare_policy': 'normal', 'rationale': 'KB and engine now close the destination-specific formula as decimal workshop bonus multiplied by lab and post multipliers.'}",
state::tower.supercrit_chance_pct,resolved,publishable,not_ep_compared,pass,24.9,pct,pct_capped_scalar_stat,4,[],[],[],[],,,,,,,,"{'formula_class': 'generic_validated', 'publish_policy': 'allow', 'compare_policy': 'normalize_percent_scale', 'rationale': ''}","{'consumed': 4, 'listed': 4}"
state::tower.supercrit_multiplier,resolved,publishable,not_ep_compared,pass,113.56799999999998,multiplier,standard_scalar_stat,6,[],[],[],[],,,,,,,,"{'formula_class': 'generic_validated', 'publish_policy': 'allow', 'compare_policy': 'normal', 'rationale': ''}",
state::tower.max_rend_multiplier,resolved,publishable,not_ep_compared,pass,5.0,multiplier,standard_scalar_stat,2,[],[],[],[],,,,,,,,"{'formula_class': 'kb_contract_repaired', 'publish_policy': 'allow', 'compare_policy': 'noncomparable', 'rationale': 'Exact max-rend formula uses the Rend Armor enhancement multiplier on the 8x base cap, with additive lab bonus and module-substat max-rend percent converted onto the base cap; publish separately from base Rend Armor Mult.'}","{'consumed': 2, 'listed': 2}"
state::capability.tower.light_speed_shots,resolved,publishable,not_ep_compared,pass,True,unknown,capability_passthrough,1,[],[],[],[],,,,,,,,"{'formula_class': 'unclassified', 'publish_policy': 'allow', 'compare_policy': 'normal', 'rationale': ''}",
state::tower.hp,resolved,publishable,not_ep_compared,pass,21906477802177.465,hp,standard_scalar_stat,12,[],[],[],[],,,,,,,,"{'formula_class': 'generic_family_promoted', 'publish_policy': 'allow', 'compare_policy': 'normal', 'rationale': 'Relic health semantics are now explicit in the KB as pct_bonus, matching live-wiki guidance that relic bonuses are additive with similar relics and multiplicative with other bonuses.'}",
state::tower.regen,resolved,publishable,not_ep_compared,pass,139495301805622.95,hp_per_second,standard_scalar_stat,10,[],[],[],[],,,,,,,,"{'formula_class': 'generic_family_promoted', 'publish_policy': 'allow', 'compare_policy': 'normal', 'rationale': 'Relic health-regen semantics are now explicit in the KB as pct_bonus, matching live-wiki guidance that relic bonuses are additive with similar relics and multiplicative with other bonuses.'}",
state::tower.defense_absolute,resolved,publishable,not_ep_compared,pass,1594662034.4768927,damage_block,standard_scalar_stat,6,[],[],[],[],,,,,,,,"{'formula_class': 'generic_family_promoted', 'publish_policy': 'allow', 'compare_policy': 'normal', 'rationale': 'KB now closes defense-absolute contributor semantics sufficiently for publish; workshop base scaled by lab/card/enhancement/relic/vault multipliers.'}",
state::tower.defense_pct,resolved,publishable,not_ep_compared,pass,98.0,pct,pct_capped_scalar_stat,8,[],[],[],[],,,,,,,,"{'formula_class': 'generic_validated', 'publish_policy': 'allow', 'compare_policy': 'normalize_percent_scale', 'rationale': ''}","{'consumed': 8, 'listed': 8}"
state::lab.orb_speed_bonus,mapped_not_resolved,needs_work,not_ep_compared,needs_work,,unknown,standard_scalar_param,1,"['level_contributor_present', 'semantically_incompatible_contributor_present']",['Orbs Speed'],[],"[{'source': 'Orbs Speed', 'value_type': 'level'}]",,,,,,,,"{'formula_class': 'unclassified', 'publish_policy': 'allow', 'compare_policy': 'normal', 'rationale': ''}",
state::lab.land_mine_damage_multiplier,mapped_not_resolved,needs_work,not_ep_compared,needs_work,,unknown,standard_scalar_param,1,"['level_contributor_present', 'semantically_incompatible_contributor_present']",['Land Mine Damage'],[],"[{'source': 'Land Mine Damage', 'value_type': 'level'}]",,,,,,,,"{'formula_class': 'unclassified', 'publish_policy': 'allow', 'compare_policy': 'normal', 'rationale': ''}",
state::lab.land_mine_decay_seconds,mapped_not_resolved,needs_work,not_ep_compared,needs_work,,unknown,standard_scalar_param,1,"['level_contributor_present', 'semantically_incompatible_contributor_present']",['Land Mine Decay'],[],"[{'source': 'Land Mine Decay', 'value_type': 'level'}]",,,,,,,,"{'formula_class': 'unclassified', 'publish_policy': 'allow', 'compare_policy': 'normal', 'rationale': ''}",
state::lab.shockwave_size_bonus,mapped_not_resolved,needs_work,not_ep_compared,needs_work,,unknown,standard_scalar_param,1,"['level_contributor_present', 'semantically_incompatible_contributor_present']",['Shockwave Size'],[],"[{'source': 'Shockwave Size', 'value_type': 'level'}]",,,,,,,,"{'formula_class': 'unclassified', 'publish_policy': 'allow', 'compare_policy': 'normal', 'rationale': ''}",
state::lab.orb_boss_hit_enabled,mapped_not_resolved,needs_work,not_ep_compared,needs_work,,unknown,standard_scalar_param,1,"['level_contributor_present', 'semantically_incompatible_contributor_present']",['Orb Boss Hit'],[],"[{'source': 'Orb Boss Hit', 'value_type': 'level'}]",,,,,,,,"{'formula_class': 'unclassified', 'publish_policy': 'allow', 'compare_policy': 'normal', 'rationale': ''}",
state::wall.hp,resolved,publishable,not_ep_compared,pass,5400.0,hp,standard_scalar_stat,6,[],[],[],[],,,,,,,,"{'formula_class': 'kb_contract_repaired', 'publish_policy': 'allow', 'compare_policy': 'normal', 'rationale': 'Wall Health lab semantics are now explicit in the KB as additive percent points, matching the live-wiki ladder and allowing the destination-specific wall HP formula to publish.'}",
state::wall.rebuild_seconds,resolved,publishable,not_ep_compared,pass,150.0,seconds,standard_scalar_stat,4,[],[],[],[],,,,,,,,"{'formula_class': 'generic_validated', 'publish_policy': 'allow', 'compare_policy': 'normal', 'rationale': ''}",
state::wall.regen,resolved,publishable,not_ep_compared,pass,525.0,hp_per_second,standard_scalar_stat,2,[],[],[],[],,,,,,,,"{'formula_class': 'kb_contract_repaired', 'publish_policy': 'allow', 'compare_policy': 'normal', 'rationale': 'Wall regen depends on tower_regen and uses a wiki-verified wall-regen percent ladder already represented in the KB; with tower_regen contract repaired, publish can be re-enabled.'}","{'consumed': 2, 'listed': 2}"
state::wall.thorns_damage_pct,resolved,publishable,not_ep_compared,pass,15.0,pct,standard_scalar_stat,1,[],[],[],[],,,,,,,,"{'formula_class': 'unclassified', 'publish_policy': 'allow', 'compare_policy': 'normal', 'rationale': ''}",
state::wall.invincibility_duration_seconds,resolved,publishable,not_ep_compared,pass,0.0,seconds,standard_scalar_stat,1,[],[],[],[],,,,,,,,"{'formula_class': 'unclassified', 'publish_policy': 'allow', 'compare_policy': 'normal', 'rationale': ''}",
state::wall.fortification_multiplier,resolved,publishable,not_ep_compared,pass,10.4,multiplier,standard_scalar_stat,1,[],[],[],[],,,,,,,,"{'formula_class': 'generic_validated', 'publish_policy': 'allow', 'compare_policy': 'scaled_number_noncomparable', 'rationale': ''}",
state::capability.tower.garlic_thorns,resolved,publishable,not_ep_compared,pass,True,unknown,capability_passthrough,1,[],[],[],[],,,,,,,,"{'formula_class': 'unclassified', 'publish_policy': 'allow', 'compare_policy': 'normal', 'rationale': ''}",
state::economy.cash_kill_multiplier,resolved,publishable,not_ep_compared,pass,115.01185499999998,multiplier,standard_scalar_stat,7,[],[],[],[],,,,,,,,"{'formula_class': 'generic_validated', 'publish_policy': 'allow', 'compare_policy': 'normal', 'rationale': 'Shared base-multiplier family: workshop base multiplier scaled by lab/card/enhancement and post-multiplied by relic/vault bonuses.'}","{'consumed': 7, 'listed': 7}"
state::economy.cash_per_wave,resolved,publishable,not_ep_compared,pass,9125.952,cash,standard_scalar_stat,4,[],[],[],[],,,,,,,,"{'formula_class': 'unclassified', 'publish_policy': 'allow', 'compare_policy': 'normal', 'rationale': ''}",
state::economy.coins_per_kill_bonus,resolved,publishable,not_ep_compared,pass,96.57474749999999,multiplier,standard_scalar_stat,8,[],[],[],[],,,,,,,,"{'formula_class': 'kb_contract_repaired', 'publish_policy': 'allow', 'compare_policy': 'normal', 'rationale': 'Coins / Kill display surface: (((workshop x lab) + generator substat sum) x enhancement spillover x (1+vault)) x all-coin perk multipliers. Coin perks are KB-owned on this surface, not on broad all-coin helper surfaces.'}",
state::economy.coins_per_wave,resolved,publishable,not_ep_compared,pass,667.5200000000001,coins,standard_scalar_stat,3,[],[],[],[],,,,,,,,"{'formula_class': 'unclassified', 'publish_policy': 'allow', 'compare_policy': 'normal', 'rationale': ''}","{'consumed': 3, 'listed': 3}"
state::economy.interest_per_wave_pct,resolved,publishable,not_ep_compared,pass,132.103125,pct,standard_scalar_stat,4,[],[],[],[],,,,,,,,"{'formula_class': 'unclassified', 'publish_policy': 'allow', 'compare_policy': 'normal', 'rationale': ''}",
state::economy.max_interest_bonus,resolved,publishable,not_ep_compared,pass,2000.0,unknown,standard_scalar_param,1,[],[],[],[],,,,,,,,"{'formula_class': 'unclassified', 'publish_policy': 'allow', 'compare_policy': 'normal', 'rationale': ''}",
state::capability.recovery_package.after_boss,resolved,publishable,not_ep_compared,pass,True,unknown,capability_passthrough,1,[],[],[],[],,,,,,,,"{'formula_class': 'unclassified', 'publish_policy': 'allow', 'compare_policy': 'normal', 'rationale': ''}",
state::tower.recovery_amount_pct,resolved,publishable,not_ep_compared,pass,145.0,pct,standard_scalar_stat,4,[],[],[],[],,,,,,,,"{'formula_class': 'unclassified', 'publish_policy': 'allow', 'compare_policy': 'normal', 'rationale': ''}",
state::tower.max_recovery_multiplier,resolved,publishable,not_ep_compared,pass,16.5,multiplier,standard_scalar_stat,3,[],[],[],[],,,,,,,,"{'formula_class': 'compare_noncomparable', 'publish_policy': 'allow', 'compare_policy': 'noncomparable', 'rationale': 'EP export Max Recovery reflects health-at-max-recovery, not the multiplier surface emitted by the package.'}",
state::tower.package_chance_pct,resolved,publishable,not_ep_compared,pass,78.5,pct,pct_capped_scalar_stat,5,[],[],[],[],,,,,,,,"{'formula_class': 'generic_family_promoted', 'publish_policy': 'allow', 'compare_policy': 'normalize_percent_scale', 'rationale': 'KB supports workshop base plus additive package-chance bonuses.'}","{'consumed': 5, 'listed': 5}"
state::tower.enemy_attack_level_skip_pct,resolved,publishable,not_ep_compared,pass,79.04,pct,pct_capped_scalar_stat,8,[],[],[],[],,,,,,,,"{'formula_class': 'unclassified', 'publish_policy': 'allow', 'compare_policy': 'normal', 'rationale': ''}","{'consumed': 8, 'listed': 8}"
state::tower.enemy_health_level_skip_pct,resolved,publishable,not_ep_compared,pass,73.28,pct,pct_capped_scalar_stat,7,[],[],[],[],,,,,,,,"{'formula_class': 'unclassified', 'publish_policy': 'allow', 'compare_policy': 'normal', 'rationale': ''}","{'consumed': 7, 'listed': 7}"
state::uw.smart_missiles.despawn_time_seconds,resolved,publishable,not_ep_compared,pass,0.0,seconds,standard_scalar_param,1,[],[],[],[],,,,,,,,"{'formula_class': 'unclassified', 'publish_policy': 'allow', 'compare_policy': 'normal', 'rationale': ''}",
state::capability.uw.smart_missiles.explosion,resolved,publishable,not_ep_compared,pass,False,unknown,capability_passthrough,1,[],[],[],[],,,,,,,,"{'formula_class': 'unclassified', 'publish_policy': 'allow', 'compare_policy': 'normal', 'rationale': ''}",
state::uw.smart_missiles.explosion_radius_m,resolved,publishable,not_ep_compared,pass,0.0,m,standard_scalar_param,1,[],[],[],[],,,,,,,,"{'formula_class': 'unclassified', 'publish_policy': 'allow', 'compare_policy': 'normal', 'rationale': ''}",
state::uw.chrono_field.duration_seconds,resolved,publishable,not_ep_compared,pass,55.0,seconds,uw_duration_param,3,[],[],[],[],,,,,,,,"{'formula_class': 'unclassified', 'publish_policy': 'allow', 'compare_policy': 'normal', 'rationale': ''}",
state::uw.chrono_field.damage_reduction_pct,resolved,publishable,not_ep_compared,pass,20.0,pct,pct_capped_param,2,[],[],[],[],,,,,,,,"{'formula_class': 'unclassified', 'publish_policy': 'allow', 'compare_policy': 'normal', 'rationale': ''}",
state::uw.poison_swamp.radius_m,resolved,publishable,not_ep_compared,pass,0.0,m,standard_scalar_param,1,[],[],[],[],,,,,,,,"{'formula_class': 'unclassified', 'publish_policy': 'allow', 'compare_policy': 'normal', 'rationale': ''}",
state::capability.uw.poison_swamp.stun,resolved,publishable,not_ep_compared,pass,False,unknown,capability_passthrough,1,[],[],[],[],,,,,,,,"{'formula_class': 'unclassified', 'publish_policy': 'allow', 'compare_policy': 'normal', 'rationale': ''}",
state::uw.poison_swamp.stun_chance_pct,resolved,publishable,not_ep_compared,pass,0.0,pct,pct_capped_param,1,[],[],[],[],,,,,,,,"{'formula_class': 'unclassified', 'publish_policy': 'allow', 'compare_policy': 'normal', 'rationale': ''}",
state::uw.poison_swamp.stun_duration_seconds,resolved,publishable,not_ep_compared,pass,0.0,seconds,standard_scalar_param,1,[],[],[],[],,,,,,,,"{'formula_class': 'unclassified', 'publish_policy': 'allow', 'compare_policy': 'normal', 'rationale': ''}",
state::uw.golden_tower.bonus_multiplier,resolved,publishable,not_ep_compared,pass,26.85000000000001,multiplier,standard_scalar_param,3,[],[],[],[],,,,,,,,"{'formula_class': 'unclassified', 'publish_policy': 'allow', 'compare_policy': 'normal', 'rationale': ''}",
state::uw.golden_tower.duration_seconds,resolved,publishable,not_ep_compared,pass,42.0,seconds,uw_duration_param,2,[],[],[],[],,,,,,,,"{'formula_class': 'unclassified', 'publish_policy': 'allow', 'compare_policy': 'normal', 'rationale': ''}",
state::capability.uw.chain_lightning.shock,resolved,publishable,not_ep_compared,pass,True,unknown,capability_passthrough,1,[],[],[],[],,,,,,,,"{'formula_class': 'unclassified', 'publish_policy': 'allow', 'compare_policy': 'normal', 'rationale': ''}",
state::shock.chance_pct,resolved,publishable,not_ep_compared,pass,9.5,unknown,standard_scalar_param,1,[],[],[],[],,,,,,,,"{'formula_class': 'unclassified', 'publish_policy': 'allow', 'compare_policy': 'normal', 'rationale': ''}",
state::shock.damage_multiplier,resolved,publishable,not_ep_compared,pass,1.66,unknown,standard_scalar_param,1,[],[],[],[],,,,,,,,"{'formula_class': 'unclassified', 'publish_policy': 'allow', 'compare_policy': 'normal', 'rationale': ''}",
state::uw.death_wave.coin_bonus_multiplier,resolved,publishable,not_ep_compared,pass,2.5,multiplier,standard_scalar_param,1,[],[],[],[],,,,,,,,"{'formula_class': 'helper_formula', 'publish_policy': 'allow', 'compare_policy': 'normal', 'rationale': 'Resolved helper/optimizer-facing ultimate weapon coin bonus multiplier exposed for econ analysis and optimizer consumption.'}",
state::uw.inner_land_mines.blast_radius_m,resolved,publishable,not_ep_compared,pass,0.0,m,standard_scalar_param,1,[],[],[],[],,,,,,,,"{'formula_class': 'unclassified', 'publish_policy': 'allow', 'compare_policy': 'normal', 'rationale': ''}",
state::uw.inner_land_mines.rotation_speed,resolved,publishable,not_ep_compared,pass,0.0,rotation_speed,standard_scalar_param,1,[],[],[],[],,,,,,,,"{'formula_class': 'unclassified', 'publish_policy': 'allow', 'compare_policy': 'normal', 'rationale': ''}",
state::uw.chrono_field.range_m,resolved,publishable,not_ep_compared,pass,51.0,m,standard_scalar_param,1,[],[],[],[],,,,,,,,"{'formula_class': 'unclassified', 'publish_policy': 'allow', 'compare_policy': 'normal', 'rationale': ''}",
state::uw.smart_missiles.chain_hit_damage_multiplier,resolved,publishable,not_ep_compared,pass,1.0,unknown,standard_scalar_param,1,[],[],[],[],,,,,,,,"{'formula_class': 'unclassified', 'publish_policy': 'allow', 'compare_policy': 'normal', 'rationale': ''}",
state::capability.uw.smart_missiles.barrage,resolved,publishable,not_ep_compared,pass,False,unknown,capability_passthrough,1,[],[],[],[],,,,,,,,"{'formula_class': 'unclassified', 'publish_policy': 'allow', 'compare_policy': 'normal', 'rationale': ''}",
state::uw.smart_missiles.barrage_quantity,resolved,publishable,not_ep_compared,pass,0.0,count,integer_count_param,1,[],[],[],[],,,,,,,,"{'formula_class': 'unclassified', 'publish_policy': 'allow', 'compare_policy': 'normal', 'rationale': ''}",
state::capability.uw.inner_land_mines.stun,resolved,publishable,not_ep_compared,pass,False,unknown,capability_passthrough,1,[],[],[],[],,,,,,,,"{'formula_class': 'unclassified', 'publish_policy': 'allow', 'compare_policy': 'normal', 'rationale': ''}",
state::uw.black_hole.damage_pct_enemy_hp_per_second,resolved,publishable,not_ep_compared,pass,2.0,unknown,standard_scalar_param,1,[],[],[],[],,,,,,,,"{'formula_class': 'unclassified', 'publish_policy': 'allow', 'compare_policy': 'normal', 'rationale': ''}",
state::capability.uw.black_hole.extra_black_hole,resolved,publishable,not_ep_compared,pass,True,unknown,capability_passthrough,1,[],[],[],[],,,,,,,,"{'formula_class': 'unclassified', 'publish_policy': 'allow', 'compare_policy': 'normal', 'rationale': ''}",
state::uw.black_hole.coin_bonus_multiplier,resolved,publishable,not_ep_compared,pass,11.0,multiplier,standard_scalar_param,1,[],[],[],[],,,,,,,,"{'formula_class': 'helper_formula', 'publish_policy': 'allow', 'compare_policy': 'normal', 'rationale': 'Resolved helper/optimizer-facing ultimate weapon coin bonus multiplier exposed for econ analysis and optimizer consumption.'}",
state::uw.spotlight.coin_bonus_multiplier,resolved,publishable,not_ep_compared,pass,3.0,multiplier,standard_scalar_param,1,[],[],[],[],,,,,,,,"{'formula_class': 'helper_formula', 'publish_policy': 'allow', 'compare_policy': 'normal', 'rationale': 'Resolved helper/optimizer-facing ultimate weapon coin bonus multiplier exposed for econ analysis and optimizer consumption.'}",
state::uw.spotlight.missiles_frequency_seconds,resolved,publishable,not_ep_compared,pass,19.0,unknown,standard_scalar_param,1,[],[],[],[],,,,,,,,"{'formula_class': 'unclassified', 'publish_policy': 'allow', 'compare_policy': 'normal', 'rationale': ''}",
state::capability.uw.black_hole.disable_ranged,resolved,publishable,not_ep_compared,pass,True,unknown,capability_passthrough,1,[],[],[],[],,,,,,,,"{'formula_class': 'unclassified', 'publish_policy': 'allow', 'compare_policy': 'normal', 'rationale': ''}",
state::uw.smart_missiles.recharge_barrage_waves,resolved,publishable,not_ep_compared,pass,0.0,waves,standard_scalar_param,1,[],[],[],[],,,,,,,,"{'formula_class': 'unclassified', 'publish_policy': 'allow', 'compare_policy': 'normal', 'rationale': ''}",
state::capability.uw.poison_swamp.rend,resolved,publishable,not_ep_compared,pass,False,unknown,capability_passthrough,1,[],[],[],[],,,,,,,,"{'formula_class': 'unclassified', 'publish_policy': 'allow', 'compare_policy': 'normal', 'rationale': ''}",
state::uw.poison_swamp.rend_additional_enemies,resolved,publishable,not_ep_compared,pass,0.0,count,integer_count_param,1,[],[],[],[],,,,,,,,"{'formula_class': 'unclassified', 'publish_policy': 'allow', 'compare_policy': 'normal', 'rationale': ''}",
state::uw.chain_lightning.max_enemy_damage_reduction_pct,resolved,publishable,not_ep_compared,pass,36.0,unknown,standard_scalar_param,1,[],[],[],[],,,,,,,,"{'formula_class': 'unclassified', 'publish_policy': 'allow', 'compare_policy': 'normal', 'rationale': ''}",
state::uw.chain_lightning.scatter_multiplier,resolved,publishable,not_ep_compared,pass,11.25,unknown,standard_scalar_param,1,[],[],[],[],,,,,,,,"{'formula_class': 'unclassified', 'publish_policy': 'allow', 'compare_policy': 'normal', 'rationale': ''}",
state::uw.death_wave.cells_bonus_multiplier,resolved,publishable,not_ep_compared,pass,3.0,unknown,standard_scalar_param,1,[],[],[],[],,,,,,,,"{'formula_class': 'unclassified', 'publish_policy': 'allow', 'compare_policy': 'normal', 'rationale': ''}",
state::uw.death_wave.damage_amplifier_multiplier_per_effect_wave,resolved,publishable,not_ep_compared,pass,8.0,unknown,standard_scalar_param,1,[],[],[],[],,,,,,,,"{'formula_class': 'unclassified', 'publish_policy': 'allow', 'compare_policy': 'normal', 'rationale': ''}",
state::uw.death_wave.armor_strip_count,resolved,publishable,not_ep_compared,pass,0.0,unknown,standard_scalar_param,1,[],[],[],[],,,,,,,,"{'formula_class': 'unclassified', 'publish_policy': 'allow', 'compare_policy': 'normal', 'rationale': ''}",
state::uw.inner_land_mines.chrono_jump_seconds,resolved,publishable,not_ep_compared,pass,0.0,seconds,standard_scalar_param,1,[],[],[],[],,,,,,,,"{'formula_class': 'unclassified', 'publish_policy': 'allow', 'compare_policy': 'normal', 'rationale': ''}",
state::lab.second_wind_blast_pct,mapped_not_resolved,needs_work,not_ep_compared,needs_work,,unknown,standard_scalar_param,1,"['level_contributor_present', 'semantically_incompatible_contributor_present']",['Second Wind Blast'],[],"[{'source': 'Second Wind Blast', 'value_type': 'level'}]",,,,,,,,"{'formula_class': 'unclassified', 'publish_policy': 'allow', 'compare_policy': 'normal', 'rationale': ''}",
state::capability.tower.double_death_ray,resolved,publishable,not_ep_compared,pass,True,unknown,capability_passthrough,1,[],[],[],[],,,,,,,,"{'formula_class': 'unclassified', 'publish_policy': 'allow', 'compare_policy': 'normal', 'rationale': ''}",
state::capability.extra_orb_adjuster,resolved,publishable,not_ep_compared,pass,1.0,unknown,capability_passthrough,1,[],[],[],[],,,,,,,,"{'formula_class': 'unclassified', 'publish_policy': 'allow', 'compare_policy': 'normal', 'rationale': ''}",
state::tower.orb_count,resolved,publishable,not_ep_compared,pass,8,count,integer_count_stat,5,[],[],[],[],,,,,,,,"{'formula_class': 'unclassified', 'publish_policy': 'allow', 'compare_policy': 'normal', 'rationale': ''}","{'consumed': 5, 'listed': 5}"
context::bc.energy_shield_extra_hit,mapped_not_resolved,needs_work,not_ep_compared,needs_work,,unknown,standard_scalar_param,1,"['level_contributor_present', 'semantically_incompatible_contributor_present']",['Energy Shield Extra Hit'],[],"[{'source': 'Energy Shield Extra Hit', 'value_type': 'level'}]",,,,,,,,"{'formula_class': 'unclassified', 'publish_policy': 'allow', 'compare_policy': 'normal', 'rationale': ''}",
state::lab.super_tower_bonus_multiplier,mapped_not_resolved,needs_work,not_ep_compared,needs_work,,unknown,standard_scalar_param,1,"['level_contributor_present', 'semantically_incompatible_contributor_present']",['Super Tower Bonus'],[],"[{'source': 'Super Tower Bonus', 'value_type': 'level'}]",,,,,,,,"{'formula_class': 'unclassified', 'publish_policy': 'allow', 'compare_policy': 'normal', 'rationale': ''}",
state::lab.recharge_second_wind_waves,mapped_not_resolved,needs_work,not_ep_compared,needs_work,,unknown,standard_scalar_param,1,"['level_contributor_present', 'semantically_incompatible_contributor_present']",['Recharge Second Wind'],[],"[{'source': 'Recharge Second Wind', 'value_type': 'level'}]",,,,,,,,"{'formula_class': 'unclassified', 'publish_policy': 'allow', 'compare_policy': 'normal', 'rationale': ''}",
state::lab.recharge_demon_mode_waves,mapped_not_resolved,needs_work,not_ep_compared,needs_work,,unknown,standard_scalar_param,1,"['level_contributor_present', 'semantically_incompatible_contributor_present']",['Recharge Demon Mode'],[],"[{'source': 'Recharge Demon Mode', 'value_type': 'level'}]",,,,,,,,"{'formula_class': 'unclassified', 'publish_policy': 'allow', 'compare_policy': 'normal', 'rationale': ''}",
state::lab.recharge_nuke_waves,mapped_not_resolved,needs_work,not_ep_compared,needs_work,,unknown,standard_scalar_param,1,"['level_contributor_present', 'semantically_incompatible_contributor_present']",['Recharge Nuke'],[],"[{'source': 'Recharge Nuke', 'value_type': 'level'}]",,,,,,,,"{'formula_class': 'unclassified', 'publish_policy': 'allow', 'compare_policy': 'normal', 'rationale': ''}",
state::capability.perks.unlock,resolved,publishable,not_ep_compared,pass,True,unknown,capability_passthrough,1,[],[],[],[],,,,,,,,"{'formula_class': 'unclassified', 'publish_policy': 'allow', 'compare_policy': 'normal', 'rationale': ''}",
state::meta.milestones.waves_required_delta,resolved,publishable,not_ep_compared,pass,-13.0,unknown,standard_scalar_param,1,[],[],[],[],,,,,,,,"{'formula_class': 'unclassified', 'publish_policy': 'allow', 'compare_policy': 'normal', 'rationale': ''}",
state::capability.perks.auto_pick,resolved,publishable,not_ep_compared,pass,True,unknown,capability_passthrough,1,[],[],[],[],,,,,,,,"{'formula_class': 'unclassified', 'publish_policy': 'allow', 'compare_policy': 'normal', 'rationale': ''}",
state::perk.standard_perks_bonus_pct,resolved,publishable,not_ep_compared,pass,25.0,unknown,standard_scalar_param,1,[],[],[],[],,,,,,,,"{'formula_class': 'unclassified', 'publish_policy': 'allow', 'compare_policy': 'normal', 'rationale': ''}",
state::capability.perks.option_quantity,resolved,publishable,not_ep_compared,pass,2.0,unknown,capability_passthrough,1,[],[],[],[],,,,,,,,"{'formula_class': 'unclassified', 'publish_policy': 'allow', 'compare_policy': 'normal', 'rationale': ''}",
state::capability.perks.first_choice,mapped_not_resolved,needs_work,not_ep_compared,needs_work,,unknown,capability_passthrough,1,"['unresolved_contributor_present', 'semantically_incompatible_contributor_present']",[],['First Perk Choice'],"[{'source': 'First Perk Choice', 'value_type': 'raw_text'}]",,,,,,,,"{'formula_class': 'unclassified', 'publish_policy': 'allow', 'compare_policy': 'normal', 'rationale': ''}",
state::capability.perks.ban_count,resolved,publishable,not_ep_compared,pass,6.0,unknown,capability_passthrough,1,[],[],[],[],,,,,,,,"{'formula_class': 'unclassified', 'publish_policy': 'allow', 'compare_policy': 'normal', 'rationale': ''}",
state::perk.tradeoff_bonus_pct,resolved,publishable,not_ep_compared,pass,10.0,unknown,standard_scalar_param,1,[],[],[],[],,,,,,,,"{'formula_class': 'unclassified', 'publish_policy': 'allow', 'compare_policy': 'normal', 'rationale': ''}",
state::capability.perks.auto_pick_ranking,mapped_not_resolved,needs_work,not_ep_compared,needs_work,,unknown,capability_passthrough,1,"['unresolved_contributor_present', 'semantically_incompatible_contributor_present']",[],['Auto Pick Ranking'],"[{'source': 'Auto Pick Ranking', 'value_type': 'raw_text'}]",,,,,,,,"{'formula_class': 'unclassified', 'publish_policy': 'allow', 'compare_policy': 'normal', 'rationale': ''}",
state::bot.flame.cooldown_seconds,resolved,publishable,not_ep_compared,pass,26.0,seconds,cooldown_param,2,[],[],[],[],,,,,,,,"{'formula_class': 'unclassified', 'publish_policy': 'allow', 'compare_policy': 'normal', 'rationale': ''}",
state::bot.thunder.cooldown_seconds,resolved,publishable,not_ep_compared,pass,120.0,seconds,cooldown_param,2,[],[],[],[],,,,,,,,"{'formula_class': 'unclassified', 'publish_policy': 'allow', 'compare_policy': 'normal', 'rationale': ''}",
state::bot.golden.cooldown_seconds,resolved,publishable,not_ep_compared,pass,90.0,seconds,cooldown_param,2,[],[],[],[],,,,,,,,"{'formula_class': 'unclassified', 'publish_policy': 'allow', 'compare_policy': 'normal', 'rationale': ''}",
state::bot.amplify.cooldown_seconds,resolved,publishable,not_ep_compared,pass,120.0,seconds,cooldown_param,2,[],[],[],[],,,,,,,,"{'formula_class': 'unclassified', 'publish_policy': 'allow', 'compare_policy': 'normal', 'rationale': ''}",
state::bot.flame_bot.lab_burn_stack,mapped_not_resolved,needs_work,not_ep_compared,needs_work,,unknown,standard_scalar_param,1,"['level_contributor_present', 'semantically_incompatible_contributor_present']",['Flame Bot - Burn Stack'],[],"[{'source': 'Flame Bot - Burn Stack', 'value_type': 'level'}]",,,,,,,,"{'formula_class': 'unclassified', 'publish_policy': 'allow', 'compare_policy': 'normal', 'rationale': ''}",
state::bot.thunder.linger_duration_seconds,resolved,publishable,not_ep_compared,pass,0.0,seconds,standard_scalar_param,1,[],[],[],[],,,,,,,,"{'formula_class': 'unclassified', 'publish_policy': 'allow', 'compare_policy': 'normal', 'rationale': ''}",
state::bot.golden.duration_seconds,resolved,publishable,not_ep_compared,pass,32.0,seconds,standard_scalar_param,2,[],[],[],[],,,,,,,,"{'formula_class': 'unclassified', 'publish_policy': 'allow', 'compare_policy': 'normal', 'rationale': ''}",
state::bot.amplify.duration_seconds,resolved,publishable,not_ep_compared,pass,20.0,seconds,standard_scalar_param,2,[],[],[],[],,,,,,,,"{'formula_class': 'unclassified', 'publish_policy': 'allow', 'compare_policy': 'normal', 'rationale': ''}",
context::enemy.common.health_multiplier,mapped_not_resolved,needs_work,not_ep_compared,needs_work,,unknown,standard_scalar_param,1,"['level_contributor_present', 'semantically_incompatible_contributor_present']",['Common Enemy Health'],[],"[{'source': 'Common Enemy Health', 'value_type': 'level'}]",,,,,,,,"{'formula_class': 'unclassified', 'publish_policy': 'allow', 'compare_policy': 'normal', 'rationale': ''}",
context::enemy.common.attack_multiplier,mapped_not_resolved,needs_work,not_ep_compared,needs_work,,unknown,standard_scalar_param,1,"['level_contributor_present', 'semantically_incompatible_contributor_present']",['Common Enemy Attack'],[],"[{'source': 'Common Enemy Attack', 'value_type': 'level'}]",,,,,,,,"{'formula_class': 'unclassified', 'publish_policy': 'allow', 'compare_policy': 'normal', 'rationale': ''}",
context::enemy.fast.health_multiplier,mapped_not_resolved,needs_work,not_ep_compared,needs_work,,unknown,standard_scalar_param,1,"['level_contributor_present', 'semantically_incompatible_contributor_present']",['Fast Enemy Health'],[],"[{'source': 'Fast Enemy Health', 'value_type': 'level'}]",,,,,,,,"{'formula_class': 'unclassified', 'publish_policy': 'allow', 'compare_policy': 'normal', 'rationale': ''}",
context::enemy.fast.attack_multiplier,mapped_not_resolved,needs_work,not_ep_compared,needs_work,,unknown,standard_scalar_param,1,"['level_contributor_present', 'semantically_incompatible_contributor_present']",['Fast Enemy Attack'],[],"[{'source': 'Fast Enemy Attack', 'value_type': 'level'}]",,,,,,,,"{'formula_class': 'unclassified', 'publish_policy': 'allow', 'compare_policy': 'normal', 'rationale': ''}",
context::enemy.fast.speed_multiplier,mapped_not_resolved,needs_work,not_ep_compared,needs_work,,unknown,standard_scalar_param,1,"['level_contributor_present', 'semantically_incompatible_contributor_present']",['Fast Enemy Speed'],[],"[{'source': 'Fast Enemy Speed', 'value_type': 'level'}]",,,,,,,,"{'formula_class': 'unclassified', 'publish_policy': 'allow', 'compare_policy': 'normal', 'rationale': ''}",
context::enemy.tank.health_multiplier,mapped_not_resolved,needs_work,not_ep_compared,needs_work,,unknown,standard_scalar_param,1,"['level_contributor_present', 'semantically_incompatible_contributor_present']",['Tank Enemy Health'],[],"[{'source': 'Tank Enemy Health', 'value_type': 'level'}]",,,,,,,,"{'formula_class': 'unclassified', 'publish_policy': 'allow', 'compare_policy': 'normal', 'rationale': ''}",
context::enemy.tank.attack_multiplier,mapped_not_resolved,needs_work,not_ep_compared,needs_work,,unknown,standard_scalar_param,1,"['level_contributor_present', 'semantically_incompatible_contributor_present']",['Tank Enemy Attack'],[],"[{'source': 'Tank Enemy Attack', 'value_type': 'level'}]",,,,,,,,"{'formula_class': 'unclassified', 'publish_policy': 'allow', 'compare_policy': 'normal', 'rationale': ''}",
context::enemy.ranged.health_multiplier,mapped_not_resolved,needs_work,not_ep_compared,needs_work,,unknown,standard_scalar_param,1,"['level_contributor_present', 'semantically_incompatible_contributor_present']",['Ranged Enemy Health'],[],"[{'source': 'Ranged Enemy Health', 'value_type': 'level'}]",,,,,,,,"{'formula_class': 'unclassified', 'publish_policy': 'allow', 'compare_policy': 'normal', 'rationale': ''}",
context::enemy.ranged.attack_multiplier,mapped_not_resolved,needs_work,not_ep_compared,needs_work,,unknown,standard_scalar_param,1,"['level_contributor_present', 'semantically_incompatible_contributor_present']",['Ranged Enemy Attack'],[],"[{'source': 'Ranged Enemy Attack', 'value_type': 'level'}]",,,,,,,,"{'formula_class': 'unclassified', 'publish_policy': 'allow', 'compare_policy': 'normal', 'rationale': ''}",
context::enemy.boss.health_multiplier_lab,mapped_not_resolved,needs_work,not_ep_compared,needs_work,,unknown,standard_scalar_param,1,"['level_contributor_present', 'semantically_incompatible_contributor_present']",['Boss Health'],[],"[{'source': 'Boss Health', 'value_type': 'level'}]",,,,,,,,"{'formula_class': 'unclassified', 'publish_policy': 'allow', 'compare_policy': 'normal', 'rationale': ''}",
context::enemy.boss.attack_multiplier,mapped_not_resolved,needs_work,not_ep_compared,needs_work,,unknown,standard_scalar_param,1,"['level_contributor_present', 'semantically_incompatible_contributor_present']",['Boss Attack'],[],"[{'source': 'Boss Attack', 'value_type': 'level'}]",,,,,,,,"{'formula_class': 'unclassified', 'publish_policy': 'allow', 'compare_policy': 'normal', 'rationale': ''}",
context::enemy.protector.health_multiplier,mapped_not_resolved,needs_work,not_ep_compared,needs_work,,unknown,standard_scalar_param,1,"['level_contributor_present', 'semantically_incompatible_contributor_present']",['Protector Health'],[],"[{'source': 'Protector Health', 'value_type': 'level'}]",,,,,,,,"{'formula_class': 'unclassified', 'publish_policy': 'allow', 'compare_policy': 'normal', 'rationale': ''}",
context::enemy.protector.radius_m,mapped_not_resolved,needs_work,not_ep_compared,needs_work,,unknown,standard_scalar_param,1,"['level_contributor_present', 'semantically_incompatible_contributor_present']",['Protector Radius'],[],"[{'source': 'Protector Radius', 'value_type': 'level'}]",,,,,,,,"{'formula_class': 'unclassified', 'publish_policy': 'allow', 'compare_policy': 'normal', 'rationale': ''}",
context::enemy.protector.damage_reduction_pct,mapped_not_resolved,needs_work,not_ep_compared,needs_work,,unknown,standard_scalar_param,1,"['level_contributor_present', 'semantically_incompatible_contributor_present']",['Protector Damage Reduction'],[],"[{'source': 'Protector Damage Reduction', 'value_type': 'level'}]",,,,,,,,"{'formula_class': 'unclassified', 'publish_policy': 'allow', 'compare_policy': 'normal', 'rationale': ''}",
context::enemy.ray.attack_multiplier,mapped_not_resolved,needs_work,not_ep_compared,needs_work,,unknown,standard_scalar_param,1,"['level_contributor_present', 'semantically_incompatible_contributor_present']",['Ray Enemy Attack'],[],"[{'source': 'Ray Enemy Attack', 'value_type': 'level'}]",,,,,,,,"{'formula_class': 'unclassified', 'publish_policy': 'allow', 'compare_policy': 'normal', 'rationale': ''}",
context::enemy.ray.health_multiplier,mapped_not_resolved,needs_work,not_ep_compared,needs_work,,unknown,standard_scalar_param,1,"['level_contributor_present', 'semantically_incompatible_contributor_present']",['Ray Enemy Health'],[],"[{'source': 'Ray Enemy Health', 'value_type': 'level'}]",,,,,,,,"{'formula_class': 'unclassified', 'publish_policy': 'allow', 'compare_policy': 'normal', 'rationale': ''}",
context::enemy.vampire.attack_multiplier,mapped_not_resolved,needs_work,not_ep_compared,needs_work,,unknown,standard_scalar_param,1,"['level_contributor_present', 'semantically_incompatible_contributor_present']",['Vampire Enemy Attack'],[],"[{'source': 'Vampire Enemy Attack', 'value_type': 'level'}]",,,,,,,,"{'formula_class': 'unclassified', 'publish_policy': 'allow', 'compare_policy': 'normal', 'rationale': ''}",
context::enemy.vampire.health_multiplier,mapped_not_resolved,needs_work,not_ep_compared,needs_work,,unknown,standard_scalar_param,1,"['level_contributor_present', 'semantically_incompatible_contributor_present']",['Vampire Enemy Health'],[],"[{'source': 'Vampire Enemy Health', 'value_type': 'level'}]",,,,,,,,"{'formula_class': 'unclassified', 'publish_policy': 'allow', 'compare_policy': 'normal', 'rationale': ''}",
context::enemy.scatter.attack_multiplier,mapped_not_resolved,needs_work,not_ep_compared,needs_work,,unknown,standard_scalar_param,1,"['level_contributor_present', 'semantically_incompatible_contributor_present']",['Scatter Enemy Attack'],[],"[{'source': 'Scatter Enemy Attack', 'value_type': 'level'}]",,,,,,,,"{'formula_class': 'unclassified', 'publish_policy': 'allow', 'compare_policy': 'normal', 'rationale': ''}",
context::enemy.scatter.health_multiplier,mapped_not_resolved,needs_work,not_ep_compared,needs_work,,unknown,standard_scalar_param,1,"['level_contributor_present', 'semantically_incompatible_contributor_present']",['Scatter Enemy Health'],[],"[{'source': 'Scatter Enemy Health', 'value_type': 'level'}]",,,,,,,,"{'formula_class': 'unclassified', 'publish_policy': 'allow', 'compare_policy': 'normal', 'rationale': ''}",
context::enemy.ranged.range_multiplier,mapped_not_resolved,needs_work,not_ep_compared,needs_work,,unknown,standard_scalar_param,1,"['level_contributor_present', 'semantically_incompatible_contributor_present']",['Ranged Enemy Range'],[],"[{'source': 'Ranged Enemy Range', 'value_type': 'level'}]",,,,,,,,"{'formula_class': 'unclassified', 'publish_policy': 'allow', 'compare_policy': 'normal', 'rationale': ''}",
state::module.lab.common_drop_chance_bonus_pct,resolved,publishable,not_ep_compared,pass,1.0,unknown,standard_scalar_param,1,[],[],[],[],,,,,,,,"{'formula_class': 'unclassified', 'publish_policy': 'allow', 'compare_policy': 'normal', 'rationale': ''}",
state::module.lab.reroll_shards_bonus,resolved,publishable,not_ep_compared,pass,100.0,unknown,standard_scalar_param,1,[],[],[],[],,,,,,,,"{'formula_class': 'unclassified', 'publish_policy': 'allow', 'compare_policy': 'normal', 'rationale': ''}",
state::module.lab.daily_mission_shards_bonus,resolved,publishable,not_ep_compared,pass,50.0,unknown,standard_scalar_param,1,[],[],[],[],,,,,,,,"{'formula_class': 'unclassified', 'publish_policy': 'allow', 'compare_policy': 'normal', 'rationale': ''}",
state::module.lab.shard_cost_reduction_pct,resolved,publishable,not_ep_compared,pass,-30.0,unknown,standard_scalar_param,1,[],[],[],[],,,,,,,,"{'formula_class': 'unclassified', 'publish_policy': 'allow', 'compare_policy': 'normal', 'rationale': ''}",
state::module.lab.coin_cost_reduction_pct,resolved,publishable,not_ep_compared,pass,-28.0,unknown,standard_scalar_param,1,[],[],[],[],,,,,,,,"{'formula_class': 'unclassified', 'publish_policy': 'allow', 'compare_policy': 'normal', 'rationale': ''}",
state::module.lab.rare_drop_chance_bonus_pct,resolved,publishable,not_ep_compared,pass,1.0,unknown,standard_scalar_param,1,[],[],[],[],,,,,,,,"{'formula_class': 'unclassified', 'publish_policy': 'allow', 'compare_policy': 'normal', 'rationale': ''}",
state::capability.modules.unmerge,resolved,publishable,not_ep_compared,pass,True,unknown,capability_passthrough,1,[],[],[],[],,,,,,,,"{'formula_class': 'unclassified', 'publish_policy': 'allow', 'compare_policy': 'normal', 'rationale': ''}",
state::module.lab.shatter_shards_bonus_pct,resolved,publishable,not_ep_compared,pass,100.0,unknown,standard_scalar_param,1,[],[],[],[],,,,,,,,"{'formula_class': 'unclassified', 'publish_policy': 'allow', 'compare_policy': 'normal', 'rationale': ''}",
state::capability.modules.effect_bans.cannon,resolved,publishable,not_ep_compared,pass,0.0,unknown,capability_passthrough,1,[],[],[],[],,,,,,,,"{'formula_class': 'unclassified', 'publish_policy': 'allow', 'compare_policy': 'normal', 'rationale': ''}",
state::capability.modules.effect_bans.armor,resolved,publishable,not_ep_compared,pass,2.0,unknown,capability_passthrough,1,[],[],[],[],,,,,,,,"{'formula_class': 'unclassified', 'publish_policy': 'allow', 'compare_policy': 'normal', 'rationale': ''}",
state::capability.modules.effect_bans.generator,resolved,publishable,not_ep_compared,pass,1.0,unknown,capability_passthrough,1,[],[],[],[],,,,,,,,"{'formula_class': 'unclassified', 'publish_policy': 'allow', 'compare_policy': 'normal', 'rationale': ''}",
state::capability.modules.effect_bans.core,resolved,publishable,not_ep_compared,pass,4.0,unknown,capability_passthrough,1,[],[],[],[],,,,,,,,"{'formula_class': 'unclassified', 'publish_policy': 'allow', 'compare_policy': 'normal', 'rationale': ''}",
state::module.cannon.assist_substat_lab_bonus_pct,resolved,publishable,not_ep_compared,pass,0.0,unknown,standard_scalar_param,1,[],[],[],[],,,,,,,,"{'formula_class': 'unclassified', 'publish_policy': 'allow', 'compare_policy': 'normal', 'rationale': ''}",
state::module.armor.assist_substat_lab_bonus_pct,resolved,publishable,not_ep_compared,pass,0.0,unknown,standard_scalar_param,1,[],[],[],[],,,,,,,,"{'formula_class': 'unclassified', 'publish_policy': 'allow', 'compare_policy': 'normal', 'rationale': ''}",
state::module.generator.assist_substat_lab_bonus_pct,resolved,publishable,not_ep_compared,pass,0.0,unknown,standard_scalar_param,1,[],[],[],[],,,,,,,,"{'formula_class': 'unclassified', 'publish_policy': 'allow', 'compare_policy': 'normal', 'rationale': ''}",
state::module.core.assist_substat_lab_bonus_pct,resolved,publishable,not_ep_compared,pass,0.0,unknown,standard_scalar_param,1,[],[],[],[],,,,,,,,"{'formula_class': 'unclassified', 'publish_policy': 'allow', 'compare_policy': 'normal', 'rationale': ''}",
state::module.cannon.assist_lab_bonus_pct,resolved,publishable,not_ep_compared,pass,0.0,unknown,standard_scalar_param,1,[],[],[],[],,,,,,,,"{'formula_class': 'unclassified', 'publish_policy': 'allow', 'compare_policy': 'normal', 'rationale': ''}",
state::module.armor.assist_lab_bonus_pct,resolved,publishable,not_ep_compared,pass,0.0,unknown,standard_scalar_param,1,[],[],[],[],,,,,,,,"{'formula_class': 'unclassified', 'publish_policy': 'allow', 'compare_policy': 'normal', 'rationale': ''}",
state::module.generator.assist_lab_bonus_pct,resolved,publishable,not_ep_compared,pass,0.0,unknown,standard_scalar_param,1,[],[],[],[],,,,,,,,"{'formula_class': 'unclassified', 'publish_policy': 'allow', 'compare_policy': 'normal', 'rationale': ''}",
state::module.core.assist_lab_bonus_pct,resolved,publishable,not_ep_compared,pass,0.0,unknown,standard_scalar_param,1,[],[],[],[],,,,,,,,"{'formula_class': 'unclassified', 'publish_policy': 'allow', 'compare_policy': 'normal', 'rationale': ''}",
state::cards.damage.mastery_effect,resolved,publishable,not_ep_compared,pass,1.0,unknown,standard_scalar_param,1,[],[],[],[],,,,,,,,"{'formula_class': 'unclassified', 'publish_policy': 'allow', 'compare_policy': 'normal', 'rationale': ''}",
state::cards.attack_speed.mastery_effect,resolved,publishable,not_ep_compared,pass,1.0,unknown,standard_scalar_param,1,[],[],[],[],,,,,,,,"{'formula_class': 'unclassified', 'publish_policy': 'allow', 'compare_policy': 'normal', 'rationale': ''}",
state::cards.health.mastery_effect,resolved,publishable,not_ep_compared,pass,1.0,unknown,standard_scalar_param,1,[],[],[],[],,,,,,,,"{'formula_class': 'unclassified', 'publish_policy': 'allow', 'compare_policy': 'normal', 'rationale': ''}",
state::cards.health_regen.mastery_effect,resolved,publishable,not_ep_compared,pass,1.0,unknown,standard_scalar_param,1,[],[],[],[],,,,,,,,"{'formula_class': 'unclassified', 'publish_policy': 'allow', 'compare_policy': 'normal', 'rationale': ''}",
state::cards.range.mastery_effect,resolved,publishable,not_ep_compared,pass,1.0,unknown,standard_scalar_param,1,[],[],[],[],,,,,,,,"{'formula_class': 'unclassified', 'publish_policy': 'allow', 'compare_policy': 'normal', 'rationale': ''}",
state::cards.cash.mastery_effect,resolved,publishable,not_ep_compared,pass,0.4,unknown,standard_scalar_param,1,[],[],[],[],,,,,,,,"{'formula_class': 'unclassified', 'publish_policy': 'allow', 'compare_policy': 'normal', 'rationale': ''}",
state::cards.coins.mastery_effect,resolved,publishable,not_ep_compared,pass,1.0,unknown,standard_scalar_param,1,[],[],[],[],,,,,,,,"{'formula_class': 'unclassified', 'publish_policy': 'allow', 'compare_policy': 'normal', 'rationale': ''}",
state::cards.slow_aura.mastery_effect,resolved,publishable,not_ep_compared,pass,1.0,unknown,standard_scalar_param,1,[],[],[],[],,,,,,,,"{'formula_class': 'unclassified', 'publish_policy': 'allow', 'compare_policy': 'normal', 'rationale': ''}",
state::cards.critical_chance.mastery_effect,resolved,publishable,not_ep_compared,pass,0.0,unknown,standard_scalar_param,1,[],[],[],[],,,,,,,,"{'formula_class': 'unclassified', 'publish_policy': 'allow', 'compare_policy': 'normal', 'rationale': ''}",
state::cards.enemy_balance.mastery_effect,resolved,publishable,not_ep_compared,pass,0.0,unknown,standard_scalar_param,1,[],[],[],[],,,,,,,,"{'formula_class': 'unclassified', 'publish_policy': 'allow', 'compare_policy': 'normal', 'rationale': ''}",
state::cards.extra_defense.mastery_effect,resolved,publishable,not_ep_compared,pass,0.0,unknown,standard_scalar_param,1,[],[],[],[],,,,,,,,"{'formula_class': 'unclassified', 'publish_policy': 'allow', 'compare_policy': 'normal', 'rationale': ''}",
state::cards.fortress.mastery_effect,resolved,publishable,not_ep_compared,pass,0.0,unknown,standard_scalar_param,1,[],[],[],[],,,,,,,,"{'formula_class': 'unclassified', 'publish_policy': 'allow', 'compare_policy': 'normal', 'rationale': ''}",
state::cards.free_upgrades.mastery_effect,resolved,publishable,not_ep_compared,pass,0.0,unknown,standard_scalar_param,1,[],[],[],[],,,,,,,,"{'formula_class': 'unclassified', 'publish_policy': 'allow', 'compare_policy': 'normal', 'rationale': ''}",
state::cards.extra_orb.mastery_effect,resolved,publishable,not_ep_compared,pass,1.0,unknown,standard_scalar_param,1,[],[],[],[],,,,,,,,"{'formula_class': 'unclassified', 'publish_policy': 'allow', 'compare_policy': 'normal', 'rationale': ''}",
state::cards.plasma_cannon.mastery_effect,resolved,publishable,not_ep_compared,pass,0.0,unknown,standard_scalar_param,1,[],[],[],[],,,,,,,,"{'formula_class': 'unclassified', 'publish_policy': 'allow', 'compare_policy': 'normal', 'rationale': ''}",
state::cards.critical_coin.mastery_effect,resolved,publishable,not_ep_compared,pass,0.0,unknown,standard_scalar_param,1,[],[],[],[],,,,,,,,"{'formula_class': 'unclassified', 'publish_policy': 'allow', 'compare_policy': 'normal', 'rationale': ''}",
state::cards.wave_skip.mastery_effect,resolved,publishable,not_ep_compared,pass,0.0,unknown,standard_scalar_param,1,[],[],[],[],,,,,,,,"{'formula_class': 'unclassified', 'publish_policy': 'allow', 'compare_policy': 'normal', 'rationale': ''}",
state::cards.intro_sprint.mastery_effect,resolved,publishable,not_ep_compared,pass,3.6,unknown,standard_scalar_param,1,[],[],[],[],,,,,,,,"{'formula_class': 'unclassified', 'publish_policy': 'allow', 'compare_policy': 'normal', 'rationale': ''}",
state::cards.land_mine_stun.mastery_effect,resolved,publishable,not_ep_compared,pass,0.0,unknown,standard_scalar_param,1,[],[],[],[],,,,,,,,"{'formula_class': 'unclassified', 'publish_policy': 'allow', 'compare_policy': 'normal', 'rationale': ''}",
state::cards.recovery_package_chance.mastery_effect,resolved,publishable,not_ep_compared,pass,1.2,unknown,standard_scalar_param,1,[],[],[],[],,,,,,,,"{'formula_class': 'unclassified', 'publish_policy': 'allow', 'compare_policy': 'normal', 'rationale': ''}",
state::cards.death_ray.mastery_effect,resolved,publishable,not_ep_compared,pass,0.0,unknown,standard_scalar_param,1,[],[],[],[],,,,,,,,"{'formula_class': 'unclassified', 'publish_policy': 'allow', 'compare_policy': 'normal', 'rationale': ''}",
state::cards.energy_net.mastery_effect,resolved,publishable,not_ep_compared,pass,1.0,unknown,standard_scalar_param,1,[],[],[],[],,,,,,,,"{'formula_class': 'unclassified', 'publish_policy': 'allow', 'compare_policy': 'normal', 'rationale': ''}",
state::cards.super_tower.mastery_effect,resolved,publishable,not_ep_compared,pass,0.0,unknown,standard_scalar_param,1,[],[],[],[],,,,,,,,"{'formula_class': 'unclassified', 'publish_policy': 'allow', 'compare_policy': 'normal', 'rationale': ''}",
state::cards.second_wind.mastery_effect,resolved,publishable,not_ep_compared,pass,1.0,unknown,standard_scalar_param,1,[],[],[],[],,,,,,,,"{'formula_class': 'unclassified', 'publish_policy': 'allow', 'compare_policy': 'normal', 'rationale': ''}",
state::cards.demon_mode.mastery_effect,resolved,publishable,not_ep_compared,pass,1.0,unknown,standard_scalar_param,1,[],[],[],[],,,,,,,,"{'formula_class': 'unclassified', 'publish_policy': 'allow', 'compare_policy': 'normal', 'rationale': ''}",
state::cards.energy_shield.mastery_effect,resolved,publishable,not_ep_compared,pass,0.0,unknown,standard_scalar_param,1,[],[],[],[],,,,,,,,"{'formula_class': 'unclassified', 'publish_policy': 'allow', 'compare_policy': 'normal', 'rationale': ''}",
state::cards.wave_accelerator.mastery_effect,resolved,publishable,not_ep_compared,pass,0.0,unknown,standard_scalar_param,1,[],[],[],[],,,,,,,,"{'formula_class': 'unclassified', 'publish_policy': 'allow', 'compare_policy': 'normal', 'rationale': ''}",
state::cards.berserker.mastery_effect,resolved,publishable,not_ep_compared,pass,0.0,unknown,standard_scalar_param,1,[],[],[],[],,,,,,,,"{'formula_class': 'unclassified', 'publish_policy': 'allow', 'compare_policy': 'normal', 'rationale': ''}",
state::cards.ultimate_crit.mastery_effect,resolved,publishable,not_ep_compared,pass,0.0,unknown,standard_scalar_param,1,[],[],[],[],,,,,,,,"{'formula_class': 'unclassified', 'publish_policy': 'allow', 'compare_policy': 'normal', 'rationale': ''}",
state::cards.nuke.mastery_effect,resolved,publishable,not_ep_compared,pass,0.0,unknown,standard_scalar_param,1,[],[],[],[],,,,,,,,"{'formula_class': 'unclassified', 'publish_policy': 'allow', 'compare_policy': 'normal', 'rationale': ''}",
state::cards.area_of_effect.mastery_effect,resolved,publishable,not_ep_compared,pass,0.0,unknown,standard_scalar_param,1,[],[],[],[],,,,,,,,"{'formula_class': 'unclassified', 'publish_policy': 'allow', 'compare_policy': 'normal', 'rationale': ''}",
context::bc.reduction.generic_pct,resolved,publishable,not_ep_compared,pass,0.0,pct,environment_scalar,1,[],[],[],[],,,,,,,,"{'formula_class': 'unclassified', 'publish_policy': 'allow', 'compare_policy': 'normal', 'rationale': ''}",
context::bc.knockback_resistance_pct,mapped_not_resolved,needs_work,not_ep_compared,needs_work,,pct,bc_effective_value,1,"['level_contributor_present', 'semantically_incompatible_contributor_present']",['Knockback Resistance'],[],"[{'source': 'Knockback Resistance', 'value_type': 'level'}]",,,,,,,,"{'formula_class': 'unclassified', 'publish_policy': 'allow', 'compare_policy': 'normal', 'rationale': ''}",
context::bc.thorns_resistance_pct,mapped_not_resolved,needs_work,not_ep_compared,needs_work,,pct,bc_effective_value,1,"['level_contributor_present', 'semantically_incompatible_contributor_present']",['Thorns Resistance'],[],"[{'source': 'Thorns Resistance', 'value_type': 'level'}]",,,,,,,,"{'formula_class': 'unclassified', 'publish_policy': 'allow', 'compare_policy': 'normal', 'rationale': ''}",
context::bc.orb_resistance_pct,mapped_not_resolved,needs_work,not_ep_compared,needs_work,,pct,bc_effective_value,1,"['level_contributor_present', 'semantically_incompatible_contributor_present']",['Orb Resistance'],[],"[{'source': 'Orb Resistance', 'value_type': 'level'}]",,,,,,,,"{'formula_class': 'unclassified', 'publish_policy': 'allow', 'compare_policy': 'normal', 'rationale': ''}",
context::bc.plasma_cannon_resistance_pct,mapped_not_resolved,needs_work,not_ep_compared,needs_work,,pct,bc_effective_value,1,"['level_contributor_present', 'semantically_incompatible_contributor_present']",['Plasma Cannon Resistance'],[],"[{'source': 'Plasma Cannon Resistance', 'value_type': 'level'}]",,,,,,,,"{'formula_class': 'unclassified', 'publish_policy': 'allow', 'compare_policy': 'normal', 'rationale': ''}",
context::bc.death_ray_resistance_pct,mapped_not_resolved,needs_work,not_ep_compared,needs_work,,pct,bc_effective_value,1,"['level_contributor_present', 'semantically_incompatible_contributor_present']",['Death Ray Resistance'],[],"[{'source': 'Death Ray Resistance', 'value_type': 'level'}]",,,,,,,,"{'formula_class': 'unclassified', 'publish_policy': 'allow', 'compare_policy': 'normal', 'rationale': ''}",
context::bc.armored_enemies_blocked_hits,mapped_not_resolved,needs_work,not_ep_compared,needs_work,,count,bc_effective_value,1,"['level_contributor_present', 'semantically_incompatible_contributor_present']",['Armored Enemies'],[],"[{'source': 'Armored Enemies', 'value_type': 'level'}]",,,,,,,,"{'formula_class': 'unclassified', 'publish_policy': 'allow', 'compare_policy': 'normal', 'rationale': ''}",
context::bc.enemy_speed_pct,mapped_not_resolved,needs_work,not_ep_compared,needs_work,,pct,bc_effective_value,1,"['level_contributor_present', 'semantically_incompatible_contributor_present']",['Enemy Speed'],[],"[{'source': 'Enemy Speed', 'value_type': 'level'}]",,,,,,,,"{'formula_class': 'unclassified', 'publish_policy': 'allow', 'compare_policy': 'normal', 'rationale': ''}",
context::bc.more_enemies_pct,mapped_not_resolved,needs_work,not_ep_compared,needs_work,,pct,bc_effective_value,2,"['level_contributor_present', 'semantically_incompatible_contributor_present']",['More Enemies'],[],"[{'source': 'More Enemies', 'value_type': 'level'}]",,,,,,,,"{'formula_class': 'unclassified', 'publish_policy': 'allow', 'compare_policy': 'normal', 'rationale': ''}",
context::bc.enemy_attack_speed_pct,mapped_not_resolved,needs_work,not_ep_compared,needs_work,,pct,bc_effective_value,1,"['level_contributor_present', 'semantically_incompatible_contributor_present']",['Enemy Attack Speed'],[],"[{'source': 'Enemy Attack Speed', 'value_type': 'level'}]",,,,,,,,"{'formula_class': 'unclassified', 'publish_policy': 'allow', 'compare_policy': 'normal', 'rationale': ''}",
context::enemy.fast.ultimate_enabled,mapped_not_resolved,not_resolved,not_ep_compared,fail,,unknown,standard_scalar_param,1,[],[],[],[],,,,,,,,"{'formula_class': 'unclassified', 'publish_policy': 'allow', 'compare_policy': 'normal', 'rationale': ''}",
context::enemy.ranged.ultimate_enabled,mapped_not_resolved,not_resolved,not_ep_compared,fail,,unknown,standard_scalar_param,1,[],[],[],[],,,,,,,,"{'formula_class': 'unclassified', 'publish_policy': 'allow', 'compare_policy': 'normal', 'rationale': ''}",
context::enemy.boss.ultimate_enabled,mapped_not_resolved,not_resolved,not_ep_compared,fail,,unknown,standard_scalar_param,1,[],[],[],[],,,,,,,,"{'formula_class': 'unclassified', 'publish_policy': 'allow', 'compare_policy': 'normal', 'rationale': ''}",
context::enemy.basic.ultimate_enabled,mapped_not_resolved,not_resolved,not_ep_compared,fail,,unknown,standard_scalar_param,1,[],[],[],[],,,,,,,,"{'formula_class': 'unclassified', 'publish_policy': 'allow', 'compare_policy': 'normal', 'rationale': ''}",
context::enemy.tank.ultimate_enabled,mapped_not_resolved,not_resolved,not_ep_compared,fail,,unknown,standard_scalar_param,1,[],[],[],[],,,,,,,,"{'formula_class': 'unclassified', 'publish_policy': 'allow', 'compare_policy': 'normal', 'rationale': ''}",
context::enemy.protector.ultimate_enabled,mapped_not_resolved,not_resolved,not_ep_compared,fail,,unknown,standard_scalar_param,1,[],[],[],[],,,,,,,,"{'formula_class': 'unclassified', 'publish_policy': 'allow', 'compare_policy': 'normal', 'rationale': ''}",
context::bc.uw_duration_reduction_seconds,mapped_not_resolved,needs_work,not_ep_compared,needs_work,,seconds,bc_effective_value,1,"['level_contributor_present', 'semantically_incompatible_contributor_present']",['Ultimate Weapon Durations'],[],"[{'source': 'Ultimate Weapon Durations', 'value_type': 'level'}]",,,,,,,,"{'formula_class': 'unclassified', 'publish_policy': 'allow', 'compare_policy': 'normal', 'rationale': ''}",
context::bc.death_defy_down_pct,mapped_not_resolved,needs_work,not_ep_compared,needs_work,,pct,bc_effective_value,1,"['level_contributor_present', 'semantically_incompatible_contributor_present']",['Death Defy Down'],[],"[{'source': 'Death Defy Down', 'value_type': 'level'}]",,,,,,,,"{'formula_class': 'unclassified', 'publish_policy': 'allow', 'compare_policy': 'normal', 'rationale': ''}",
context::bc.energy_shields_down_pct,mapped_not_resolved,needs_work,not_ep_compared,needs_work,,pct,bc_effective_value,1,"['level_contributor_present', 'semantically_incompatible_contributor_present']",['Energy Shields Down'],[],"[{'source': 'Energy Shields Down', 'value_type': 'level'}]",,,,,,,,"{'formula_class': 'unclassified', 'publish_policy': 'allow', 'compare_policy': 'normal', 'rationale': ''}",
context::bc.enemy_level_skip_reduction_pp,mapped_not_resolved,needs_work,not_ep_compared,needs_work,,unknown,standard_scalar_param,1,"['level_contributor_present', 'semantically_incompatible_contributor_present']",['Enemy Level Skip Reduction'],[],"[{'source': 'Enemy Level Skip Reduction', 'value_type': 'level'}]",,,,,,,,"{'formula_class': 'unclassified', 'publish_policy': 'allow', 'compare_policy': 'normal', 'rationale': ''}",
state::tower.crit_chance_pct,resolved,publishable,not_ep_compared,pass,86.0,pct,pct_capped_scalar_stat,3,[],[],[],[],,,,,,,,"{'formula_class': 'generic_validated', 'publish_policy': 'allow', 'compare_policy': 'normalize_percent_scale', 'rationale': 'KB-routed percent surface; compare remains normalized because EP may emit decimal fractions.'}","{'consumed': 3, 'listed': 3}"
state::tower.multishot_chance_pct,resolved,publishable,not_ep_compared,pass,49.5,pct,pct_capped_scalar_stat,2,[],[],[],[],,,,,,,,"{'formula_class': 'generic_validated', 'publish_policy': 'allow', 'compare_policy': 'normalize_percent_scale', 'rationale': ''}","{'consumed': 2, 'listed': 2}"
state::tower.multishot_targets,resolved,publishable,not_ep_compared,pass,13,count,integer_count_stat,2,[],[],[],[],,,,,,,,"{'formula_class': 'generic_validated', 'publish_policy': 'allow', 'compare_policy': 'normal', 'rationale': ''}","{'consumed': 2, 'listed': 2}"
state::tower.rapid_fire_chance_pct,resolved,publishable,not_ep_compared,pass,34.0,pct,pct_capped_scalar_stat,2,[],[],[],[],,,,,,,,"{'formula_class': 'generic_validated', 'publish_policy': 'allow', 'compare_policy': 'normalize_percent_scale', 'rationale': ''}","{'consumed': 2, 'listed': 2}"
state::tower.rapid_fire_duration_seconds,resolved,publishable,not_ep_compared,pass,5.55,seconds,standard_scalar_stat,1,[],[],[],[],,,,,,,,"{'formula_class': 'generic_validated', 'publish_policy': 'allow', 'compare_policy': 'normal', 'rationale': ''}","{'consumed': 1, 'listed': 1}"
state::tower.bounce_shot_chance_pct,resolved,publishable,not_ep_compared,pass,77.0,pct,pct_capped_scalar_stat,3,[],[],[],[],,,,,,,,"{'formula_class': 'generic_validated', 'publish_policy': 'allow', 'compare_policy': 'normalize_percent_scale', 'rationale': ''}","{'consumed': 3, 'listed': 3}"
state::tower.bounce_shot_targets,resolved,publishable,not_ep_compared,pass,14,count,integer_count_stat,2,[],[],[],[],,,,,,,,"{'formula_class': 'generic_validated', 'publish_policy': 'allow', 'compare_policy': 'normal', 'rationale': ''}","{'consumed': 2, 'listed': 2}"
state::tower.bounce_shot_range_m,resolved,publishable,not_ep_compared,pass,8.0,m,standard_scalar_stat,1,[],[],[],[],,,,,,,,"{'formula_class': 'unclassified', 'publish_policy': 'allow', 'compare_policy': 'normal', 'rationale': ''}","{'consumed': 1, 'listed': 1}"
state::tower.rend_armor_chance_pct,resolved,publishable,not_ep_compared,pass,112.125,pct,pct_capped_scalar_stat,2,[],[],[],[],,,,,,,,"{'formula_class': 'unclassified', 'publish_policy': 'allow', 'compare_policy': 'normal', 'rationale': ''}","{'consumed': 2, 'listed': 2}"
state::tower.rend_armor_multiplier,resolved,publishable,not_ep_compared,pass,1.05,multiplier,standard_scalar_stat,3,[],[],[],[],,,,,,,,"{'formula_class': 'unclassified', 'publish_policy': 'allow', 'compare_policy': 'normal', 'rationale': ''}","{'consumed': 3, 'listed': 3}"
state::tower.thorns_damage_pct,resolved,publishable,not_ep_compared,pass,121.0,pct,standard_scalar_stat,5,[],[],[],[],,,,,,,,"{'formula_class': 'unclassified', 'publish_policy': 'allow', 'compare_policy': 'normal', 'rationale': ''}","{'consumed': 5, 'listed': 5}"
state::tower.lifesteal_pct,resolved,publishable,not_ep_compared,pass,12.265561341,pct,pct_capped_scalar_stat,2,[],[],[],[],,,,,,,,"{'formula_class': 'unclassified', 'publish_policy': 'allow', 'compare_policy': 'normal', 'rationale': ''}","{'consumed': 2, 'listed': 2}"
state::tower.knockback_chance_pct,resolved,publishable,not_ep_compared,pass,80.0,pct,pct_capped_scalar_stat,2,[],[],[],[],,,,,,,,"{'formula_class': 'unclassified', 'publish_policy': 'allow', 'compare_policy': 'normal', 'rationale': ''}","{'consumed': 2, 'listed': 2}"
state::tower.knockback_force,resolved,publishable,not_ep_compared,pass,2.172,force,standard_scalar_stat,5,[],[],[],[],,,,,,,,"{'formula_class': 'unclassified', 'publish_policy': 'allow', 'compare_policy': 'normal', 'rationale': ''}",
state::tower.orb_speed_rpm,resolved,publishable,not_ep_compared,pass,7.1370000000000005,rpm,standard_scalar_stat,4,[],[],[],[],,,,,,,,"{'formula_class': 'unclassified', 'publish_policy': 'allow', 'compare_policy': 'normal', 'rationale': ''}","{'consumed': 4, 'listed': 4}"
state::tower.shockwave_size_m,resolved,publishable,not_ep_compared,pass,2.35,m,standard_scalar_stat,1,[],[],[],[],,,,,,,,"{'formula_class': 'unclassified', 'publish_policy': 'allow', 'compare_policy': 'normal', 'rationale': ''}","{'consumed': 1, 'listed': 1}"
state::tower.shockwave_interval_seconds,resolved,publishable,not_ep_compared,pass,14.0,seconds,standard_scalar_stat,2,[],[],[],[],,,,,,,,"{'formula_class': 'unclassified', 'publish_policy': 'allow', 'compare_policy': 'normal', 'rationale': ''}","{'consumed': 2, 'listed': 2}"
state::tower.land_mine_chance_pct,resolved,publishable,not_ep_compared,pass,30.0,pct,pct_capped_scalar_stat,1,[],[],[],[],,,,,,,,"{'formula_class': 'unclassified', 'publish_policy': 'allow', 'compare_policy': 'normal', 'rationale': ''}","{'consumed': 1, 'listed': 1}"
state::tower.land_mine_damage,mapped_not_resolved,not_resolved,not_ep_compared,fail,,damage,standard_scalar_stat,3,[],[],[],[],,,,,,,,"{'formula_class': 'unclassified', 'publish_policy': 'allow', 'compare_policy': 'normal', 'rationale': ''}",
state::tower.land_mine_radius_m,resolved,publishable,not_ep_compared,pass,1.5,m,standard_scalar_stat,1,[],[],[],[],,,,,,,,"{'formula_class': 'unclassified', 'publish_policy': 'allow', 'compare_policy': 'normal', 'rationale': ''}","{'consumed': 1, 'listed': 1}"
state::tower.death_defy_chance_pct,resolved,publishable,not_ep_compared,pass,30.0,pct,pct_capped_scalar_stat,2,[],[],[],[],,,,,,,,"{'formula_class': 'unclassified', 'publish_policy': 'allow', 'compare_policy': 'normal', 'rationale': ''}","{'consumed': 2, 'listed': 2}"
state::tower.free_attack_upgrade_chance_pct,resolved,publishable,not_ep_compared,pass,96.75,pct,standard_scalar_stat,5,[],[],[],[],,,,,,,,"{'formula_class': 'generic_family_promoted', 'publish_policy': 'allow', 'compare_policy': 'noncomparable', 'rationale': 'EP export surface is not directly comparable to package stage semantics here.'}","{'consumed': 5, 'listed': 5}"
state::tower.free_defense_upgrade_chance_pct,resolved,publishable,not_ep_compared,pass,93.75,pct,standard_scalar_stat,5,[],[],[],[],,,,,,,,"{'formula_class': 'generic_family_promoted', 'publish_policy': 'allow', 'compare_policy': 'noncomparable', 'rationale': ''}","{'consumed': 5, 'listed': 5}"
state::tower.free_utility_upgrade_chance_pct,resolved,publishable,not_ep_compared,pass,106.95,pct,standard_scalar_stat,7,[],[],[],[],,,,,,,,"{'formula_class': 'generic_family_promoted', 'publish_policy': 'allow', 'compare_policy': 'noncomparable', 'rationale': ''}","{'consumed': 7, 'listed': 7}"
state::tower.orb_size_multiplier,resolved,publishable,not_ep_compared,pass,3.0,multiplier,standard_scalar_param,1,[],[],[],[],,,,,,,,"{'formula_class': 'unclassified', 'publish_policy': 'allow', 'compare_policy': 'normal', 'rationale': ''}",
state::economy.coin_bonus_multiplier,resolved,publishable,not_ep_compared,pass,5.287490999999999,multiplier,standard_scalar_stat,3,[],[],[],[],,,,,,,,"{'formula_class': 'kb_contract_repaired', 'publish_policy': 'allow', 'compare_policy': 'helper_or_non_ep_surface', 'rationale': 'Broad KB-owned coin surface: direct Coin Bonus enhancement x generator main coin bonus only. Coin perks do not own this surface.'}",
state::economy.cells_kill_multiplier,resolved,publishable,not_ep_compared,pass,3.0,multiplier,standard_scalar_stat,1,[],[],[],[],,,,,,,,"{'formula_class': 'unclassified', 'publish_policy': 'allow', 'compare_policy': 'normal', 'rationale': ''}","{'consumed': 1, 'listed': 1}"
state::tower.free_upgrade_multiplier,resolved,publishable,not_ep_compared,pass,2.0,multiplier,standard_scalar_stat,1,[],[],[],[],,,,,,,,"{'formula_class': 'unclassified', 'publish_policy': 'allow', 'compare_policy': 'normal', 'rationale': ''}","{'consumed': 1, 'listed': 1}"
state::tower.recovery_package_multiplier,resolved,publishable,not_ep_compared,pass,4.0,multiplier,standard_scalar_stat,1,[],[],[],[],,,,,,,,"{'formula_class': 'unclassified', 'publish_policy': 'allow', 'compare_policy': 'normal', 'rationale': ''}","{'consumed': 1, 'listed': 1}"
state::meta.cosmetic_bonus.theme_song_coin_multiplier,resolved,publishable,not_ep_compared,pass,1.682,unknown,standard_scalar_stat,1,[],[],[],[],,,,,,,,"{'formula_class': 'unclassified', 'publish_policy': 'allow', 'compare_policy': 'normal', 'rationale': ''}",
state::account_flag.disable_ads,resolved,publishable,not_ep_compared,pass,True,unknown,capability_passthrough,1,[],[],[],[],,,,,,,,"{'formula_class': 'unclassified', 'publish_policy': 'allow', 'compare_policy': 'normal', 'rationale': ''}",
state::account_flag.starter_pack,resolved,publishable,not_ep_compared,pass,True,unknown,capability_passthrough,1,[],[],[],[],,,,,,,,"{'formula_class': 'unclassified', 'publish_policy': 'allow', 'compare_policy': 'normal', 'rationale': ''}",
state::account_flag.epic_pack,resolved,publishable,not_ep_compared,pass,True,unknown,capability_passthrough,1,[],[],[],[],,,,,,,,"{'formula_class': 'unclassified', 'publish_policy': 'allow', 'compare_policy': 'normal', 'rationale': ''}",
state::meta.account_context.farming_tier,mapped_not_resolved,needs_work,not_ep_compared,needs_work,,unknown,capability_passthrough,1,"['unresolved_contributor_present', 'semantically_incompatible_contributor_present']",[],['Farming Tier'],"[{'source': 'Farming Tier', 'value_type': 'raw_text'}]",,,,,,,,"{'formula_class': 'unclassified', 'publish_policy': 'allow', 'compare_policy': 'normal', 'rationale': ''}",
state::meta.account_context.coin_multiplier_display,mapped_not_resolved,needs_work,not_ep_compared,needs_work,,unknown,capability_passthrough,1,"['unresolved_contributor_present', 'semantically_incompatible_contributor_present']",[],['Coin Multiplier'],"[{'source': 'Coin Multiplier', 'value_type': 'raw_text'}]",,,,,,,,"{'formula_class': 'unclassified', 'publish_policy': 'allow', 'compare_policy': 'normal', 'rationale': ''}",
state::account_meta.event_relic_count,resolved,publishable,not_ep_compared,pass,116.0,unknown,standard_scalar_param,1,[],[],[],[],,,,,,,,"{'formula_class': 'unclassified', 'publish_policy': 'allow', 'compare_policy': 'normal', 'rationale': ''}",
state::account_meta.guild_relic_count,resolved,publishable,not_ep_compared,pass,13.0,unknown,standard_scalar_param,1,[],[],[],[],,,,,,,,"{'formula_class': 'unclassified', 'publish_policy': 'allow', 'compare_policy': 'normal', 'rationale': ''}",
state::account_meta.other_relic_count,resolved,publishable,not_ep_compared,pass,23.0,unknown,standard_scalar_param,1,[],[],[],[],,,,,,,,"{'formula_class': 'unclassified', 'publish_policy': 'allow', 'compare_policy': 'normal', 'rationale': ''}",
state::account_meta.total_relic_count,resolved,publishable,not_ep_compared,pass,152.0,unknown,standard_scalar_param,1,[],[],[],[],,,,,,,,"{'formula_class': 'unclassified', 'publish_policy': 'allow', 'compare_policy': 'normal', 'rationale': ''}",
state::meta.lab_speed_multiplier,resolved,publishable,not_ep_compared,pass,1.395,multiplier,standard_scalar_stat,1,[],[],[],[],,,,,,,,"{'formula_class': 'unclassified', 'publish_policy': 'allow', 'compare_policy': 'normal', 'rationale': ''}","{'consumed': 1, 'listed': 1}"
state::bot.global.range_bonus_m,resolved,publishable,not_ep_compared,pass,24.0,m,standard_scalar_param,3,[],[],[],[],,,,,,,,"{'formula_class': 'unclassified', 'publish_policy': 'allow', 'compare_policy': 'normal', 'rationale': ''}",
state::bot.golden.range_m,resolved,publishable,not_ep_compared,pass,50.0,m,standard_scalar_param,3,[],[],[],[],,,,,,,,"{'formula_class': 'unclassified', 'publish_policy': 'allow', 'compare_policy': 'normal', 'rationale': ''}",
state::bot.amplify.range_m,resolved,publishable,not_ep_compared,pass,25.0,m,standard_scalar_param,3,[],[],[],[],,,,,,,,"{'formula_class': 'unclassified', 'publish_policy': 'allow', 'compare_policy': 'normal', 'rationale': ''}",
state::bot.flame.range_m,resolved,publishable,not_ep_compared,pass,46.0,m,standard_scalar_param,3,[],[],[],[],,,,,,,,"{'formula_class': 'unclassified', 'publish_policy': 'allow', 'compare_policy': 'normal', 'rationale': ''}",
state::bot.thunder.range_m,resolved,publishable,not_ep_compared,pass,25.0,m,standard_scalar_param,3,[],[],[],[],,,,,,,,"{'formula_class': 'unclassified', 'publish_policy': 'allow', 'compare_policy': 'normal', 'rationale': ''}",
state::tower.ultimate_damage_multiplier,resolved,publishable,not_ep_compared,pass,22.70389256,multiplier,standard_scalar_stat,4,[],[],[],[],,,,,,,,"{'formula_class': 'unclassified', 'publish_policy': 'allow', 'compare_policy': 'normal', 'rationale': ''}","{'consumed': 4, 'listed': 4}"
state::economy.coins_multiplier,resolved,publishable,not_ep_compared,pass,2.146,multiplier,standard_scalar_stat,2,[],[],[],[],,,,,,,,"{'formula_class': 'kb_contract_helper_surface', 'publish_policy': 'allow', 'compare_policy': 'helper_or_non_ep_surface', 'rationale': 'Helper broad-coins multiplier from card and relic rows only; used for composed all-coin display surface.'}",
state::account_meta.keys_spent,resolved,publishable,not_ep_compared,pass,0.0,unknown,standard_scalar_param,1,[],[],[],[],,,,,,,,"{'formula_class': 'unclassified', 'publish_policy': 'allow', 'compare_policy': 'normal', 'rationale': ''}",
state::account_flag.discount_enhancements_pct,resolved,publishable,not_ep_compared,pass,0.0,unknown,capability_passthrough,1,[],[],[],[],,,,,,,,"{'formula_class': 'unclassified', 'publish_policy': 'allow', 'compare_policy': 'normal', 'rationale': ''}",
state::account_flag.discount_rerolls_pct,resolved,publishable,not_ep_compared,pass,0.0,unknown,capability_passthrough,1,[],[],[],[],,,,,,,,"{'formula_class': 'unclassified', 'publish_policy': 'allow', 'compare_policy': 'normal', 'rationale': ''}",
state::capability.additional_card_slot.count,resolved,publishable,not_ep_compared,pass,0.0,unknown,capability_passthrough,1,[],[],[],[],,,,,,,,"{'formula_class': 'unclassified', 'publish_policy': 'allow', 'compare_policy': 'normal', 'rationale': ''}",
state::account_flag.workshop_respec_discount_pct,resolved,publishable,not_ep_compared,pass,0.0,unknown,capability_passthrough,1,[],[],[],[],,,,,,,,"{'formula_class': 'unclassified', 'publish_policy': 'allow', 'compare_policy': 'normal', 'rationale': ''}",
state::account_flag.bot_respec_discount_pct,resolved,publishable,not_ep_compared,pass,0.0,unknown,capability_passthrough,1,[],[],[],[],,,,,,,,"{'formula_class': 'unclassified', 'publish_policy': 'allow', 'compare_policy': 'normal', 'rationale': ''}",
state::account_flag.ad_gems_stack_multiplier,resolved,publishable,not_ep_compared,pass,1.0,unknown,capability_passthrough,1,[],[],[],[],,,,,,,,"{'formula_class': 'unclassified', 'publish_policy': 'allow', 'compare_policy': 'normal', 'rationale': ''}",
state::account_flag.demon_mode_automation,resolved,publishable,not_ep_compared,pass,False,unknown,capability_passthrough,1,[],[],[],[],,,,,,,,"{'formula_class': 'unclassified', 'publish_policy': 'allow', 'compare_policy': 'normal', 'rationale': ''}",
state::account_flag.smart_demon_mode_automation,resolved,publishable,not_ep_compared,pass,False,unknown,capability_passthrough,1,[],[],[],[],,,,,,,,"{'formula_class': 'unclassified', 'publish_policy': 'allow', 'compare_policy': 'normal', 'rationale': ''}",
state::account_flag.free_mission_reroll,resolved,publishable,not_ep_compared,pass,False,unknown,capability_passthrough,1,[],[],[],[],,,,,,,,"{'formula_class': 'unclassified', 'publish_policy': 'allow', 'compare_policy': 'normal', 'rationale': ''}",
state::account_flag.nuke_automation,resolved,publishable,not_ep_compared,pass,False,unknown,capability_passthrough,1,[],[],[],[],,,,,,,,"{'formula_class': 'unclassified', 'publish_policy': 'allow', 'compare_policy': 'normal', 'rationale': ''}",
state::account_flag.smart_nuke_automation,resolved,publishable,not_ep_compared,pass,False,unknown,capability_passthrough,1,[],[],[],[],,,,,,,,"{'formula_class': 'unclassified', 'publish_policy': 'allow', 'compare_policy': 'normal', 'rationale': ''}",
state::account_flag.workshop_presets,resolved,publishable,not_ep_compared,pass,False,unknown,capability_passthrough,1,[],[],[],[],,,,,,,,"{'formula_class': 'unclassified', 'publish_policy': 'allow', 'compare_policy': 'normal', 'rationale': ''}",
state::account_flag.missile_barrage_automation,resolved,publishable,not_ep_compared,pass,False,unknown,capability_passthrough,1,[],[],[],[],,,,,,,,"{'formula_class': 'unclassified', 'publish_policy': 'allow', 'compare_policy': 'normal', 'rationale': ''}",
state::account_flag.smart_missile_barrage_automation,resolved,publishable,not_ep_compared,pass,False,unknown,capability_passthrough,1,[],[],[],[],,,,,,,,"{'formula_class': 'unclassified', 'publish_policy': 'allow', 'compare_policy': 'normal', 'rationale': ''}",
state::account_flag.daily_mission_set_shard_type,resolved,publishable,not_ep_compared,pass,False,unknown,capability_passthrough,1,[],[],[],[],,,,,,,,"{'formula_class': 'unclassified', 'publish_policy': 'allow', 'compare_policy': 'normal', 'rationale': ''}",
state::account_flag.auto_shatter_rare_modules,resolved,publishable,not_ep_compared,pass,False,unknown,capability_passthrough,1,[],[],[],[],,,,,,,,"{'formula_class': 'unclassified', 'publish_policy': 'allow', 'compare_policy': 'normal', 'rationale': ''}",
state::account_flag.auto_restart_run,resolved,publishable,not_ep_compared,pass,False,unknown,capability_passthrough,1,[],[],[],[],,,,,,,,"{'formula_class': 'unclassified', 'publish_policy': 'allow', 'compare_policy': 'normal', 'rationale': ''}",
state::account_flag.auto_charge_berzerker,resolved,publishable,not_ep_compared,pass,False,unknown,capability_passthrough,1,[],[],[],[],,,,,,,,"{'formula_class': 'unclassified', 'publish_policy': 'allow', 'compare_policy': 'normal', 'rationale': ''}",
state::account_flag.damage_cap_slider,resolved,publishable,not_ep_compared,pass,False,unknown,capability_passthrough,1,[],[],[],[],,,,,,,,"{'formula_class': 'unclassified', 'publish_policy': 'allow', 'compare_policy': 'normal', 'rationale': ''}",
state::account_flag.bot_presets,resolved,publishable,not_ep_compared,pass,False,unknown,capability_passthrough,1,[],[],[],[],,,,,,,,"{'formula_class': 'unclassified', 'publish_policy': 'allow', 'compare_policy': 'normal', 'rationale': ''}",
state::account_flag.workshop_orb_adjuster,resolved,publishable,not_ep_compared,pass,False,unknown,capability_passthrough,1,[],[],[],[],,,,,,,,"{'formula_class': 'unclassified', 'publish_policy': 'allow', 'compare_policy': 'normal', 'rationale': ''}",
state::account_flag.bot_cooldown_sliders,resolved,publishable,not_ep_compared,pass,False,unknown,capability_passthrough,1,[],[],[],[],,,,,,,,"{'formula_class': 'unclassified', 'publish_policy': 'allow', 'compare_policy': 'normal', 'rationale': ''}",
state::capability.bot.golden.owned,resolved,publishable,not_ep_compared,pass,True,unknown,standard_bool,2,[],[],[],[],,,,,,,,"{'formula_class': 'unclassified', 'publish_policy': 'allow', 'compare_policy': 'normal', 'rationale': ''}",
state::capability.bot.amplify.owned,resolved,publishable,not_ep_compared,pass,True,unknown,standard_bool,2,[],[],[],[],,,,,,,,"{'formula_class': 'unclassified', 'publish_policy': 'allow', 'compare_policy': 'normal', 'rationale': ''}",
state::capability.bot.flame.owned,resolved,publishable,not_ep_compared,pass,True,unknown,standard_bool,1,[],[],[],[],,,,,,,,"{'formula_class': 'unclassified', 'publish_policy': 'allow', 'compare_policy': 'normal', 'rationale': ''}",
state::capability.bot.thunder.owned,resolved,publishable,not_ep_compared,pass,True,unknown,standard_bool,1,[],[],[],[],,,,,,,,"{'formula_class': 'unclassified', 'publish_policy': 'allow', 'compare_policy': 'normal', 'rationale': ''}",
state::bot.flame.damage_reduction_pct,resolved,publishable,not_ep_compared,pass,0.35,pct,pct_capped_param,1,[],[],[],[],,,,,,,,"{'formula_class': 'unclassified', 'publish_policy': 'allow', 'compare_policy': 'normal', 'rationale': ''}",
state::bot.flame.damage_multiplier,resolved,publishable,not_ep_compared,pass,50.0,multiplier,standard_scalar_param,1,[],[],[],[],,,,,,,,"{'formula_class': 'unclassified', 'publish_policy': 'allow', 'compare_policy': 'normal', 'rationale': ''}",
state::bot.thunder.duration_seconds,resolved,publishable,not_ep_compared,pass,5.0,seconds,standard_scalar_param,1,[],[],[],[],,,,,,,,"{'formula_class': 'unclassified', 'publish_policy': 'allow', 'compare_policy': 'normal', 'rationale': ''}",
state::bot.thunder.linger_slow_pct,resolved,publishable,not_ep_compared,pass,0.2,pct,pct_capped_param,1,[],[],[],[],,,,,,,,"{'formula_class': 'unclassified', 'publish_policy': 'allow', 'compare_policy': 'normal', 'rationale': ''}",
state::bot.golden.bonus_multiplier,resolved,publishable,not_ep_compared,pass,6.4,multiplier,standard_scalar_param,1,[],[],[],[],,,,,,,,"{'formula_class': 'unclassified', 'publish_policy': 'allow', 'compare_policy': 'normal', 'rationale': ''}",
state::bot.amplify.bonus_multiplier,resolved,publishable,not_ep_compared,pass,3.5,multiplier,standard_scalar_param,1,[],[],[],[],,,,,,,,"{'formula_class': 'unclassified', 'publish_policy': 'allow', 'compare_policy': 'normal', 'rationale': ''}",
state::guardian.attack.percentage,resolved,publishable,not_ep_compared,pass,0.01,unknown,standard_scalar_param,1,[],[],[],[],,,,,,,,"{'formula_class': 'unclassified', 'publish_policy': 'allow', 'compare_policy': 'normal', 'rationale': ''}",
state::guardian.attack.cooldown,resolved,publishable,not_ep_compared,pass,120.0,unknown,standard_scalar_param,1,[],[],[],[],,,,,,,,"{'formula_class': 'unclassified', 'publish_policy': 'allow', 'compare_policy': 'normal', 'rationale': ''}",
state::guardian.attack.targets,resolved,publishable,not_ep_compared,pass,1.0,unknown,standard_scalar_param,1,[],[],[],[],,,,,,,,"{'formula_class': 'unclassified', 'publish_policy': 'allow', 'compare_policy': 'normal', 'rationale': ''}",
state::guardian.ally.recovery_amount,resolved,publishable,not_ep_compared,pass,0.01,unknown,standard_scalar_param,1,[],[],[],[],,,,,,,,"{'formula_class': 'unclassified', 'publish_policy': 'allow', 'compare_policy': 'normal', 'rationale': ''}",
state::guardian.ally.max_recovery,resolved,publishable,not_ep_compared,pass,1.1,unknown,standard_scalar_param,1,[],[],[],[],,,,,,,,"{'formula_class': 'unclassified', 'publish_policy': 'allow', 'compare_policy': 'normal', 'rationale': ''}",
state::guardian.ally.cooldown,resolved,publishable,not_ep_compared,pass,120.0,unknown,standard_scalar_param,1,[],[],[],[],,,,,,,,"{'formula_class': 'unclassified', 'publish_policy': 'allow', 'compare_policy': 'normal', 'rationale': ''}",
state::guardian.bounty.multiplier,resolved,publishable,not_ep_compared,pass,0.01,unknown,standard_scalar_param,1,[],[],[],[],,,,,,,,"{'formula_class': 'unclassified', 'publish_policy': 'allow', 'compare_policy': 'normal', 'rationale': ''}",
state::guardian.bounty.cooldown,resolved,publishable,not_ep_compared,pass,120.0,unknown,standard_scalar_param,1,[],[],[],[],,,,,,,,"{'formula_class': 'unclassified', 'publish_policy': 'allow', 'compare_policy': 'normal', 'rationale': ''}",
state::guardian.bounty.targets,resolved,publishable,not_ep_compared,pass,1.0,unknown,standard_scalar_param,1,[],[],[],[],,,,,,,,"{'formula_class': 'unclassified', 'publish_policy': 'allow', 'compare_policy': 'normal', 'rationale': ''}",
state::guardian.fetch.cooldown,resolved,publishable,not_ep_compared,pass,88.0,unknown,standard_scalar_param,1,[],[],[],[],,,,,,,,"{'formula_class': 'unclassified', 'publish_policy': 'allow', 'compare_policy': 'normal', 'rationale': ''}",
state::guardian.fetch.find_chance,resolved,publishable,not_ep_compared,pass,0.3700000000000002,unknown,standard_scalar_param,1,[],[],[],[],,,,,,,,"{'formula_class': 'unclassified', 'publish_policy': 'allow', 'compare_policy': 'normal', 'rationale': ''}",
state::guardian.fetch.double_find_chance,resolved,publishable,not_ep_compared,pass,0.10999999999999999,unknown,standard_scalar_param,1,[],[],[],[],,,,,,,,"{'formula_class': 'unclassified', 'publish_policy': 'allow', 'compare_policy': 'normal', 'rationale': ''}",
state::guardian.summon.cooldown,resolved,publishable,not_ep_compared,pass,90.0,unknown,standard_scalar_param,1,[],[],[],[],,,,,,,,"{'formula_class': 'unclassified', 'publish_policy': 'allow', 'compare_policy': 'normal', 'rationale': ''}",
state::guardian.summon.duration,resolved,publishable,not_ep_compared,pass,24.0,unknown,standard_scalar_param,1,[],[],[],[],,,,,,,,"{'formula_class': 'unclassified', 'publish_policy': 'allow', 'compare_policy': 'normal', 'rationale': ''}",
state::guardian.summon.cash_bonus,resolved,publishable,not_ep_compared,pass,1.0,unknown,standard_scalar_param,1,[],[],[],[],,,,,,,,"{'formula_class': 'unclassified', 'publish_policy': 'allow', 'compare_policy': 'normal', 'rationale': ''}",
state::guardian.scout.cooldown_seconds,resolved,publishable,not_ep_compared,pass,105.0,seconds,cooldown_param,1,[],[],[],[],,,,,,,,"{'formula_class': 'unclassified', 'publish_policy': 'allow', 'compare_policy': 'normal', 'rationale': ''}",
state::guardian.scout.range_bonus_multiplier,resolved,publishable,not_ep_compared,pass,2.0,multiplier,standard_scalar_param,1,[],[],[],[],,,,,,,,"{'formula_class': 'unclassified', 'publish_policy': 'allow', 'compare_policy': 'normal', 'rationale': ''}",
state::guardian.scout.duration_seconds,resolved,publishable,not_ep_compared,pass,5.0,seconds,standard_scalar_param,1,[],[],[],[],,,,,,,,"{'formula_class': 'unclassified', 'publish_policy': 'allow', 'compare_policy': 'normal', 'rationale': ''}",
state::capability.uw.chain_lightning.owned,resolved,publishable,not_ep_compared,pass,True,unknown,standard_bool,1,[],[],[],[],,,,,,,,"{'formula_class': 'unclassified', 'publish_policy': 'allow', 'compare_policy': 'normal', 'rationale': ''}",
state::uw.chain_lightning.damage_multiplier,resolved,publishable,not_ep_compared,pass,1800.5,multiplier,standard_scalar_param,3,[],[],[],[],,,,,,,,"{'formula_class': 'unclassified', 'publish_policy': 'allow', 'compare_policy': 'normal', 'rationale': ''}",
state::uw.chain_lightning.quantity,resolved,publishable,not_ep_compared,pass,4.0,count,integer_count_param,2,[],[],[],[],,,,,,,,"{'formula_class': 'unclassified', 'publish_policy': 'allow', 'compare_policy': 'normal', 'rationale': ''}",
state::uw.chain_lightning.chance_pct,resolved,publishable,not_ep_compared,pass,18.8,pct,pct_capped_param,2,[],[],[],[],,,,,,,,"{'formula_class': 'unclassified', 'publish_policy': 'allow', 'compare_policy': 'normal', 'rationale': ''}",
state::capability.uw.smart_missiles.owned,resolved,publishable,not_ep_compared,pass,False,unknown,standard_bool,1,[],[],[],[],,,,,,,,"{'formula_class': 'unclassified', 'publish_policy': 'allow', 'compare_policy': 'normal', 'rationale': ''}",
state::uw.smart_missiles.damage_multiplier,resolved,publishable,not_ep_compared,pass,10.0,multiplier,standard_scalar_param,1,[],[],[],[],,,,,,,,"{'formula_class': 'unclassified', 'publish_policy': 'allow', 'compare_policy': 'normal', 'rationale': ''}",
state::uw.smart_missiles.quantity,resolved,publishable,not_ep_compared,pass,5.0,count,integer_count_param,1,[],[],[],[],,,,,,,,"{'formula_class': 'unclassified', 'publish_policy': 'allow', 'compare_policy': 'normal', 'rationale': ''}",
state::uw.smart_missiles.cooldown_seconds,resolved,publishable,not_ep_compared,pass,180.0,seconds,cooldown_param,1,[],[],[],[],,,,,,,,"{'formula_class': 'unclassified', 'publish_policy': 'allow', 'compare_policy': 'normal', 'rationale': ''}",
state::capability.uw.death_wave.owned,resolved,publishable,not_ep_compared,pass,True,unknown,standard_bool,1,[],[],[],[],,,,,,,,"{'formula_class': 'unclassified', 'publish_policy': 'allow', 'compare_policy': 'normal', 'rationale': ''}",
state::uw.death_wave.damage_multiplier,resolved,publishable,not_ep_compared,pass,63.0,multiplier,standard_scalar_param,1,[],[],[],[],,,,,,,,"{'formula_class': 'unclassified', 'publish_policy': 'allow', 'compare_policy': 'normal', 'rationale': ''}",
state::uw.death_wave.effect_wave_count,resolved,publishable,not_ep_compared,pass,6.0,count,integer_count_param,3,[],[],[],[],,,,,,,,"{'formula_class': 'unclassified', 'publish_policy': 'allow', 'compare_policy': 'normal', 'rationale': ''}",
state::uw.death_wave.cooldown_seconds,resolved,publishable,not_ep_compared,pass,180.0,seconds,cooldown_param,1,[],[],[],[],,,,,,,,"{'formula_class': 'unclassified', 'publish_policy': 'allow', 'compare_policy': 'normal', 'rationale': ''}",
state::capability.uw.chrono_field.owned,resolved,publishable,not_ep_compared,pass,True,unknown,standard_bool,1,[],[],[],[],,,,,,,,"{'formula_class': 'unclassified', 'publish_policy': 'allow', 'compare_policy': 'normal', 'rationale': ''}",
state::uw.chrono_field.slow_pct,resolved,publishable,not_ep_compared,pass,57.25000000000001,pct,pct_capped_param,2,[],[],[],[],,,,,,,,"{'formula_class': 'unclassified', 'publish_policy': 'allow', 'compare_policy': 'normal', 'rationale': ''}",
state::uw.chrono_field.cooldown_seconds,resolved,publishable,not_ep_compared,pass,60.0,seconds,cooldown_param,1,[],[],[],[],,,,,,,,"{'formula_class': 'unclassified', 'publish_policy': 'allow', 'compare_policy': 'normal', 'rationale': ''}",
state::capability.uw.inner_land_mines.owned,resolved,publishable,not_ep_compared,pass,False,unknown,standard_bool,1,[],[],[],[],,,,,,,,"{'formula_class': 'unclassified', 'publish_policy': 'allow', 'compare_policy': 'normal', 'rationale': ''}",
state::uw.inner_land_mines.damage,resolved,publishable,not_ep_compared,pass,10.0,unknown,standard_scalar_param,1,[],[],[],[],,,,,,,,"{'formula_class': 'unclassified', 'publish_policy': 'allow', 'compare_policy': 'normal', 'rationale': ''}",
state::uw.inner_land_mines.quantity,resolved,publishable,not_ep_compared,pass,3.0,count,integer_count_param,1,[],[],[],[],,,,,,,,"{'formula_class': 'unclassified', 'publish_policy': 'allow', 'compare_policy': 'normal', 'rationale': ''}",
state::uw.inner_land_mines.cooldown_seconds,resolved,publishable,not_ep_compared,pass,200.0,seconds,cooldown_param,1,[],[],[],[],,,,,,,,"{'formula_class': 'unclassified', 'publish_policy': 'allow', 'compare_policy': 'normal', 'rationale': ''}",
state::capability.uw.golden_tower.owned,resolved,publishable,not_ep_compared,pass,True,unknown,standard_bool,1,[],[],[],[],,,,,,,,"{'formula_class': 'unclassified', 'publish_policy': 'allow', 'compare_policy': 'normal', 'rationale': ''}",
state::uw.golden_tower.cooldown_seconds,resolved,publishable,not_ep_compared,pass,180.0,seconds,cooldown_param,1,[],[],[],[],,,,,,,,"{'formula_class': 'unclassified', 'publish_policy': 'allow', 'compare_policy': 'normal', 'rationale': ''}",
state::capability.uw.poison_swamp.owned,resolved,publishable,not_ep_compared,pass,False,unknown,standard_bool,1,[],[],[],[],,,,,,,,"{'formula_class': 'unclassified', 'publish_policy': 'allow', 'compare_policy': 'normal', 'rationale': ''}",
state::uw.poison_swamp.damage_multiplier,resolved,publishable,not_ep_compared,pass,10.0,multiplier,standard_scalar_param,1,[],[],[],[],,,,,,,,"{'formula_class': 'unclassified', 'publish_policy': 'allow', 'compare_policy': 'normal', 'rationale': ''}",
state::uw.poison_swamp.duration_seconds,resolved,publishable,not_ep_compared,pass,30.0,seconds,uw_duration_param,1,[],[],[],[],,,,,,,,"{'formula_class': 'unclassified', 'publish_policy': 'allow', 'compare_policy': 'normal', 'rationale': ''}",
state::uw.poison_swamp.cooldown_seconds,resolved,publishable,not_ep_compared,pass,125.0,seconds,cooldown_param,1,[],[],[],[],,,,,,,,"{'formula_class': 'unclassified', 'publish_policy': 'allow', 'compare_policy': 'normal', 'rationale': ''}",
state::capability.uw.black_hole.owned,resolved,publishable,not_ep_compared,pass,True,unknown,standard_bool,1,[],[],[],[],,,,,,,,"{'formula_class': 'unclassified', 'publish_policy': 'allow', 'compare_policy': 'normal', 'rationale': ''}",
state::uw.black_hole.size_m,resolved,publishable,not_ep_compared,pass,48.0,m,standard_scalar_param,1,[],[],[],[],,,,,,,,"{'formula_class': 'unclassified', 'publish_policy': 'allow', 'compare_policy': 'normal', 'rationale': ''}",
state::uw.black_hole.duration_seconds,resolved,publishable,not_ep_compared,pass,48.0,seconds,uw_duration_param,3,[],[],[],[],,,,,,,,"{'formula_class': 'unclassified', 'publish_policy': 'allow', 'compare_policy': 'normal', 'rationale': ''}",
state::uw.black_hole.cooldown_seconds,resolved,publishable,not_ep_compared,pass,46.0,seconds,cooldown_param,2,[],[],[],[],,,,,,,,"{'formula_class': 'unclassified', 'publish_policy': 'allow', 'compare_policy': 'normal', 'rationale': ''}",
state::capability.uw.spotlight.owned,resolved,publishable,not_ep_compared,pass,True,unknown,standard_bool,1,[],[],[],[],,,,,,,,"{'formula_class': 'unclassified', 'publish_policy': 'allow', 'compare_policy': 'normal', 'rationale': ''}",
state::uw.spotlight.bonus_multiplier,resolved,publishable,not_ep_compared,pass,35.4,multiplier,standard_scalar_param,3,[],[],[],[],,,,,,,,"{'formula_class': 'unclassified', 'publish_policy': 'allow', 'compare_policy': 'normal', 'rationale': ''}",
state::uw.spotlight.angle_degrees,resolved,publishable,not_ep_compared,pass,56.25,degrees,standard_scalar_param,3,[],[],[],[],,,,,,,,"{'formula_class': 'unclassified', 'publish_policy': 'allow', 'compare_policy': 'normal', 'rationale': ''}",
state::uw.spotlight.count,resolved,publishable,not_ep_compared,pass,3.0,count,integer_count_param,1,[],[],[],[],,,,,,,,"{'formula_class': 'unclassified', 'publish_policy': 'allow', 'compare_policy': 'normal', 'rationale': ''}",
state::uw_plus.chain_lightning.smite,resolved,publishable,not_ep_compared,pass,0.0,unknown,standard_scalar_param,1,[],[],[],[],,,,,,,,"{'formula_class': 'unclassified', 'publish_policy': 'allow', 'compare_policy': 'normal', 'rationale': ''}",
state::uw_plus.smart_missiles.cover_fire,resolved,publishable,not_ep_compared,pass,0.0,unknown,standard_scalar_param,1,[],[],[],[],,,,,,,,"{'formula_class': 'unclassified', 'publish_policy': 'allow', 'compare_policy': 'normal', 'rationale': ''}",
state::uw_plus.death_wave.kill_wall,resolved,publishable,not_ep_compared,pass,0.0,unknown,standard_scalar_param,1,[],[],[],[],,,,,,,,"{'formula_class': 'unclassified', 'publish_policy': 'allow', 'compare_policy': 'normal', 'rationale': ''}",
state::uw_plus.chrono_field.chrono_loop,resolved,publishable,not_ep_compared,pass,0.0,unknown,standard_scalar_param,1,[],[],[],[],,,,,,,,"{'formula_class': 'unclassified', 'publish_policy': 'allow', 'compare_policy': 'normal', 'rationale': ''}",
state::uw_plus.inner_land_mines.charged_mines,resolved,publishable,not_ep_compared,pass,0.0,unknown,standard_scalar_param,1,[],[],[],[],,,,,,,,"{'formula_class': 'unclassified', 'publish_policy': 'allow', 'compare_policy': 'normal', 'rationale': ''}",
state::uw_plus.golden_tower.golden_combo,resolved,publishable,not_ep_compared,pass,0.0,unknown,standard_scalar_param,1,[],[],[],[],,,,,,,,"{'formula_class': 'unclassified', 'publish_policy': 'allow', 'compare_policy': 'normal', 'rationale': ''}",
state::uw_plus.poison_swamp.death_creep,resolved,publishable,not_ep_compared,pass,0.0,unknown,standard_scalar_param,1,[],[],[],[],,,,,,,,"{'formula_class': 'unclassified', 'publish_policy': 'allow', 'compare_policy': 'normal', 'rationale': ''}",
state::uw_plus.black_hole.consume,resolved,publishable,not_ep_compared,pass,0.0,unknown,standard_scalar_param,1,[],[],[],[],,,,,,,,"{'formula_class': 'unclassified', 'publish_policy': 'allow', 'compare_policy': 'normal', 'rationale': ''}",
state::uw_plus.spotlight.light_range,resolved,publishable,not_ep_compared,pass,0.0,unknown,standard_scalar_param,1,[],[],[],[],,,,,,,,"{'formula_class': 'unclassified', 'publish_policy': 'allow', 'compare_policy': 'normal', 'rationale': ''}",
state::cards.plasma_cannon.effect_pct,resolved,publishable,not_ep_compared,pass,54.0,pct,standard_scalar_param,1,[],[],[],[],,,,,,,,"{'formula_class': 'helper_formula', 'publish_policy': 'allow', 'compare_policy': 'normal', 'rationale': 'Resolved Plasma Cannon card effect percent surface for helper/runtime/optimizer use; sourced from active card base ladder when equipped.'}",
state::cards.wave_skip.chance_pct,resolved,publishable,not_ep_compared,pass,19.0,unknown,standard_scalar_param,1,[],[],[],[],,,,,,,,"{'formula_class': 'unclassified', 'publish_policy': 'allow', 'compare_policy': 'normal', 'rationale': ''}",
state::cards.wave_accelerator.spawn_rate_acceleration,resolved,publishable,not_ep_compared,pass,54.0,unknown,standard_scalar_param,1,[],[],[],[],,,,,,,,"{'formula_class': 'unclassified', 'publish_policy': 'allow', 'compare_policy': 'normal', 'rationale': ''}",
state::cards.critical_coin.bonus_multiplier,resolved,publishable,not_ep_compared,pass,33.0,unknown,standard_scalar_param,1,[],[],[],[],,,,,,,,"{'formula_class': 'unclassified', 'publish_policy': 'allow', 'compare_policy': 'normal', 'rationale': ''}",
state::capability.second_wind.enabled,resolved,publishable,not_ep_compared,pass,True,unknown,capability_passthrough,1,[],[],[],[],,,,,,,,"{'formula_class': 'unclassified', 'publish_policy': 'allow', 'compare_policy': 'normal', 'rationale': ''}",
state::capability.energy_shield.enabled,resolved,publishable,not_ep_compared,pass,True,unknown,capability_passthrough,1,[],[],[],[],,,,,,,,"{'formula_class': 'unclassified', 'publish_policy': 'allow', 'compare_policy': 'normal', 'rationale': ''}",
state::cards.intro_sprint.waves,resolved,publishable,not_ep_compared,pass,100.0,unknown,standard_scalar_param,1,[],[],[],[],,,,,,,,"{'formula_class': 'unclassified', 'publish_policy': 'allow', 'compare_policy': 'normal', 'rationale': ''}",
state::cards.land_mine_stun.miss_attack_chance_pct,resolved,publishable,not_ep_compared,pass,3.8,unknown,standard_scalar_param,1,[],[],[],[],,,,,,,,"{'formula_class': 'unclassified', 'publish_policy': 'allow', 'compare_policy': 'normal', 'rationale': ''}",
state::perk.free_upgrade_chance_all_pct,resolved,publishable,not_ep_compared,pass,31.25,unknown,standard_scalar_param,1,[],[],[],[],,,,,,,,"{'formula_class': 'unclassified', 'publish_policy': 'allow', 'compare_policy': 'normal', 'rationale': ''}",
state::perk.wave_requirement_multiplier,resolved,publishable,not_ep_compared,pass,0.2500000000000002,unknown,standard_scalar_param,1,[],[],[],[],,,,,,,,"{'formula_class': 'unclassified', 'publish_policy': 'allow', 'compare_policy': 'normal', 'rationale': ''}",
state::capability.random_uw_unlock.enabled,resolved,publishable,not_ep_compared,pass,True,unknown,capability_passthrough,1,[],[],[],[],,,,,,,,"{'formula_class': 'unclassified', 'publish_policy': 'allow', 'compare_policy': 'normal', 'rationale': ''}",
state::perk.max_game_speed,resolved,publishable,not_ep_compared,pass,1.25,unknown,standard_scalar_param,1,[],[],[],[],,,,,,,,"{'formula_class': 'unclassified', 'publish_policy': 'allow', 'compare_policy': 'normal', 'rationale': ''}",
state::uw.smart_missiles.extra_missiles,resolved,publishable,not_ep_compared,pass,4.0,unknown,standard_scalar_param,1,[],[],[],[],,,,,,,,"{'formula_class': 'unclassified', 'publish_policy': 'allow', 'compare_policy': 'normal', 'rationale': ''}",
state::uw.poison_swamp.radius_multiplier,resolved,publishable,not_ep_compared,pass,1.5,unknown,standard_scalar_param,1,[],[],[],[],,,,,,,,"{'formula_class': 'unclassified', 'publish_policy': 'allow', 'compare_policy': 'normal', 'rationale': ''}",
state::uw.inner_land_mines.extra_sets,resolved,publishable,not_ep_compared,pass,1.0,unknown,standard_scalar_param,1,[],[],[],[],,,,,,,,"{'formula_class': 'unclassified', 'publish_policy': 'allow', 'compare_policy': 'normal', 'rationale': ''}",
context::enemy.boss.health_multiplier,resolved,publishable,not_ep_compared,pass,9.84,unknown,standard_scalar_param,2,[],[],[],[],,,,,,,,"{'formula_class': 'unclassified', 'publish_policy': 'allow', 'compare_policy': 'normal', 'rationale': ''}",
context::enemy.damage_multiplier,resolved,publishable,not_ep_compared,pass,0.44999999999999996,unknown,standard_scalar_param,1,[],[],[],[],,,,,,,,"{'formula_class': 'unclassified', 'publish_policy': 'allow', 'compare_policy': 'normal', 'rationale': ''}",
context::enemy.ranged.damage_multiplier,resolved,publishable,not_ep_compared,pass,3.0,unknown,standard_scalar_param,1,[],[],[],[],,,,,,,,"{'formula_class': 'unclassified', 'publish_policy': 'allow', 'compare_policy': 'normal', 'rationale': ''}",
state::perk.enemy_kill_cash_multiplier,resolved,publishable,not_ep_compared,pass,0.0,unknown,standard_scalar_param,1,[],[],[],[],,,,,,,,"{'formula_class': 'unclassified', 'publish_policy': 'allow', 'compare_policy': 'normal', 'rationale': ''}",
context::enemy.boss.speed_multiplier,resolved,publishable,not_ep_compared,pass,1.5,unknown,standard_scalar_param,1,[],[],[],[],,,,,,,,"{'formula_class': 'unclassified', 'publish_policy': 'allow', 'compare_policy': 'normal', 'rationale': ''}",
state::module.amplifying_strike.tower_damage_5x_duration_s,mapped_not_resolved,needs_work,not_ep_compared,needs_work,,seconds,standard_scalar_param,1,['semantically_incompatible_contributor_present'],[],[],"[{'source': 'Amplifying Strike', 'value_type': 'duration_seconds'}]",,,,,,,,"{'formula_class': 'unclassified', 'publish_policy': 'allow', 'compare_policy': 'normal', 'rationale': ''}",
state::module.sharp_fortitude.wall_health_regen_mult_x,resolved,publishable,not_ep_compared,pass,2.5,multiplier,standard_scalar_param,1,[],[],[],[],,,,,,,,"{'formula_class': 'unclassified', 'publish_policy': 'allow', 'compare_policy': 'normal', 'rationale': ''}",
state::module.orbital_augment.electron_count,resolved,publishable,not_ep_compared,pass,2.0,count,integer_count_param,1,[],[],[],[],,,,,,,,"{'formula_class': 'unclassified', 'publish_policy': 'allow', 'compare_policy': 'normal', 'rationale': ''}",
state::module.singularity_harness.bot_range_bonus_m,resolved,publishable,not_ep_compared,pass,15.0,m,standard_scalar_param,1,[],[],[],[],,,,,,,,"{'formula_class': 'unclassified', 'publish_policy': 'allow', 'compare_policy': 'normal', 'rationale': ''}",
state::module.pulsar_harvester.level_reduction_proc_pct,resolved,publishable,not_ep_compared,pass,0.1,pct,standard_scalar_param,1,[],[],[],[],,,,,,,,"{'formula_class': 'unclassified', 'publish_policy': 'allow', 'compare_policy': 'normal', 'rationale': ''}",
state::module.primordial_collapse.in_bh_enemy_damage_reduction_pct,resolved,publishable,not_ep_compared,pass,80.0,pct,standard_scalar_param,1,[],[],[],[],,,,,,,,"{'formula_class': 'unclassified', 'publish_policy': 'allow', 'compare_policy': 'normal', 'rationale': ''}",
state::module.dimension_core.max_shock_stacks,resolved,publishable,not_ep_compared,pass,5.0,count,integer_count_param,1,[],[],[],[],,,,,,,,"{'formula_class': 'unclassified', 'publish_policy': 'allow', 'compare_policy': 'normal', 'rationale': ''}",
raw::Workshop Attack Discount,unmapped,trace_only,not_ep_compared,trace_only,,count,integer_count_param,1,"['level_contributor_present', 'semantically_incompatible_contributor_present']",['Workshop Attack Discount'],[],"[{'source': 'Workshop Attack Discount', 'value_type': 'level'}]",,,,,,,,"{'formula_class': 'unclassified', 'publish_policy': 'allow', 'compare_policy': 'normal', 'rationale': ''}",
raw::Workshop Defense Discount,unmapped,trace_only,not_ep_compared,trace_only,,count,integer_count_param,1,"['level_contributor_present', 'semantically_incompatible_contributor_present']",['Workshop Defense Discount'],[],"[{'source': 'Workshop Defense Discount', 'value_type': 'level'}]",,,,,,,,"{'formula_class': 'unclassified', 'publish_policy': 'allow', 'compare_policy': 'normal', 'rationale': ''}",
raw::Workshop Utility Discount,unmapped,trace_only,not_ep_compared,trace_only,,count,integer_count_param,1,"['level_contributor_present', 'semantically_incompatible_contributor_present']",['Workshop Utility Discount'],[],"[{'source': 'Workshop Utility Discount', 'value_type': 'level'}]",,,,,,,,"{'formula_class': 'unclassified', 'publish_policy': 'allow', 'compare_policy': 'normal', 'rationale': ''}",
raw::Labs Coin Discount,unmapped,trace_only,not_ep_compared,trace_only,,count,integer_count_param,1,"['level_contributor_present', 'semantically_incompatible_contributor_present']",['Labs Coin Discount'],[],"[{'source': 'Labs Coin Discount', 'value_type': 'level'}]",,,,,,,,"{'formula_class': 'unclassified', 'publish_policy': 'allow', 'compare_policy': 'normal', 'rationale': ''}",
raw::Workshop Enhancements,unmapped,trace_only,not_ep_compared,trace_only,,count,integer_count_param,1,"['level_contributor_present', 'semantically_incompatible_contributor_present']",['Workshop Enhancements'],[],"[{'source': 'Workshop Enhancements', 'value_type': 'level'}]",,,,,,,,"{'formula_class': 'unclassified', 'publish_policy': 'allow', 'compare_policy': 'normal', 'rationale': ''}",
raw::Enhancement Attack - Coin Discount,unmapped,trace_only,not_ep_compared,trace_only,,count,integer_count_param,1,"['level_contributor_present', 'semantically_incompatible_contributor_present']",['Enhancement Attack - Coin Discount'],[],"[{'source': 'Enhancement Attack - Coin Discount', 'value_type': 'level'}]",,,,,,,,"{'formula_class': 'unclassified', 'publish_policy': 'allow', 'compare_policy': 'normal', 'rationale': ''}",
raw::Enhancement Defense - Coin Discount,unmapped,trace_only,not_ep_compared,trace_only,,count,integer_count_param,1,"['level_contributor_present', 'semantically_incompatible_contributor_present']",['Enhancement Defense - Coin Discount'],[],"[{'source': 'Enhancement Defense - Coin Discount', 'value_type': 'level'}]",,,,,,,,"{'formula_class': 'unclassified', 'publish_policy': 'allow', 'compare_policy': 'normal', 'rationale': ''}",
raw::Enhancement Utility - Coin Discount,unmapped,trace_only,not_ep_compared,trace_only,,count,integer_count_param,1,"['level_contributor_present', 'semantically_incompatible_contributor_present']",['Enhancement Utility - Coin Discount'],[],"[{'source': 'Enhancement Utility - Coin Discount', 'value_type': 'level'}]",,,,,,,,"{'formula_class': 'unclassified', 'publish_policy': 'allow', 'compare_policy': 'normal', 'rationale': ''}",
"raw::Ranged Enemies Attack Distance Reduced, But Tower Ranged Enemies Damage x3::effect_1",unmapped,trace_only,not_ep_compared,trace_only,,count,integer_count_param,1,"['unresolved_contributor_present', 'semantically_incompatible_contributor_present']",[],"['Ranged Enemies Attack Distance Reduced, But Tower Ranged Enemies Damage x3']","[{'source': 'Ranged Enemies Attack Distance Reduced, But Tower Ranged Enemies Damage x3', 'value_type': 'raw_text'}]",,,,,,,,"{'formula_class': 'unclassified', 'publish_policy': 'allow', 'compare_policy': 'normal', 'rationale': ''}",
state::economy.all_coin_bonus_multiplier,mapped_not_resolved,needs_work,not_ep_compared,needs_work,,multiplier,standard_scalar_stat,6,['unresolved_contributor_present'],[],"['account_context.farming_tier', 'account_context.coin_multiplier_display', 'account_context.farming_tier_coin_multiplier']",[],,,,,,,,"{'formula_class': 'unclassified', 'publish_policy': 'allow', 'compare_policy': 'normal', 'rationale': ''}",
derived::ehp.health_lab_factor,resolved,publishable,not_ep_compared,pass,1.0,,query_derived_composites,0,[],[],[],[],,,,,,,,"{'formula_class': 'unclassified', 'publish_policy': 'allow', 'compare_policy': 'normal', 'rationale': ''}",
derived::ehp.health_card_factor,resolved,publishable,not_ep_compared,pass,1.0,,query_derived_composites,0,[],[],[],[],,,,,,,,"{'formula_class': 'unclassified', 'publish_policy': 'allow', 'compare_policy': 'normal', 'rationale': ''}",
derived::ehp.health_wse_factor,resolved,publishable,not_ep_compared,pass,1.0,,query_derived_composites,0,[],[],[],[],,,,,,,,"{'formula_class': 'unclassified', 'publish_policy': 'allow', 'compare_policy': 'normal', 'rationale': ''}",
derived::ehp.health_perk_factor,resolved,publishable,not_ep_compared,pass,1.0,,query_derived_composites,0,[],[],[],[],,,,,,,,"{'formula_class': 'unclassified', 'publish_policy': 'allow', 'compare_policy': 'normal', 'rationale': ''}",
derived::ehp.health_cto_factor,resolved,publishable,not_ep_compared,pass,1.0,,query_derived_composites,0,[],[],[],[],,,,,,,,"{'formula_class': 'unclassified', 'publish_policy': 'allow', 'compare_policy': 'normal', 'rationale': ''}",
derived::ehp.health_rto_factor,resolved,publishable,not_ep_compared,pass,1.0,,query_derived_composites,0,[],[],[],[],,,,,,,,"{'formula_class': 'unclassified', 'publish_policy': 'allow', 'compare_policy': 'normal', 'rationale': ''}",
derived::ehp.health_relic_factor,resolved,publishable,not_ep_compared,pass,1.0,,query_derived_composites,0,[],[],[],[],,,,,,,,"{'formula_class': 'unclassified', 'publish_policy': 'allow', 'compare_policy': 'normal', 'rationale': ''}",
derived::ehp.health_vault_factor,resolved,publishable,not_ep_compared,pass,1.0,,query_derived_composites,0,[],[],[],[],,,,,,,,"{'formula_class': 'unclassified', 'publish_policy': 'allow', 'compare_policy': 'normal', 'rationale': ''}",
derived::ehp.health_dwhp_factor,resolved,publishable,not_ep_compared,pass,1.0,,query_derived_composites,0,[],[],[],[],,,,,,,,"{'formula_class': 'unclassified', 'publish_policy': 'allow', 'compare_policy': 'normal', 'rationale': ''}",
derived::ehp.health_factor,resolved,publishable,not_ep_compared,pass,21906477802177.465,,query_derived_composites,2,[],[],[],[],,,,,,,,"{'formula_class': 'unclassified', 'publish_policy': 'allow', 'compare_policy': 'normal', 'rationale': ''}",
derived::ehp.armor_primary_factor,resolved,publishable,not_ep_compared,pass,1.0,,query_derived_composites,0,[],[],[],[],,,,,,,,"{'formula_class': 'unclassified', 'publish_policy': 'allow', 'compare_policy': 'normal', 'rationale': ''}",
derived::ehp.armor_assist_factor,resolved,publishable,not_ep_compared,pass,1.0,,query_derived_composites,0,[],[],[],[],,,,,,,,"{'formula_class': 'unclassified', 'publish_policy': 'allow', 'compare_policy': 'normal', 'rationale': ''}",
derived::ehp.armor_factor,resolved,blocked,not_ep_compared,fail,1.0,,query_derived_composites,1,['unresolved_contributor_present'],[],['support_surface::ehp.armor_factor'],[],,,,,,,,"{'formula_class': 'unclassified', 'publish_policy': 'allow', 'compare_policy': 'normal', 'rationale': ''}",
derived::ehp.wall_health_lab_term,resolved,publishable,not_ep_compared,pass,0.0,,query_derived_composites,0,[],[],[],[],,,,,,,,"{'formula_class': 'unclassified', 'publish_policy': 'allow', 'compare_policy': 'normal', 'rationale': ''}",
derived::ehp.wall_health_substat_term,resolved,publishable,not_ep_compared,pass,0.0,,query_derived_composites,0,[],[],[],[],,,,,,,,"{'formula_class': 'unclassified', 'publish_policy': 'allow', 'compare_policy': 'normal', 'rationale': ''}",
derived::ehp.wall_health_wse_factor,resolved,publishable,not_ep_compared,pass,1.0,,query_derived_composites,0,[],[],[],[],,,,,,,,"{'formula_class': 'unclassified', 'publish_policy': 'allow', 'compare_policy': 'normal', 'rationale': ''}",
derived::ehp.wall_health_module_factor,resolved,publishable,not_ep_compared,pass,1.0,,query_derived_composites,0,[],[],[],[],,,,,,,,"{'formula_class': 'unclassified', 'publish_policy': 'allow', 'compare_policy': 'normal', 'rationale': ''}",
derived::ehp.wall_health_fort_factor,resolved,publishable,not_ep_compared,pass,1.0,,query_derived_composites,0,[],[],[],[],,,,,,,,"{'formula_class': 'unclassified', 'publish_policy': 'allow', 'compare_policy': 'normal', 'rationale': ''}",
derived::ehp.wall_factor,resolved,publishable,not_ep_compared,pass,5400.0,,query_derived_composites,2,[],[],[],[],,,,,,,,"{'formula_class': 'unclassified', 'publish_policy': 'allow', 'compare_policy': 'normal', 'rationale': ''}",
derived::ehp.max_recovery_lab_term,resolved,publishable,not_ep_compared,pass,0.0,,query_derived_composites,0,[],[],[],[],,,,,,,,"{'formula_class': 'unclassified', 'publish_policy': 'allow', 'compare_policy': 'normal', 'rationale': ''}",
derived::ehp.max_recovery_substat_term,resolved,publishable,not_ep_compared,pass,0.0,,query_derived_composites,0,[],[],[],[],,,,,,,,"{'formula_class': 'unclassified', 'publish_policy': 'allow', 'compare_policy': 'normal', 'rationale': ''}",
derived::ehp.max_recovery_wse_factor,resolved,publishable,not_ep_compared,pass,1.0,,query_derived_composites,0,[],[],[],[],,,,,,,,"{'formula_class': 'unclassified', 'publish_policy': 'allow', 'compare_policy': 'normal', 'rationale': ''}",
derived::ehp.max_recovery_vault_factor,resolved,publishable,not_ep_compared,pass,1.0,,query_derived_composites,0,[],[],[],[],,,,,,,,"{'formula_class': 'unclassified', 'publish_policy': 'allow', 'compare_policy': 'normal', 'rationale': ''}",
derived::ehp.recovery_package_factor,resolved,publishable,not_ep_compared,pass,16.5,,query_derived_composites,2,[],[],[],[],,,,,,,,"{'formula_class': 'unclassified', 'publish_policy': 'allow', 'compare_policy': 'normal', 'rationale': ''}",
derived::ehp.wall_or_recovery_factor,resolved,publishable,not_ep_compared,pass,5416.5,,query_derived_composites,2,[],[],[],[],,,,,,,,"{'formula_class': 'unclassified', 'publish_policy': 'allow', 'compare_policy': 'normal', 'rationale': ''}",
derived::ehp.wall_pkg_factor,resolved,publishable,not_ep_compared,pass,5416.5,,query_derived_composites,2,[],[],[],[],,,,,,,,"{'formula_class': 'unclassified', 'publish_policy': 'allow', 'compare_policy': 'normal', 'rationale': ''}",
derived::ehp.base_pool,resolved,publishable,not_ep_compared,pass,1.1865643701549424e+17,,query_derived_composites,2,[],[],[],[],,,,,,,,"{'formula_class': 'unclassified', 'publish_policy': 'allow', 'compare_policy': 'normal', 'rationale': ''}",
derived::ehp.dabs_lab_factor,resolved,publishable,not_ep_compared,pass,1.0,,query_derived_composites,0,[],[],[],[],,,,,,,,"{'formula_class': 'unclassified', 'publish_policy': 'allow', 'compare_policy': 'normal', 'rationale': ''}",
derived::ehp.dabs_card_factor,resolved,publishable,not_ep_compared,pass,1.0,,query_derived_composites,0,[],[],[],[],,,,,,,,"{'formula_class': 'unclassified', 'publish_policy': 'allow', 'compare_policy': 'normal', 'rationale': ''}",
derived::ehp.dabs_substat_factor,resolved,publishable,not_ep_compared,pass,1.0,,query_derived_composites,0,[],[],[],[],,,,,,,,"{'formula_class': 'unclassified', 'publish_policy': 'allow', 'compare_policy': 'normal', 'rationale': ''}",
derived::ehp.dabs_wse_factor,resolved,publishable,not_ep_compared,pass,1.0,,query_derived_composites,0,[],[],[],[],,,,,,,,"{'formula_class': 'unclassified', 'publish_policy': 'allow', 'compare_policy': 'normal', 'rationale': ''}",
derived::ehp.dabs_perk_factor,resolved,publishable,not_ep_compared,pass,1.0,,query_derived_composites,0,[],[],[],[],,,,,,,,"{'formula_class': 'unclassified', 'publish_policy': 'allow', 'compare_policy': 'normal', 'rationale': ''}",
derived::ehp.dabs_relic_factor,resolved,publishable,not_ep_compared,pass,1.0,,query_derived_composites,0,[],[],[],[],,,,,,,,"{'formula_class': 'unclassified', 'publish_policy': 'allow', 'compare_policy': 'normal', 'rationale': ''}",
derived::ehp.dabs_vault_factor,resolved,publishable,not_ep_compared,pass,1.0,,query_derived_composites,0,[],[],[],[],,,,,,,,"{'formula_class': 'unclassified', 'publish_policy': 'allow', 'compare_policy': 'normal', 'rationale': ''}",
derived::ehp.dabs_base_factor,resolved,publishable,not_ep_compared,pass,1594662034.4768927,,query_derived_composites,0,[],[],[],[],,,,,,,,"{'formula_class': 'unclassified', 'publish_policy': 'allow', 'compare_policy': 'normal', 'rationale': ''}",
derived::ehp.dabs_effective_factor,resolved,publishable,not_ep_compared,pass,1594662034.4768927,,query_derived_composites,0,[],[],[],[],,,,,,,,"{'formula_class': 'unclassified', 'publish_policy': 'allow', 'compare_policy': 'normal', 'rationale': ''}",
derived::ehp.dabs_factor,resolved,publishable,not_ep_compared,pass,1594662034.4768927,,query_derived_composites,1,[],[],[],[],,,,,,,,"{'formula_class': 'unclassified', 'publish_policy': 'allow', 'compare_policy': 'normal', 'rationale': ''}",
derived::ehp.def_pct_raw,resolved,publishable,not_ep_compared,pass,0.98,,query_derived_composites,0,[],[],[],[],,,,,,,,"{'formula_class': 'unclassified', 'publish_policy': 'allow', 'compare_policy': 'normal', 'rationale': ''}",
derived::ehp.def_pct_lab_term,resolved,publishable,not_ep_compared,pass,0.0,,query_derived_composites,0,[],[],[],[],,,,,,,,"{'formula_class': 'unclassified', 'publish_policy': 'allow', 'compare_policy': 'normal', 'rationale': ''}",
derived::ehp.def_pct_card_term,resolved,publishable,not_ep_compared,pass,0.0,,query_derived_composites,0,[],[],[],[],,,,,,,,"{'formula_class': 'unclassified', 'publish_policy': 'allow', 'compare_policy': 'normal', 'rationale': ''}",
derived::ehp.def_pct_substat_term,resolved,publishable,not_ep_compared,pass,0.0,,query_derived_composites,0,[],[],[],[],,,,,,,,"{'formula_class': 'unclassified', 'publish_policy': 'allow', 'compare_policy': 'normal', 'rationale': ''}",
derived::ehp.def_pct_perk_term,resolved,publishable,not_ep_compared,pass,0.0,,query_derived_composites,0,[],[],[],[],,,,,,,,"{'formula_class': 'unclassified', 'publish_policy': 'allow', 'compare_policy': 'normal', 'rationale': ''}",
derived::ehp.def_pct_relic_term,resolved,publishable,not_ep_compared,pass,0.0,,query_derived_composites,0,[],[],[],[],,,,,,,,"{'formula_class': 'unclassified', 'publish_policy': 'allow', 'compare_policy': 'normal', 'rationale': ''}",
derived::ehp.def_pct_vault_term,resolved,publishable,not_ep_compared,pass,0.0,,query_derived_composites,0,[],[],[],[],,,,,,,,"{'formula_class': 'unclassified', 'publish_policy': 'allow', 'compare_policy': 'normal', 'rationale': ''}",
derived::ehp.defense_taken_factor,resolved,publishable,not_ep_compared,pass,49.99999999999996,,query_derived_composites,1,[],[],[],[],,,,,,,,"{'formula_class': 'unclassified', 'publish_policy': 'allow', 'compare_policy': 'normal', 'rationale': ''}",
derived::ehp.chrono_field_duration_seconds,resolved,publishable,not_ep_compared,pass,110.0,,query_derived_composites,0,[],[],[],[],,,,,,,,"{'formula_class': 'unclassified', 'publish_policy': 'allow', 'compare_policy': 'normal', 'rationale': ''}",
derived::ehp.chrono_field_cooldown_seconds,resolved,publishable,not_ep_compared,pass,60.0,,query_derived_composites,0,[],[],[],[],,,,,,,,"{'formula_class': 'unclassified', 'publish_policy': 'allow', 'compare_policy': 'normal', 'rationale': ''}",
derived::ehp.chrono_field_damage_reduction_pct,resolved,publishable,not_ep_compared,pass,20.0,,query_derived_composites,0,[],[],[],[],,,,,,,,"{'formula_class': 'unclassified', 'publish_policy': 'allow', 'compare_policy': 'normal', 'rationale': ''}",
derived::ehp.chrono_field_uptime,resolved,publishable,not_ep_compared,pass,0.6470588235294118,,query_derived_composites,1,[],[],[],[],,,,,,,,"{'formula_class': 'unclassified', 'publish_policy': 'allow', 'compare_policy': 'normal', 'rationale': ''}",
derived::ehp.chrono_field_damage_reduction_factor,resolved,publishable,not_ep_compared,pass,1.1486486486486487,,query_derived_composites,1,[],[],[],[],,,,,,,,"{'formula_class': 'unclassified', 'publish_policy': 'allow', 'compare_policy': 'normal', 'rationale': ''}",
derived::ehp.wall_invuln_reduction_pct,resolved,publishable,not_ep_compared,pass,0.0,,query_derived_composites,0,[],[],[],[],,,,,,,,"{'formula_class': 'unclassified', 'publish_policy': 'allow', 'compare_policy': 'normal', 'rationale': ''}",
derived::ehp.wall_invuln_factor,resolved,blocked,not_ep_compared,fail,1.0,,query_derived_composites,1,['unresolved_contributor_present'],[],['support_surface::ehp.wall_invuln_reduction_pct'],[],,,,,,,,"{'formula_class': 'unclassified', 'publish_policy': 'allow', 'compare_policy': 'normal', 'rationale': ''}",
derived::ehp.chain_thunder_reduction_pct,resolved,publishable,not_ep_compared,pass,0.0,,query_derived_composites,0,[],[],[],[],,,,,,,,"{'formula_class': 'unclassified', 'publish_policy': 'allow', 'compare_policy': 'normal', 'rationale': ''}",
derived::ehp.chain_thunder_factor,resolved,blocked,not_ep_compared,fail,1.0,,query_derived_composites,1,['unresolved_contributor_present'],[],['state::uw.chain_thunder.reduction_pct'],[],,,,,,,,"{'formula_class': 'unclassified', 'publish_policy': 'allow', 'compare_policy': 'normal', 'rationale': ''}",
derived::ehp.tradeoff_defense_reduction_pct,resolved,publishable,not_ep_compared,pass,0.0,,query_derived_composites,0,[],[],[],[],,,,,,,,"{'formula_class': 'unclassified', 'publish_policy': 'allow', 'compare_policy': 'normal', 'rationale': ''}",
derived::ehp.tradeoff_defense_factor,resolved,blocked,not_ep_compared,fail,1.0,,query_derived_composites,1,['unresolved_contributor_present'],[],['state::perk.tradeoff_defense_factor'],[],,,,,,,,"{'formula_class': 'unclassified', 'publish_policy': 'allow', 'compare_policy': 'normal', 'rationale': ''}",
derived::ehp.pre_defense_pool,resolved,publishable,not_ep_compared,pass,1.3629455603131096e+17,,query_derived_composites,2,[],[],[],[],,,,,,,,"{'formula_class': 'unclassified', 'publish_policy': 'allow', 'compare_policy': 'normal', 'rationale': ''}",
derived::ehp.pre_tradeoff_ehp,resolved,publishable,not_ep_compared,pass,6.814727881298644e+18,,query_derived_composites,2,[],[],[],[],,,,,,,,"{'formula_class': 'unclassified', 'publish_policy': 'allow', 'compare_policy': 'normal', 'rationale': ''}",
derived::ehp_ep_helper.ce_pool_factor,resolved,publishable,not_ep_compared,pass,21906477802177.465,,query_derived_composites,2,[],[],[],[],,,,,,,,"{'formula_class': 'unclassified', 'publish_policy': 'allow', 'compare_policy': 'normal', 'rationale': ''}",
derived::ehp_ep_helper.cf_armor_factor,resolved,blocked,not_ep_compared,fail,1.0,,query_derived_composites,1,['unresolved_contributor_present'],[],['support_surface::ehp.armor_factor'],[],,,,,,,,"{'formula_class': 'unclassified', 'publish_policy': 'allow', 'compare_policy': 'normal', 'rationale': ''}",
derived::ehp_ep_helper.ci_wall_factor,resolved,publishable,not_ep_compared,pass,5400.0,,query_derived_composites,2,[],[],[],[],,,,,,,,"{'formula_class': 'unclassified', 'publish_policy': 'allow', 'compare_policy': 'normal', 'rationale': ''}",
derived::ehp_ep_helper.cj_recovery_factor,resolved,publishable,not_ep_compared,pass,16.5,,query_derived_composites,2,[],[],[],[],,,,,,,,"{'formula_class': 'unclassified', 'publish_policy': 'allow', 'compare_policy': 'normal', 'rationale': ''}",
derived::ehp_ep_helper.cg_dabs_factor,resolved,publishable,not_ep_compared,pass,1594662034.4768927,,query_derived_composites,1,[],[],[],[],,,,,,,,"{'formula_class': 'unclassified', 'publish_policy': 'allow', 'compare_policy': 'normal', 'rationale': ''}",
derived::ehp_ep_helper.ch_defense_taken_factor,resolved,publishable,not_ep_compared,pass,49.99999999999996,,query_derived_composites,1,[],[],[],[],,,,,,,,"{'formula_class': 'unclassified', 'publish_policy': 'allow', 'compare_policy': 'normal', 'rationale': ''}",
derived::ehp_ep_helper.ck_tradeoff_factor,resolved,blocked,not_ep_compared,fail,1.0,,query_derived_composites,1,['unresolved_contributor_present'],[],['state::perk.tradeoff_defense_factor'],[],,,,,,,,"{'formula_class': 'unclassified', 'publish_policy': 'allow', 'compare_policy': 'normal', 'rationale': ''}",
derived::ehp_ep_helper.cl_cfdr_factor,resolved,publishable,not_ep_compared,pass,1.1486486486486487,,query_derived_composites,1,[],[],[],[],,,,,,,,"{'formula_class': 'unclassified', 'publish_policy': 'allow', 'compare_policy': 'normal', 'rationale': ''}",
derived::ehp_ep_helper.cm_chain_thunder_factor,resolved,blocked,not_ep_compared,fail,1.0,,query_derived_composites,1,['unresolved_contributor_present'],[],['state::uw.chain_thunder.reduction_pct'],[],,,,,,,,"{'formula_class': 'unclassified', 'publish_policy': 'allow', 'compare_policy': 'normal', 'rationale': ''}",
derived::ehp,resolved,publishable,not_ep_compared,pass,6.814727881298644e+18,,query_derived_composites,2,[],[],[],[],,,,,,,,"{'formula_class': 'unclassified', 'publish_policy': 'allow', 'compare_policy': 'normal', 'rationale': ''}",
derived::ehp_ep,resolved,publishable,not_ep_compared,pass,6.814727881298644e+18,,query_derived_composites,2,[],[],[],[],,,,,,,,"{'formula_class': 'unclassified', 'publish_policy': 'allow', 'compare_policy': 'normal', 'rationale': ''}",
derived::edamage.base_damage_stack,resolved,publishable,not_ep_compared,pass,25568764309.840717,,query_derived_composites,1,[],[],[],[],,,,,,,,"{'formula_class': 'unclassified', 'publish_policy': 'allow', 'compare_policy': 'normal', 'rationale': ''}",
derived::edamage.acp_factor,resolved,blocked,not_ep_compared,fail,1.0,,query_derived_composites,1,['unresolved_contributor_present'],[],['state::module.anti_cube_portal.damage_multiplier'],[],,,,,,,,"{'formula_class': 'unclassified', 'publish_policy': 'allow', 'compare_policy': 'normal', 'rationale': ''}",
derived::edamage.bullet_crit_factor,resolved,publishable,not_ep_compared,pass,13303.904855892799,,query_derived_composites,2,[],[],[],[],,,,,,,,"{'formula_class': 'unclassified', 'publish_policy': 'allow', 'compare_policy': 'normal', 'rationale': ''}",
derived::edamage.bullet_per_second,resolved,publishable,not_ep_compared,pass,531.9634060393598,,query_derived_composites,1,[],[],[],[],,,,,,,,"{'formula_class': 'unclassified', 'publish_policy': 'allow', 'compare_policy': 'normal', 'rationale': ''}",
derived::edamage.multishot_factor,resolved,publishable,not_ep_compared,pass,6.9399999999999995,,query_derived_composites,2,[],[],[],[],,,,,,,,"{'formula_class': 'unclassified', 'publish_policy': 'allow', 'compare_policy': 'normal', 'rationale': ''}",
derived::edamage.bounce_factor,resolved,publishable,not_ep_compared,pass,4.261601119014793,,query_derived_composites,2,[],[],[],[],,,,,,,,"{'formula_class': 'unclassified', 'publish_policy': 'allow', 'compare_policy': 'normal', 'rationale': ''}",
derived::edamage.rapidfire_factor,resolved,publishable,not_ep_compared,pass,3.9970143756237198,,query_derived_composites,2,[],[],[],[],,,,,,,,"{'formula_class': 'unclassified', 'publish_policy': 'allow', 'compare_policy': 'normal', 'rationale': ''}",
derived::edamage.range_dpm_factor,resolved,publishable,not_ep_compared,pass,62.86086279999999,,query_derived_composites,2,[],[],[],[],,,,,,,,"{'formula_class': 'unclassified', 'publish_policy': 'allow', 'compare_policy': 'normal', 'rationale': ''}",
derived::edamage.spotlight_light_range_factor,resolved,blocked,not_ep_compared,fail,1.0,,query_derived_composites,1,['unresolved_contributor_present'],[],['state::uw.spotlight.light_range'],[],,,,,,,,"{'formula_class': 'unclassified', 'publish_policy': 'allow', 'compare_policy': 'normal', 'rationale': ''}",
derived::edamage.spotlight_bonus_term,resolved,blocked,not_ep_compared,fail,1.0,,query_derived_composites,1,['unresolved_contributor_present'],[],['state::uw.spotlight.damage_multiplier'],[],,,,,,,,"{'formula_class': 'unclassified', 'publish_policy': 'allow', 'compare_policy': 'normal', 'rationale': ''}",
derived::edamage.spotlight_coverage,resolved,blocked,not_ep_compared,fail,0.0,,query_derived_composites,2,['unresolved_contributor_present'],[],['state::uw.spotlight.quantity'],[],,,,,,,,"{'formula_class': 'unclassified', 'publish_policy': 'allow', 'compare_policy': 'normal', 'rationale': ''}",
derived::edamage.super_tower_factor,resolved,blocked,not_ep_compared,fail,1.0,,query_derived_composites,1,['unresolved_contributor_present'],[],['state::cards.super_tower.bonus_multiplier'],[],,,,,,,,"{'formula_class': 'unclassified', 'publish_policy': 'allow', 'compare_policy': 'normal', 'rationale': ''}",
derived::edamage.rend_factor,resolved,blocked,not_ep_compared,fail,1.0,,query_derived_composites,1,['unresolved_contributor_present'],[],['state::rend.lab_level'],[],,,,,,,,"{'formula_class': 'unclassified', 'publish_policy': 'allow', 'compare_policy': 'normal', 'rationale': ''}",
derived::edamage.bullet_pipeline_factor,resolved,publishable,not_ep_compared,pass,3953029.671795745,,query_derived_composites,1,[],[],[],[],,,,,,,,"{'formula_class': 'unclassified', 'publish_policy': 'allow', 'compare_policy': 'normal', 'rationale': ''}",
derived::edamage.spotlight_factor,resolved,blocked,not_ep_compared,fail,1.0,,query_derived_composites,1,['unresolved_contributor_present'],[],['state::uw.spotlight.damage_multiplier'],[],,,,,,,,"{'formula_class': 'unclassified', 'publish_policy': 'allow', 'compare_policy': 'normal', 'rationale': ''}",
derived::edamage.uw.death_wave_dps,resolved,publishable,not_ep_compared,pass,0.0,,query_derived_composites,1,[],[],[],[],,,,,,,,"{'formula_class': 'unclassified', 'publish_policy': 'allow', 'compare_policy': 'normal', 'rationale': ''}",
derived::edamage.uw.chain_lightning_dps,resolved,publishable,not_ep_compared,pass,85145304.47869253,,query_derived_composites,1,[],[],[],[],,,,,,,,"{'formula_class': 'unclassified', 'publish_policy': 'allow', 'compare_policy': 'normal', 'rationale': ''}",
derived::edamage.uw.smart_missiles_dps,resolved,publishable,not_ep_compared,pass,0.2777777777777778,,query_derived_composites,1,[],[],[],[],,,,,,,,"{'formula_class': 'unclassified', 'publish_policy': 'allow', 'compare_policy': 'normal', 'rationale': ''}",
derived::edamage.uw.spotlight_missiles_dps,resolved,blocked,not_ep_compared,fail,0.0,,query_derived_composites,1,['unresolved_contributor_present'],[],['state::uw.spotlight_missiles.damage_multiplier'],[],,,,,,,,"{'formula_class': 'unclassified', 'publish_policy': 'allow', 'compare_policy': 'normal', 'rationale': ''}",
derived::edamage.uw.poison_swamp_dps,resolved,publishable,not_ep_compared,pass,2.4,,query_derived_composites,1,[],[],[],[],,,,,,,,"{'formula_class': 'unclassified', 'publish_policy': 'allow', 'compare_policy': 'normal', 'rationale': ''}",
derived::edamage.uw.ilm_dps,resolved,blocked,not_ep_compared,fail,0.0,,query_derived_composites,1,['unresolved_contributor_present'],[],['state::uw.inner_land_mines.damage_multiplier'],[],,,,,,,,"{'formula_class': 'unclassified', 'publish_policy': 'allow', 'compare_policy': 'normal', 'rationale': ''}",
derived::edamage.uw_total_damage,resolved,publishable,not_ep_compared,pass,85145307.15647031,,query_derived_composites,1,[],[],[],[],,,,,,,,"{'formula_class': 'unclassified', 'publish_policy': 'allow', 'compare_policy': 'normal', 'rationale': ''}",
derived::edamage.uw_crit_factor,resolved,publishable,not_ep_compared,pass,11628.854419143807,,query_derived_composites,1,[],[],[],[],,,,,,,,"{'formula_class': 'unclassified', 'publish_policy': 'allow', 'compare_policy': 'normal', 'rationale': ''}",
derived::edamage.slow_factor,resolved,publishable,not_ep_compared,pass,2.3391812865497084,,query_derived_composites,1,[],[],[],[],,,,,,,,"{'formula_class': 'unclassified', 'publish_policy': 'allow', 'compare_policy': 'normal', 'rationale': ''}",
derived::edamage_ep_helper.dx_spotlight_light_range_factor,resolved,blocked,not_ep_compared,fail,1.0,,query_derived_composites,1,['unresolved_contributor_present'],[],['state::uw.spotlight.light_range'],[],,,,,,,,"{'formula_class': 'unclassified', 'publish_policy': 'allow', 'compare_policy': 'normal', 'rationale': ''}",
derived::edamage_ep_helper.dx_spotlight_bonus_term,resolved,blocked,not_ep_compared,fail,1.0,,query_derived_composites,1,['unresolved_contributor_present'],[],['state::uw.spotlight.damage_multiplier'],[],,,,,,,,"{'formula_class': 'unclassified', 'publish_policy': 'allow', 'compare_policy': 'normal', 'rationale': ''}",
derived::edamage_ep_helper.dx_spotlight_coverage,resolved,blocked,not_ep_compared,fail,0.0,,query_derived_composites,2,['unresolved_contributor_present'],[],['state::uw.spotlight.quantity'],[],,,,,,,,"{'formula_class': 'unclassified', 'publish_policy': 'allow', 'compare_policy': 'normal', 'rationale': ''}",
derived::edamage_ep_helper.dc_base_damage_stack,resolved,publishable,not_ep_compared,pass,25568764309.840717,,query_derived_composites,1,[],[],[],[],,,,,,,,"{'formula_class': 'unclassified', 'publish_policy': 'allow', 'compare_policy': 'normal', 'rationale': ''}",
derived::edamage_ep_helper.di_bullet_crit_factor,resolved,publishable,not_ep_compared,pass,13303.904855892799,,query_derived_composites,1,[],[],[],[],,,,,,,,"{'formula_class': 'unclassified', 'publish_policy': 'allow', 'compare_policy': 'normal', 'rationale': ''}",
derived::edamage_ep_helper.dj_uw_crit_factor,resolved,publishable,not_ep_compared,pass,11628.854419143807,,query_derived_composites,1,[],[],[],[],,,,,,,,"{'formula_class': 'unclassified', 'publish_policy': 'allow', 'compare_policy': 'normal', 'rationale': ''}",
derived::edamage_ep_helper.dv_bullet_pipeline_factor,resolved,publishable,not_ep_compared,pass,3953029.671795745,,query_derived_composites,1,[],[],[],[],,,,,,,,"{'formula_class': 'unclassified', 'publish_policy': 'allow', 'compare_policy': 'normal', 'rationale': ''}",
derived::edamage_ep_helper.ei_uw_total_damage,resolved,publishable,not_ep_compared,pass,85145307.15647031,,query_derived_composites,1,[],[],[],[],,,,,,,,"{'formula_class': 'unclassified', 'publish_policy': 'allow', 'compare_policy': 'normal', 'rationale': ''}",
derived::edamage_ep_helper.el_slow_factor,resolved,publishable,not_ep_compared,pass,2.3391812865497084,,query_derived_composites,1,[],[],[],[],,,,,,,,"{'formula_class': 'unclassified', 'publish_policy': 'allow', 'compare_policy': 'normal', 'rationale': ''}",
derived::edamage,resolved,publishable,not_ep_compared,pass,6.2365841356415975e+22,,query_derived_composites,1,[],[],[],[],,,,,,,,"{'formula_class': 'unclassified', 'publish_policy': 'allow', 'compare_policy': 'normal', 'rationale': ''}",
derived::edamage_ep,resolved,publishable,not_ep_compared,pass,6.2365841356415975e+22,,query_derived_composites,1,[],[],[],[],,,,,,,,"{'formula_class': 'unclassified', 'publish_policy': 'allow', 'compare_policy': 'normal', 'rationale': ''}",
derived::eecon.base_meta_factor,resolved,publishable,not_ep_compared,pass,1.0,,query_derived_composites,0,[],[],[],[],,,,,,,,"{'formula_class': 'unclassified', 'publish_policy': 'allow', 'compare_policy': 'normal', 'rationale': ''}",
derived::eecon.cpk_factor,resolved,blocked,not_ep_compared,fail,0.0,,query_derived_composites,1,['unresolved_contributor_present'],[],['state::economy.coin_kill_multiplier'],[],,,,,,,,"{'formula_class': 'unclassified', 'publish_policy': 'allow', 'compare_policy': 'normal', 'rationale': ''}",
derived::eecon.freeup_factor,resolved,publishable,not_ep_compared,pass,1.0,,query_derived_composites,0,[],[],[],[],,,,,,,,"{'formula_class': 'unclassified', 'publish_policy': 'allow', 'compare_policy': 'normal', 'rationale': ''}",
derived::eecon.coin_card_factor,resolved,blocked,not_ep_compared,fail,1.0,,query_derived_composites,1,['unresolved_contributor_present'],[],['state::cards.coins.multiplier'],[],,,,,,,,"{'formula_class': 'unclassified', 'publish_policy': 'allow', 'compare_policy': 'normal', 'rationale': ''}",
derived::eecon.module_factor,resolved,publishable,not_ep_compared,pass,1.0,,query_derived_composites,0,[],[],[],[],,,,,,,,"{'formula_class': 'unclassified', 'publish_policy': 'allow', 'compare_policy': 'normal', 'rationale': ''}",
derived::eecon.cl_factor,resolved,publishable,not_ep_compared,pass,0.0,,query_derived_composites,0,[],[],[],[],,,,,,,,"{'formula_class': 'unclassified', 'publish_policy': 'allow', 'compare_policy': 'normal', 'rationale': ''}",
derived::eecon.eom_factor,resolved,publishable,not_ep_compared,pass,1.0,,query_derived_composites,0,[],[],[],[],,,,,,,,"{'formula_class': 'unclassified', 'publish_policy': 'allow', 'compare_policy': 'normal', 'rationale': ''}",
derived::eecon_ep_helper.cl_meta_stack,resolved,publishable,not_ep_compared,pass,0.0,,query_derived_composites,0,[],[],[],[],,,,,,,,"{'formula_class': 'unclassified', 'publish_policy': 'allow', 'compare_policy': 'normal', 'rationale': ''}",
derived::eecon_ep_helper.cm_eom_factor,resolved,publishable,not_ep_compared,pass,1.0,,query_derived_composites,0,[],[],[],[],,,,,,,,"{'formula_class': 'unclassified', 'publish_policy': 'allow', 'compare_policy': 'normal', 'rationale': ''}",
derived::eecon.gcomp_factor,resolved,publishable,not_ep_compared,pass,1.0,,query_derived_composites,0,[],[],[],[],,,,,,,,"{'formula_class': 'unclassified', 'publish_policy': 'allow', 'compare_policy': 'normal', 'rationale': ''}",
derived::eecon.mvn_offset,resolved,publishable,not_ep_compared,pass,0.0,,query_derived_composites,0,[],[],[],[],,,,,,,,"{'formula_class': 'unclassified', 'publish_policy': 'allow', 'compare_policy': 'normal', 'rationale': ''}",
derived::eecon.gt_bonus_term,resolved,publishable,not_ep_compared,pass,5.0,,query_derived_composites,0,[],[],[],[],,,,,,,,"{'formula_class': 'unclassified', 'publish_policy': 'allow', 'compare_policy': 'normal', 'rationale': ''}",
derived::eecon.gt_duration_term,resolved,publishable,not_ep_compared,pass,15.0,,query_derived_composites,0,[],[],[],[],,,,,,,,"{'formula_class': 'unclassified', 'publish_policy': 'allow', 'compare_policy': 'normal', 'rationale': ''}",
derived::eecon.gt_cooldown_term,resolved,publishable,not_ep_compared,pass,0.0,,query_derived_composites,0,[],[],[],[],,,,,,,,"{'formula_class': 'unclassified', 'publish_policy': 'allow', 'compare_policy': 'normal', 'rationale': ''}",
derived::eecon.gt_gc_factor,resolved,publishable,not_ep_compared,pass,1.0,,query_derived_composites,0,[],[],[],[],,,,,,,,"{'formula_class': 'unclassified', 'publish_policy': 'allow', 'compare_policy': 'normal', 'rationale': ''}",
derived::eecon.bh_bonus_term,resolved,publishable,not_ep_compared,pass,1.0,,query_derived_composites,0,[],[],[],[],,,,,,,,"{'formula_class': 'unclassified', 'publish_policy': 'allow', 'compare_policy': 'normal', 'rationale': ''}",
derived::eecon.bh_duration_term,resolved,publishable,not_ep_compared,pass,15.0,,query_derived_composites,0,[],[],[],[],,,,,,,,"{'formula_class': 'unclassified', 'publish_policy': 'allow', 'compare_policy': 'normal', 'rationale': ''}",
derived::eecon.bh_cooldown_term,resolved,publishable,not_ep_compared,pass,0.0,,query_derived_composites,0,[],[],[],[],,,,,,,,"{'formula_class': 'unclassified', 'publish_policy': 'allow', 'compare_policy': 'normal', 'rationale': ''}",
derived::eecon.dw_bonus_term,resolved,publishable,not_ep_compared,pass,1.5,,query_derived_composites,0,[],[],[],[],,,,,,,,"{'formula_class': 'unclassified', 'publish_policy': 'allow', 'compare_policy': 'normal', 'rationale': ''}",
derived::eecon.dw_duration_term,resolved,publishable,not_ep_compared,pass,4.0,,query_derived_composites,0,[],[],[],[],,,,,,,,"{'formula_class': 'unclassified', 'publish_policy': 'allow', 'compare_policy': 'normal', 'rationale': ''}",
derived::eecon.dw_cooldown_term,resolved,publishable,not_ep_compared,pass,0.0,,query_derived_composites,0,[],[],[],[],,,,,,,,"{'formula_class': 'unclassified', 'publish_policy': 'allow', 'compare_policy': 'normal', 'rationale': ''}",
derived::eecon.sync_factor,resolved,publishable,not_ep_compared,pass,1.0,,query_derived_composites,0,[],[],[],[],,,,,,,,"{'formula_class': 'unclassified', 'publish_policy': 'allow', 'compare_policy': 'normal', 'rationale': ''}",
derived::eecon_ep_helper.dc_sync_factor,resolved,publishable,not_ep_compared,pass,1.0,,query_derived_composites,0,[],[],[],[],,,,,,,,"{'formula_class': 'unclassified', 'publish_policy': 'allow', 'compare_policy': 'normal', 'rationale': ''}",
derived::eecon.spotlight_coin_bonus_term,resolved,blocked,not_ep_compared,fail,1.0,,query_derived_composites,1,['unresolved_contributor_present'],[],['support_surface::eecon.sl_coin_bonus_lab_level'],[],,,,,,,,"{'formula_class': 'unclassified', 'publish_policy': 'allow', 'compare_policy': 'normal', 'rationale': ''}",
derived::eecon.spotlight_coin_coverage,resolved,blocked,not_ep_compared,fail,0.0,,query_derived_composites,2,['unresolved_contributor_present'],[],"['support_surface::eecon.sl_quantity', 'support_surface::eecon.sl_angle']",[],,,,,,,,"{'formula_class': 'unclassified', 'publish_policy': 'allow', 'compare_policy': 'normal', 'rationale': ''}",
derived::eecon.spotlight_coin_factor,resolved,publishable,not_ep_compared,pass,1.0,,query_derived_composites,1,[],[],[],[],,,,,,,,"{'formula_class': 'unclassified', 'publish_policy': 'allow', 'compare_policy': 'normal', 'rationale': ''}",
derived::eecon_ep_helper.dg_spotlight_coin_bonus_term,resolved,blocked,not_ep_compared,fail,1.0,,query_derived_composites,1,['unresolved_contributor_present'],[],['support_surface::eecon.sl_coin_bonus_lab_level'],[],,,,,,,,"{'formula_class': 'unclassified', 'publish_policy': 'allow', 'compare_policy': 'normal', 'rationale': ''}",
derived::eecon_ep_helper.dg_spotlight_coin_coverage,resolved,blocked,not_ep_compared,fail,0.0,,query_derived_composites,2,['unresolved_contributor_present'],[],"['support_surface::eecon.sl_quantity', 'support_surface::eecon.sl_angle']",[],,,,,,,,"{'formula_class': 'unclassified', 'publish_policy': 'allow', 'compare_policy': 'normal', 'rationale': ''}",
derived::eecon_ep_helper.dg_spotlight_coin_factor,resolved,publishable,not_ep_compared,pass,1.0,,query_derived_composites,1,[],[],[],[],,,,,,,,"{'formula_class': 'unclassified', 'publish_policy': 'allow', 'compare_policy': 'normal', 'rationale': ''}",
derived::eecon.wave_factor,resolved,publishable,not_ep_compared,pass,8.632366359983629e-16,,query_derived_composites,0,[],[],[],[],,,,,,,,"{'formula_class': 'unclassified', 'publish_policy': 'allow', 'compare_policy': 'normal', 'rationale': ''}",
derived::eecon.base_coin_income,resolved,blocked,not_ep_compared,fail,0.0,,query_derived_composites,1,['unresolved_contributor_present'],[],['state::economy.coin_kill_multiplier'],[],,,,,,,,"{'formula_class': 'unclassified', 'publish_policy': 'allow', 'compare_policy': 'normal', 'rationale': ''}",
derived::eecon,resolved,blocked,not_ep_compared,fail,0.0,,query_derived_composites,1,['unresolved_contributor_present'],[],['state::economy.coin_kill_multiplier'],[],,,,,,,,"{'formula_class': 'unclassified', 'publish_policy': 'allow', 'compare_policy': 'normal', 'rationale': ''}",
derived::eecon_ep,resolved,blocked,not_ep_compared,fail,0.0,,query_derived_composites,1,['unresolved_contributor_present'],[],['state::economy.coin_kill_multiplier'],[],,,,,,,,"{'formula_class': 'unclassified', 'publish_policy': 'allow', 'compare_policy': 'normal', 'rationale': ''}",
derived::economy.income.coins,resolved,publishable,not_ep_compared,pass,0.0,coins_income_proxy,,1,[],[],[],[],,,,,,,,"{'formula_class': 'unclassified', 'publish_policy': 'allow', 'compare_policy': 'normal', 'rationale': ''}",
derived::module.draw_policy.common_rate_pct,resolved,publishable,not_ep_compared,pass,68.5,pct,,1,[],[],[],[],,,,,,,,"{'formula_class': 'unclassified', 'publish_policy': 'allow', 'compare_policy': 'normal', 'rationale': ''}",
derived::module.draw_policy.rare_rate_pct,resolved,publishable,not_ep_compared,pass,29.0,pct,,1,[],[],[],[],,,,,,,,"{'formula_class': 'unclassified', 'publish_policy': 'allow', 'compare_policy': 'normal', 'rationale': ''}",
derived::module.draw_policy.epic_rate_pct,resolved,publishable,not_ep_compared,pass,2.5,pct,,1,[],[],[],[],,,,,,,,"{'formula_class': 'unclassified', 'publish_policy': 'allow', 'compare_policy': 'normal', 'rationale': ''}",
derived::module.draw_policy.epic_pity_draws,resolved,publishable,not_ep_compared,pass,150.0,draws,,1,[],[],[],[],,,,,,,,"{'formula_class': 'unclassified', 'publish_policy': 'allow', 'compare_policy': 'normal', 'rationale': ''}",
derived::module.draw_policy.ten_pull_minimum_rare,resolved,publishable,not_ep_compared,pass,1.0,rare_per_ten_pull,,1,[],[],[],[],,,,,,,,"{'formula_class': 'unclassified', 'publish_policy': 'allow', 'compare_policy': 'normal', 'rationale': ''}",
derived::module.draw_policy.gem_cost_per_draw,resolved,publishable,not_ep_compared,pass,20.0,gems,,1,[],[],[],[],,,,,,,,"{'formula_class': 'unclassified', 'publish_policy': 'allow', 'compare_policy': 'normal', 'rationale': ''}",
derived::module.lab.reroll_shards_bonus,resolved,publishable,not_ep_compared,pass,100.0,shards,,1,[],[],[],[],,,,,,,,"{'formula_class': 'unclassified', 'publish_policy': 'allow', 'compare_policy': 'normal', 'rationale': ''}",
derived::module.lab.common_drop_chance_bonus_pct,resolved,publishable,not_ep_compared,pass,1.0,pct,,1,[],[],[],[],,,,,,,,"{'formula_class': 'unclassified', 'publish_policy': 'allow', 'compare_policy': 'normal', 'rationale': ''}",
derived::module.lab.rare_drop_chance_bonus_pct,resolved,publishable,not_ep_compared,pass,1.0,pct,,1,[],[],[],[],,,,,,,,"{'formula_class': 'unclassified', 'publish_policy': 'allow', 'compare_policy': 'normal', 'rationale': ''}",
derived::module.lab.daily_mission_shards_bonus,resolved,publishable,not_ep_compared,pass,50.0,shards_per_mission,,1,[],[],[],[],,,,,,,,"{'formula_class': 'unclassified', 'publish_policy': 'allow', 'compare_policy': 'normal', 'rationale': ''}",
derived::module.lab.shatter_shards_bonus_pct,resolved,publishable,not_ep_compared,pass,100.0,pct,,1,[],[],[],[],,,,,,,,"{'formula_class': 'unclassified', 'publish_policy': 'allow', 'compare_policy': 'normal', 'rationale': ''}",
