rarity,level,slot,total_multiplier
Common,1,cannon,1.012
Common,1,armor,1.012
Common,1,generator,1.011
Common,1,core,1.04
Common,2,cannon,1.014
Common,2,armor,1.014
Common,2,generator,1.012
Common,2,core,1.05
Common,3,cannon,1.016
Common,3,armor,1.016
Common,3,generator,1.013
Common,3,core,1.06
Common,4,cannon,1.018
Common,4,armor,1.018
Common,4,generator,1.014
Common,4,core,1.07
Common,5,cannon,1.02
Common,5,armor,1.02
Common,5,generator,1.015
Common,5,core,1.08
Common,6,cannon,1.022
Common,6,armor,1.022
Common,6,generator,1.016
Common,6,core,1.09
Common,7,cannon,1.024
Common,7,armor,1.024
Common,7,generator,1.017
Common,7,core,1.1
Common,8,cannon,1.026
Common,8,armor,1.026
Common,8,generator,1.018
Common,8,core,1.11
Common,9,cannon,1.028
Common,9,armor,1.028
Common,9,generator,1.019
Common,9,core,1.12
Common,10,cannon,1.03
Common,10,armor,1.03
Common,10,generator,1.02
Common,10,core,1.13
Common,11,cannon,1.032
Common,11,armor,1.032
Common,11,generator,1.021
Common,11,core,1.14
Common,12,cannon,1.034
Common,12,armor,1.034
Common,12,generator,1.022
Common,12,core,1.15
Common,13,cannon,1.036
Common,13,armor,1.036
Common,13,generator,1.023
Common,13,core,1.16
Common,14,cannon,1.038
Common,14,armor,1.038
Common,14,generator,1.024
Common,14,core,1.17
Common,15,cannon,1.04
Common,15,armor,1.04
Common,15,generator,1.025
Common,15,core,1.18
Common,16,cannon,1.042
Common,16,armor,1.042
Common,16,generator,1.026
Common,16,core,1.19
Common,17,cannon,1.044
Common,17,armor,1.044
Common,17,generator,1.027
Common,17,core,1.2
Common,18,cannon,1.046
Common,18,armor,1.046
Common,18,generator,1.028
Common,18,core,1.21
Common,19,cannon,1.048
Common,19,armor,1.048
Common,19,generator,1.029
Common,19,core,1.22
Common,20,cannon,1.05
Common,20,armor,1.05
Common,20,generator,1.03
Common,20,core,1.23
Common,21,cannon,1.054
Common,21,armor,1.054
Common,21,generator,1.031
Common,21,core,1.245
Common,22,cannon,1.058
Common,22,armor,1.058
Common,22,generator,1.032
Common,22,core,1.26
Common,23,cannon,1.062
Common,23,armor,1.062
Common,23,generator,1.033
Common,23,core,1.275
Common,24,cannon,1.066
Common,24,armor,1.066
Common,24,generator,1.034
Common,24,core,1.29
Common,25,cannon,1.07
Common,25,armor,1.07
Common,25,generator,1.035
Common,25,core,1.305
Common,26,cannon,1.074
Common,26,armor,1.074
Common,26,generator,1.036
Common,26,core,1.32
Common,27,cannon,1.078
Common,27,armor,1.078
Common,27,generator,1.037
Common,27,core,1.335
Common,28,cannon,1.082
Common,28,armor,1.082
Common,28,generator,1.038
Common,28,core,1.35
Common,29,cannon,1.086
Common,29,armor,1.086
Common,29,generator,1.039
Common,29,core,1.365
Common,30,cannon,1.09
Common,30,armor,1.09
Common,30,generator,1.04
Common,30,core,1.38
Common,31,cannon,1.096
Common,31,armor,1.096
Common,31,generator,1.042
Common,31,core,1.4
Common,32,cannon,1.102
Common,32,armor,1.102
Common,32,generator,1.044
Common,32,core,1.42
Common,33,cannon,1.108
Common,33,armor,1.108
Common,33,generator,1.046
Common,33,core,1.44
Common,34,cannon,1.114
Common,34,armor,1.114
Common,34,generator,1.048
Common,34,core,1.46
Common,35,cannon,1.12
Common,35,armor,1.12
Common,35,generator,1.05
Common,35,core,1.48
Common,36,cannon,1.126
Common,36,armor,1.126
Common,36,generator,1.052
Common,36,core,1.5
Common,37,cannon,1.132
Common,37,armor,1.132
Common,37,generator,1.054
Common,37,core,1.52
Common,38,cannon,1.138
Common,38,armor,1.138
Common,38,generator,1.056
Common,38,core,1.54
Common,39,cannon,1.144
Common,39,armor,1.144
Common,39,generator,1.058
Common,39,core,1.56
Common,40,cannon,1.15
Common,40,armor,1.15
Common,40,generator,1.06
Common,40,core,1.58
Common,41,cannon,1.158
Common,41,armor,1.158
Common,41,generator,1.063
Common,41,core,1.605
Common,42,cannon,1.166
Common,42,armor,1.166
Common,42,generator,1.066
Common,42,core,1.63
Common,43,cannon,1.174
Common,43,armor,1.174
Common,43,generator,1.069
Common,43,core,1.655
Common,44,cannon,1.182
Common,44,armor,1.182
Common,44,generator,1.072
Common,44,core,1.68
Common,45,cannon,1.19
Common,45,armor,1.19
Common,45,generator,1.075
Common,45,core,1.705
Common,46,cannon,1.198
Common,46,armor,1.198
Common,46,generator,1.078
Common,46,core,1.73
Common,47,cannon,1.206
Common,47,armor,1.206
Common,47,generator,1.081
Common,47,core,1.755
Common,48,cannon,1.214
Common,48,armor,1.214
Common,48,generator,1.084
Common,48,core,1.78
Common,49,cannon,1.222
Common,49,armor,1.222
Common,49,generator,1.087
Common,49,core,1.805
Common,50,cannon,1.23
Common,50,armor,1.23
Common,50,generator,1.09
Common,50,core,1.83
Common,51,cannon,1.238
Common,51,armor,1.238
Common,51,generator,1.093
Common,51,core,1.855
Common,52,cannon,1.246
Common,52,armor,1.246
Common,52,generator,1.096
Common,52,core,1.88
Common,53,cannon,1.254
Common,53,armor,1.254
Common,53,generator,1.099
Common,53,core,1.905
Common,54,cannon,1.262
Common,54,armor,1.262
Common,54,generator,1.102
Common,54,core,1.93
Common,55,cannon,1.27
Common,55,armor,1.27
Common,55,generator,1.105
Common,55,core,1.955
Common,56,cannon,1.278
Common,56,armor,1.278
Common,56,generator,1.108
Common,56,core,1.98
Common,57,cannon,1.286
Common,57,armor,1.286
Common,57,generator,1.111
Common,57,core,2.005
Common,58,cannon,1.294
Common,58,armor,1.294
Common,58,generator,1.114
Common,58,core,2.03
Common,59,cannon,1.302
Common,59,armor,1.302
Common,59,generator,1.117
Common,59,core,2.055
Common,60,cannon,1.31
Common,60,armor,1.31
Common,60,generator,1.12
Common,60,core,2.08
Common,61,cannon,1.322
Common,61,armor,1.322
Common,61,generator,1.123
Common,61,core,2.11
Common,62,cannon,1.334
Common,62,armor,1.334
Common,62,generator,1.126
Common,62,core,2.14
Common,63,cannon,1.346
Common,63,armor,1.346
Common,63,generator,1.129
Common,63,core,2.17
Common,64,cannon,1.358
Common,64,armor,1.358
Common,64,generator,1.132
Common,64,core,2.2
Common,65,cannon,1.37
Common,65,armor,1.37
Common,65,generator,1.135
Common,65,core,2.23
Common,66,cannon,1.382
Common,66,armor,1.382
Common,66,generator,1.138
Common,66,core,2.26
Common,67,cannon,1.394
Common,67,armor,1.394
Common,67,generator,1.141
Common,67,core,2.29
Common,68,cannon,1.406
Common,68,armor,1.406
Common,68,generator,1.144
Common,68,core,2.32
Common,69,cannon,1.418
Common,69,armor,1.418
Common,69,generator,1.147
Common,69,core,2.35
Common,70,cannon,1.43
Common,70,armor,1.43
Common,70,generator,1.15
Common,70,core,2.38
Common,71,cannon,1.442
Common,71,armor,1.442
Common,71,generator,1.153
Common,71,core,2.41
Common,72,cannon,1.454
Common,72,armor,1.454
Common,72,generator,1.156
Common,72,core,2.44
Common,73,cannon,1.466
Common,73,armor,1.466
Common,73,generator,1.159
Common,73,core,2.47
Common,74,cannon,1.478
Common,74,armor,1.478
Common,74,generator,1.162
Common,74,core,2.5
Common,75,cannon,1.49
Common,75,armor,1.49
Common,75,generator,1.165
Common,75,core,2.53
Common,76,cannon,1.502
Common,76,armor,1.502
Common,76,generator,1.168
Common,76,core,2.56
Common,77,cannon,1.514
Common,77,armor,1.514
Common,77,generator,1.171
Common,77,core,2.59
Common,78,cannon,1.526
Common,78,armor,1.526
Common,78,generator,1.174
Common,78,core,2.62
Common,79,cannon,1.538
Common,79,armor,1.538
Common,79,generator,1.177
Common,79,core,2.65
Common,80,cannon,1.55
Common,80,armor,1.55
Common,80,generator,1.18
Common,80,core,2.68
Common,81,cannon,1.58
Common,81,armor,1.58
Common,81,generator,1.184
Common,81,core,2.73
Common,82,cannon,1.61
Common,82,armor,1.61
Common,82,generator,1.188
Common,82,core,2.78
Common,83,cannon,1.64
Common,83,armor,1.64
Common,83,generator,1.192
Common,83,core,2.83
Common,84,cannon,1.67
Common,84,armor,1.67
Common,84,generator,1.196
Common,84,core,2.88
Common,85,cannon,1.7
Common,85,armor,1.7
Common,85,generator,1.2
Common,85,core,2.93
Common,86,cannon,1.73
Common,86,armor,1.73
Common,86,generator,1.204
Common,86,core,2.98
Common,87,cannon,1.76
Common,87,armor,1.76
Common,87,generator,1.208
Common,87,core,3.03
Common,88,cannon,1.79
Common,88,armor,1.79
Common,88,generator,1.212
Common,88,core,3.08
Common,89,cannon,1.82
Common,89,armor,1.82
Common,89,generator,1.216
Common,89,core,3.13
Common,90,cannon,1.85
Common,90,armor,1.85
Common,90,generator,1.22
Common,90,core,3.18
Common,91,cannon,1.88
Common,91,armor,1.88
Common,91,generator,1.224
Common,91,core,3.23
Common,92,cannon,1.91
Common,92,armor,1.91
Common,92,generator,1.228
Common,92,core,3.28
Common,93,cannon,1.94
Common,93,armor,1.94
Common,93,generator,1.232
Common,93,core,3.33
Common,94,cannon,1.97
Common,94,armor,1.97
Common,94,generator,1.236
Common,94,core,3.38
Common,95,cannon,2.0
Common,95,armor,2.0
Common,95,generator,1.24
Common,95,core,3.43
Common,96,cannon,2.03
Common,96,armor,2.03
Common,96,generator,1.244
Common,96,core,3.48
Common,97,cannon,2.06
Common,97,armor,2.06
Common,97,generator,1.248
Common,97,core,3.53
Common,98,cannon,2.09
Common,98,armor,2.09
Common,98,generator,1.252
Common,98,core,3.58
Common,99,cannon,2.12
Common,99,armor,2.12
Common,99,generator,1.256
Common,99,core,3.63
Common,100,cannon,2.15
Common,100,armor,2.15
Common,100,generator,1.26
Common,100,core,3.68
Common,101,cannon,2.22
Common,101,armor,2.22
Common,101,generator,1.265
Common,101,core,3.76
Common,102,cannon,2.29
Common,102,armor,2.29
Common,102,generator,1.27
Common,102,core,3.84
Common,103,cannon,2.36
Common,103,armor,2.36
Common,103,generator,1.275
Common,103,core,3.92
Common,104,cannon,2.43
Common,104,armor,2.43
Common,104,generator,1.28
Common,104,core,4.0
Common,105,cannon,2.5
Common,105,armor,2.5
Common,105,generator,1.285
Common,105,core,4.08
Common,106,cannon,2.57
Common,106,armor,2.57
Common,106,generator,1.29
Common,106,core,4.16
Common,107,cannon,2.64
Common,107,armor,2.64
Common,107,generator,1.295
Common,107,core,4.24
Common,108,cannon,2.71
Common,108,armor,2.71
Common,108,generator,1.3
Common,108,core,4.32
Common,109,cannon,2.78
Common,109,armor,2.78
Common,109,generator,1.305
Common,109,core,4.4
Common,110,cannon,2.85
Common,110,armor,2.85
Common,110,generator,1.31
Common,110,core,4.48
Common,111,cannon,2.92
Common,111,armor,2.92
Common,111,generator,1.315
Common,111,core,4.56
Common,112,cannon,2.99
Common,112,armor,2.99
Common,112,generator,1.32
Common,112,core,4.64
Common,113,cannon,3.06
Common,113,armor,3.06
Common,113,generator,1.325
Common,113,core,4.72
Common,114,cannon,3.13
Common,114,armor,3.13
Common,114,generator,1.33
Common,114,core,4.8
Common,115,cannon,3.2
Common,115,armor,3.2
Common,115,generator,1.335
Common,115,core,4.88
Common,116,cannon,3.27
Common,116,armor,3.27
Common,116,generator,1.34
Common,116,core,4.96
Common,117,cannon,3.34
Common,117,armor,3.34
Common,117,generator,1.345
Common,117,core,5.04
Common,118,cannon,3.41
Common,118,armor,3.41
Common,118,generator,1.35
Common,118,core,5.12
Common,119,cannon,3.48
Common,119,armor,3.48
Common,119,generator,1.355
Common,119,core,5.2
Common,120,cannon,3.55
Common,120,armor,3.55
Common,120,generator,1.36
Common,120,core,5.28
Common,121,cannon,3.65
Common,121,armor,3.65
Common,121,generator,1.366
Common,121,core,5.4
Common,122,cannon,3.75
Common,122,armor,3.75
Common,122,generator,1.372
Common,122,core,5.52
Common,123,cannon,3.85
Common,123,armor,3.85
Common,123,generator,1.378
Common,123,core,5.64
Common,124,cannon,3.95
Common,124,armor,3.95
Common,124,generator,1.384
Common,124,core,5.76
Common,125,cannon,4.05
Common,125,armor,4.05
Common,125,generator,1.39
Common,125,core,5.88
Common,126,cannon,4.15
Common,126,armor,4.15
Common,126,generator,1.396
Common,126,core,6.0
Common,127,cannon,4.25
Common,127,armor,4.25
Common,127,generator,1.402
Common,127,core,6.12
Common,128,cannon,4.35
Common,128,armor,4.35
Common,128,generator,1.408
Common,128,core,6.24
Common,129,cannon,4.45
Common,129,armor,4.45
Common,129,generator,1.414
Common,129,core,6.36
Common,130,cannon,4.55
Common,130,armor,4.55
Common,130,generator,1.42
Common,130,core,6.48
Common,131,cannon,4.65
Common,131,armor,4.65
Common,131,generator,1.426
Common,131,core,6.6
Common,132,cannon,4.75
Common,132,armor,4.75
Common,132,generator,1.432
Common,132,core,6.72
Common,133,cannon,4.85
Common,133,armor,4.85
Common,133,generator,1.438
Common,133,core,6.84
Common,134,cannon,4.95
Common,134,armor,4.95
Common,134,generator,1.444
Common,134,core,6.96
Common,135,cannon,5.05
Common,135,armor,5.05
Common,135,generator,1.45
Common,135,core,7.08
Common,136,cannon,5.15
Common,136,armor,5.15
Common,136,generator,1.456
Common,136,core,7.2
Common,137,cannon,5.25
Common,137,armor,5.25
Common,137,generator,1.462
Common,137,core,7.32
Common,138,cannon,5.35
Common,138,armor,5.35
Common,138,generator,1.468
Common,138,core,7.44
Common,139,cannon,5.45
Common,139,armor,5.45
Common,139,generator,1.474
Common,139,core,7.56
Common,140,cannon,5.55
Common,140,armor,5.55
Common,140,generator,1.48
Common,140,core,7.68
Common,141,cannon,5.67
Common,141,armor,5.67
Common,141,generator,1.488
Common,141,core,7.83
Common,142,cannon,5.79
Common,142,armor,5.79
Common,142,generator,1.496
Common,142,core,7.98
Common,143,cannon,5.91
Common,143,armor,5.91
Common,143,generator,1.504
Common,143,core,8.13
Common,144,cannon,6.03
Common,144,armor,6.03
Common,144,generator,1.512
Common,144,core,8.28
Common,145,cannon,6.15
Common,145,armor,6.15
Common,145,generator,1.52
Common,145,core,8.43
Common,146,cannon,6.27
Common,146,armor,6.27
Common,146,generator,1.528
Common,146,core,8.58
Common,147,cannon,6.39
Common,147,armor,6.39
Common,147,generator,1.536
Common,147,core,8.73
Common,148,cannon,6.51
Common,148,armor,6.51
Common,148,generator,1.544
Common,148,core,8.88
Common,149,cannon,6.63
Common,149,armor,6.63
Common,149,generator,1.552
Common,149,core,9.03
Common,150,cannon,6.75
Common,150,armor,6.75
Common,150,generator,1.56
Common,150,core,9.18
Common,151,cannon,6.87
Common,151,armor,6.87
Common,151,generator,1.568
Common,151,core,9.33
Common,152,cannon,6.99
Common,152,armor,6.99
Common,152,generator,1.576
Common,152,core,9.48
Common,153,cannon,7.11
Common,153,armor,7.11
Common,153,generator,1.584
Common,153,core,9.63
Common,154,cannon,7.23
Common,154,armor,7.23
Common,154,generator,1.592
Common,154,core,9.78
Common,155,cannon,7.35
Common,155,armor,7.35
Common,155,generator,1.6
Common,155,core,9.93
Common,156,cannon,7.47
Common,156,armor,7.47
Common,156,generator,1.608
Common,156,core,10.08
Common,157,cannon,7.59
Common,157,armor,7.59
Common,157,generator,1.616
Common,157,core,10.23
Common,158,cannon,7.71
Common,158,armor,7.71
Common,158,generator,1.624
Common,158,core,10.38
Common,159,cannon,7.83
Common,159,armor,7.83
Common,159,generator,1.632
Common,159,core,10.53
Common,160,cannon,7.95
Common,160,armor,7.95
Common,160,generator,1.64
Common,160,core,10.68
Common,161,cannon,8.15
Common,161,armor,8.15
Common,161,generator,1.65
Common,161,core,10.93
Common,162,cannon,8.35
Common,162,armor,8.35
Common,162,generator,1.66
Common,162,core,11.18
Common,163,cannon,8.55
Common,163,armor,8.55
Common,163,generator,1.67
Common,163,core,11.43
Common,164,cannon,8.75
Common,164,armor,8.75
Common,164,generator,1.68
Common,164,core,11.68
Common,165,cannon,8.95
Common,165,armor,8.95
Common,165,generator,1.69
Common,165,core,11.93
Common,166,cannon,9.15
Common,166,armor,9.15
Common,166,generator,1.7
Common,166,core,12.18
Common,167,cannon,9.35
Common,167,armor,9.35
Common,167,generator,1.71
Common,167,core,12.43
Common,168,cannon,9.55
Common,168,armor,9.55
Common,168,generator,1.72
Common,168,core,12.68
Common,169,cannon,9.75
Common,169,armor,9.75
Common,169,generator,1.73
Common,169,core,12.93
Common,170,cannon,9.95
Common,170,armor,9.95
Common,170,generator,1.74
Common,170,core,13.18
Common,171,cannon,10.15
Common,171,armor,10.15
Common,171,generator,1.75
Common,171,core,13.43
Common,172,cannon,10.35
Common,172,armor,10.35
Common,172,generator,1.76
Common,172,core,13.68
Common,173,cannon,10.55
Common,173,armor,10.55
Common,173,generator,1.77
Common,173,core,13.93
Common,174,cannon,10.75
Common,174,armor,10.75
Common,174,generator,1.78
Common,174,core,14.18
Common,175,cannon,10.95
Common,175,armor,10.95
Common,175,generator,1.79
Common,175,core,14.43
Common,176,cannon,11.15
Common,176,armor,11.15
Common,176,generator,1.8
Common,176,core,14.68
Common,177,cannon,11.35
Common,177,armor,11.35
Common,177,generator,1.81
Common,177,core,14.93
Common,178,cannon,11.55
Common,178,armor,11.55
Common,178,generator,1.82
Common,178,core,15.18
Common,179,cannon,11.75
Common,179,armor,11.75
Common,179,generator,1.83
Common,179,core,15.43
Common,180,cannon,11.95
Common,180,armor,11.95
Common,180,generator,1.84
Common,180,core,15.68
Common,181,cannon,12.15
Common,181,armor,12.15
Common,181,generator,1.85
Common,181,core,15.93
Common,182,cannon,12.35
Common,182,armor,12.35
Common,182,generator,1.86
Common,182,core,16.18
Common,183,cannon,12.55
Common,183,armor,12.55
Common,183,generator,1.87
Common,183,core,16.43
Common,184,cannon,12.75
Common,184,armor,12.75
Common,184,generator,1.88
Common,184,core,16.68
Common,185,cannon,12.95
Common,185,armor,12.95
Common,185,generator,1.89
Common,185,core,16.93
Common,186,cannon,13.15
Common,186,armor,13.15
Common,186,generator,1.9
Common,186,core,17.18
Common,187,cannon,13.35
Common,187,armor,13.35
Common,187,generator,1.91
Common,187,core,17.43
Common,188,cannon,13.55
Common,188,armor,13.55
Common,188,generator,1.92
Common,188,core,17.68
Common,189,cannon,13.75
Common,189,armor,13.75
Common,189,generator,1.93
Common,189,core,17.93
Common,190,cannon,13.95
Common,190,armor,13.95
Common,190,generator,1.94
Common,190,core,18.18
Common,191,cannon,14.15
Common,191,armor,14.15
Common,191,generator,1.95
Common,191,core,18.43
Common,192,cannon,14.35
Common,192,armor,14.35
Common,192,generator,1.96
Common,192,core,18.68
Common,193,cannon,14.55
Common,193,armor,14.55
Common,193,generator,1.97
Common,193,core,18.93
Common,194,cannon,14.75
Common,194,armor,14.75
Common,194,generator,1.98
Common,194,core,19.18
Common,195,cannon,14.95
Common,195,armor,14.95
Common,195,generator,1.99
Common,195,core,19.43
Common,196,cannon,15.15
Common,196,armor,15.15
Common,196,generator,2.0
Common,196,core,19.68
Common,197,cannon,15.35
Common,197,armor,15.35
Common,197,generator,2.01
Common,197,core,19.93
Common,198,cannon,15.55
Common,198,armor,15.55
Common,198,generator,2.02
Common,198,core,20.18
Common,199,cannon,15.75
Common,199,armor,15.75
Common,199,generator,2.03
Common,199,core,20.43
Common,200,cannon,15.95
Common,200,armor,15.95
Common,200,generator,2.04
Common,200,core,20.68
Common,201,cannon,16.15
Common,201,armor,16.15
Common,201,generator,2.05
Common,201,core,20.93
Common,202,cannon,16.35
Common,202,armor,16.35
Common,202,generator,2.06
Common,202,core,21.18
Common,203,cannon,16.55
Common,203,armor,16.55
Common,203,generator,2.07
Common,203,core,21.43
Common,204,cannon,16.75
Common,204,armor,16.75
Common,204,generator,2.08
Common,204,core,21.68
Common,205,cannon,16.95
Common,205,armor,16.95
Common,205,generator,2.09
Common,205,core,21.93
Common,206,cannon,17.15
Common,206,armor,17.15
Common,206,generator,2.1
Common,206,core,22.18
Common,207,cannon,17.35
Common,207,armor,17.35
Common,207,generator,2.11
Common,207,core,22.43
Common,208,cannon,17.55
Common,208,armor,17.55
Common,208,generator,2.12
Common,208,core,22.68
Common,209,cannon,17.75
Common,209,armor,17.75
Common,209,generator,2.13
Common,209,core,22.93
Common,210,cannon,17.95
Common,210,armor,17.95
Common,210,generator,2.14
Common,210,core,23.18
Common,211,cannon,18.15
Common,211,armor,18.15
Common,211,generator,2.15
Common,211,core,23.43
Common,212,cannon,18.35
Common,212,armor,18.35
Common,212,generator,2.16
Common,212,core,23.68
Common,213,cannon,18.55
Common,213,armor,18.55
Common,213,generator,2.17
Common,213,core,23.93
Common,214,cannon,18.75
Common,214,armor,18.75
Common,214,generator,2.18
Common,214,core,24.18
Common,215,cannon,18.95
Common,215,armor,18.95
Common,215,generator,2.19
Common,215,core,24.43
Common,216,cannon,19.15
Common,216,armor,19.15
Common,216,generator,2.2
Common,216,core,24.68
Common,217,cannon,19.35
Common,217,armor,19.35
Common,217,generator,2.21
Common,217,core,24.93
Common,218,cannon,19.55
Common,218,armor,19.55
Common,218,generator,2.22
Common,218,core,25.18
Common,219,cannon,19.75
Common,219,armor,19.75
Common,219,generator,2.23
Common,219,core,25.43
Common,220,cannon,19.95
Common,220,armor,19.95
Common,220,generator,2.24
Common,220,core,25.68
Common,221,cannon,20.15
Common,221,armor,20.15
Common,221,generator,2.25
Common,221,core,25.93
Common,222,cannon,20.35
Common,222,armor,20.35
Common,222,generator,2.26
Common,222,core,26.18
Common,223,cannon,20.55
Common,223,armor,20.55
Common,223,generator,2.27
Common,223,core,26.43
Common,224,cannon,20.75
Common,224,armor,20.75
Common,224,generator,2.28
Common,224,core,26.68
Common,225,cannon,20.95
Common,225,armor,20.95
Common,225,generator,2.29
Common,225,core,26.93
Common,226,cannon,21.15
Common,226,armor,21.15
Common,226,generator,2.3
Common,226,core,27.18
Common,227,cannon,21.35
Common,227,armor,21.35
Common,227,generator,2.31
Common,227,core,27.43
Common,228,cannon,21.55
Common,228,armor,21.55
Common,228,generator,2.32
Common,228,core,27.68
Common,229,cannon,21.75
Common,229,armor,21.75
Common,229,generator,2.33
Common,229,core,27.93
Common,230,cannon,21.95
Common,230,armor,21.95
Common,230,generator,2.34
Common,230,core,28.18
Common,231,cannon,22.15
Common,231,armor,22.15
Common,231,generator,2.35
Common,231,core,28.43
Common,232,cannon,22.35
Common,232,armor,22.35
Common,232,generator,2.36
Common,232,core,28.68
Common,233,cannon,22.55
Common,233,armor,22.55
Common,233,generator,2.37
Common,233,core,28.93
Common,234,cannon,22.75
Common,234,armor,22.75
Common,234,generator,2.38
Common,234,core,29.18
Common,235,cannon,22.95
Common,235,armor,22.95
Common,235,generator,2.39
Common,235,core,29.43
Common,236,cannon,23.15
Common,236,armor,23.15
Common,236,generator,2.4
Common,236,core,29.68
Common,237,cannon,23.35
Common,237,armor,23.35
Common,237,generator,2.41
Common,237,core,29.93
Common,238,cannon,23.55
Common,238,armor,23.55
Common,238,generator,2.42
Common,238,core,30.18
Common,239,cannon,23.75
Common,239,armor,23.75
Common,239,generator,2.43
Common,239,core,30.43
Common,240,cannon,23.95
Common,240,armor,23.95
Common,240,generator,2.44
Common,240,core,30.68
Common,241,cannon,24.15
Common,241,armor,24.15
Common,241,generator,2.45
Common,241,core,30.93
Common,242,cannon,24.35
Common,242,armor,24.35
Common,242,generator,2.46
Common,242,core,31.18
Common,243,cannon,24.55
Common,243,armor,24.55
Common,243,generator,2.47
Common,243,core,31.43
Common,244,cannon,24.75
Common,244,armor,24.75
Common,244,generator,2.48
Common,244,core,31.68
Common,245,cannon,24.95
Common,245,armor,24.95
Common,245,generator,2.49
Common,245,core,31.93
Common,246,cannon,25.15
Common,246,armor,25.15
Common,246,generator,2.5
Common,246,core,32.18
Common,247,cannon,25.35
Common,247,armor,25.35
Common,247,generator,2.51
Common,247,core,32.43
Common,248,cannon,25.55
Common,248,armor,25.55
Common,248,generator,2.52
Common,248,core,32.68
Common,249,cannon,25.75
Common,249,armor,25.75
Common,249,generator,2.53
Common,249,core,32.93
Common,250,cannon,25.95
Common,250,armor,25.95
Common,250,generator,2.54
Common,250,core,33.18
Common,251,cannon,26.15
Common,251,armor,26.15
Common,251,generator,2.55
Common,251,core,33.43
Common,252,cannon,26.35
Common,252,armor,26.35
Common,252,generator,2.56
Common,252,core,33.68
Common,253,cannon,26.55
Common,253,armor,26.55
Common,253,generator,2.57
Common,253,core,33.93
Common,254,cannon,26.75
Common,254,armor,26.75
Common,254,generator,2.58
Common,254,core,34.18
Common,255,cannon,26.95
Common,255,armor,26.95
Common,255,generator,2.59
Common,255,core,34.43
Common,256,cannon,27.15
Common,256,armor,27.15
Common,256,generator,2.6
Common,256,core,34.68
Common,257,cannon,27.35
Common,257,armor,27.35
Common,257,generator,2.61
Common,257,core,34.93
Common,258,cannon,27.55
Common,258,armor,27.55
Common,258,generator,2.62
Common,258,core,35.18
Common,259,cannon,27.75
Common,259,armor,27.75
Common,259,generator,2.63
Common,259,core,35.43
Common,260,cannon,27.95
Common,260,armor,27.95
Common,260,generator,2.64
Common,260,core,35.68
Common,261,cannon,28.15
Common,261,armor,28.15
Common,261,generator,2.65
Common,261,core,35.93
Common,262,cannon,28.35
Common,262,armor,28.35
Common,262,generator,2.66
Common,262,core,36.18
Common,263,cannon,28.55
Common,263,armor,28.55
Common,263,generator,2.67
Common,263,core,36.43
Common,264,cannon,28.75
Common,264,armor,28.75
Common,264,generator,2.68
Common,264,core,36.68
Common,265,cannon,28.95
Common,265,armor,28.95
Common,265,generator,2.69
Common,265,core,36.93
Common,266,cannon,29.15
Common,266,armor,29.15
Common,266,generator,2.7
Common,266,core,37.18
Common,267,cannon,29.35
Common,267,armor,29.35
Common,267,generator,2.71
Common,267,core,37.43
Common,268,cannon,29.55
Common,268,armor,29.55
Common,268,generator,2.72
Common,268,core,37.68
Common,269,cannon,29.75
Common,269,armor,29.75
Common,269,generator,2.73
Common,269,core,37.93
Common,270,cannon,29.95
Common,270,armor,29.95
Common,270,generator,2.74
Common,270,core,38.18
Common,271,cannon,30.15
Common,271,armor,30.15
Common,271,generator,2.75
Common,271,core,38.43
Common,272,cannon,30.35
Common,272,armor,30.35
Common,272,generator,2.76
Common,272,core,38.68
Common,273,cannon,30.55
Common,273,armor,30.55
Common,273,generator,2.77
Common,273,core,38.93
Common,274,cannon,30.75
Common,274,armor,30.75
Common,274,generator,2.78
Common,274,core,39.18
Common,275,cannon,30.95
Common,275,armor,30.95
Common,275,generator,2.79
Common,275,core,39.43
Common,276,cannon,31.15
Common,276,armor,31.15
Common,276,generator,2.8
Common,276,core,39.68
Common,277,cannon,31.35
Common,277,armor,31.35
Common,277,generator,2.81
Common,277,core,39.93
Common,278,cannon,31.55
Common,278,armor,31.55
Common,278,generator,2.82
Common,278,core,40.18
Common,279,cannon,31.75
Common,279,armor,31.75
Common,279,generator,2.83
Common,279,core,40.43
Common,280,cannon,31.95
Common,280,armor,31.95
Common,280,generator,2.84
Common,280,core,40.68
Common,281,cannon,32.15
Common,281,armor,32.15
Common,281,generator,2.85
Common,281,core,40.93
Common,282,cannon,32.35
Common,282,armor,32.35
Common,282,generator,2.86
Common,282,core,41.18
Common,283,cannon,32.55
Common,283,armor,32.55
Common,283,generator,2.87
Common,283,core,41.43
Common,284,cannon,32.75
Common,284,armor,32.75
Common,284,generator,2.88
Common,284,core,41.68
Common,285,cannon,32.95
Common,285,armor,32.95
Common,285,generator,2.89
Common,285,core,41.93
Common,286,cannon,33.15
Common,286,armor,33.15
Common,286,generator,2.9
Common,286,core,42.18
Common,287,cannon,33.35
Common,287,armor,33.35
Common,287,generator,2.91
Common,287,core,42.43
Common,288,cannon,33.55
Common,288,armor,33.55
Common,288,generator,2.92
Common,288,core,42.68
Common,289,cannon,33.75
Common,289,armor,33.75
Common,289,generator,2.93
Common,289,core,42.93
Common,290,cannon,33.95
Common,290,armor,33.95
Common,290,generator,2.94
Common,290,core,43.18
Common,291,cannon,34.15
Common,291,armor,34.15
Common,291,generator,2.95
Common,291,core,43.43
Common,292,cannon,34.35
Common,292,armor,34.35
Common,292,generator,2.96
Common,292,core,43.68
Common,293,cannon,34.55
Common,293,armor,34.55
Common,293,generator,2.97
Common,293,core,43.93
Common,294,cannon,34.75
Common,294,armor,34.75
Common,294,generator,2.98
Common,294,core,44.18
Common,295,cannon,34.95
Common,295,armor,34.95
Common,295,generator,2.99
Common,295,core,44.43
Common,296,cannon,35.15
Common,296,armor,35.15
Common,296,generator,3.0
Common,296,core,44.68
Common,297,cannon,35.35
Common,297,armor,35.35
Common,297,generator,3.01
Common,297,core,44.93
Common,298,cannon,35.55
Common,298,armor,35.55
Common,298,generator,3.02
Common,298,core,45.18
Common,299,cannon,35.75
Common,299,armor,35.75
Common,299,generator,3.03
Common,299,core,45.43
Common,300,cannon,35.95
Common,300,armor,35.95
Common,300,generator,3.04
Common,300,core,45.68
Rare,1,cannon,1.032
Rare,1,armor,1.032
Rare,1,generator,1.013
Rare,1,core,1.06
Rare,2,cannon,1.034
Rare,2,armor,1.034
Rare,2,generator,1.014
Rare,2,core,1.07
Rare,3,cannon,1.036
Rare,3,armor,1.036
Rare,3,generator,1.015
Rare,3,core,1.08
Rare,4,cannon,1.038
Rare,4,armor,1.038
Rare,4,generator,1.016
Rare,4,core,1.09
Rare,5,cannon,1.04
Rare,5,armor,1.04
Rare,5,generator,1.017
Rare,5,core,1.1
Rare,6,cannon,1.042
Rare,6,armor,1.042
Rare,6,generator,1.018
Rare,6,core,1.11
Rare,7,cannon,1.044
Rare,7,armor,1.044
Rare,7,generator,1.019
Rare,7,core,1.12
Rare,8,cannon,1.046
Rare,8,armor,1.046
Rare,8,generator,1.02
Rare,8,core,1.13
Rare,9,cannon,1.048
Rare,9,armor,1.048
Rare,9,generator,1.021
Rare,9,core,1.14
Rare,10,cannon,1.05
Rare,10,armor,1.05
Rare,10,generator,1.022
Rare,10,core,1.15
Rare,11,cannon,1.052
Rare,11,armor,1.052
Rare,11,generator,1.023
Rare,11,core,1.16
Rare,12,cannon,1.054
Rare,12,armor,1.054
Rare,12,generator,1.024
Rare,12,core,1.17
Rare,13,cannon,1.056
Rare,13,armor,1.056
Rare,13,generator,1.025
Rare,13,core,1.18
Rare,14,cannon,1.058
Rare,14,armor,1.058
Rare,14,generator,1.026
Rare,14,core,1.19
Rare,15,cannon,1.06
Rare,15,armor,1.06
Rare,15,generator,1.027
Rare,15,core,1.2
Rare,16,cannon,1.062
Rare,16,armor,1.062
Rare,16,generator,1.028
Rare,16,core,1.21
Rare,17,cannon,1.064
Rare,17,armor,1.064
Rare,17,generator,1.029
Rare,17,core,1.22
Rare,18,cannon,1.066
Rare,18,armor,1.066
Rare,18,generator,1.03
Rare,18,core,1.23
Rare,19,cannon,1.068
Rare,19,armor,1.068
Rare,19,generator,1.031
Rare,19,core,1.24
Rare,20,cannon,1.07
Rare,20,armor,1.07
Rare,20,generator,1.032
Rare,20,core,1.25
Rare,21,cannon,1.074
Rare,21,armor,1.074
Rare,21,generator,1.033
Rare,21,core,1.265
Rare,22,cannon,1.078
Rare,22,armor,1.078
Rare,22,generator,1.034
Rare,22,core,1.28
Rare,23,cannon,1.082
Rare,23,armor,1.082
Rare,23,generator,1.035
Rare,23,core,1.295
Rare,24,cannon,1.086
Rare,24,armor,1.086
Rare,24,generator,1.036
Rare,24,core,1.31
Rare,25,cannon,1.09
Rare,25,armor,1.09
Rare,25,generator,1.037
Rare,25,core,1.325
Rare,26,cannon,1.094
Rare,26,armor,1.094
Rare,26,generator,1.038
Rare,26,core,1.34
Rare,27,cannon,1.098
Rare,27,armor,1.098
Rare,27,generator,1.039
Rare,27,core,1.355
Rare,28,cannon,1.102
Rare,28,armor,1.102
Rare,28,generator,1.04
Rare,28,core,1.37
Rare,29,cannon,1.106
Rare,29,armor,1.106
Rare,29,generator,1.041
Rare,29,core,1.385
Rare,30,cannon,1.11
Rare,30,armor,1.11
Rare,30,generator,1.042
Rare,30,core,1.4
Rare,31,cannon,1.116
Rare,31,armor,1.116
Rare,31,generator,1.044
Rare,31,core,1.42
Rare,32,cannon,1.122
Rare,32,armor,1.122
Rare,32,generator,1.046
Rare,32,core,1.44
Rare,33,cannon,1.128
Rare,33,armor,1.128
Rare,33,generator,1.048
Rare,33,core,1.46
Rare,34,cannon,1.134
Rare,34,armor,1.134
Rare,34,generator,1.05
Rare,34,core,1.48
Rare,35,cannon,1.14
Rare,35,armor,1.14
Rare,35,generator,1.052
Rare,35,core,1.5
Rare,36,cannon,1.146
Rare,36,armor,1.146
Rare,36,generator,1.054
Rare,36,core,1.52
Rare,37,cannon,1.152
Rare,37,armor,1.152
Rare,37,generator,1.056
Rare,37,core,1.54
Rare,38,cannon,1.158
Rare,38,armor,1.158
Rare,38,generator,1.058
Rare,38,core,1.56
Rare,39,cannon,1.164
Rare,39,armor,1.164
Rare,39,generator,1.06
Rare,39,core,1.58
Rare,40,cannon,1.17
Rare,40,armor,1.17
Rare,40,generator,1.062
Rare,40,core,1.6
Rare,41,cannon,1.178
Rare,41,armor,1.178
Rare,41,generator,1.065
Rare,41,core,1.625
Rare,42,cannon,1.186
Rare,42,armor,1.186
Rare,42,generator,1.068
Rare,42,core,1.65
Rare,43,cannon,1.194
Rare,43,armor,1.194
Rare,43,generator,1.071
Rare,43,core,1.675
Rare,44,cannon,1.202
Rare,44,armor,1.202
Rare,44,generator,1.074
Rare,44,core,1.7
Rare,45,cannon,1.21
Rare,45,armor,1.21
Rare,45,generator,1.077
Rare,45,core,1.725
Rare,46,cannon,1.218
Rare,46,armor,1.218
Rare,46,generator,1.08
Rare,46,core,1.75
Rare,47,cannon,1.226
Rare,47,armor,1.226
Rare,47,generator,1.083
Rare,47,core,1.775
Rare,48,cannon,1.234
Rare,48,armor,1.234
Rare,48,generator,1.086
Rare,48,core,1.8
Rare,49,cannon,1.242
Rare,49,armor,1.242
Rare,49,generator,1.089
Rare,49,core,1.825
Rare,50,cannon,1.25
Rare,50,armor,1.25
Rare,50,generator,1.092
Rare,50,core,1.85
Rare,51,cannon,1.258
Rare,51,armor,1.258
Rare,51,generator,1.095
Rare,51,core,1.875
Rare,52,cannon,1.266
Rare,52,armor,1.266
Rare,52,generator,1.098
Rare,52,core,1.9
Rare,53,cannon,1.274
Rare,53,armor,1.274
Rare,53,generator,1.101
Rare,53,core,1.925
Rare,54,cannon,1.282
Rare,54,armor,1.282
Rare,54,generator,1.104
Rare,54,core,1.95
Rare,55,cannon,1.29
Rare,55,armor,1.29
Rare,55,generator,1.107
Rare,55,core,1.975
Rare,56,cannon,1.298
Rare,56,armor,1.298
Rare,56,generator,1.11
Rare,56,core,2.0
Rare,57,cannon,1.306
Rare,57,armor,1.306
Rare,57,generator,1.113
Rare,57,core,2.025
Rare,58,cannon,1.314
Rare,58,armor,1.314
Rare,58,generator,1.116
Rare,58,core,2.05
Rare,59,cannon,1.322
Rare,59,armor,1.322
Rare,59,generator,1.119
Rare,59,core,2.075
Rare,60,cannon,1.33
Rare,60,armor,1.33
Rare,60,generator,1.122
Rare,60,core,2.1
Rare,61,cannon,1.342
Rare,61,armor,1.342
Rare,61,generator,1.125
Rare,61,core,2.13
Rare,62,cannon,1.354
Rare,62,armor,1.354
Rare,62,generator,1.128
Rare,62,core,2.16
Rare,63,cannon,1.366
Rare,63,armor,1.366
Rare,63,generator,1.131
Rare,63,core,2.19
Rare,64,cannon,1.378
Rare,64,armor,1.378
Rare,64,generator,1.134
Rare,64,core,2.22
Rare,65,cannon,1.39
Rare,65,armor,1.39
Rare,65,generator,1.137
Rare,65,core,2.25
Rare,66,cannon,1.402
Rare,66,armor,1.402
Rare,66,generator,1.14
Rare,66,core,2.28
Rare,67,cannon,1.414
Rare,67,armor,1.414
Rare,67,generator,1.143
Rare,67,core,2.31
Rare,68,cannon,1.426
Rare,68,armor,1.426
Rare,68,generator,1.146
Rare,68,core,2.34
Rare,69,cannon,1.438
Rare,69,armor,1.438
Rare,69,generator,1.149
Rare,69,core,2.37
Rare,70,cannon,1.45
Rare,70,armor,1.45
Rare,70,generator,1.152
Rare,70,core,2.4
Rare,71,cannon,1.462
Rare,71,armor,1.462
Rare,71,generator,1.155
Rare,71,core,2.43
Rare,72,cannon,1.474
Rare,72,armor,1.474
Rare,72,generator,1.158
Rare,72,core,2.46
Rare,73,cannon,1.486
Rare,73,armor,1.486
Rare,73,generator,1.161
Rare,73,core,2.49
Rare,74,cannon,1.498
Rare,74,armor,1.498
Rare,74,generator,1.164
Rare,74,core,2.52
Rare,75,cannon,1.51
Rare,75,armor,1.51
Rare,75,generator,1.167
Rare,75,core,2.55
Rare,76,cannon,1.522
Rare,76,armor,1.522
Rare,76,generator,1.17
Rare,76,core,2.58
Rare,77,cannon,1.534
Rare,77,armor,1.534
Rare,77,generator,1.173
Rare,77,core,2.61
Rare,78,cannon,1.546
Rare,78,armor,1.546
Rare,78,generator,1.176
Rare,78,core,2.64
Rare,79,cannon,1.558
Rare,79,armor,1.558
Rare,79,generator,1.179
Rare,79,core,2.67
Rare,80,cannon,1.57
Rare,80,armor,1.57
Rare,80,generator,1.182
Rare,80,core,2.7
Rare,81,cannon,1.6
Rare,81,armor,1.6
Rare,81,generator,1.186
Rare,81,core,2.75
Rare,82,cannon,1.63
Rare,82,armor,1.63
Rare,82,generator,1.19
Rare,82,core,2.8
Rare,83,cannon,1.66
Rare,83,armor,1.66
Rare,83,generator,1.194
Rare,83,core,2.85
Rare,84,cannon,1.69
Rare,84,armor,1.69
Rare,84,generator,1.198
Rare,84,core,2.9
Rare,85,cannon,1.72
Rare,85,armor,1.72
Rare,85,generator,1.202
Rare,85,core,2.95
Rare,86,cannon,1.75
Rare,86,armor,1.75
Rare,86,generator,1.206
Rare,86,core,3.0
Rare,87,cannon,1.78
Rare,87,armor,1.78
Rare,87,generator,1.21
Rare,87,core,3.05
Rare,88,cannon,1.81
Rare,88,armor,1.81
Rare,88,generator,1.214
Rare,88,core,3.1
Rare,89,cannon,1.84
Rare,89,armor,1.84
Rare,89,generator,1.218
Rare,89,core,3.15
Rare,90,cannon,1.87
Rare,90,armor,1.87
Rare,90,generator,1.222
Rare,90,core,3.2
Rare,91,cannon,1.9
Rare,91,armor,1.9
Rare,91,generator,1.226
Rare,91,core,3.25
Rare,92,cannon,1.93
Rare,92,armor,1.93
Rare,92,generator,1.23
Rare,92,core,3.3
Rare,93,cannon,1.96
Rare,93,armor,1.96
Rare,93,generator,1.234
Rare,93,core,3.35
Rare,94,cannon,1.99
Rare,94,armor,1.99
Rare,94,generator,1.238
Rare,94,core,3.4
Rare,95,cannon,2.02
Rare,95,armor,2.02
Rare,95,generator,1.242
Rare,95,core,3.45
Rare,96,cannon,2.05
Rare,96,armor,2.05
Rare,96,generator,1.246
Rare,96,core,3.5
Rare,97,cannon,2.08
Rare,97,armor,2.08
Rare,97,generator,1.25
Rare,97,core,3.55
Rare,98,cannon,2.11
Rare,98,armor,2.11
Rare,98,generator,1.254
Rare,98,core,3.6
Rare,99,cannon,2.14
Rare,99,armor,2.14
Rare,99,generator,1.258
Rare,99,core,3.65
Rare,100,cannon,2.17
Rare,100,armor,2.17
Rare,100,generator,1.262
Rare,100,core,3.7
Rare,101,cannon,2.24
Rare,101,armor,2.24
Rare,101,generator,1.267
Rare,101,core,3.78
Rare,102,cannon,2.31
Rare,102,armor,2.31
Rare,102,generator,1.272
Rare,102,core,3.86
Rare,103,cannon,2.38
Rare,103,armor,2.38
Rare,103,generator,1.277
Rare,103,core,3.94
Rare,104,cannon,2.45
Rare,104,armor,2.45
Rare,104,generator,1.282
Rare,104,core,4.02
Rare,105,cannon,2.52
Rare,105,armor,2.52
Rare,105,generator,1.287
Rare,105,core,4.1
Rare,106,cannon,2.59
Rare,106,armor,2.59
Rare,106,generator,1.292
Rare,106,core,4.18
Rare,107,cannon,2.66
Rare,107,armor,2.66
Rare,107,generator,1.297
Rare,107,core,4.26
Rare,108,cannon,2.73
Rare,108,armor,2.73
Rare,108,generator,1.302
Rare,108,core,4.34
Rare,109,cannon,2.8
Rare,109,armor,2.8
Rare,109,generator,1.307
Rare,109,core,4.42
Rare,110,cannon,2.87
Rare,110,armor,2.87
Rare,110,generator,1.312
Rare,110,core,4.5
Rare,111,cannon,2.94
Rare,111,armor,2.94
Rare,111,generator,1.317
Rare,111,core,4.58
Rare,112,cannon,3.01
Rare,112,armor,3.01
Rare,112,generator,1.322
Rare,112,core,4.66
Rare,113,cannon,3.08
Rare,113,armor,3.08
Rare,113,generator,1.327
Rare,113,core,4.74
Rare,114,cannon,3.15
Rare,114,armor,3.15
Rare,114,generator,1.332
Rare,114,core,4.82
Rare,115,cannon,3.22
Rare,115,armor,3.22
Rare,115,generator,1.337
Rare,115,core,4.9
Rare,116,cannon,3.29
Rare,116,armor,3.29
Rare,116,generator,1.342
Rare,116,core,4.98
Rare,117,cannon,3.36
Rare,117,armor,3.36
Rare,117,generator,1.347
Rare,117,core,5.06
Rare,118,cannon,3.43
Rare,118,armor,3.43
Rare,118,generator,1.352
Rare,118,core,5.14
Rare,119,cannon,3.5
Rare,119,armor,3.5
Rare,119,generator,1.357
Rare,119,core,5.22
Rare,120,cannon,3.57
Rare,120,armor,3.57
Rare,120,generator,1.362
Rare,120,core,5.3
Rare,121,cannon,3.67
Rare,121,armor,3.67
Rare,121,generator,1.368
Rare,121,core,5.42
Rare,122,cannon,3.77
Rare,122,armor,3.77
Rare,122,generator,1.374
Rare,122,core,5.54
Rare,123,cannon,3.87
Rare,123,armor,3.87
Rare,123,generator,1.38
Rare,123,core,5.66
Rare,124,cannon,3.97
Rare,124,armor,3.97
Rare,124,generator,1.386
Rare,124,core,5.78
Rare,125,cannon,4.07
Rare,125,armor,4.07
Rare,125,generator,1.392
Rare,125,core,5.9
Rare,126,cannon,4.17
Rare,126,armor,4.17
Rare,126,generator,1.398
Rare,126,core,6.02
Rare,127,cannon,4.27
Rare,127,armor,4.27
Rare,127,generator,1.404
Rare,127,core,6.14
Rare,128,cannon,4.37
Rare,128,armor,4.37
Rare,128,generator,1.41
Rare,128,core,6.26
Rare,129,cannon,4.47
Rare,129,armor,4.47
Rare,129,generator,1.416
Rare,129,core,6.38
Rare,130,cannon,4.57
Rare,130,armor,4.57
Rare,130,generator,1.422
Rare,130,core,6.5
Rare,131,cannon,4.67
Rare,131,armor,4.67
Rare,131,generator,1.428
Rare,131,core,6.62
Rare,132,cannon,4.77
Rare,132,armor,4.77
Rare,132,generator,1.434
Rare,132,core,6.74
Rare,133,cannon,4.87
Rare,133,armor,4.87
Rare,133,generator,1.44
Rare,133,core,6.86
Rare,134,cannon,4.97
Rare,134,armor,4.97
Rare,134,generator,1.446
Rare,134,core,6.98
Rare,135,cannon,5.07
Rare,135,armor,5.07
Rare,135,generator,1.452
Rare,135,core,7.1
Rare,136,cannon,5.17
Rare,136,armor,5.17
Rare,136,generator,1.458
Rare,136,core,7.22
Rare,137,cannon,5.27
Rare,137,armor,5.27
Rare,137,generator,1.464
Rare,137,core,7.34
Rare,138,cannon,5.37
Rare,138,armor,5.37
Rare,138,generator,1.47
Rare,138,core,7.46
Rare,139,cannon,5.47
Rare,139,armor,5.47
Rare,139,generator,1.476
Rare,139,core,7.58
Rare,140,cannon,5.57
Rare,140,armor,5.57
Rare,140,generator,1.482
Rare,140,core,7.7
Rare,141,cannon,5.69
Rare,141,armor,5.69
Rare,141,generator,1.49
Rare,141,core,7.85
Rare,142,cannon,5.81
Rare,142,armor,5.81
Rare,142,generator,1.498
Rare,142,core,8.0
Rare,143,cannon,5.93
Rare,143,armor,5.93
Rare,143,generator,1.506
Rare,143,core,8.15
Rare,144,cannon,6.05
Rare,144,armor,6.05
Rare,144,generator,1.514
Rare,144,core,8.3
Rare,145,cannon,6.17
Rare,145,armor,6.17
Rare,145,generator,1.522
Rare,145,core,8.45
Rare,146,cannon,6.29
Rare,146,armor,6.29
Rare,146,generator,1.53
Rare,146,core,8.6
Rare,147,cannon,6.41
Rare,147,armor,6.41
Rare,147,generator,1.538
Rare,147,core,8.75
Rare,148,cannon,6.53
Rare,148,armor,6.53
Rare,148,generator,1.546
Rare,148,core,8.9
Rare,149,cannon,6.65
Rare,149,armor,6.65
Rare,149,generator,1.554
Rare,149,core,9.05
Rare,150,cannon,6.77
Rare,150,armor,6.77
Rare,150,generator,1.562
Rare,150,core,9.2
Rare,151,cannon,6.89
Rare,151,armor,6.89
Rare,151,generator,1.57
Rare,151,core,9.35
Rare,152,cannon,7.01
Rare,152,armor,7.01
Rare,152,generator,1.578
Rare,152,core,9.5
Rare,153,cannon,7.13
Rare,153,armor,7.13
Rare,153,generator,1.586
Rare,153,core,9.65
Rare,154,cannon,7.25
Rare,154,armor,7.25
Rare,154,generator,1.594
Rare,154,core,9.8
Rare,155,cannon,7.37
Rare,155,armor,7.37
Rare,155,generator,1.602
Rare,155,core,9.95
Rare,156,cannon,7.49
Rare,156,armor,7.49
Rare,156,generator,1.61
Rare,156,core,10.1
Rare,157,cannon,7.61
Rare,157,armor,7.61
Rare,157,generator,1.618
Rare,157,core,10.25
Rare,158,cannon,7.73
Rare,158,armor,7.73
Rare,158,generator,1.626
Rare,158,core,10.4
Rare,159,cannon,7.85
Rare,159,armor,7.85
Rare,159,generator,1.634
Rare,159,core,10.55
Rare,160,cannon,7.97
Rare,160,armor,7.97
Rare,160,generator,1.642
Rare,160,core,10.7
Rare,161,cannon,8.17
Rare,161,armor,8.17
Rare,161,generator,1.652
Rare,161,core,10.95
Rare,162,cannon,8.37
Rare,162,armor,8.37
Rare,162,generator,1.662
Rare,162,core,11.2
Rare,163,cannon,8.57
Rare,163,armor,8.57
Rare,163,generator,1.672
Rare,163,core,11.45
Rare,164,cannon,8.77
Rare,164,armor,8.77
Rare,164,generator,1.682
Rare,164,core,11.7
Rare,165,cannon,8.97
Rare,165,armor,8.97
Rare,165,generator,1.692
Rare,165,core,11.95
Rare,166,cannon,9.17
Rare,166,armor,9.17
Rare,166,generator,1.702
Rare,166,core,12.2
Rare,167,cannon,9.37
Rare,167,armor,9.37
Rare,167,generator,1.712
Rare,167,core,12.45
Rare,168,cannon,9.57
Rare,168,armor,9.57
Rare,168,generator,1.722
Rare,168,core,12.7
Rare,169,cannon,9.77
Rare,169,armor,9.77
Rare,169,generator,1.732
Rare,169,core,12.95
Rare,170,cannon,9.97
Rare,170,armor,9.97
Rare,170,generator,1.742
Rare,170,core,13.2
Rare,171,cannon,10.17
Rare,171,armor,10.17
Rare,171,generator,1.752
Rare,171,core,13.45
Rare,172,cannon,10.37
Rare,172,armor,10.37
Rare,172,generator,1.762
Rare,172,core,13.7
Rare,173,cannon,10.57
Rare,173,armor,10.57
Rare,173,generator,1.772
Rare,173,core,13.95
Rare,174,cannon,10.77
Rare,174,armor,10.77
Rare,174,generator,1.782
Rare,174,core,14.2
Rare,175,cannon,10.97
Rare,175,armor,10.97
Rare,175,generator,1.792
Rare,175,core,14.45
Rare,176,cannon,11.17
Rare,176,armor,11.17
Rare,176,generator,1.802
Rare,176,core,14.7
Rare,177,cannon,11.37
Rare,177,armor,11.37
Rare,177,generator,1.812
Rare,177,core,14.95
Rare,178,cannon,11.57
Rare,178,armor,11.57
Rare,178,generator,1.822
Rare,178,core,15.2
Rare,179,cannon,11.77
Rare,179,armor,11.77
Rare,179,generator,1.832
Rare,179,core,15.45
Rare,180,cannon,11.97
Rare,180,armor,11.97
Rare,180,generator,1.842
Rare,180,core,15.7
Rare,181,cannon,12.17
Rare,181,armor,12.17
Rare,181,generator,1.852
Rare,181,core,15.95
Rare,182,cannon,12.37
Rare,182,armor,12.37
Rare,182,generator,1.862
Rare,182,core,16.2
Rare,183,cannon,12.57
Rare,183,armor,12.57
Rare,183,generator,1.872
Rare,183,core,16.45
Rare,184,cannon,12.77
Rare,184,armor,12.77
Rare,184,generator,1.882
Rare,184,core,16.7
Rare,185,cannon,12.97
Rare,185,armor,12.97
Rare,185,generator,1.892
Rare,185,core,16.95
Rare,186,cannon,13.17
Rare,186,armor,13.17
Rare,186,generator,1.902
Rare,186,core,17.2
Rare,187,cannon,13.37
Rare,187,armor,13.37
Rare,187,generator,1.912
Rare,187,core,17.45
Rare,188,cannon,13.57
Rare,188,armor,13.57
Rare,188,generator,1.922
Rare,188,core,17.7
Rare,189,cannon,13.77
Rare,189,armor,13.77
Rare,189,generator,1.932
Rare,189,core,17.95
Rare,190,cannon,13.97
Rare,190,armor,13.97
Rare,190,generator,1.942
Rare,190,core,18.2
Rare,191,cannon,14.17
Rare,191,armor,14.17
Rare,191,generator,1.952
Rare,191,core,18.45
Rare,192,cannon,14.37
Rare,192,armor,14.37
Rare,192,generator,1.962
Rare,192,core,18.7
Rare,193,cannon,14.57
Rare,193,armor,14.57
Rare,193,generator,1.972
Rare,193,core,18.95
Rare,194,cannon,14.77
Rare,194,armor,14.77
Rare,194,generator,1.982
Rare,194,core,19.2
Rare,195,cannon,14.97
Rare,195,armor,14.97
Rare,195,generator,1.992
Rare,195,core,19.45
Rare,196,cannon,15.17
Rare,196,armor,15.17
Rare,196,generator,2.002
Rare,196,core,19.7
Rare,197,cannon,15.37
Rare,197,armor,15.37
Rare,197,generator,2.012
Rare,197,core,19.95
Rare,198,cannon,15.57
Rare,198,armor,15.57
Rare,198,generator,2.022
Rare,198,core,20.2
Rare,199,cannon,15.77
Rare,199,armor,15.77
Rare,199,generator,2.032
Rare,199,core,20.45
Rare,200,cannon,15.97
Rare,200,armor,15.97
Rare,200,generator,2.042
Rare,200,core,20.7
Rare,201,cannon,16.17
Rare,201,armor,16.17
Rare,201,generator,2.052
Rare,201,core,20.95
Rare,202,cannon,16.37
Rare,202,armor,16.37
Rare,202,generator,2.062
Rare,202,core,21.2
Rare,203,cannon,16.57
Rare,203,armor,16.57
Rare,203,generator,2.072
Rare,203,core,21.45
Rare,204,cannon,16.77
Rare,204,armor,16.77
Rare,204,generator,2.082
Rare,204,core,21.7
Rare,205,cannon,16.97
Rare,205,armor,16.97
Rare,205,generator,2.092
Rare,205,core,21.95
Rare,206,cannon,17.17
Rare,206,armor,17.17
Rare,206,generator,2.102
Rare,206,core,22.2
Rare,207,cannon,17.37
Rare,207,armor,17.37
Rare,207,generator,2.112
Rare,207,core,22.45
Rare,208,cannon,17.57
Rare,208,armor,17.57
Rare,208,generator,2.122
Rare,208,core,22.7
Rare,209,cannon,17.77
Rare,209,armor,17.77
Rare,209,generator,2.132
Rare,209,core,22.95
Rare,210,cannon,17.97
Rare,210,armor,17.97
Rare,210,generator,2.142
Rare,210,core,23.2
Rare,211,cannon,18.17
Rare,211,armor,18.17
Rare,211,generator,2.152
Rare,211,core,23.45
Rare,212,cannon,18.37
Rare,212,armor,18.37
Rare,212,generator,2.162
Rare,212,core,23.7
Rare,213,cannon,18.57
Rare,213,armor,18.57
Rare,213,generator,2.172
Rare,213,core,23.95
Rare,214,cannon,18.77
Rare,214,armor,18.77
Rare,214,generator,2.182
Rare,214,core,24.2
Rare,215,cannon,18.97
Rare,215,armor,18.97
Rare,215,generator,2.192
Rare,215,core,24.45
Rare,216,cannon,19.17
Rare,216,armor,19.17
Rare,216,generator,2.202
Rare,216,core,24.7
Rare,217,cannon,19.37
Rare,217,armor,19.37
Rare,217,generator,2.212
Rare,217,core,24.95
Rare,218,cannon,19.57
Rare,218,armor,19.57
Rare,218,generator,2.222
Rare,218,core,25.2
Rare,219,cannon,19.77
Rare,219,armor,19.77
Rare,219,generator,2.232
Rare,219,core,25.45
Rare,220,cannon,19.97
Rare,220,armor,19.97
Rare,220,generator,2.242
Rare,220,core,25.7
Rare,221,cannon,20.17
Rare,221,armor,20.17
Rare,221,generator,2.252
Rare,221,core,25.95
Rare,222,cannon,20.37
Rare,222,armor,20.37
Rare,222,generator,2.262
Rare,222,core,26.2
Rare,223,cannon,20.57
Rare,223,armor,20.57
Rare,223,generator,2.272
Rare,223,core,26.45
Rare,224,cannon,20.77
Rare,224,armor,20.77
Rare,224,generator,2.282
Rare,224,core,26.7
Rare,225,cannon,20.97
Rare,225,armor,20.97
Rare,225,generator,2.292
Rare,225,core,26.95
Rare,226,cannon,21.17
Rare,226,armor,21.17
Rare,226,generator,2.302
Rare,226,core,27.2
Rare,227,cannon,21.37
Rare,227,armor,21.37
Rare,227,generator,2.312
Rare,227,core,27.45
Rare,228,cannon,21.57
Rare,228,armor,21.57
Rare,228,generator,2.322
Rare,228,core,27.7
Rare,229,cannon,21.77
Rare,229,armor,21.77
Rare,229,generator,2.332
Rare,229,core,27.95
Rare,230,cannon,21.97
Rare,230,armor,21.97
Rare,230,generator,2.342
Rare,230,core,28.2
Rare,231,cannon,22.17
Rare,231,armor,22.17
Rare,231,generator,2.352
Rare,231,core,28.45
Rare,232,cannon,22.37
Rare,232,armor,22.37
Rare,232,generator,2.362
Rare,232,core,28.7
Rare,233,cannon,22.57
Rare,233,armor,22.57
Rare,233,generator,2.372
Rare,233,core,28.95
Rare,234,cannon,22.77
Rare,234,armor,22.77
Rare,234,generator,2.382
Rare,234,core,29.2
Rare,235,cannon,22.97
Rare,235,armor,22.97
Rare,235,generator,2.392
Rare,235,core,29.45
Rare,236,cannon,23.17
Rare,236,armor,23.17
Rare,236,generator,2.402
Rare,236,core,29.7
Rare,237,cannon,23.37
Rare,237,armor,23.37
Rare,237,generator,2.412
Rare,237,core,29.95
Rare,238,cannon,23.57
Rare,238,armor,23.57
Rare,238,generator,2.422
Rare,238,core,30.2
Rare,239,cannon,23.77
Rare,239,armor,23.77
Rare,239,generator,2.432
Rare,239,core,30.45
Rare,240,cannon,23.97
Rare,240,armor,23.97
Rare,240,generator,2.442
Rare,240,core,30.7
Rare,241,cannon,24.17
Rare,241,armor,24.17
Rare,241,generator,2.452
Rare,241,core,30.95
Rare,242,cannon,24.37
Rare,242,armor,24.37
Rare,242,generator,2.462
Rare,242,core,31.2
Rare,243,cannon,24.57
Rare,243,armor,24.57
Rare,243,generator,2.472
Rare,243,core,31.45
Rare,244,cannon,24.77
Rare,244,armor,24.77
Rare,244,generator,2.482
Rare,244,core,31.7
Rare,245,cannon,24.97
Rare,245,armor,24.97
Rare,245,generator,2.492
Rare,245,core,31.95
Rare,246,cannon,25.17
Rare,246,armor,25.17
Rare,246,generator,2.502
Rare,246,core,32.2
Rare,247,cannon,25.37
Rare,247,armor,25.37
Rare,247,generator,2.512
Rare,247,core,32.45
Rare,248,cannon,25.57
Rare,248,armor,25.57
Rare,248,generator,2.522
Rare,248,core,32.7
Rare,249,cannon,25.77
Rare,249,armor,25.77
Rare,249,generator,2.532
Rare,249,core,32.95
Rare,250,cannon,25.97
Rare,250,armor,25.97
Rare,250,generator,2.542
Rare,250,core,33.2
Rare,251,cannon,26.17
Rare,251,armor,26.17
Rare,251,generator,2.552
Rare,251,core,33.45
Rare,252,cannon,26.37
Rare,252,armor,26.37
Rare,252,generator,2.562
Rare,252,core,33.7
Rare,253,cannon,26.57
Rare,253,armor,26.57
Rare,253,generator,2.572
Rare,253,core,33.95
Rare,254,cannon,26.77
Rare,254,armor,26.77
Rare,254,generator,2.582
Rare,254,core,34.2
Rare,255,cannon,26.97
Rare,255,armor,26.97
Rare,255,generator,2.592
Rare,255,core,34.45
Rare,256,cannon,27.17
Rare,256,armor,27.17
Rare,256,generator,2.602
Rare,256,core,34.7
Rare,257,cannon,27.37
Rare,257,armor,27.37
Rare,257,generator,2.612
Rare,257,core,34.95
Rare,258,cannon,27.57
Rare,258,armor,27.57
Rare,258,generator,2.622
Rare,258,core,35.2
Rare,259,cannon,27.77
Rare,259,armor,27.77
Rare,259,generator,2.632
Rare,259,core,35.45
Rare,260,cannon,27.97
Rare,260,armor,27.97
Rare,260,generator,2.642
Rare,260,core,35.7
Rare,261,cannon,28.17
Rare,261,armor,28.17
Rare,261,generator,2.652
Rare,261,core,35.95
Rare,262,cannon,28.37
Rare,262,armor,28.37
Rare,262,generator,2.662
Rare,262,core,36.2
Rare,263,cannon,28.57
Rare,263,armor,28.57
Rare,263,generator,2.672
Rare,263,core,36.45
Rare,264,cannon,28.77
Rare,264,armor,28.77
Rare,264,generator,2.682
Rare,264,core,36.7
Rare,265,cannon,28.97
Rare,265,armor,28.97
Rare,265,generator,2.692
Rare,265,core,36.95
Rare,266,cannon,29.17
Rare,266,armor,29.17
Rare,266,generator,2.702
Rare,266,core,37.2
Rare,267,cannon,29.37
Rare,267,armor,29.37
Rare,267,generator,2.712
Rare,267,core,37.45
Rare,268,cannon,29.57
Rare,268,armor,29.57
Rare,268,generator,2.722
Rare,268,core,37.7
Rare,269,cannon,29.77
Rare,269,armor,29.77
Rare,269,generator,2.732
Rare,269,core,37.95
Rare,270,cannon,29.97
Rare,270,armor,29.97
Rare,270,generator,2.742
Rare,270,core,38.2
Rare,271,cannon,30.17
Rare,271,armor,30.17
Rare,271,generator,2.752
Rare,271,core,38.45
Rare,272,cannon,30.37
Rare,272,armor,30.37
Rare,272,generator,2.762
Rare,272,core,38.7
Rare,273,cannon,30.57
Rare,273,armor,30.57
Rare,273,generator,2.772
Rare,273,core,38.95
Rare,274,cannon,30.77
Rare,274,armor,30.77
Rare,274,generator,2.782
Rare,274,core,39.2
Rare,275,cannon,30.97
Rare,275,armor,30.97
Rare,275,generator,2.792
Rare,275,core,39.45
Rare,276,cannon,31.17
Rare,276,armor,31.17
Rare,276,generator,2.802
Rare,276,core,39.7
Rare,277,cannon,31.37
Rare,277,armor,31.37
Rare,277,generator,2.812
Rare,277,core,39.95
Rare,278,cannon,31.57
Rare,278,armor,31.57
Rare,278,generator,2.822
Rare,278,core,40.2
Rare,279,cannon,31.77
Rare,279,armor,31.77
Rare,279,generator,2.832
Rare,279,core,40.45
Rare,280,cannon,31.97
Rare,280,armor,31.97
Rare,280,generator,2.842
Rare,280,core,40.7
Rare,281,cannon,32.17
Rare,281,armor,32.17
Rare,281,generator,2.852
Rare,281,core,40.95
Rare,282,cannon,32.37
Rare,282,armor,32.37
Rare,282,generator,2.862
Rare,282,core,41.2
Rare,283,cannon,32.57
Rare,283,armor,32.57
Rare,283,generator,2.872
Rare,283,core,41.45
Rare,284,cannon,32.77
Rare,284,armor,32.77
Rare,284,generator,2.882
Rare,284,core,41.7
Rare,285,cannon,32.97
Rare,285,armor,32.97
Rare,285,generator,2.892
Rare,285,core,41.95
Rare,286,cannon,33.17
Rare,286,armor,33.17
Rare,286,generator,2.902
Rare,286,core,42.2
Rare,287,cannon,33.37
Rare,287,armor,33.37
Rare,287,generator,2.912
Rare,287,core,42.45
Rare,288,cannon,33.57
Rare,288,armor,33.57
Rare,288,generator,2.922
Rare,288,core,42.7
Rare,289,cannon,33.77
Rare,289,armor,33.77
Rare,289,generator,2.932
Rare,289,core,42.95
Rare,290,cannon,33.97
Rare,290,armor,33.97
Rare,290,generator,2.942
Rare,290,core,43.2
Rare,291,cannon,34.17
Rare,291,armor,34.17
Rare,291,generator,2.952
Rare,291,core,43.45
Rare,292,cannon,34.37
Rare,292,armor,34.37
Rare,292,generator,2.962
Rare,292,core,43.7
Rare,293,cannon,34.57
Rare,293,armor,34.57
Rare,293,generator,2.972
Rare,293,core,43.95
Rare,294,cannon,34.77
Rare,294,armor,34.77
Rare,294,generator,2.982
Rare,294,core,44.2
Rare,295,cannon,34.97
Rare,295,armor,34.97
Rare,295,generator,2.992
Rare,295,core,44.45
Rare,296,cannon,35.17
Rare,296,armor,35.17
Rare,296,generator,3.002
Rare,296,core,44.7
Rare,297,cannon,35.37
Rare,297,armor,35.37
Rare,297,generator,3.012
Rare,297,core,44.95
Rare,298,cannon,35.57
Rare,298,armor,35.57
Rare,298,generator,3.022
Rare,298,core,45.2
Rare,299,cannon,35.77
Rare,299,armor,35.77
Rare,299,generator,3.032
Rare,299,core,45.45
Rare,300,cannon,35.97
Rare,300,armor,35.97
Rare,300,generator,3.042
Rare,300,core,45.7
Rare+,1,cannon,1.052
Rare+,1,armor,1.052
Rare+,1,generator,1.016
Rare+,1,core,1.09
Rare+,2,cannon,1.054
Rare+,2,armor,1.054
Rare+,2,generator,1.017
Rare+,2,core,1.1
Rare+,3,cannon,1.056
Rare+,3,armor,1.056
Rare+,3,generator,1.018
Rare+,3,core,1.11
Rare+,4,cannon,1.058
Rare+,4,armor,1.058
Rare+,4,generator,1.019
Rare+,4,core,1.12
Rare+,5,cannon,1.06
Rare+,5,armor,1.06
Rare+,5,generator,1.02
Rare+,5,core,1.13
Rare+,6,cannon,1.062
Rare+,6,armor,1.062
Rare+,6,generator,1.021
Rare+,6,core,1.14
Rare+,7,cannon,1.064
Rare+,7,armor,1.064
Rare+,7,generator,1.022
Rare+,7,core,1.15
Rare+,8,cannon,1.066
Rare+,8,armor,1.066
Rare+,8,generator,1.023
Rare+,8,core,1.16
Rare+,9,cannon,1.068
Rare+,9,armor,1.068
Rare+,9,generator,1.024
Rare+,9,core,1.17
Rare+,10,cannon,1.07
Rare+,10,armor,1.07
Rare+,10,generator,1.025
Rare+,10,core,1.18
Rare+,11,cannon,1.072
Rare+,11,armor,1.072
Rare+,11,generator,1.026
Rare+,11,core,1.19
Rare+,12,cannon,1.074
Rare+,12,armor,1.074
Rare+,12,generator,1.027
Rare+,12,core,1.2
Rare+,13,cannon,1.076
Rare+,13,armor,1.076
Rare+,13,generator,1.028
Rare+,13,core,1.21
Rare+,14,cannon,1.078
Rare+,14,armor,1.078
Rare+,14,generator,1.029
Rare+,14,core,1.22
Rare+,15,cannon,1.08
Rare+,15,armor,1.08
Rare+,15,generator,1.03
Rare+,15,core,1.23
Rare+,16,cannon,1.082
Rare+,16,armor,1.082
Rare+,16,generator,1.031
Rare+,16,core,1.24
Rare+,17,cannon,1.084
Rare+,17,armor,1.084
Rare+,17,generator,1.032
Rare+,17,core,1.25
Rare+,18,cannon,1.086
Rare+,18,armor,1.086
Rare+,18,generator,1.033
Rare+,18,core,1.26
Rare+,19,cannon,1.088
Rare+,19,armor,1.088
Rare+,19,generator,1.034
Rare+,19,core,1.27
Rare+,20,cannon,1.09
Rare+,20,armor,1.09
Rare+,20,generator,1.035
Rare+,20,core,1.28
Rare+,21,cannon,1.094
Rare+,21,armor,1.094
Rare+,21,generator,1.036
Rare+,21,core,1.295
Rare+,22,cannon,1.098
Rare+,22,armor,1.098
Rare+,22,generator,1.037
Rare+,22,core,1.31
Rare+,23,cannon,1.102
Rare+,23,armor,1.102
Rare+,23,generator,1.038
Rare+,23,core,1.325
Rare+,24,cannon,1.106
Rare+,24,armor,1.106
Rare+,24,generator,1.039
Rare+,24,core,1.34
Rare+,25,cannon,1.11
Rare+,25,armor,1.11
Rare+,25,generator,1.04
Rare+,25,core,1.355
Rare+,26,cannon,1.114
Rare+,26,armor,1.114
Rare+,26,generator,1.041
Rare+,26,core,1.37
Rare+,27,cannon,1.118
Rare+,27,armor,1.118
Rare+,27,generator,1.042
Rare+,27,core,1.385
Rare+,28,cannon,1.122
Rare+,28,armor,1.122
Rare+,28,generator,1.043
Rare+,28,core,1.4
Rare+,29,cannon,1.126
Rare+,29,armor,1.126
Rare+,29,generator,1.044
Rare+,29,core,1.415
Rare+,30,cannon,1.13
Rare+,30,armor,1.13
Rare+,30,generator,1.045
Rare+,30,core,1.43
Rare+,31,cannon,1.136
Rare+,31,armor,1.136
Rare+,31,generator,1.047
Rare+,31,core,1.45
Rare+,32,cannon,1.142
Rare+,32,armor,1.142
Rare+,32,generator,1.049
Rare+,32,core,1.47
Rare+,33,cannon,1.148
Rare+,33,armor,1.148
Rare+,33,generator,1.051
Rare+,33,core,1.49
Rare+,34,cannon,1.154
Rare+,34,armor,1.154
Rare+,34,generator,1.053
Rare+,34,core,1.51
Rare+,35,cannon,1.16
Rare+,35,armor,1.16
Rare+,35,generator,1.055
Rare+,35,core,1.53
Rare+,36,cannon,1.166
Rare+,36,armor,1.166
Rare+,36,generator,1.057
Rare+,36,core,1.55
Rare+,37,cannon,1.172
Rare+,37,armor,1.172
Rare+,37,generator,1.059
Rare+,37,core,1.57
Rare+,38,cannon,1.178
Rare+,38,armor,1.178
Rare+,38,generator,1.061
Rare+,38,core,1.59
Rare+,39,cannon,1.184
Rare+,39,armor,1.184
Rare+,39,generator,1.063
Rare+,39,core,1.61
Rare+,40,cannon,1.19
Rare+,40,armor,1.19
Rare+,40,generator,1.065
Rare+,40,core,1.63
Rare+,41,cannon,1.198
Rare+,41,armor,1.198
Rare+,41,generator,1.068
Rare+,41,core,1.655
Rare+,42,cannon,1.206
Rare+,42,armor,1.206
Rare+,42,generator,1.071
Rare+,42,core,1.68
Rare+,43,cannon,1.214
Rare+,43,armor,1.214
Rare+,43,generator,1.074
Rare+,43,core,1.705
Rare+,44,cannon,1.222
Rare+,44,armor,1.222
Rare+,44,generator,1.077
Rare+,44,core,1.73
Rare+,45,cannon,1.23
Rare+,45,armor,1.23
Rare+,45,generator,1.08
Rare+,45,core,1.755
Rare+,46,cannon,1.238
Rare+,46,armor,1.238
Rare+,46,generator,1.083
Rare+,46,core,1.78
Rare+,47,cannon,1.246
Rare+,47,armor,1.246
Rare+,47,generator,1.086
Rare+,47,core,1.805
Rare+,48,cannon,1.254
Rare+,48,armor,1.254
Rare+,48,generator,1.089
Rare+,48,core,1.83
Rare+,49,cannon,1.262
Rare+,49,armor,1.262
Rare+,49,generator,1.092
Rare+,49,core,1.855
Rare+,50,cannon,1.27
Rare+,50,armor,1.27
Rare+,50,generator,1.095
Rare+,50,core,1.88
Rare+,51,cannon,1.278
Rare+,51,armor,1.278
Rare+,51,generator,1.098
Rare+,51,core,1.905
Rare+,52,cannon,1.286
Rare+,52,armor,1.286
Rare+,52,generator,1.101
Rare+,52,core,1.93
Rare+,53,cannon,1.294
Rare+,53,armor,1.294
Rare+,53,generator,1.104
Rare+,53,core,1.955
Rare+,54,cannon,1.302
Rare+,54,armor,1.302
Rare+,54,generator,1.107
Rare+,54,core,1.98
Rare+,55,cannon,1.31
Rare+,55,armor,1.31
Rare+,55,generator,1.11
Rare+,55,core,2.005
Rare+,56,cannon,1.318
Rare+,56,armor,1.318
Rare+,56,generator,1.113
Rare+,56,core,2.03
Rare+,57,cannon,1.326
Rare+,57,armor,1.326
Rare+,57,generator,1.116
Rare+,57,core,2.055
Rare+,58,cannon,1.334
Rare+,58,armor,1.334
Rare+,58,generator,1.119
Rare+,58,core,2.08
Rare+,59,cannon,1.342
Rare+,59,armor,1.342
Rare+,59,generator,1.122
Rare+,59,core,2.105
Rare+,60,cannon,1.35
Rare+,60,armor,1.35
Rare+,60,generator,1.125
Rare+,60,core,2.13
Rare+,61,cannon,1.362
Rare+,61,armor,1.362
Rare+,61,generator,1.128
Rare+,61,core,2.16
Rare+,62,cannon,1.374
Rare+,62,armor,1.374
Rare+,62,generator,1.131
Rare+,62,core,2.19
Rare+,63,cannon,1.386
Rare+,63,armor,1.386
Rare+,63,generator,1.134
Rare+,63,core,2.22
Rare+,64,cannon,1.398
Rare+,64,armor,1.398
Rare+,64,generator,1.137
Rare+,64,core,2.25
Rare+,65,cannon,1.41
Rare+,65,armor,1.41
Rare+,65,generator,1.14
Rare+,65,core,2.28
Rare+,66,cannon,1.422
Rare+,66,armor,1.422
Rare+,66,generator,1.143
Rare+,66,core,2.31
Rare+,67,cannon,1.434
Rare+,67,armor,1.434
Rare+,67,generator,1.146
Rare+,67,core,2.34
Rare+,68,cannon,1.446
Rare+,68,armor,1.446
Rare+,68,generator,1.149
Rare+,68,core,2.37
Rare+,69,cannon,1.458
Rare+,69,armor,1.458
Rare+,69,generator,1.152
Rare+,69,core,2.4
Rare+,70,cannon,1.47
Rare+,70,armor,1.47
Rare+,70,generator,1.155
Rare+,70,core,2.43
Rare+,71,cannon,1.482
Rare+,71,armor,1.482
Rare+,71,generator,1.158
Rare+,71,core,2.46
Rare+,72,cannon,1.494
Rare+,72,armor,1.494
Rare+,72,generator,1.161
Rare+,72,core,2.49
Rare+,73,cannon,1.506
Rare+,73,armor,1.506
Rare+,73,generator,1.164
Rare+,73,core,2.52
Rare+,74,cannon,1.518
Rare+,74,armor,1.518
Rare+,74,generator,1.167
Rare+,74,core,2.55
Rare+,75,cannon,1.53
Rare+,75,armor,1.53
Rare+,75,generator,1.17
Rare+,75,core,2.58
Rare+,76,cannon,1.542
Rare+,76,armor,1.542
Rare+,76,generator,1.173
Rare+,76,core,2.61
Rare+,77,cannon,1.554
Rare+,77,armor,1.554
Rare+,77,generator,1.176
Rare+,77,core,2.64
Rare+,78,cannon,1.566
Rare+,78,armor,1.566
Rare+,78,generator,1.179
Rare+,78,core,2.67
Rare+,79,cannon,1.578
Rare+,79,armor,1.578
Rare+,79,generator,1.182
Rare+,79,core,2.7
Rare+,80,cannon,1.59
Rare+,80,armor,1.59
Rare+,80,generator,1.185
Rare+,80,core,2.73
Rare+,81,cannon,1.62
Rare+,81,armor,1.62
Rare+,81,generator,1.189
Rare+,81,core,2.78
Rare+,82,cannon,1.65
Rare+,82,armor,1.65
Rare+,82,generator,1.193
Rare+,82,core,2.83
Rare+,83,cannon,1.68
Rare+,83,armor,1.68
Rare+,83,generator,1.197
Rare+,83,core,2.88
Rare+,84,cannon,1.71
Rare+,84,armor,1.71
Rare+,84,generator,1.201
Rare+,84,core,2.93
Rare+,85,cannon,1.74
Rare+,85,armor,1.74
Rare+,85,generator,1.205
Rare+,85,core,2.98
Rare+,86,cannon,1.77
Rare+,86,armor,1.77
Rare+,86,generator,1.209
Rare+,86,core,3.03
Rare+,87,cannon,1.8
Rare+,87,armor,1.8
Rare+,87,generator,1.213
Rare+,87,core,3.08
Rare+,88,cannon,1.83
Rare+,88,armor,1.83
Rare+,88,generator,1.217
Rare+,88,core,3.13
Rare+,89,cannon,1.86
Rare+,89,armor,1.86
Rare+,89,generator,1.221
Rare+,89,core,3.18
Rare+,90,cannon,1.89
Rare+,90,armor,1.89
Rare+,90,generator,1.225
Rare+,90,core,3.23
Rare+,91,cannon,1.92
Rare+,91,armor,1.92
Rare+,91,generator,1.229
Rare+,91,core,3.28
Rare+,92,cannon,1.95
Rare+,92,armor,1.95
Rare+,92,generator,1.233
Rare+,92,core,3.33
Rare+,93,cannon,1.98
Rare+,93,armor,1.98
Rare+,93,generator,1.237
Rare+,93,core,3.38
Rare+,94,cannon,2.01
Rare+,94,armor,2.01
Rare+,94,generator,1.241
Rare+,94,core,3.43
Rare+,95,cannon,2.04
Rare+,95,armor,2.04
Rare+,95,generator,1.245
Rare+,95,core,3.48
Rare+,96,cannon,2.07
Rare+,96,armor,2.07
Rare+,96,generator,1.249
Rare+,96,core,3.53
Rare+,97,cannon,2.1
Rare+,97,armor,2.1
Rare+,97,generator,1.253
Rare+,97,core,3.58
Rare+,98,cannon,2.13
Rare+,98,armor,2.13
Rare+,98,generator,1.257
Rare+,98,core,3.63
Rare+,99,cannon,2.16
Rare+,99,armor,2.16
Rare+,99,generator,1.261
Rare+,99,core,3.68
Rare+,100,cannon,2.19
Rare+,100,armor,2.19
Rare+,100,generator,1.265
Rare+,100,core,3.73
Rare+,101,cannon,2.26
Rare+,101,armor,2.26
Rare+,101,generator,1.27
Rare+,101,core,3.81
Rare+,102,cannon,2.33
Rare+,102,armor,2.33
Rare+,102,generator,1.275
Rare+,102,core,3.89
Rare+,103,cannon,2.4
Rare+,103,armor,2.4
Rare+,103,generator,1.28
Rare+,103,core,3.97
Rare+,104,cannon,2.47
Rare+,104,armor,2.47
Rare+,104,generator,1.285
Rare+,104,core,4.05
Rare+,105,cannon,2.54
Rare+,105,armor,2.54
Rare+,105,generator,1.29
Rare+,105,core,4.13
Rare+,106,cannon,2.61
Rare+,106,armor,2.61
Rare+,106,generator,1.295
Rare+,106,core,4.21
Rare+,107,cannon,2.68
Rare+,107,armor,2.68
Rare+,107,generator,1.3
Rare+,107,core,4.29
Rare+,108,cannon,2.75
Rare+,108,armor,2.75
Rare+,108,generator,1.305
Rare+,108,core,4.37
Rare+,109,cannon,2.82
Rare+,109,armor,2.82
Rare+,109,generator,1.31
Rare+,109,core,4.45
Rare+,110,cannon,2.89
Rare+,110,armor,2.89
Rare+,110,generator,1.315
Rare+,110,core,4.53
Rare+,111,cannon,2.96
Rare+,111,armor,2.96
Rare+,111,generator,1.32
Rare+,111,core,4.61
Rare+,112,cannon,3.03
Rare+,112,armor,3.03
Rare+,112,generator,1.325
Rare+,112,core,4.69
Rare+,113,cannon,3.1
Rare+,113,armor,3.1
Rare+,113,generator,1.33
Rare+,113,core,4.77
Rare+,114,cannon,3.17
Rare+,114,armor,3.17
Rare+,114,generator,1.335
Rare+,114,core,4.85
Rare+,115,cannon,3.24
Rare+,115,armor,3.24
Rare+,115,generator,1.34
Rare+,115,core,4.93
Rare+,116,cannon,3.31
Rare+,116,armor,3.31
Rare+,116,generator,1.345
Rare+,116,core,5.01
Rare+,117,cannon,3.38
Rare+,117,armor,3.38
Rare+,117,generator,1.35
Rare+,117,core,5.09
Rare+,118,cannon,3.45
Rare+,118,armor,3.45
Rare+,118,generator,1.355
Rare+,118,core,5.17
Rare+,119,cannon,3.52
Rare+,119,armor,3.52
Rare+,119,generator,1.36
Rare+,119,core,5.25
Rare+,120,cannon,3.59
Rare+,120,armor,3.59
Rare+,120,generator,1.365
Rare+,120,core,5.33
Rare+,121,cannon,3.69
Rare+,121,armor,3.69
Rare+,121,generator,1.371
Rare+,121,core,5.45
Rare+,122,cannon,3.79
Rare+,122,armor,3.79
Rare+,122,generator,1.377
Rare+,122,core,5.57
Rare+,123,cannon,3.89
Rare+,123,armor,3.89
Rare+,123,generator,1.383
Rare+,123,core,5.69
Rare+,124,cannon,3.99
Rare+,124,armor,3.99
Rare+,124,generator,1.389
Rare+,124,core,5.81
Rare+,125,cannon,4.09
Rare+,125,armor,4.09
Rare+,125,generator,1.395
Rare+,125,core,5.93
Rare+,126,cannon,4.19
Rare+,126,armor,4.19
Rare+,126,generator,1.401
Rare+,126,core,6.05
Rare+,127,cannon,4.29
Rare+,127,armor,4.29
Rare+,127,generator,1.407
Rare+,127,core,6.17
Rare+,128,cannon,4.39
Rare+,128,armor,4.39
Rare+,128,generator,1.413
Rare+,128,core,6.29
Rare+,129,cannon,4.49
Rare+,129,armor,4.49
Rare+,129,generator,1.419
Rare+,129,core,6.41
Rare+,130,cannon,4.59
Rare+,130,armor,4.59
Rare+,130,generator,1.425
Rare+,130,core,6.53
Rare+,131,cannon,4.69
Rare+,131,armor,4.69
Rare+,131,generator,1.431
Rare+,131,core,6.65
Rare+,132,cannon,4.79
Rare+,132,armor,4.79
Rare+,132,generator,1.437
Rare+,132,core,6.77
Rare+,133,cannon,4.89
Rare+,133,armor,4.89
Rare+,133,generator,1.443
Rare+,133,core,6.89
Rare+,134,cannon,4.99
Rare+,134,armor,4.99
Rare+,134,generator,1.449
Rare+,134,core,7.01
Rare+,135,cannon,5.09
Rare+,135,armor,5.09
Rare+,135,generator,1.455
Rare+,135,core,7.13
Rare+,136,cannon,5.19
Rare+,136,armor,5.19
Rare+,136,generator,1.461
Rare+,136,core,7.25
Rare+,137,cannon,5.29
Rare+,137,armor,5.29
Rare+,137,generator,1.467
Rare+,137,core,7.37
Rare+,138,cannon,5.39
Rare+,138,armor,5.39
Rare+,138,generator,1.473
Rare+,138,core,7.49
Rare+,139,cannon,5.49
Rare+,139,armor,5.49
Rare+,139,generator,1.479
Rare+,139,core,7.61
Rare+,140,cannon,5.59
Rare+,140,armor,5.59
Rare+,140,generator,1.485
Rare+,140,core,7.73
Rare+,141,cannon,5.71
Rare+,141,armor,5.71
Rare+,141,generator,1.493
Rare+,141,core,7.88
Rare+,142,cannon,5.83
Rare+,142,armor,5.83
Rare+,142,generator,1.501
Rare+,142,core,8.03
Rare+,143,cannon,5.95
Rare+,143,armor,5.95
Rare+,143,generator,1.509
Rare+,143,core,8.18
Rare+,144,cannon,6.07
Rare+,144,armor,6.07
Rare+,144,generator,1.517
Rare+,144,core,8.33
Rare+,145,cannon,6.19
Rare+,145,armor,6.19
Rare+,145,generator,1.525
Rare+,145,core,8.48
Rare+,146,cannon,6.31
Rare+,146,armor,6.31
Rare+,146,generator,1.533
Rare+,146,core,8.63
Rare+,147,cannon,6.43
Rare+,147,armor,6.43
Rare+,147,generator,1.541
Rare+,147,core,8.78
Rare+,148,cannon,6.55
Rare+,148,armor,6.55
Rare+,148,generator,1.549
Rare+,148,core,8.93
Rare+,149,cannon,6.67
Rare+,149,armor,6.67
Rare+,149,generator,1.557
Rare+,149,core,9.08
Rare+,150,cannon,6.79
Rare+,150,armor,6.79
Rare+,150,generator,1.565
Rare+,150,core,9.23
Rare+,151,cannon,6.91
Rare+,151,armor,6.91
Rare+,151,generator,1.573
Rare+,151,core,9.38
Rare+,152,cannon,7.03
Rare+,152,armor,7.03
Rare+,152,generator,1.581
Rare+,152,core,9.53
Rare+,153,cannon,7.15
Rare+,153,armor,7.15
Rare+,153,generator,1.589
Rare+,153,core,9.68
Rare+,154,cannon,7.27
Rare+,154,armor,7.27
Rare+,154,generator,1.597
Rare+,154,core,9.83
Rare+,155,cannon,7.39
Rare+,155,armor,7.39
Rare+,155,generator,1.605
Rare+,155,core,9.98
Rare+,156,cannon,7.51
Rare+,156,armor,7.51
Rare+,156,generator,1.613
Rare+,156,core,10.13
Rare+,157,cannon,7.63
Rare+,157,armor,7.63
Rare+,157,generator,1.621
Rare+,157,core,10.28
Rare+,158,cannon,7.75
Rare+,158,armor,7.75
Rare+,158,generator,1.629
Rare+,158,core,10.43
Rare+,159,cannon,7.87
Rare+,159,armor,7.87
Rare+,159,generator,1.637
Rare+,159,core,10.58
Rare+,160,cannon,7.99
Rare+,160,armor,7.99
Rare+,160,generator,1.645
Rare+,160,core,10.73
Rare+,161,cannon,8.19
Rare+,161,armor,8.19
Rare+,161,generator,1.655
Rare+,161,core,10.98
Rare+,162,cannon,8.39
Rare+,162,armor,8.39
Rare+,162,generator,1.665
Rare+,162,core,11.23
Rare+,163,cannon,8.59
Rare+,163,armor,8.59
Rare+,163,generator,1.675
Rare+,163,core,11.48
Rare+,164,cannon,8.79
Rare+,164,armor,8.79
Rare+,164,generator,1.685
Rare+,164,core,11.73
Rare+,165,cannon,8.99
Rare+,165,armor,8.99
Rare+,165,generator,1.695
Rare+,165,core,11.98
Rare+,166,cannon,9.19
Rare+,166,armor,9.19
Rare+,166,generator,1.705
Rare+,166,core,12.23
Rare+,167,cannon,9.39
Rare+,167,armor,9.39
Rare+,167,generator,1.715
Rare+,167,core,12.48
Rare+,168,cannon,9.59
Rare+,168,armor,9.59
Rare+,168,generator,1.725
Rare+,168,core,12.73
Rare+,169,cannon,9.79
Rare+,169,armor,9.79
Rare+,169,generator,1.735
Rare+,169,core,12.98
Rare+,170,cannon,9.99
Rare+,170,armor,9.99
Rare+,170,generator,1.745
Rare+,170,core,13.23
Rare+,171,cannon,10.19
Rare+,171,armor,10.19
Rare+,171,generator,1.755
Rare+,171,core,13.48
Rare+,172,cannon,10.39
Rare+,172,armor,10.39
Rare+,172,generator,1.765
Rare+,172,core,13.73
Rare+,173,cannon,10.59
Rare+,173,armor,10.59
Rare+,173,generator,1.775
Rare+,173,core,13.98
Rare+,174,cannon,10.79
Rare+,174,armor,10.79
Rare+,174,generator,1.785
Rare+,174,core,14.23
Rare+,175,cannon,10.99
Rare+,175,armor,10.99
Rare+,175,generator,1.795
Rare+,175,core,14.48
Rare+,176,cannon,11.19
Rare+,176,armor,11.19
Rare+,176,generator,1.805
Rare+,176,core,14.73
Rare+,177,cannon,11.39
Rare+,177,armor,11.39
Rare+,177,generator,1.815
Rare+,177,core,14.98
Rare+,178,cannon,11.59
Rare+,178,armor,11.59
Rare+,178,generator,1.825
Rare+,178,core,15.23
Rare+,179,cannon,11.79
Rare+,179,armor,11.79
Rare+,179,generator,1.835
Rare+,179,core,15.48
Rare+,180,cannon,11.99
Rare+,180,armor,11.99
Rare+,180,generator,1.845
Rare+,180,core,15.73
Rare+,181,cannon,12.19
Rare+,181,armor,12.19
Rare+,181,generator,1.855
Rare+,181,core,15.98
Rare+,182,cannon,12.39
Rare+,182,armor,12.39
Rare+,182,generator,1.865
Rare+,182,core,16.23
Rare+,183,cannon,12.59
Rare+,183,armor,12.59
Rare+,183,generator,1.875
Rare+,183,core,16.48
Rare+,184,cannon,12.79
Rare+,184,armor,12.79
Rare+,184,generator,1.885
Rare+,184,core,16.73
Rare+,185,cannon,12.99
Rare+,185,armor,12.99
Rare+,185,generator,1.895
Rare+,185,core,16.98
Rare+,186,cannon,13.19
Rare+,186,armor,13.19
Rare+,186,generator,1.905
Rare+,186,core,17.23
Rare+,187,cannon,13.39
Rare+,187,armor,13.39
Rare+,187,generator,1.915
Rare+,187,core,17.48
Rare+,188,cannon,13.59
Rare+,188,armor,13.59
Rare+,188,generator,1.925
Rare+,188,core,17.73
Rare+,189,cannon,13.79
Rare+,189,armor,13.79
Rare+,189,generator,1.935
Rare+,189,core,17.98
Rare+,190,cannon,13.99
Rare+,190,armor,13.99
Rare+,190,generator,1.945
Rare+,190,core,18.23
Rare+,191,cannon,14.19
Rare+,191,armor,14.19
Rare+,191,generator,1.955
Rare+,191,core,18.48
Rare+,192,cannon,14.39
Rare+,192,armor,14.39
Rare+,192,generator,1.965
Rare+,192,core,18.73
Rare+,193,cannon,14.59
Rare+,193,armor,14.59
Rare+,193,generator,1.975
Rare+,193,core,18.98
Rare+,194,cannon,14.79
Rare+,194,armor,14.79
Rare+,194,generator,1.985
Rare+,194,core,19.23
Rare+,195,cannon,14.99
Rare+,195,armor,14.99
Rare+,195,generator,1.995
Rare+,195,core,19.48
Rare+,196,cannon,15.19
Rare+,196,armor,15.19
Rare+,196,generator,2.005
Rare+,196,core,19.73
Rare+,197,cannon,15.39
Rare+,197,armor,15.39
Rare+,197,generator,2.015
Rare+,197,core,19.98
Rare+,198,cannon,15.59
Rare+,198,armor,15.59
Rare+,198,generator,2.025
Rare+,198,core,20.23
Rare+,199,cannon,15.79
Rare+,199,armor,15.79
Rare+,199,generator,2.035
Rare+,199,core,20.48
Rare+,200,cannon,15.99
Rare+,200,armor,15.99
Rare+,200,generator,2.045
Rare+,200,core,20.73
Rare+,201,cannon,16.19
Rare+,201,armor,16.19
Rare+,201,generator,2.055
Rare+,201,core,20.98
Rare+,202,cannon,16.39
Rare+,202,armor,16.39
Rare+,202,generator,2.065
Rare+,202,core,21.23
Rare+,203,cannon,16.59
Rare+,203,armor,16.59
Rare+,203,generator,2.075
Rare+,203,core,21.48
Rare+,204,cannon,16.79
Rare+,204,armor,16.79
Rare+,204,generator,2.085
Rare+,204,core,21.73
Rare+,205,cannon,16.99
Rare+,205,armor,16.99
Rare+,205,generator,2.095
Rare+,205,core,21.98
Rare+,206,cannon,17.19
Rare+,206,armor,17.19
Rare+,206,generator,2.105
Rare+,206,core,22.23
Rare+,207,cannon,17.39
Rare+,207,armor,17.39
Rare+,207,generator,2.115
Rare+,207,core,22.48
Rare+,208,cannon,17.59
Rare+,208,armor,17.59
Rare+,208,generator,2.125
Rare+,208,core,22.73
Rare+,209,cannon,17.79
Rare+,209,armor,17.79
Rare+,209,generator,2.135
Rare+,209,core,22.98
Rare+,210,cannon,17.99
Rare+,210,armor,17.99
Rare+,210,generator,2.145
Rare+,210,core,23.23
Rare+,211,cannon,18.19
Rare+,211,armor,18.19
Rare+,211,generator,2.155
Rare+,211,core,23.48
Rare+,212,cannon,18.39
Rare+,212,armor,18.39
Rare+,212,generator,2.165
Rare+,212,core,23.73
Rare+,213,cannon,18.59
Rare+,213,armor,18.59
Rare+,213,generator,2.175
Rare+,213,core,23.98
Rare+,214,cannon,18.79
Rare+,214,armor,18.79
Rare+,214,generator,2.185
Rare+,214,core,24.23
Rare+,215,cannon,18.99
Rare+,215,armor,18.99
Rare+,215,generator,2.195
Rare+,215,core,24.48
Rare+,216,cannon,19.19
Rare+,216,armor,19.19
Rare+,216,generator,2.205
Rare+,216,core,24.73
Rare+,217,cannon,19.39
Rare+,217,armor,19.39
Rare+,217,generator,2.215
Rare+,217,core,24.98
Rare+,218,cannon,19.59
Rare+,218,armor,19.59
Rare+,218,generator,2.225
Rare+,218,core,25.23
Rare+,219,cannon,19.79
Rare+,219,armor,19.79
Rare+,219,generator,2.235
Rare+,219,core,25.48
Rare+,220,cannon,19.99
Rare+,220,armor,19.99
Rare+,220,generator,2.245
Rare+,220,core,25.73
Rare+,221,cannon,20.19
Rare+,221,armor,20.19
Rare+,221,generator,2.255
Rare+,221,core,25.98
Rare+,222,cannon,20.39
Rare+,222,armor,20.39
Rare+,222,generator,2.265
Rare+,222,core,26.23
Rare+,223,cannon,20.59
Rare+,223,armor,20.59
Rare+,223,generator,2.275
Rare+,223,core,26.48
Rare+,224,cannon,20.79
Rare+,224,armor,20.79
Rare+,224,generator,2.285
Rare+,224,core,26.73
Rare+,225,cannon,20.99
Rare+,225,armor,20.99
Rare+,225,generator,2.295
Rare+,225,core,26.98
Rare+,226,cannon,21.19
Rare+,226,armor,21.19
Rare+,226,generator,2.305
Rare+,226,core,27.23
Rare+,227,cannon,21.39
Rare+,227,armor,21.39
Rare+,227,generator,2.315
Rare+,227,core,27.48
Rare+,228,cannon,21.59
Rare+,228,armor,21.59
Rare+,228,generator,2.325
Rare+,228,core,27.73
Rare+,229,cannon,21.79
Rare+,229,armor,21.79
Rare+,229,generator,2.335
Rare+,229,core,27.98
Rare+,230,cannon,21.99
Rare+,230,armor,21.99
Rare+,230,generator,2.345
Rare+,230,core,28.23
Rare+,231,cannon,22.19
Rare+,231,armor,22.19
Rare+,231,generator,2.355
Rare+,231,core,28.48
Rare+,232,cannon,22.39
Rare+,232,armor,22.39
Rare+,232,generator,2.365
Rare+,232,core,28.73
Rare+,233,cannon,22.59
Rare+,233,armor,22.59
Rare+,233,generator,2.375
Rare+,233,core,28.98
Rare+,234,cannon,22.79
Rare+,234,armor,22.79
Rare+,234,generator,2.385
Rare+,234,core,29.23
Rare+,235,cannon,22.99
Rare+,235,armor,22.99
Rare+,235,generator,2.395
Rare+,235,core,29.48
Rare+,236,cannon,23.19
Rare+,236,armor,23.19
Rare+,236,generator,2.405
Rare+,236,core,29.73
Rare+,237,cannon,23.39
Rare+,237,armor,23.39
Rare+,237,generator,2.415
Rare+,237,core,29.98
Rare+,238,cannon,23.59
Rare+,238,armor,23.59
Rare+,238,generator,2.425
Rare+,238,core,30.23
Rare+,239,cannon,23.79
Rare+,239,armor,23.79
Rare+,239,generator,2.435
Rare+,239,core,30.48
Rare+,240,cannon,23.99
Rare+,240,armor,23.99
Rare+,240,generator,2.445
Rare+,240,core,30.73
Rare+,241,cannon,24.19
Rare+,241,armor,24.19
Rare+,241,generator,2.455
Rare+,241,core,30.98
Rare+,242,cannon,24.39
Rare+,242,armor,24.39
Rare+,242,generator,2.465
Rare+,242,core,31.23
Rare+,243,cannon,24.59
Rare+,243,armor,24.59
Rare+,243,generator,2.475
Rare+,243,core,31.48
Rare+,244,cannon,24.79
Rare+,244,armor,24.79
Rare+,244,generator,2.485
Rare+,244,core,31.73
Rare+,245,cannon,24.99
Rare+,245,armor,24.99
Rare+,245,generator,2.495
Rare+,245,core,31.98
Rare+,246,cannon,25.19
Rare+,246,armor,25.19
Rare+,246,generator,2.505
Rare+,246,core,32.23
Rare+,247,cannon,25.39
Rare+,247,armor,25.39
Rare+,247,generator,2.515
Rare+,247,core,32.48
Rare+,248,cannon,25.59
Rare+,248,armor,25.59
Rare+,248,generator,2.525
Rare+,248,core,32.73
Rare+,249,cannon,25.79
Rare+,249,armor,25.79
Rare+,249,generator,2.535
Rare+,249,core,32.98
Rare+,250,cannon,25.99
Rare+,250,armor,25.99
Rare+,250,generator,2.545
Rare+,250,core,33.23
Rare+,251,cannon,26.19
Rare+,251,armor,26.19
Rare+,251,generator,2.555
Rare+,251,core,33.48
Rare+,252,cannon,26.39
Rare+,252,armor,26.39
Rare+,252,generator,2.565
Rare+,252,core,33.73
Rare+,253,cannon,26.59
Rare+,253,armor,26.59
Rare+,253,generator,2.575
Rare+,253,core,33.98
Rare+,254,cannon,26.79
Rare+,254,armor,26.79
Rare+,254,generator,2.585
Rare+,254,core,34.23
Rare+,255,cannon,26.99
Rare+,255,armor,26.99
Rare+,255,generator,2.595
Rare+,255,core,34.48
Rare+,256,cannon,27.19
Rare+,256,armor,27.19
Rare+,256,generator,2.605
Rare+,256,core,34.73
Rare+,257,cannon,27.39
Rare+,257,armor,27.39
Rare+,257,generator,2.615
Rare+,257,core,34.98
Rare+,258,cannon,27.59
Rare+,258,armor,27.59
Rare+,258,generator,2.625
Rare+,258,core,35.23
Rare+,259,cannon,27.79
Rare+,259,armor,27.79
Rare+,259,generator,2.635
Rare+,259,core,35.48
Rare+,260,cannon,27.99
Rare+,260,armor,27.99
Rare+,260,generator,2.645
Rare+,260,core,35.73
Rare+,261,cannon,28.19
Rare+,261,armor,28.19
Rare+,261,generator,2.655
Rare+,261,core,35.98
Rare+,262,cannon,28.39
Rare+,262,armor,28.39
Rare+,262,generator,2.665
Rare+,262,core,36.23
Rare+,263,cannon,28.59
Rare+,263,armor,28.59
Rare+,263,generator,2.675
Rare+,263,core,36.48
Rare+,264,cannon,28.79
Rare+,264,armor,28.79
Rare+,264,generator,2.685
Rare+,264,core,36.73
Rare+,265,cannon,28.99
Rare+,265,armor,28.99
Rare+,265,generator,2.695
Rare+,265,core,36.98
Rare+,266,cannon,29.19
Rare+,266,armor,29.19
Rare+,266,generator,2.705
Rare+,266,core,37.23
Rare+,267,cannon,29.39
Rare+,267,armor,29.39
Rare+,267,generator,2.715
Rare+,267,core,37.48
Rare+,268,cannon,29.59
Rare+,268,armor,29.59
Rare+,268,generator,2.725
Rare+,268,core,37.73
Rare+,269,cannon,29.79
Rare+,269,armor,29.79
Rare+,269,generator,2.735
Rare+,269,core,37.98
Rare+,270,cannon,29.99
Rare+,270,armor,29.99
Rare+,270,generator,2.745
Rare+,270,core,38.23
Rare+,271,cannon,30.19
Rare+,271,armor,30.19
Rare+,271,generator,2.755
Rare+,271,core,38.48
Rare+,272,cannon,30.39
Rare+,272,armor,30.39
Rare+,272,generator,2.765
Rare+,272,core,38.73
Rare+,273,cannon,30.59
Rare+,273,armor,30.59
Rare+,273,generator,2.775
Rare+,273,core,38.98
Rare+,274,cannon,30.79
Rare+,274,armor,30.79
Rare+,274,generator,2.785
Rare+,274,core,39.23
Rare+,275,cannon,30.99
Rare+,275,armor,30.99
Rare+,275,generator,2.795
Rare+,275,core,39.48
Rare+,276,cannon,31.19
Rare+,276,armor,31.19
Rare+,276,generator,2.805
Rare+,276,core,39.73
Rare+,277,cannon,31.39
Rare+,277,armor,31.39
Rare+,277,generator,2.815
Rare+,277,core,39.98
Rare+,278,cannon,31.59
Rare+,278,armor,31.59
Rare+,278,generator,2.825
Rare+,278,core,40.23
Rare+,279,cannon,31.79
Rare+,279,armor,31.79
Rare+,279,generator,2.835
Rare+,279,core,40.48
Rare+,280,cannon,31.99
Rare+,280,armor,31.99
Rare+,280,generator,2.845
Rare+,280,core,40.73
Rare+,281,cannon,32.19
Rare+,281,armor,32.19
Rare+,281,generator,2.855
Rare+,281,core,40.98
Rare+,282,cannon,32.39
Rare+,282,armor,32.39
Rare+,282,generator,2.865
Rare+,282,core,41.23
Rare+,283,cannon,32.59
Rare+,283,armor,32.59
Rare+,283,generator,2.875
Rare+,283,core,41.48
Rare+,284,cannon,32.79
Rare+,284,armor,32.79
Rare+,284,generator,2.885
Rare+,284,core,41.73
Rare+,285,cannon,32.99
Rare+,285,armor,32.99
Rare+,285,generator,2.895
Rare+,285,core,41.98
Rare+,286,cannon,33.19
Rare+,286,armor,33.19
Rare+,286,generator,2.905
Rare+,286,core,42.23
Rare+,287,cannon,33.39
Rare+,287,armor,33.39
Rare+,287,generator,2.915
Rare+,287,core,42.48
Rare+,288,cannon,33.59
Rare+,288,armor,33.59
Rare+,288,generator,2.925
Rare+,288,core,42.73
Rare+,289,cannon,33.79
Rare+,289,armor,33.79
Rare+,289,generator,2.935
Rare+,289,core,42.98
Rare+,290,cannon,33.99
Rare+,290,armor,33.99
Rare+,290,generator,2.945
Rare+,290,core,43.23
Rare+,291,cannon,34.19
Rare+,291,armor,34.19
Rare+,291,generator,2.955
Rare+,291,core,43.48
Rare+,292,cannon,34.39
Rare+,292,armor,34.39
Rare+,292,generator,2.965
Rare+,292,core,43.73
Rare+,293,cannon,34.59
Rare+,293,armor,34.59
Rare+,293,generator,2.975
Rare+,293,core,43.98
Rare+,294,cannon,34.79
Rare+,294,armor,34.79
Rare+,294,generator,2.985
Rare+,294,core,44.23
Rare+,295,cannon,34.99
Rare+,295,armor,34.99
Rare+,295,generator,2.995
Rare+,295,core,44.48
Rare+,296,cannon,35.19
Rare+,296,armor,35.19
Rare+,296,generator,3.005
Rare+,296,core,44.73
Rare+,297,cannon,35.39
Rare+,297,armor,35.39
Rare+,297,generator,3.015
Rare+,297,core,44.98
Rare+,298,cannon,35.59
Rare+,298,armor,35.59
Rare+,298,generator,3.025
Rare+,298,core,45.23
Rare+,299,cannon,35.79
Rare+,299,armor,35.79
Rare+,299,generator,3.035
Rare+,299,core,45.48
Rare+,300,cannon,35.99
Rare+,300,armor,35.99
Rare+,300,generator,3.045
Rare+,300,core,45.73
Epic,1,cannon,1.072
Epic,1,armor,1.072
Epic,1,generator,1.019
Epic,1,core,1.13
Epic,2,cannon,1.074
Epic,2,armor,1.074
Epic,2,generator,1.02
Epic,2,core,1.14
Epic,3,cannon,1.076
Epic,3,armor,1.076
Epic,3,generator,1.021
Epic,3,core,1.15
Epic,4,cannon,1.078
Epic,4,armor,1.078
Epic,4,generator,1.022
Epic,4,core,1.16
Epic,5,cannon,1.08
Epic,5,armor,1.08
Epic,5,generator,1.023
Epic,5,core,1.17
Epic,6,cannon,1.082
Epic,6,armor,1.082
Epic,6,generator,1.024
Epic,6,core,1.18
Epic,7,cannon,1.084
Epic,7,armor,1.084
Epic,7,generator,1.025
Epic,7,core,1.19
Epic,8,cannon,1.086
Epic,8,armor,1.086
Epic,8,generator,1.026
Epic,8,core,1.2
Epic,9,cannon,1.088
Epic,9,armor,1.088
Epic,9,generator,1.027
Epic,9,core,1.21
Epic,10,cannon,1.09
Epic,10,armor,1.09
Epic,10,generator,1.028
Epic,10,core,1.22
Epic,11,cannon,1.092
Epic,11,armor,1.092
Epic,11,generator,1.029
Epic,11,core,1.23
Epic,12,cannon,1.094
Epic,12,armor,1.094
Epic,12,generator,1.03
Epic,12,core,1.24
Epic,13,cannon,1.096
Epic,13,armor,1.096
Epic,13,generator,1.031
Epic,13,core,1.25
Epic,14,cannon,1.098
Epic,14,armor,1.098
Epic,14,generator,1.032
Epic,14,core,1.26
Epic,15,cannon,1.1
Epic,15,armor,1.1
Epic,15,generator,1.033
Epic,15,core,1.27
Epic,16,cannon,1.102
Epic,16,armor,1.102
Epic,16,generator,1.034
Epic,16,core,1.28
Epic,17,cannon,1.104
Epic,17,armor,1.104
Epic,17,generator,1.035
Epic,17,core,1.29
Epic,18,cannon,1.106
Epic,18,armor,1.106
Epic,18,generator,1.036
Epic,18,core,1.3
Epic,19,cannon,1.108
Epic,19,armor,1.108
Epic,19,generator,1.037
Epic,19,core,1.31
Epic,20,cannon,1.11
Epic,20,armor,1.11
Epic,20,generator,1.038
Epic,20,core,1.32
Epic,21,cannon,1.114
Epic,21,armor,1.114
Epic,21,generator,1.039
Epic,21,core,1.335
Epic,22,cannon,1.118
Epic,22,armor,1.118
Epic,22,generator,1.04
Epic,22,core,1.35
Epic,23,cannon,1.122
Epic,23,armor,1.122
Epic,23,generator,1.041
Epic,23,core,1.365
Epic,24,cannon,1.126
Epic,24,armor,1.126
Epic,24,generator,1.042
Epic,24,core,1.38
Epic,25,cannon,1.13
Epic,25,armor,1.13
Epic,25,generator,1.043
Epic,25,core,1.395
Epic,26,cannon,1.134
Epic,26,armor,1.134
Epic,26,generator,1.044
Epic,26,core,1.41
Epic,27,cannon,1.138
Epic,27,armor,1.138
Epic,27,generator,1.045
Epic,27,core,1.425
Epic,28,cannon,1.142
Epic,28,armor,1.142
Epic,28,generator,1.046
Epic,28,core,1.44
Epic,29,cannon,1.146
Epic,29,armor,1.146
Epic,29,generator,1.047
Epic,29,core,1.455
Epic,30,cannon,1.15
Epic,30,armor,1.15
Epic,30,generator,1.048
Epic,30,core,1.47
Epic,31,cannon,1.156
Epic,31,armor,1.156
Epic,31,generator,1.05
Epic,31,core,1.49
Epic,32,cannon,1.162
Epic,32,armor,1.162
Epic,32,generator,1.052
Epic,32,core,1.51
Epic,33,cannon,1.168
Epic,33,armor,1.168
Epic,33,generator,1.054
Epic,33,core,1.53
Epic,34,cannon,1.174
Epic,34,armor,1.174
Epic,34,generator,1.056
Epic,34,core,1.55
Epic,35,cannon,1.18
Epic,35,armor,1.18
Epic,35,generator,1.058
Epic,35,core,1.57
Epic,36,cannon,1.186
Epic,36,armor,1.186
Epic,36,generator,1.06
Epic,36,core,1.59
Epic,37,cannon,1.192
Epic,37,armor,1.192
Epic,37,generator,1.062
Epic,37,core,1.61
Epic,38,cannon,1.198
Epic,38,armor,1.198
Epic,38,generator,1.064
Epic,38,core,1.63
Epic,39,cannon,1.204
Epic,39,armor,1.204
Epic,39,generator,1.066
Epic,39,core,1.65
Epic,40,cannon,1.21
Epic,40,armor,1.21
Epic,40,generator,1.068
Epic,40,core,1.67
Epic,41,cannon,1.218
Epic,41,armor,1.218
Epic,41,generator,1.071
Epic,41,core,1.695
Epic,42,cannon,1.226
Epic,42,armor,1.226
Epic,42,generator,1.074
Epic,42,core,1.72
Epic,43,cannon,1.234
Epic,43,armor,1.234
Epic,43,generator,1.077
Epic,43,core,1.745
Epic,44,cannon,1.242
Epic,44,armor,1.242
Epic,44,generator,1.08
Epic,44,core,1.77
Epic,45,cannon,1.25
Epic,45,armor,1.25
Epic,45,generator,1.083
Epic,45,core,1.795
Epic,46,cannon,1.258
Epic,46,armor,1.258
Epic,46,generator,1.086
Epic,46,core,1.82
Epic,47,cannon,1.266
Epic,47,armor,1.266
Epic,47,generator,1.089
Epic,47,core,1.845
Epic,48,cannon,1.274
Epic,48,armor,1.274
Epic,48,generator,1.092
Epic,48,core,1.87
Epic,49,cannon,1.282
Epic,49,armor,1.282
Epic,49,generator,1.095
Epic,49,core,1.895
Epic,50,cannon,1.29
Epic,50,armor,1.29
Epic,50,generator,1.098
Epic,50,core,1.92
Epic,51,cannon,1.298
Epic,51,armor,1.298
Epic,51,generator,1.101
Epic,51,core,1.945
Epic,52,cannon,1.306
Epic,52,armor,1.306
Epic,52,generator,1.104
Epic,52,core,1.97
Epic,53,cannon,1.314
Epic,53,armor,1.314
Epic,53,generator,1.107
Epic,53,core,1.995
Epic,54,cannon,1.322
Epic,54,armor,1.322
Epic,54,generator,1.11
Epic,54,core,2.02
Epic,55,cannon,1.33
Epic,55,armor,1.33
Epic,55,generator,1.113
Epic,55,core,2.045
Epic,56,cannon,1.338
Epic,56,armor,1.338
Epic,56,generator,1.116
Epic,56,core,2.07
Epic,57,cannon,1.346
Epic,57,armor,1.346
Epic,57,generator,1.119
Epic,57,core,2.095
Epic,58,cannon,1.354
Epic,58,armor,1.354
Epic,58,generator,1.122
Epic,58,core,2.12
Epic,59,cannon,1.362
Epic,59,armor,1.362
Epic,59,generator,1.125
Epic,59,core,2.145
Epic,60,cannon,1.37
Epic,60,armor,1.37
Epic,60,generator,1.128
Epic,60,core,2.17
Epic,61,cannon,1.382
Epic,61,armor,1.382
Epic,61,generator,1.131
Epic,61,core,2.2
Epic,62,cannon,1.394
Epic,62,armor,1.394
Epic,62,generator,1.134
Epic,62,core,2.23
Epic,63,cannon,1.406
Epic,63,armor,1.406
Epic,63,generator,1.137
Epic,63,core,2.26
Epic,64,cannon,1.418
Epic,64,armor,1.418
Epic,64,generator,1.14
Epic,64,core,2.29
Epic,65,cannon,1.43
Epic,65,armor,1.43
Epic,65,generator,1.143
Epic,65,core,2.32
Epic,66,cannon,1.442
Epic,66,armor,1.442
Epic,66,generator,1.146
Epic,66,core,2.35
Epic,67,cannon,1.454
Epic,67,armor,1.454
Epic,67,generator,1.149
Epic,67,core,2.38
Epic,68,cannon,1.466
Epic,68,armor,1.466
Epic,68,generator,1.152
Epic,68,core,2.41
Epic,69,cannon,1.478
Epic,69,armor,1.478
Epic,69,generator,1.155
Epic,69,core,2.44
Epic,70,cannon,1.49
Epic,70,armor,1.49
Epic,70,generator,1.158
Epic,70,core,2.47
Epic,71,cannon,1.502
Epic,71,armor,1.502
Epic,71,generator,1.161
Epic,71,core,2.5
Epic,72,cannon,1.514
Epic,72,armor,1.514
Epic,72,generator,1.164
Epic,72,core,2.53
Epic,73,cannon,1.526
Epic,73,armor,1.526
Epic,73,generator,1.167
Epic,73,core,2.56
Epic,74,cannon,1.538
Epic,74,armor,1.538
Epic,74,generator,1.17
Epic,74,core,2.59
Epic,75,cannon,1.55
Epic,75,armor,1.55
Epic,75,generator,1.173
Epic,75,core,2.62
Epic,76,cannon,1.562
Epic,76,armor,1.562
Epic,76,generator,1.176
Epic,76,core,2.65
Epic,77,cannon,1.574
Epic,77,armor,1.574
Epic,77,generator,1.179
Epic,77,core,2.68
Epic,78,cannon,1.586
Epic,78,armor,1.586
Epic,78,generator,1.182
Epic,78,core,2.71
Epic,79,cannon,1.598
Epic,79,armor,1.598
Epic,79,generator,1.185
Epic,79,core,2.74
Epic,80,cannon,1.61
Epic,80,armor,1.61
Epic,80,generator,1.188
Epic,80,core,2.77
Epic,81,cannon,1.64
Epic,81,armor,1.64
Epic,81,generator,1.192
Epic,81,core,2.82
Epic,82,cannon,1.67
Epic,82,armor,1.67
Epic,82,generator,1.196
Epic,82,core,2.87
Epic,83,cannon,1.7
Epic,83,armor,1.7
Epic,83,generator,1.2
Epic,83,core,2.92
Epic,84,cannon,1.73
Epic,84,armor,1.73
Epic,84,generator,1.204
Epic,84,core,2.97
Epic,85,cannon,1.76
Epic,85,armor,1.76
Epic,85,generator,1.208
Epic,85,core,3.02
Epic,86,cannon,1.79
Epic,86,armor,1.79
Epic,86,generator,1.212
Epic,86,core,3.07
Epic,87,cannon,1.82
Epic,87,armor,1.82
Epic,87,generator,1.216
Epic,87,core,3.12
Epic,88,cannon,1.85
Epic,88,armor,1.85
Epic,88,generator,1.22
Epic,88,core,3.17
Epic,89,cannon,1.88
Epic,89,armor,1.88
Epic,89,generator,1.224
Epic,89,core,3.22
Epic,90,cannon,1.91
Epic,90,armor,1.91
Epic,90,generator,1.228
Epic,90,core,3.27
Epic,91,cannon,1.94
Epic,91,armor,1.94
Epic,91,generator,1.232
Epic,91,core,3.32
Epic,92,cannon,1.97
Epic,92,armor,1.97
Epic,92,generator,1.236
Epic,92,core,3.37
Epic,93,cannon,2.0
Epic,93,armor,2.0
Epic,93,generator,1.24
Epic,93,core,3.42
Epic,94,cannon,2.03
Epic,94,armor,2.03
Epic,94,generator,1.244
Epic,94,core,3.47
Epic,95,cannon,2.06
Epic,95,armor,2.06
Epic,95,generator,1.248
Epic,95,core,3.52
Epic,96,cannon,2.09
Epic,96,armor,2.09
Epic,96,generator,1.252
Epic,96,core,3.57
Epic,97,cannon,2.12
Epic,97,armor,2.12
Epic,97,generator,1.256
Epic,97,core,3.62
Epic,98,cannon,2.15
Epic,98,armor,2.15
Epic,98,generator,1.26
Epic,98,core,3.67
Epic,99,cannon,2.18
Epic,99,armor,2.18
Epic,99,generator,1.264
Epic,99,core,3.72
Epic,100,cannon,2.21
Epic,100,armor,2.21
Epic,100,generator,1.268
Epic,100,core,3.77
Epic,101,cannon,2.28
Epic,101,armor,2.28
Epic,101,generator,1.273
Epic,101,core,3.85
Epic,102,cannon,2.35
Epic,102,armor,2.35
Epic,102,generator,1.278
Epic,102,core,3.93
Epic,103,cannon,2.42
Epic,103,armor,2.42
Epic,103,generator,1.283
Epic,103,core,4.01
Epic,104,cannon,2.49
Epic,104,armor,2.49
Epic,104,generator,1.288
Epic,104,core,4.09
Epic,105,cannon,2.56
Epic,105,armor,2.56
Epic,105,generator,1.293
Epic,105,core,4.17
Epic,106,cannon,2.63
Epic,106,armor,2.63
Epic,106,generator,1.298
Epic,106,core,4.25
Epic,107,cannon,2.7
Epic,107,armor,2.7
Epic,107,generator,1.303
Epic,107,core,4.33
Epic,108,cannon,2.77
Epic,108,armor,2.77
Epic,108,generator,1.308
Epic,108,core,4.41
Epic,109,cannon,2.84
Epic,109,armor,2.84
Epic,109,generator,1.313
Epic,109,core,4.49
Epic,110,cannon,2.91
Epic,110,armor,2.91
Epic,110,generator,1.318
Epic,110,core,4.57
Epic,111,cannon,2.98
Epic,111,armor,2.98
Epic,111,generator,1.323
Epic,111,core,4.65
Epic,112,cannon,3.05
Epic,112,armor,3.05
Epic,112,generator,1.328
Epic,112,core,4.73
Epic,113,cannon,3.12
Epic,113,armor,3.12
Epic,113,generator,1.333
Epic,113,core,4.81
Epic,114,cannon,3.19
Epic,114,armor,3.19
Epic,114,generator,1.338
Epic,114,core,4.89
Epic,115,cannon,3.26
Epic,115,armor,3.26
Epic,115,generator,1.343
Epic,115,core,4.97
Epic,116,cannon,3.33
Epic,116,armor,3.33
Epic,116,generator,1.348
Epic,116,core,5.05
Epic,117,cannon,3.4
Epic,117,armor,3.4
Epic,117,generator,1.353
Epic,117,core,5.13
Epic,118,cannon,3.47
Epic,118,armor,3.47
Epic,118,generator,1.358
Epic,118,core,5.21
Epic,119,cannon,3.54
Epic,119,armor,3.54
Epic,119,generator,1.363
Epic,119,core,5.29
Epic,120,cannon,3.61
Epic,120,armor,3.61
Epic,120,generator,1.368
Epic,120,core,5.37
Epic,121,cannon,3.71
Epic,121,armor,3.71
Epic,121,generator,1.374
Epic,121,core,5.49
Epic,122,cannon,3.81
Epic,122,armor,3.81
Epic,122,generator,1.38
Epic,122,core,5.61
Epic,123,cannon,3.91
Epic,123,armor,3.91
Epic,123,generator,1.386
Epic,123,core,5.73
Epic,124,cannon,4.01
Epic,124,armor,4.01
Epic,124,generator,1.392
Epic,124,core,5.85
Epic,125,cannon,4.11
Epic,125,armor,4.11
Epic,125,generator,1.398
Epic,125,core,5.97
Epic,126,cannon,4.21
Epic,126,armor,4.21
Epic,126,generator,1.404
Epic,126,core,6.09
Epic,127,cannon,4.31
Epic,127,armor,4.31
Epic,127,generator,1.41
Epic,127,core,6.21
Epic,128,cannon,4.41
Epic,128,armor,4.41
Epic,128,generator,1.416
Epic,128,core,6.33
Epic,129,cannon,4.51
Epic,129,armor,4.51
Epic,129,generator,1.422
Epic,129,core,6.45
Epic,130,cannon,4.61
Epic,130,armor,4.61
Epic,130,generator,1.428
Epic,130,core,6.57
Epic,131,cannon,4.71
Epic,131,armor,4.71
Epic,131,generator,1.434
Epic,131,core,6.69
Epic,132,cannon,4.81
Epic,132,armor,4.81
Epic,132,generator,1.44
Epic,132,core,6.81
Epic,133,cannon,4.91
Epic,133,armor,4.91
Epic,133,generator,1.446
Epic,133,core,6.93
Epic,134,cannon,5.01
Epic,134,armor,5.01
Epic,134,generator,1.452
Epic,134,core,7.05
Epic,135,cannon,5.11
Epic,135,armor,5.11
Epic,135,generator,1.458
Epic,135,core,7.17
Epic,136,cannon,5.21
Epic,136,armor,5.21
Epic,136,generator,1.464
Epic,136,core,7.29
Epic,137,cannon,5.31
Epic,137,armor,5.31
Epic,137,generator,1.47
Epic,137,core,7.41
Epic,138,cannon,5.41
Epic,138,armor,5.41
Epic,138,generator,1.476
Epic,138,core,7.53
Epic,139,cannon,5.51
Epic,139,armor,5.51
Epic,139,generator,1.482
Epic,139,core,7.65
Epic,140,cannon,5.61
Epic,140,armor,5.61
Epic,140,generator,1.488
Epic,140,core,7.77
Epic,141,cannon,5.73
Epic,141,armor,5.73
Epic,141,generator,1.496
Epic,141,core,7.92
Epic,142,cannon,5.85
Epic,142,armor,5.85
Epic,142,generator,1.504
Epic,142,core,8.07
Epic,143,cannon,5.97
Epic,143,armor,5.97
Epic,143,generator,1.512
Epic,143,core,8.22
Epic,144,cannon,6.09
Epic,144,armor,6.09
Epic,144,generator,1.52
Epic,144,core,8.37
Epic,145,cannon,6.21
Epic,145,armor,6.21
Epic,145,generator,1.528
Epic,145,core,8.52
Epic,146,cannon,6.33
Epic,146,armor,6.33
Epic,146,generator,1.536
Epic,146,core,8.67
Epic,147,cannon,6.45
Epic,147,armor,6.45
Epic,147,generator,1.544
Epic,147,core,8.82
Epic,148,cannon,6.57
Epic,148,armor,6.57
Epic,148,generator,1.552
Epic,148,core,8.97
Epic,149,cannon,6.69
Epic,149,armor,6.69
Epic,149,generator,1.56
Epic,149,core,9.12
Epic,150,cannon,6.81
Epic,150,armor,6.81
Epic,150,generator,1.568
Epic,150,core,9.27
Epic,151,cannon,6.93
Epic,151,armor,6.93
Epic,151,generator,1.576
Epic,151,core,9.42
Epic,152,cannon,7.05
Epic,152,armor,7.05
Epic,152,generator,1.584
Epic,152,core,9.57
Epic,153,cannon,7.17
Epic,153,armor,7.17
Epic,153,generator,1.592
Epic,153,core,9.72
Epic,154,cannon,7.29
Epic,154,armor,7.29
Epic,154,generator,1.6
Epic,154,core,9.87
Epic,155,cannon,7.41
Epic,155,armor,7.41
Epic,155,generator,1.608
Epic,155,core,10.02
Epic,156,cannon,7.53
Epic,156,armor,7.53
Epic,156,generator,1.616
Epic,156,core,10.17
Epic,157,cannon,7.65
Epic,157,armor,7.65
Epic,157,generator,1.624
Epic,157,core,10.32
Epic,158,cannon,7.77
Epic,158,armor,7.77
Epic,158,generator,1.632
Epic,158,core,10.47
Epic,159,cannon,7.89
Epic,159,armor,7.89
Epic,159,generator,1.64
Epic,159,core,10.62
Epic,160,cannon,8.01
Epic,160,armor,8.01
Epic,160,generator,1.648
Epic,160,core,10.77
Epic,161,cannon,8.21
Epic,161,armor,8.21
Epic,161,generator,1.658
Epic,161,core,11.02
Epic,162,cannon,8.41
Epic,162,armor,8.41
Epic,162,generator,1.668
Epic,162,core,11.27
Epic,163,cannon,8.61
Epic,163,armor,8.61
Epic,163,generator,1.678
Epic,163,core,11.52
Epic,164,cannon,8.81
Epic,164,armor,8.81
Epic,164,generator,1.688
Epic,164,core,11.77
Epic,165,cannon,9.01
Epic,165,armor,9.01
Epic,165,generator,1.698
Epic,165,core,12.02
Epic,166,cannon,9.21
Epic,166,armor,9.21
Epic,166,generator,1.708
Epic,166,core,12.27
Epic,167,cannon,9.41
Epic,167,armor,9.41
Epic,167,generator,1.718
Epic,167,core,12.52
Epic,168,cannon,9.61
Epic,168,armor,9.61
Epic,168,generator,1.728
Epic,168,core,12.77
Epic,169,cannon,9.81
Epic,169,armor,9.81
Epic,169,generator,1.738
Epic,169,core,13.02
Epic,170,cannon,10.01
Epic,170,armor,10.01
Epic,170,generator,1.748
Epic,170,core,13.27
Epic,171,cannon,10.21
Epic,171,armor,10.21
Epic,171,generator,1.758
Epic,171,core,13.52
Epic,172,cannon,10.41
Epic,172,armor,10.41
Epic,172,generator,1.768
Epic,172,core,13.77
Epic,173,cannon,10.61
Epic,173,armor,10.61
Epic,173,generator,1.778
Epic,173,core,14.02
Epic,174,cannon,10.81
Epic,174,armor,10.81
Epic,174,generator,1.788
Epic,174,core,14.27
Epic,175,cannon,11.01
Epic,175,armor,11.01
Epic,175,generator,1.798
Epic,175,core,14.52
Epic,176,cannon,11.21
Epic,176,armor,11.21
Epic,176,generator,1.808
Epic,176,core,14.77
Epic,177,cannon,11.41
Epic,177,armor,11.41
Epic,177,generator,1.818
Epic,177,core,15.02
Epic,178,cannon,11.61
Epic,178,armor,11.61
Epic,178,generator,1.828
Epic,178,core,15.27
Epic,179,cannon,11.81
Epic,179,armor,11.81
Epic,179,generator,1.838
Epic,179,core,15.52
Epic,180,cannon,12.01
Epic,180,armor,12.01
Epic,180,generator,1.848
Epic,180,core,15.77
Epic,181,cannon,12.21
Epic,181,armor,12.21
Epic,181,generator,1.858
Epic,181,core,16.02
Epic,182,cannon,12.41
Epic,182,armor,12.41
Epic,182,generator,1.868
Epic,182,core,16.27
Epic,183,cannon,12.61
Epic,183,armor,12.61
Epic,183,generator,1.878
Epic,183,core,16.52
Epic,184,cannon,12.81
Epic,184,armor,12.81
Epic,184,generator,1.888
Epic,184,core,16.77
Epic,185,cannon,13.01
Epic,185,armor,13.01
Epic,185,generator,1.898
Epic,185,core,17.02
Epic,186,cannon,13.21
Epic,186,armor,13.21
Epic,186,generator,1.908
Epic,186,core,17.27
Epic,187,cannon,13.41
Epic,187,armor,13.41
Epic,187,generator,1.918
Epic,187,core,17.52
Epic,188,cannon,13.61
Epic,188,armor,13.61
Epic,188,generator,1.928
Epic,188,core,17.77
Epic,189,cannon,13.81
Epic,189,armor,13.81
Epic,189,generator,1.938
Epic,189,core,18.02
Epic,190,cannon,14.01
Epic,190,armor,14.01
Epic,190,generator,1.948
Epic,190,core,18.27
Epic,191,cannon,14.21
Epic,191,armor,14.21
Epic,191,generator,1.958
Epic,191,core,18.52
Epic,192,cannon,14.41
Epic,192,armor,14.41
Epic,192,generator,1.968
Epic,192,core,18.77
Epic,193,cannon,14.61
Epic,193,armor,14.61
Epic,193,generator,1.978
Epic,193,core,19.02
Epic,194,cannon,14.81
Epic,194,armor,14.81
Epic,194,generator,1.988
Epic,194,core,19.27
Epic,195,cannon,15.01
Epic,195,armor,15.01
Epic,195,generator,1.998
Epic,195,core,19.52
Epic,196,cannon,15.21
Epic,196,armor,15.21
Epic,196,generator,2.008
Epic,196,core,19.77
Epic,197,cannon,15.41
Epic,197,armor,15.41
Epic,197,generator,2.018
Epic,197,core,20.02
Epic,198,cannon,15.61
Epic,198,armor,15.61
Epic,198,generator,2.028
Epic,198,core,20.27
Epic,199,cannon,15.81
Epic,199,armor,15.81
Epic,199,generator,2.038
Epic,199,core,20.52
Epic,200,cannon,16.01
Epic,200,armor,16.01
Epic,200,generator,2.048
Epic,200,core,20.77
Epic,201,cannon,16.21
Epic,201,armor,16.21
Epic,201,generator,2.058
Epic,201,core,21.02
Epic,202,cannon,16.41
Epic,202,armor,16.41
Epic,202,generator,2.068
Epic,202,core,21.27
Epic,203,cannon,16.61
Epic,203,armor,16.61
Epic,203,generator,2.078
Epic,203,core,21.52
Epic,204,cannon,16.81
Epic,204,armor,16.81
Epic,204,generator,2.088
Epic,204,core,21.77
Epic,205,cannon,17.01
Epic,205,armor,17.01
Epic,205,generator,2.098
Epic,205,core,22.02
Epic,206,cannon,17.21
Epic,206,armor,17.21
Epic,206,generator,2.108
Epic,206,core,22.27
Epic,207,cannon,17.41
Epic,207,armor,17.41
Epic,207,generator,2.118
Epic,207,core,22.52
Epic,208,cannon,17.61
Epic,208,armor,17.61
Epic,208,generator,2.128
Epic,208,core,22.77
Epic,209,cannon,17.81
Epic,209,armor,17.81
Epic,209,generator,2.138
Epic,209,core,23.02
Epic,210,cannon,18.01
Epic,210,armor,18.01
Epic,210,generator,2.148
Epic,210,core,23.27
Epic,211,cannon,18.21
Epic,211,armor,18.21
Epic,211,generator,2.158
Epic,211,core,23.52
Epic,212,cannon,18.41
Epic,212,armor,18.41
Epic,212,generator,2.168
Epic,212,core,23.77
Epic,213,cannon,18.61
Epic,213,armor,18.61
Epic,213,generator,2.178
Epic,213,core,24.02
Epic,214,cannon,18.81
Epic,214,armor,18.81
Epic,214,generator,2.188
Epic,214,core,24.27
Epic,215,cannon,19.01
Epic,215,armor,19.01
Epic,215,generator,2.198
Epic,215,core,24.52
Epic,216,cannon,19.21
Epic,216,armor,19.21
Epic,216,generator,2.208
Epic,216,core,24.77
Epic,217,cannon,19.41
Epic,217,armor,19.41
Epic,217,generator,2.218
Epic,217,core,25.02
Epic,218,cannon,19.61
Epic,218,armor,19.61
Epic,218,generator,2.228
Epic,218,core,25.27
Epic,219,cannon,19.81
Epic,219,armor,19.81
Epic,219,generator,2.238
Epic,219,core,25.52
Epic,220,cannon,20.01
Epic,220,armor,20.01
Epic,220,generator,2.248
Epic,220,core,25.77
Epic,221,cannon,20.21
Epic,221,armor,20.21
Epic,221,generator,2.258
Epic,221,core,26.02
Epic,222,cannon,20.41
Epic,222,armor,20.41
Epic,222,generator,2.268
Epic,222,core,26.27
Epic,223,cannon,20.61
Epic,223,armor,20.61
Epic,223,generator,2.278
Epic,223,core,26.52
Epic,224,cannon,20.81
Epic,224,armor,20.81
Epic,224,generator,2.288
Epic,224,core,26.77
Epic,225,cannon,21.01
Epic,225,armor,21.01
Epic,225,generator,2.298
Epic,225,core,27.02
Epic,226,cannon,21.21
Epic,226,armor,21.21
Epic,226,generator,2.308
Epic,226,core,27.27
Epic,227,cannon,21.41
Epic,227,armor,21.41
Epic,227,generator,2.318
Epic,227,core,27.52
Epic,228,cannon,21.61
Epic,228,armor,21.61
Epic,228,generator,2.328
Epic,228,core,27.77
Epic,229,cannon,21.81
Epic,229,armor,21.81
Epic,229,generator,2.338
Epic,229,core,28.02
Epic,230,cannon,22.01
Epic,230,armor,22.01
Epic,230,generator,2.348
Epic,230,core,28.27
Epic,231,cannon,22.21
Epic,231,armor,22.21
Epic,231,generator,2.358
Epic,231,core,28.52
Epic,232,cannon,22.41
Epic,232,armor,22.41
Epic,232,generator,2.368
Epic,232,core,28.77
Epic,233,cannon,22.61
Epic,233,armor,22.61
Epic,233,generator,2.378
Epic,233,core,29.02
Epic,234,cannon,22.81
Epic,234,armor,22.81
Epic,234,generator,2.388
Epic,234,core,29.27
Epic,235,cannon,23.01
Epic,235,armor,23.01
Epic,235,generator,2.398
Epic,235,core,29.52
Epic,236,cannon,23.21
Epic,236,armor,23.21
Epic,236,generator,2.408
Epic,236,core,29.77
Epic,237,cannon,23.41
Epic,237,armor,23.41
Epic,237,generator,2.418
Epic,237,core,30.02
Epic,238,cannon,23.61
Epic,238,armor,23.61
Epic,238,generator,2.428
Epic,238,core,30.27
Epic,239,cannon,23.81
Epic,239,armor,23.81
Epic,239,generator,2.438
Epic,239,core,30.52
Epic,240,cannon,24.01
Epic,240,armor,24.01
Epic,240,generator,2.448
Epic,240,core,30.77
Epic,241,cannon,24.21
Epic,241,armor,24.21
Epic,241,generator,2.458
Epic,241,core,31.02
Epic,242,cannon,24.41
Epic,242,armor,24.41
Epic,242,generator,2.468
Epic,242,core,31.27
Epic,243,cannon,24.61
Epic,243,armor,24.61
Epic,243,generator,2.478
Epic,243,core,31.52
Epic,244,cannon,24.81
Epic,244,armor,24.81
Epic,244,generator,2.488
Epic,244,core,31.77
Epic,245,cannon,25.01
Epic,245,armor,25.01
Epic,245,generator,2.498
Epic,245,core,32.02
Epic,246,cannon,25.21
Epic,246,armor,25.21
Epic,246,generator,2.508
Epic,246,core,32.27
Epic,247,cannon,25.41
Epic,247,armor,25.41
Epic,247,generator,2.518
Epic,247,core,32.52
Epic,248,cannon,25.61
Epic,248,armor,25.61
Epic,248,generator,2.528
Epic,248,core,32.77
Epic,249,cannon,25.81
Epic,249,armor,25.81
Epic,249,generator,2.538
Epic,249,core,33.02
Epic,250,cannon,26.01
Epic,250,armor,26.01
Epic,250,generator,2.548
Epic,250,core,33.27
Epic,251,cannon,26.21
Epic,251,armor,26.21
Epic,251,generator,2.558
Epic,251,core,33.52
Epic,252,cannon,26.41
Epic,252,armor,26.41
Epic,252,generator,2.568
Epic,252,core,33.77
Epic,253,cannon,26.61
Epic,253,armor,26.61
Epic,253,generator,2.578
Epic,253,core,34.02
Epic,254,cannon,26.81
Epic,254,armor,26.81
Epic,254,generator,2.588
Epic,254,core,34.27
Epic,255,cannon,27.01
Epic,255,armor,27.01
Epic,255,generator,2.598
Epic,255,core,34.52
Epic,256,cannon,27.21
Epic,256,armor,27.21
Epic,256,generator,2.608
Epic,256,core,34.77
Epic,257,cannon,27.41
Epic,257,armor,27.41
Epic,257,generator,2.618
Epic,257,core,35.02
Epic,258,cannon,27.61
Epic,258,armor,27.61
Epic,258,generator,2.628
Epic,258,core,35.27
Epic,259,cannon,27.81
Epic,259,armor,27.81
Epic,259,generator,2.638
Epic,259,core,35.52
Epic,260,cannon,28.01
Epic,260,armor,28.01
Epic,260,generator,2.648
Epic,260,core,35.77
Epic,261,cannon,28.21
Epic,261,armor,28.21
Epic,261,generator,2.658
Epic,261,core,36.02
Epic,262,cannon,28.41
Epic,262,armor,28.41
Epic,262,generator,2.668
Epic,262,core,36.27
Epic,263,cannon,28.61
Epic,263,armor,28.61
Epic,263,generator,2.678
Epic,263,core,36.52
Epic,264,cannon,28.81
Epic,264,armor,28.81
Epic,264,generator,2.688
Epic,264,core,36.77
Epic,265,cannon,29.01
Epic,265,armor,29.01
Epic,265,generator,2.698
Epic,265,core,37.02
Epic,266,cannon,29.21
Epic,266,armor,29.21
Epic,266,generator,2.708
Epic,266,core,37.27
Epic,267,cannon,29.41
Epic,267,armor,29.41
Epic,267,generator,2.718
Epic,267,core,37.52
Epic,268,cannon,29.61
Epic,268,armor,29.61
Epic,268,generator,2.728
Epic,268,core,37.77
Epic,269,cannon,29.81
Epic,269,armor,29.81
Epic,269,generator,2.738
Epic,269,core,38.02
Epic,270,cannon,30.01
Epic,270,armor,30.01
Epic,270,generator,2.748
Epic,270,core,38.27
Epic,271,cannon,30.21
Epic,271,armor,30.21
Epic,271,generator,2.758
Epic,271,core,38.52
Epic,272,cannon,30.41
Epic,272,armor,30.41
Epic,272,generator,2.768
Epic,272,core,38.77
Epic,273,cannon,30.61
Epic,273,armor,30.61
Epic,273,generator,2.778
Epic,273,core,39.02
Epic,274,cannon,30.81
Epic,274,armor,30.81
Epic,274,generator,2.788
Epic,274,core,39.27
Epic,275,cannon,31.01
Epic,275,armor,31.01
Epic,275,generator,2.798
Epic,275,core,39.52
Epic,276,cannon,31.21
Epic,276,armor,31.21
Epic,276,generator,2.808
Epic,276,core,39.77
Epic,277,cannon,31.41
Epic,277,armor,31.41
Epic,277,generator,2.818
Epic,277,core,40.02
Epic,278,cannon,31.61
Epic,278,armor,31.61
Epic,278,generator,2.828
Epic,278,core,40.27
Epic,279,cannon,31.81
Epic,279,armor,31.81
Epic,279,generator,2.838
Epic,279,core,40.52
Epic,280,cannon,32.01
Epic,280,armor,32.01
Epic,280,generator,2.848
Epic,280,core,40.77
Epic,281,cannon,32.21
Epic,281,armor,32.21
Epic,281,generator,2.858
Epic,281,core,41.02
Epic,282,cannon,32.41
Epic,282,armor,32.41
Epic,282,generator,2.868
Epic,282,core,41.27
Epic,283,cannon,32.61
Epic,283,armor,32.61
Epic,283,generator,2.878
Epic,283,core,41.52
Epic,284,cannon,32.81
Epic,284,armor,32.81
Epic,284,generator,2.888
Epic,284,core,41.77
Epic,285,cannon,33.01
Epic,285,armor,33.01
Epic,285,generator,2.898
Epic,285,core,42.02
Epic,286,cannon,33.21
Epic,286,armor,33.21
Epic,286,generator,2.908
Epic,286,core,42.27
Epic,287,cannon,33.41
Epic,287,armor,33.41
Epic,287,generator,2.918
Epic,287,core,42.52
Epic,288,cannon,33.61
Epic,288,armor,33.61
Epic,288,generator,2.928
Epic,288,core,42.77
Epic,289,cannon,33.81
Epic,289,armor,33.81
Epic,289,generator,2.938
Epic,289,core,43.02
Epic,290,cannon,34.01
Epic,290,armor,34.01
Epic,290,generator,2.948
Epic,290,core,43.27
Epic,291,cannon,34.21
Epic,291,armor,34.21
Epic,291,generator,2.958
Epic,291,core,43.52
Epic,292,cannon,34.41
Epic,292,armor,34.41
Epic,292,generator,2.968
Epic,292,core,43.77
Epic,293,cannon,34.61
Epic,293,armor,34.61
Epic,293,generator,2.978
Epic,293,core,44.02
Epic,294,cannon,34.81
Epic,294,armor,34.81
Epic,294,generator,2.988
Epic,294,core,44.27
Epic,295,cannon,35.01
Epic,295,armor,35.01
Epic,295,generator,2.998
Epic,295,core,44.52
Epic,296,cannon,35.21
Epic,296,armor,35.21
Epic,296,generator,3.008
Epic,296,core,44.77
Epic,297,cannon,35.41
Epic,297,armor,35.41
Epic,297,generator,3.018
Epic,297,core,45.02
Epic,298,cannon,35.61
Epic,298,armor,35.61
Epic,298,generator,3.028
Epic,298,core,45.27
Epic,299,cannon,35.81
Epic,299,armor,35.81
Epic,299,generator,3.038
Epic,299,core,45.52
Epic,300,cannon,36.01
Epic,300,armor,36.01
Epic,300,generator,3.048
Epic,300,core,45.77
Epic+,1,cannon,1.102
Epic+,1,armor,1.102
Epic+,1,generator,1.023
Epic+,1,core,1.16
Epic+,2,cannon,1.104
Epic+,2,armor,1.104
Epic+,2,generator,1.024
Epic+,2,core,1.17
Epic+,3,cannon,1.106
Epic+,3,armor,1.106
Epic+,3,generator,1.025
Epic+,3,core,1.18
Epic+,4,cannon,1.108
Epic+,4,armor,1.108
Epic+,4,generator,1.026
Epic+,4,core,1.19
Epic+,5,cannon,1.11
Epic+,5,armor,1.11
Epic+,5,generator,1.027
Epic+,5,core,1.2
Epic+,6,cannon,1.112
Epic+,6,armor,1.112
Epic+,6,generator,1.028
Epic+,6,core,1.21
Epic+,7,cannon,1.114
Epic+,7,armor,1.114
Epic+,7,generator,1.029
Epic+,7,core,1.22
Epic+,8,cannon,1.116
Epic+,8,armor,1.116
Epic+,8,generator,1.03
Epic+,8,core,1.23
Epic+,9,cannon,1.118
Epic+,9,armor,1.118
Epic+,9,generator,1.031
Epic+,9,core,1.24
Epic+,10,cannon,1.12
Epic+,10,armor,1.12
Epic+,10,generator,1.032
Epic+,10,core,1.25
Epic+,11,cannon,1.122
Epic+,11,armor,1.122
Epic+,11,generator,1.033
Epic+,11,core,1.26
Epic+,12,cannon,1.124
Epic+,12,armor,1.124
Epic+,12,generator,1.034
Epic+,12,core,1.27
Epic+,13,cannon,1.126
Epic+,13,armor,1.126
Epic+,13,generator,1.035
Epic+,13,core,1.28
Epic+,14,cannon,1.128
Epic+,14,armor,1.128
Epic+,14,generator,1.036
Epic+,14,core,1.29
Epic+,15,cannon,1.13
Epic+,15,armor,1.13
Epic+,15,generator,1.037
Epic+,15,core,1.3
Epic+,16,cannon,1.132
Epic+,16,armor,1.132
Epic+,16,generator,1.038
Epic+,16,core,1.31
Epic+,17,cannon,1.134
Epic+,17,armor,1.134
Epic+,17,generator,1.039
Epic+,17,core,1.32
Epic+,18,cannon,1.136
Epic+,18,armor,1.136
Epic+,18,generator,1.04
Epic+,18,core,1.33
Epic+,19,cannon,1.138
Epic+,19,armor,1.138
Epic+,19,generator,1.041
Epic+,19,core,1.34
Epic+,20,cannon,1.14
Epic+,20,armor,1.14
Epic+,20,generator,1.042
Epic+,20,core,1.35
Epic+,21,cannon,1.144
Epic+,21,armor,1.144
Epic+,21,generator,1.043
Epic+,21,core,1.365
Epic+,22,cannon,1.148
Epic+,22,armor,1.148
Epic+,22,generator,1.044
Epic+,22,core,1.38
Epic+,23,cannon,1.152
Epic+,23,armor,1.152
Epic+,23,generator,1.045
Epic+,23,core,1.395
Epic+,24,cannon,1.156
Epic+,24,armor,1.156
Epic+,24,generator,1.046
Epic+,24,core,1.41
Epic+,25,cannon,1.16
Epic+,25,armor,1.16
Epic+,25,generator,1.047
Epic+,25,core,1.425
Epic+,26,cannon,1.164
Epic+,26,armor,1.164
Epic+,26,generator,1.048
Epic+,26,core,1.44
Epic+,27,cannon,1.168
Epic+,27,armor,1.168
Epic+,27,generator,1.049
Epic+,27,core,1.455
Epic+,28,cannon,1.172
Epic+,28,armor,1.172
Epic+,28,generator,1.05
Epic+,28,core,1.47
Epic+,29,cannon,1.176
Epic+,29,armor,1.176
Epic+,29,generator,1.051
Epic+,29,core,1.485
Epic+,30,cannon,1.18
Epic+,30,armor,1.18
Epic+,30,generator,1.052
Epic+,30,core,1.5
Epic+,31,cannon,1.186
Epic+,31,armor,1.186
Epic+,31,generator,1.054
Epic+,31,core,1.52
Epic+,32,cannon,1.192
Epic+,32,armor,1.192
Epic+,32,generator,1.056
Epic+,32,core,1.54
Epic+,33,cannon,1.198
Epic+,33,armor,1.198
Epic+,33,generator,1.058
Epic+,33,core,1.56
Epic+,34,cannon,1.204
Epic+,34,armor,1.204
Epic+,34,generator,1.06
Epic+,34,core,1.58
Epic+,35,cannon,1.21
Epic+,35,armor,1.21
Epic+,35,generator,1.062
Epic+,35,core,1.6
Epic+,36,cannon,1.216
Epic+,36,armor,1.216
Epic+,36,generator,1.064
Epic+,36,core,1.62
Epic+,37,cannon,1.222
Epic+,37,armor,1.222
Epic+,37,generator,1.066
Epic+,37,core,1.64
Epic+,38,cannon,1.228
Epic+,38,armor,1.228
Epic+,38,generator,1.068
Epic+,38,core,1.66
Epic+,39,cannon,1.234
Epic+,39,armor,1.234
Epic+,39,generator,1.07
Epic+,39,core,1.68
Epic+,40,cannon,1.24
Epic+,40,armor,1.24
Epic+,40,generator,1.072
Epic+,40,core,1.7
Epic+,41,cannon,1.248
Epic+,41,armor,1.248
Epic+,41,generator,1.075
Epic+,41,core,1.725
Epic+,42,cannon,1.256
Epic+,42,armor,1.256
Epic+,42,generator,1.078
Epic+,42,core,1.75
Epic+,43,cannon,1.264
Epic+,43,armor,1.264
Epic+,43,generator,1.081
Epic+,43,core,1.775
Epic+,44,cannon,1.272
Epic+,44,armor,1.272
Epic+,44,generator,1.084
Epic+,44,core,1.8
Epic+,45,cannon,1.28
Epic+,45,armor,1.28
Epic+,45,generator,1.087
Epic+,45,core,1.825
Epic+,46,cannon,1.288
Epic+,46,armor,1.288
Epic+,46,generator,1.09
Epic+,46,core,1.85
Epic+,47,cannon,1.296
Epic+,47,armor,1.296
Epic+,47,generator,1.093
Epic+,47,core,1.875
Epic+,48,cannon,1.304
Epic+,48,armor,1.304
Epic+,48,generator,1.096
Epic+,48,core,1.9
Epic+,49,cannon,1.312
Epic+,49,armor,1.312
Epic+,49,generator,1.099
Epic+,49,core,1.925
Epic+,50,cannon,1.32
Epic+,50,armor,1.32
Epic+,50,generator,1.102
Epic+,50,core,1.95
Epic+,51,cannon,1.328
Epic+,51,armor,1.328
Epic+,51,generator,1.105
Epic+,51,core,1.975
Epic+,52,cannon,1.336
Epic+,52,armor,1.336
Epic+,52,generator,1.108
Epic+,52,core,2.0
Epic+,53,cannon,1.344
Epic+,53,armor,1.344
Epic+,53,generator,1.111
Epic+,53,core,2.025
Epic+,54,cannon,1.352
Epic+,54,armor,1.352
Epic+,54,generator,1.114
Epic+,54,core,2.05
Epic+,55,cannon,1.36
Epic+,55,armor,1.36
Epic+,55,generator,1.117
Epic+,55,core,2.075
Epic+,56,cannon,1.368
Epic+,56,armor,1.368
Epic+,56,generator,1.12
Epic+,56,core,2.1
Epic+,57,cannon,1.376
Epic+,57,armor,1.376
Epic+,57,generator,1.123
Epic+,57,core,2.125
Epic+,58,cannon,1.384
Epic+,58,armor,1.384
Epic+,58,generator,1.126
Epic+,58,core,2.15
Epic+,59,cannon,1.392
Epic+,59,armor,1.392
Epic+,59,generator,1.129
Epic+,59,core,2.175
Epic+,60,cannon,1.4
Epic+,60,armor,1.4
Epic+,60,generator,1.132
Epic+,60,core,2.2
Epic+,61,cannon,1.412
Epic+,61,armor,1.412
Epic+,61,generator,1.135
Epic+,61,core,2.23
Epic+,62,cannon,1.424
Epic+,62,armor,1.424
Epic+,62,generator,1.138
Epic+,62,core,2.26
Epic+,63,cannon,1.436
Epic+,63,armor,1.436
Epic+,63,generator,1.141
Epic+,63,core,2.29
Epic+,64,cannon,1.448
Epic+,64,armor,1.448
Epic+,64,generator,1.144
Epic+,64,core,2.32
Epic+,65,cannon,1.46
Epic+,65,armor,1.46
Epic+,65,generator,1.147
Epic+,65,core,2.35
Epic+,66,cannon,1.472
Epic+,66,armor,1.472
Epic+,66,generator,1.15
Epic+,66,core,2.38
Epic+,67,cannon,1.484
Epic+,67,armor,1.484
Epic+,67,generator,1.153
Epic+,67,core,2.41
Epic+,68,cannon,1.496
Epic+,68,armor,1.496
Epic+,68,generator,1.156
Epic+,68,core,2.44
Epic+,69,cannon,1.508
Epic+,69,armor,1.508
Epic+,69,generator,1.159
Epic+,69,core,2.47
Epic+,70,cannon,1.52
Epic+,70,armor,1.52
Epic+,70,generator,1.162
Epic+,70,core,2.5
Epic+,71,cannon,1.532
Epic+,71,armor,1.532
Epic+,71,generator,1.165
Epic+,71,core,2.53
Epic+,72,cannon,1.544
Epic+,72,armor,1.544
Epic+,72,generator,1.168
Epic+,72,core,2.56
Epic+,73,cannon,1.556
Epic+,73,armor,1.556
Epic+,73,generator,1.171
Epic+,73,core,2.59
Epic+,74,cannon,1.568
Epic+,74,armor,1.568
Epic+,74,generator,1.174
Epic+,74,core,2.62
Epic+,75,cannon,1.58
Epic+,75,armor,1.58
Epic+,75,generator,1.177
Epic+,75,core,2.65
Epic+,76,cannon,1.592
Epic+,76,armor,1.592
Epic+,76,generator,1.18
Epic+,76,core,2.68
Epic+,77,cannon,1.604
Epic+,77,armor,1.604
Epic+,77,generator,1.183
Epic+,77,core,2.71
Epic+,78,cannon,1.616
Epic+,78,armor,1.616
Epic+,78,generator,1.186
Epic+,78,core,2.74
Epic+,79,cannon,1.628
Epic+,79,armor,1.628
Epic+,79,generator,1.189
Epic+,79,core,2.77
Epic+,80,cannon,1.64
Epic+,80,armor,1.64
Epic+,80,generator,1.192
Epic+,80,core,2.8
Epic+,81,cannon,1.67
Epic+,81,armor,1.67
Epic+,81,generator,1.196
Epic+,81,core,2.85
Epic+,82,cannon,1.7
Epic+,82,armor,1.7
Epic+,82,generator,1.2
Epic+,82,core,2.9
Epic+,83,cannon,1.73
Epic+,83,armor,1.73
Epic+,83,generator,1.204
Epic+,83,core,2.95
Epic+,84,cannon,1.76
Epic+,84,armor,1.76
Epic+,84,generator,1.208
Epic+,84,core,3.0
Epic+,85,cannon,1.79
Epic+,85,armor,1.79
Epic+,85,generator,1.212
Epic+,85,core,3.05
Epic+,86,cannon,1.82
Epic+,86,armor,1.82
Epic+,86,generator,1.216
Epic+,86,core,3.1
Epic+,87,cannon,1.85
Epic+,87,armor,1.85
Epic+,87,generator,1.22
Epic+,87,core,3.15
Epic+,88,cannon,1.88
Epic+,88,armor,1.88
Epic+,88,generator,1.224
Epic+,88,core,3.2
Epic+,89,cannon,1.91
Epic+,89,armor,1.91
Epic+,89,generator,1.228
Epic+,89,core,3.25
Epic+,90,cannon,1.94
Epic+,90,armor,1.94
Epic+,90,generator,1.232
Epic+,90,core,3.3
Epic+,91,cannon,1.97
Epic+,91,armor,1.97
Epic+,91,generator,1.236
Epic+,91,core,3.35
Epic+,92,cannon,2.0
Epic+,92,armor,2.0
Epic+,92,generator,1.24
Epic+,92,core,3.4
Epic+,93,cannon,2.03
Epic+,93,armor,2.03
Epic+,93,generator,1.244
Epic+,93,core,3.45
Epic+,94,cannon,2.06
Epic+,94,armor,2.06
Epic+,94,generator,1.248
Epic+,94,core,3.5
Epic+,95,cannon,2.09
Epic+,95,armor,2.09
Epic+,95,generator,1.252
Epic+,95,core,3.55
Epic+,96,cannon,2.12
Epic+,96,armor,2.12
Epic+,96,generator,1.256
Epic+,96,core,3.6
Epic+,97,cannon,2.15
Epic+,97,armor,2.15
Epic+,97,generator,1.26
Epic+,97,core,3.65
Epic+,98,cannon,2.18
Epic+,98,armor,2.18
Epic+,98,generator,1.264
Epic+,98,core,3.7
Epic+,99,cannon,2.21
Epic+,99,armor,2.21
Epic+,99,generator,1.268
Epic+,99,core,3.75
Epic+,100,cannon,2.24
Epic+,100,armor,2.24
Epic+,100,generator,1.272
Epic+,100,core,3.8
Epic+,101,cannon,2.31
Epic+,101,armor,2.31
Epic+,101,generator,1.277
Epic+,101,core,3.88
Epic+,102,cannon,2.38
Epic+,102,armor,2.38
Epic+,102,generator,1.282
Epic+,102,core,3.96
Epic+,103,cannon,2.45
Epic+,103,armor,2.45
Epic+,103,generator,1.287
Epic+,103,core,4.04
Epic+,104,cannon,2.52
Epic+,104,armor,2.52
Epic+,104,generator,1.292
Epic+,104,core,4.12
Epic+,105,cannon,2.59
Epic+,105,armor,2.59
Epic+,105,generator,1.297
Epic+,105,core,4.2
Epic+,106,cannon,2.66
Epic+,106,armor,2.66
Epic+,106,generator,1.302
Epic+,106,core,4.28
Epic+,107,cannon,2.73
Epic+,107,armor,2.73
Epic+,107,generator,1.307
Epic+,107,core,4.36
Epic+,108,cannon,2.8
Epic+,108,armor,2.8
Epic+,108,generator,1.312
Epic+,108,core,4.44
Epic+,109,cannon,2.87
Epic+,109,armor,2.87
Epic+,109,generator,1.317
Epic+,109,core,4.52
Epic+,110,cannon,2.94
Epic+,110,armor,2.94
Epic+,110,generator,1.322
Epic+,110,core,4.6
Epic+,111,cannon,3.01
Epic+,111,armor,3.01
Epic+,111,generator,1.327
Epic+,111,core,4.68
Epic+,112,cannon,3.08
Epic+,112,armor,3.08
Epic+,112,generator,1.332
Epic+,112,core,4.76
Epic+,113,cannon,3.15
Epic+,113,armor,3.15
Epic+,113,generator,1.337
Epic+,113,core,4.84
Epic+,114,cannon,3.22
Epic+,114,armor,3.22
Epic+,114,generator,1.342
Epic+,114,core,4.92
Epic+,115,cannon,3.29
Epic+,115,armor,3.29
Epic+,115,generator,1.347
Epic+,115,core,5.0
Epic+,116,cannon,3.36
Epic+,116,armor,3.36
Epic+,116,generator,1.352
Epic+,116,core,5.08
Epic+,117,cannon,3.43
Epic+,117,armor,3.43
Epic+,117,generator,1.357
Epic+,117,core,5.16
Epic+,118,cannon,3.5
Epic+,118,armor,3.5
Epic+,118,generator,1.362
Epic+,118,core,5.24
Epic+,119,cannon,3.57
Epic+,119,armor,3.57
Epic+,119,generator,1.367
Epic+,119,core,5.32
Epic+,120,cannon,3.64
Epic+,120,armor,3.64
Epic+,120,generator,1.372
Epic+,120,core,5.4
Epic+,121,cannon,3.74
Epic+,121,armor,3.74
Epic+,121,generator,1.378
Epic+,121,core,5.52
Epic+,122,cannon,3.84
Epic+,122,armor,3.84
Epic+,122,generator,1.384
Epic+,122,core,5.64
Epic+,123,cannon,3.94
Epic+,123,armor,3.94
Epic+,123,generator,1.39
Epic+,123,core,5.76
Epic+,124,cannon,4.04
Epic+,124,armor,4.04
Epic+,124,generator,1.396
Epic+,124,core,5.88
Epic+,125,cannon,4.14
Epic+,125,armor,4.14
Epic+,125,generator,1.402
Epic+,125,core,6.0
Epic+,126,cannon,4.24
Epic+,126,armor,4.24
Epic+,126,generator,1.408
Epic+,126,core,6.12
Epic+,127,cannon,4.34
Epic+,127,armor,4.34
Epic+,127,generator,1.414
Epic+,127,core,6.24
Epic+,128,cannon,4.44
Epic+,128,armor,4.44
Epic+,128,generator,1.42
Epic+,128,core,6.36
Epic+,129,cannon,4.54
Epic+,129,armor,4.54
Epic+,129,generator,1.426
Epic+,129,core,6.48
Epic+,130,cannon,4.64
Epic+,130,armor,4.64
Epic+,130,generator,1.432
Epic+,130,core,6.6
Epic+,131,cannon,4.74
Epic+,131,armor,4.74
Epic+,131,generator,1.438
Epic+,131,core,6.72
Epic+,132,cannon,4.84
Epic+,132,armor,4.84
Epic+,132,generator,1.444
Epic+,132,core,6.84
Epic+,133,cannon,4.94
Epic+,133,armor,4.94
Epic+,133,generator,1.45
Epic+,133,core,6.96
Epic+,134,cannon,5.04
Epic+,134,armor,5.04
Epic+,134,generator,1.456
Epic+,134,core,7.08
Epic+,135,cannon,5.14
Epic+,135,armor,5.14
Epic+,135,generator,1.462
Epic+,135,core,7.2
Epic+,136,cannon,5.24
Epic+,136,armor,5.24
Epic+,136,generator,1.468
Epic+,136,core,7.32
Epic+,137,cannon,5.34
Epic+,137,armor,5.34
Epic+,137,generator,1.474
Epic+,137,core,7.44
Epic+,138,cannon,5.44
Epic+,138,armor,5.44
Epic+,138,generator,1.48
Epic+,138,core,7.56
Epic+,139,cannon,5.54
Epic+,139,armor,5.54
Epic+,139,generator,1.486
Epic+,139,core,7.68
Epic+,140,cannon,5.64
Epic+,140,armor,5.64
Epic+,140,generator,1.492
Epic+,140,core,7.8
Epic+,141,cannon,5.76
Epic+,141,armor,5.76
Epic+,141,generator,1.5
Epic+,141,core,7.95
Epic+,142,cannon,5.88
Epic+,142,armor,5.88
Epic+,142,generator,1.508
Epic+,142,core,8.1
Epic+,143,cannon,6.0
Epic+,143,armor,6.0
Epic+,143,generator,1.516
Epic+,143,core,8.25
Epic+,144,cannon,6.12
Epic+,144,armor,6.12
Epic+,144,generator,1.524
Epic+,144,core,8.4
Epic+,145,cannon,6.24
Epic+,145,armor,6.24
Epic+,145,generator,1.532
Epic+,145,core,8.55
Epic+,146,cannon,6.36
Epic+,146,armor,6.36
Epic+,146,generator,1.54
Epic+,146,core,8.7
Epic+,147,cannon,6.48
Epic+,147,armor,6.48
Epic+,147,generator,1.548
Epic+,147,core,8.85
Epic+,148,cannon,6.6
Epic+,148,armor,6.6
Epic+,148,generator,1.556
Epic+,148,core,9.0
Epic+,149,cannon,6.72
Epic+,149,armor,6.72
Epic+,149,generator,1.564
Epic+,149,core,9.15
Epic+,150,cannon,6.84
Epic+,150,armor,6.84
Epic+,150,generator,1.572
Epic+,150,core,9.3
Epic+,151,cannon,6.96
Epic+,151,armor,6.96
Epic+,151,generator,1.58
Epic+,151,core,9.45
Epic+,152,cannon,7.08
Epic+,152,armor,7.08
Epic+,152,generator,1.588
Epic+,152,core,9.6
Epic+,153,cannon,7.2
Epic+,153,armor,7.2
Epic+,153,generator,1.596
Epic+,153,core,9.75
Epic+,154,cannon,7.32
Epic+,154,armor,7.32
Epic+,154,generator,1.604
Epic+,154,core,9.9
Epic+,155,cannon,7.44
Epic+,155,armor,7.44
Epic+,155,generator,1.612
Epic+,155,core,10.05
Epic+,156,cannon,7.56
Epic+,156,armor,7.56
Epic+,156,generator,1.62
Epic+,156,core,10.2
Epic+,157,cannon,7.68
Epic+,157,armor,7.68
Epic+,157,generator,1.628
Epic+,157,core,10.35
Epic+,158,cannon,7.8
Epic+,158,armor,7.8
Epic+,158,generator,1.636
Epic+,158,core,10.5
Epic+,159,cannon,7.92
Epic+,159,armor,7.92
Epic+,159,generator,1.644
Epic+,159,core,10.65
Epic+,160,cannon,8.04
Epic+,160,armor,8.04
Epic+,160,generator,1.652
Epic+,160,core,10.8
Epic+,161,cannon,8.24
Epic+,161,armor,8.24
Epic+,161,generator,1.662
Epic+,161,core,11.05
Epic+,162,cannon,8.44
Epic+,162,armor,8.44
Epic+,162,generator,1.672
Epic+,162,core,11.3
Epic+,163,cannon,8.64
Epic+,163,armor,8.64
Epic+,163,generator,1.682
Epic+,163,core,11.55
Epic+,164,cannon,8.84
Epic+,164,armor,8.84
Epic+,164,generator,1.692
Epic+,164,core,11.8
Epic+,165,cannon,9.04
Epic+,165,armor,9.04
Epic+,165,generator,1.702
Epic+,165,core,12.05
Epic+,166,cannon,9.24
Epic+,166,armor,9.24
Epic+,166,generator,1.712
Epic+,166,core,12.3
Epic+,167,cannon,9.44
Epic+,167,armor,9.44
Epic+,167,generator,1.722
Epic+,167,core,12.55
Epic+,168,cannon,9.64
Epic+,168,armor,9.64
Epic+,168,generator,1.732
Epic+,168,core,12.8
Epic+,169,cannon,9.84
Epic+,169,armor,9.84
Epic+,169,generator,1.742
Epic+,169,core,13.05
Epic+,170,cannon,10.04
Epic+,170,armor,10.04
Epic+,170,generator,1.752
Epic+,170,core,13.3
Epic+,171,cannon,10.24
Epic+,171,armor,10.24
Epic+,171,generator,1.762
Epic+,171,core,13.55
Epic+,172,cannon,10.44
Epic+,172,armor,10.44
Epic+,172,generator,1.772
Epic+,172,core,13.8
Epic+,173,cannon,10.64
Epic+,173,armor,10.64
Epic+,173,generator,1.782
Epic+,173,core,14.05
Epic+,174,cannon,10.84
Epic+,174,armor,10.84
Epic+,174,generator,1.792
Epic+,174,core,14.3
Epic+,175,cannon,11.04
Epic+,175,armor,11.04
Epic+,175,generator,1.802
Epic+,175,core,14.55
Epic+,176,cannon,11.24
Epic+,176,armor,11.24
Epic+,176,generator,1.812
Epic+,176,core,14.8
Epic+,177,cannon,11.44
Epic+,177,armor,11.44
Epic+,177,generator,1.822
Epic+,177,core,15.05
Epic+,178,cannon,11.64
Epic+,178,armor,11.64
Epic+,178,generator,1.832
Epic+,178,core,15.3
Epic+,179,cannon,11.84
Epic+,179,armor,11.84
Epic+,179,generator,1.842
Epic+,179,core,15.55
Epic+,180,cannon,12.04
Epic+,180,armor,12.04
Epic+,180,generator,1.852
Epic+,180,core,15.8
Epic+,181,cannon,12.24
Epic+,181,armor,12.24
Epic+,181,generator,1.862
Epic+,181,core,16.05
Epic+,182,cannon,12.44
Epic+,182,armor,12.44
Epic+,182,generator,1.872
Epic+,182,core,16.3
Epic+,183,cannon,12.64
Epic+,183,armor,12.64
Epic+,183,generator,1.882
Epic+,183,core,16.55
Epic+,184,cannon,12.84
Epic+,184,armor,12.84
Epic+,184,generator,1.892
Epic+,184,core,16.8
Epic+,185,cannon,13.04
Epic+,185,armor,13.04
Epic+,185,generator,1.902
Epic+,185,core,17.05
Epic+,186,cannon,13.24
Epic+,186,armor,13.24
Epic+,186,generator,1.912
Epic+,186,core,17.3
Epic+,187,cannon,13.44
Epic+,187,armor,13.44
Epic+,187,generator,1.922
Epic+,187,core,17.55
Epic+,188,cannon,13.64
Epic+,188,armor,13.64
Epic+,188,generator,1.932
Epic+,188,core,17.8
Epic+,189,cannon,13.84
Epic+,189,armor,13.84
Epic+,189,generator,1.942
Epic+,189,core,18.05
Epic+,190,cannon,14.04
Epic+,190,armor,14.04
Epic+,190,generator,1.952
Epic+,190,core,18.3
Epic+,191,cannon,14.24
Epic+,191,armor,14.24
Epic+,191,generator,1.962
Epic+,191,core,18.55
Epic+,192,cannon,14.44
Epic+,192,armor,14.44
Epic+,192,generator,1.972
Epic+,192,core,18.8
Epic+,193,cannon,14.64
Epic+,193,armor,14.64
Epic+,193,generator,1.982
Epic+,193,core,19.05
Epic+,194,cannon,14.84
Epic+,194,armor,14.84
Epic+,194,generator,1.992
Epic+,194,core,19.3
Epic+,195,cannon,15.04
Epic+,195,armor,15.04
Epic+,195,generator,2.002
Epic+,195,core,19.55
Epic+,196,cannon,15.24
Epic+,196,armor,15.24
Epic+,196,generator,2.012
Epic+,196,core,19.8
Epic+,197,cannon,15.44
Epic+,197,armor,15.44
Epic+,197,generator,2.022
Epic+,197,core,20.05
Epic+,198,cannon,15.64
Epic+,198,armor,15.64
Epic+,198,generator,2.032
Epic+,198,core,20.3
Epic+,199,cannon,15.84
Epic+,199,armor,15.84
Epic+,199,generator,2.042
Epic+,199,core,20.55
Epic+,200,cannon,16.04
Epic+,200,armor,16.04
Epic+,200,generator,2.052
Epic+,200,core,20.8
Epic+,201,cannon,16.24
Epic+,201,armor,16.24
Epic+,201,generator,2.062
Epic+,201,core,21.05
Epic+,202,cannon,16.44
Epic+,202,armor,16.44
Epic+,202,generator,2.072
Epic+,202,core,21.3
Epic+,203,cannon,16.64
Epic+,203,armor,16.64
Epic+,203,generator,2.082
Epic+,203,core,21.55
Epic+,204,cannon,16.84
Epic+,204,armor,16.84
Epic+,204,generator,2.092
Epic+,204,core,21.8
Epic+,205,cannon,17.04
Epic+,205,armor,17.04
Epic+,205,generator,2.102
Epic+,205,core,22.05
Epic+,206,cannon,17.24
Epic+,206,armor,17.24
Epic+,206,generator,2.112
Epic+,206,core,22.3
Epic+,207,cannon,17.44
Epic+,207,armor,17.44
Epic+,207,generator,2.122
Epic+,207,core,22.55
Epic+,208,cannon,17.64
Epic+,208,armor,17.64
Epic+,208,generator,2.132
Epic+,208,core,22.8
Epic+,209,cannon,17.84
Epic+,209,armor,17.84
Epic+,209,generator,2.142
Epic+,209,core,23.05
Epic+,210,cannon,18.04
Epic+,210,armor,18.04
Epic+,210,generator,2.152
Epic+,210,core,23.3
Epic+,211,cannon,18.24
Epic+,211,armor,18.24
Epic+,211,generator,2.162
Epic+,211,core,23.55
Epic+,212,cannon,18.44
Epic+,212,armor,18.44
Epic+,212,generator,2.172
Epic+,212,core,23.8
Epic+,213,cannon,18.64
Epic+,213,armor,18.64
Epic+,213,generator,2.182
Epic+,213,core,24.05
Epic+,214,cannon,18.84
Epic+,214,armor,18.84
Epic+,214,generator,2.192
Epic+,214,core,24.3
Epic+,215,cannon,19.04
Epic+,215,armor,19.04
Epic+,215,generator,2.202
Epic+,215,core,24.55
Epic+,216,cannon,19.24
Epic+,216,armor,19.24
Epic+,216,generator,2.212
Epic+,216,core,24.8
Epic+,217,cannon,19.44
Epic+,217,armor,19.44
Epic+,217,generator,2.222
Epic+,217,core,25.05
Epic+,218,cannon,19.64
Epic+,218,armor,19.64
Epic+,218,generator,2.232
Epic+,218,core,25.3
Epic+,219,cannon,19.84
Epic+,219,armor,19.84
Epic+,219,generator,2.242
Epic+,219,core,25.55
Epic+,220,cannon,20.04
Epic+,220,armor,20.04
Epic+,220,generator,2.252
Epic+,220,core,25.8
Epic+,221,cannon,20.24
Epic+,221,armor,20.24
Epic+,221,generator,2.262
Epic+,221,core,26.05
Epic+,222,cannon,20.44
Epic+,222,armor,20.44
Epic+,222,generator,2.272
Epic+,222,core,26.3
Epic+,223,cannon,20.64
Epic+,223,armor,20.64
Epic+,223,generator,2.282
Epic+,223,core,26.55
Epic+,224,cannon,20.84
Epic+,224,armor,20.84
Epic+,224,generator,2.292
Epic+,224,core,26.8
Epic+,225,cannon,21.04
Epic+,225,armor,21.04
Epic+,225,generator,2.302
Epic+,225,core,27.05
Epic+,226,cannon,21.24
Epic+,226,armor,21.24
Epic+,226,generator,2.312
Epic+,226,core,27.3
Epic+,227,cannon,21.44
Epic+,227,armor,21.44
Epic+,227,generator,2.322
Epic+,227,core,27.55
Epic+,228,cannon,21.64
Epic+,228,armor,21.64
Epic+,228,generator,2.332
Epic+,228,core,27.8
Epic+,229,cannon,21.84
Epic+,229,armor,21.84
Epic+,229,generator,2.342
Epic+,229,core,28.05
Epic+,230,cannon,22.04
Epic+,230,armor,22.04
Epic+,230,generator,2.352
Epic+,230,core,28.3
Epic+,231,cannon,22.24
Epic+,231,armor,22.24
Epic+,231,generator,2.362
Epic+,231,core,28.55
Epic+,232,cannon,22.44
Epic+,232,armor,22.44
Epic+,232,generator,2.372
Epic+,232,core,28.8
Epic+,233,cannon,22.64
Epic+,233,armor,22.64
Epic+,233,generator,2.382
Epic+,233,core,29.05
Epic+,234,cannon,22.84
Epic+,234,armor,22.84
Epic+,234,generator,2.392
Epic+,234,core,29.3
Epic+,235,cannon,23.04
Epic+,235,armor,23.04
Epic+,235,generator,2.402
Epic+,235,core,29.55
Epic+,236,cannon,23.24
Epic+,236,armor,23.24
Epic+,236,generator,2.412
Epic+,236,core,29.8
Epic+,237,cannon,23.44
Epic+,237,armor,23.44
Epic+,237,generator,2.422
Epic+,237,core,30.05
Epic+,238,cannon,23.64
Epic+,238,armor,23.64
Epic+,238,generator,2.432
Epic+,238,core,30.3
Epic+,239,cannon,23.84
Epic+,239,armor,23.84
Epic+,239,generator,2.442
Epic+,239,core,30.55
Epic+,240,cannon,24.04
Epic+,240,armor,24.04
Epic+,240,generator,2.452
Epic+,240,core,30.8
Epic+,241,cannon,24.24
Epic+,241,armor,24.24
Epic+,241,generator,2.462
Epic+,241,core,31.05
Epic+,242,cannon,24.44
Epic+,242,armor,24.44
Epic+,242,generator,2.472
Epic+,242,core,31.3
Epic+,243,cannon,24.64
Epic+,243,armor,24.64
Epic+,243,generator,2.482
Epic+,243,core,31.55
Epic+,244,cannon,24.84
Epic+,244,armor,24.84
Epic+,244,generator,2.492
Epic+,244,core,31.8
Epic+,245,cannon,25.04
Epic+,245,armor,25.04
Epic+,245,generator,2.502
Epic+,245,core,32.05
Epic+,246,cannon,25.24
Epic+,246,armor,25.24
Epic+,246,generator,2.512
Epic+,246,core,32.3
Epic+,247,cannon,25.44
Epic+,247,armor,25.44
Epic+,247,generator,2.522
Epic+,247,core,32.55
Epic+,248,cannon,25.64
Epic+,248,armor,25.64
Epic+,248,generator,2.532
Epic+,248,core,32.8
Epic+,249,cannon,25.84
Epic+,249,armor,25.84
Epic+,249,generator,2.542
Epic+,249,core,33.05
Epic+,250,cannon,26.04
Epic+,250,armor,26.04
Epic+,250,generator,2.552
Epic+,250,core,33.3
Epic+,251,cannon,26.24
Epic+,251,armor,26.24
Epic+,251,generator,2.562
Epic+,251,core,33.55
Epic+,252,cannon,26.44
Epic+,252,armor,26.44
Epic+,252,generator,2.572
Epic+,252,core,33.8
Epic+,253,cannon,26.64
Epic+,253,armor,26.64
Epic+,253,generator,2.582
Epic+,253,core,34.05
Epic+,254,cannon,26.84
Epic+,254,armor,26.84
Epic+,254,generator,2.592
Epic+,254,core,34.3
Epic+,255,cannon,27.04
Epic+,255,armor,27.04
Epic+,255,generator,2.602
Epic+,255,core,34.55
Epic+,256,cannon,27.24
Epic+,256,armor,27.24
Epic+,256,generator,2.612
Epic+,256,core,34.8
Epic+,257,cannon,27.44
Epic+,257,armor,27.44
Epic+,257,generator,2.622
Epic+,257,core,35.05
Epic+,258,cannon,27.64
Epic+,258,armor,27.64
Epic+,258,generator,2.632
Epic+,258,core,35.3
Epic+,259,cannon,27.84
Epic+,259,armor,27.84
Epic+,259,generator,2.642
Epic+,259,core,35.55
Epic+,260,cannon,28.04
Epic+,260,armor,28.04
Epic+,260,generator,2.652
Epic+,260,core,35.8
Epic+,261,cannon,28.24
Epic+,261,armor,28.24
Epic+,261,generator,2.662
Epic+,261,core,36.05
Epic+,262,cannon,28.44
Epic+,262,armor,28.44
Epic+,262,generator,2.672
Epic+,262,core,36.3
Epic+,263,cannon,28.64
Epic+,263,armor,28.64
Epic+,263,generator,2.682
Epic+,263,core,36.55
Epic+,264,cannon,28.84
Epic+,264,armor,28.84
Epic+,264,generator,2.692
Epic+,264,core,36.8
Epic+,265,cannon,29.04
Epic+,265,armor,29.04
Epic+,265,generator,2.702
Epic+,265,core,37.05
Epic+,266,cannon,29.24
Epic+,266,armor,29.24
Epic+,266,generator,2.712
Epic+,266,core,37.3
Epic+,267,cannon,29.44
Epic+,267,armor,29.44
Epic+,267,generator,2.722
Epic+,267,core,37.55
Epic+,268,cannon,29.64
Epic+,268,armor,29.64
Epic+,268,generator,2.732
Epic+,268,core,37.8
Epic+,269,cannon,29.84
Epic+,269,armor,29.84
Epic+,269,generator,2.742
Epic+,269,core,38.05
Epic+,270,cannon,30.04
Epic+,270,armor,30.04
Epic+,270,generator,2.752
Epic+,270,core,38.3
Epic+,271,cannon,30.24
Epic+,271,armor,30.24
Epic+,271,generator,2.762
Epic+,271,core,38.55
Epic+,272,cannon,30.44
Epic+,272,armor,30.44
Epic+,272,generator,2.772
Epic+,272,core,38.8
Epic+,273,cannon,30.64
Epic+,273,armor,30.64
Epic+,273,generator,2.782
Epic+,273,core,39.05
Epic+,274,cannon,30.84
Epic+,274,armor,30.84
Epic+,274,generator,2.792
Epic+,274,core,39.3
Epic+,275,cannon,31.04
Epic+,275,armor,31.04
Epic+,275,generator,2.802
Epic+,275,core,39.55
Epic+,276,cannon,31.24
Epic+,276,armor,31.24
Epic+,276,generator,2.812
Epic+,276,core,39.8
Epic+,277,cannon,31.44
Epic+,277,armor,31.44
Epic+,277,generator,2.822
Epic+,277,core,40.05
Epic+,278,cannon,31.64
Epic+,278,armor,31.64
Epic+,278,generator,2.832
Epic+,278,core,40.3
Epic+,279,cannon,31.84
Epic+,279,armor,31.84
Epic+,279,generator,2.842
Epic+,279,core,40.55
Epic+,280,cannon,32.04
Epic+,280,armor,32.04
Epic+,280,generator,2.852
Epic+,280,core,40.8
Epic+,281,cannon,32.24
Epic+,281,armor,32.24
Epic+,281,generator,2.862
Epic+,281,core,41.05
Epic+,282,cannon,32.44
Epic+,282,armor,32.44
Epic+,282,generator,2.872
Epic+,282,core,41.3
Epic+,283,cannon,32.64
Epic+,283,armor,32.64
Epic+,283,generator,2.882
Epic+,283,core,41.55
Epic+,284,cannon,32.84
Epic+,284,armor,32.84
Epic+,284,generator,2.892
Epic+,284,core,41.8
Epic+,285,cannon,33.04
Epic+,285,armor,33.04
Epic+,285,generator,2.902
Epic+,285,core,42.05
Epic+,286,cannon,33.24
Epic+,286,armor,33.24
Epic+,286,generator,2.912
Epic+,286,core,42.3
Epic+,287,cannon,33.44
Epic+,287,armor,33.44
Epic+,287,generator,2.922
Epic+,287,core,42.55
Epic+,288,cannon,33.64
Epic+,288,armor,33.64
Epic+,288,generator,2.932
Epic+,288,core,42.8
Epic+,289,cannon,33.84
Epic+,289,armor,33.84
Epic+,289,generator,2.942
Epic+,289,core,43.05
Epic+,290,cannon,34.04
Epic+,290,armor,34.04
Epic+,290,generator,2.952
Epic+,290,core,43.3
Epic+,291,cannon,34.24
Epic+,291,armor,34.24
Epic+,291,generator,2.962
Epic+,291,core,43.55
Epic+,292,cannon,34.44
Epic+,292,armor,34.44
Epic+,292,generator,2.972
Epic+,292,core,43.8
Epic+,293,cannon,34.64
Epic+,293,armor,34.64
Epic+,293,generator,2.982
Epic+,293,core,44.05
Epic+,294,cannon,34.84
Epic+,294,armor,34.84
Epic+,294,generator,2.992
Epic+,294,core,44.3
Epic+,295,cannon,35.04
Epic+,295,armor,35.04
Epic+,295,generator,3.002
Epic+,295,core,44.55
Epic+,296,cannon,35.24
Epic+,296,armor,35.24
Epic+,296,generator,3.012
Epic+,296,core,44.8
Epic+,297,cannon,35.44
Epic+,297,armor,35.44
Epic+,297,generator,3.022
Epic+,297,core,45.05
Epic+,298,cannon,35.64
Epic+,298,armor,35.64
Epic+,298,generator,3.032
Epic+,298,core,45.3
Epic+,299,cannon,35.84
Epic+,299,armor,35.84
Epic+,299,generator,3.042
Epic+,299,core,45.55
Epic+,300,cannon,36.04
Epic+,300,armor,36.04
Epic+,300,generator,3.052
Epic+,300,core,45.8
Legendary,1,cannon,1.132
Legendary,1,armor,1.132
Legendary,1,generator,1.026
Legendary,1,core,1.21
Legendary,2,cannon,1.134
Legendary,2,armor,1.134
Legendary,2,generator,1.027
Legendary,2,core,1.22
Legendary,3,cannon,1.136
Legendary,3,armor,1.136
Legendary,3,generator,1.028
Legendary,3,core,1.23
Legendary,4,cannon,1.138
Legendary,4,armor,1.138
Legendary,4,generator,1.029
Legendary,4,core,1.24
Legendary,5,cannon,1.14
Legendary,5,armor,1.14
Legendary,5,generator,1.03
Legendary,5,core,1.25
Legendary,6,cannon,1.142
Legendary,6,armor,1.142
Legendary,6,generator,1.031
Legendary,6,core,1.26
Legendary,7,cannon,1.144
Legendary,7,armor,1.144
Legendary,7,generator,1.032
Legendary,7,core,1.27
Legendary,8,cannon,1.146
Legendary,8,armor,1.146
Legendary,8,generator,1.033
Legendary,8,core,1.28
Legendary,9,cannon,1.148
Legendary,9,armor,1.148
Legendary,9,generator,1.034
Legendary,9,core,1.29
Legendary,10,cannon,1.15
Legendary,10,armor,1.15
Legendary,10,generator,1.035
Legendary,10,core,1.3
Legendary,11,cannon,1.152
Legendary,11,armor,1.152
Legendary,11,generator,1.036
Legendary,11,core,1.31
Legendary,12,cannon,1.154
Legendary,12,armor,1.154
Legendary,12,generator,1.037
Legendary,12,core,1.32
Legendary,13,cannon,1.156
Legendary,13,armor,1.156
Legendary,13,generator,1.038
Legendary,13,core,1.33
Legendary,14,cannon,1.158
Legendary,14,armor,1.158
Legendary,14,generator,1.039
Legendary,14,core,1.34
Legendary,15,cannon,1.16
Legendary,15,armor,1.16
Legendary,15,generator,1.04
Legendary,15,core,1.35
Legendary,16,cannon,1.162
Legendary,16,armor,1.162
Legendary,16,generator,1.041
Legendary,16,core,1.36
Legendary,17,cannon,1.164
Legendary,17,armor,1.164
Legendary,17,generator,1.042
Legendary,17,core,1.37
Legendary,18,cannon,1.166
Legendary,18,armor,1.166
Legendary,18,generator,1.043
Legendary,18,core,1.38
Legendary,19,cannon,1.168
Legendary,19,armor,1.168
Legendary,19,generator,1.044
Legendary,19,core,1.39
Legendary,20,cannon,1.17
Legendary,20,armor,1.17
Legendary,20,generator,1.045
Legendary,20,core,1.4
Legendary,21,cannon,1.174
Legendary,21,armor,1.174
Legendary,21,generator,1.046
Legendary,21,core,1.415
Legendary,22,cannon,1.178
Legendary,22,armor,1.178
Legendary,22,generator,1.047
Legendary,22,core,1.43
Legendary,23,cannon,1.182
Legendary,23,armor,1.182
Legendary,23,generator,1.048
Legendary,23,core,1.445
Legendary,24,cannon,1.186
Legendary,24,armor,1.186
Legendary,24,generator,1.049
Legendary,24,core,1.46
Legendary,25,cannon,1.19
Legendary,25,armor,1.19
Legendary,25,generator,1.05
Legendary,25,core,1.475
Legendary,26,cannon,1.194
Legendary,26,armor,1.194
Legendary,26,generator,1.051
Legendary,26,core,1.49
Legendary,27,cannon,1.198
Legendary,27,armor,1.198
Legendary,27,generator,1.052
Legendary,27,core,1.505
Legendary,28,cannon,1.202
Legendary,28,armor,1.202
Legendary,28,generator,1.053
Legendary,28,core,1.52
Legendary,29,cannon,1.206
Legendary,29,armor,1.206
Legendary,29,generator,1.054
Legendary,29,core,1.535
Legendary,30,cannon,1.21
Legendary,30,armor,1.21
Legendary,30,generator,1.055
Legendary,30,core,1.55
Legendary,31,cannon,1.216
Legendary,31,armor,1.216
Legendary,31,generator,1.057
Legendary,31,core,1.57
Legendary,32,cannon,1.222
Legendary,32,armor,1.222
Legendary,32,generator,1.059
Legendary,32,core,1.59
Legendary,33,cannon,1.228
Legendary,33,armor,1.228
Legendary,33,generator,1.061
Legendary,33,core,1.61
Legendary,34,cannon,1.234
Legendary,34,armor,1.234
Legendary,34,generator,1.063
Legendary,34,core,1.63
Legendary,35,cannon,1.24
Legendary,35,armor,1.24
Legendary,35,generator,1.065
Legendary,35,core,1.65
Legendary,36,cannon,1.246
Legendary,36,armor,1.246
Legendary,36,generator,1.067
Legendary,36,core,1.67
Legendary,37,cannon,1.252
Legendary,37,armor,1.252
Legendary,37,generator,1.069
Legendary,37,core,1.69
Legendary,38,cannon,1.258
Legendary,38,armor,1.258
Legendary,38,generator,1.071
Legendary,38,core,1.71
Legendary,39,cannon,1.264
Legendary,39,armor,1.264
Legendary,39,generator,1.073
Legendary,39,core,1.73
Legendary,40,cannon,1.27
Legendary,40,armor,1.27
Legendary,40,generator,1.075
Legendary,40,core,1.75
Legendary,41,cannon,1.278
Legendary,41,armor,1.278
Legendary,41,generator,1.078
Legendary,41,core,1.775
Legendary,42,cannon,1.286
Legendary,42,armor,1.286
Legendary,42,generator,1.081
Legendary,42,core,1.8
Legendary,43,cannon,1.294
Legendary,43,armor,1.294
Legendary,43,generator,1.084
Legendary,43,core,1.825
Legendary,44,cannon,1.302
Legendary,44,armor,1.302
Legendary,44,generator,1.087
Legendary,44,core,1.85
Legendary,45,cannon,1.31
Legendary,45,armor,1.31
Legendary,45,generator,1.09
Legendary,45,core,1.875
Legendary,46,cannon,1.318
Legendary,46,armor,1.318
Legendary,46,generator,1.093
Legendary,46,core,1.9
Legendary,47,cannon,1.326
Legendary,47,armor,1.326
Legendary,47,generator,1.096
Legendary,47,core,1.925
Legendary,48,cannon,1.334
Legendary,48,armor,1.334
Legendary,48,generator,1.099
Legendary,48,core,1.95
Legendary,49,cannon,1.342
Legendary,49,armor,1.342
Legendary,49,generator,1.102
Legendary,49,core,1.975
Legendary,50,cannon,1.35
Legendary,50,armor,1.35
Legendary,50,generator,1.105
Legendary,50,core,2.0
Legendary,51,cannon,1.358
Legendary,51,armor,1.358
Legendary,51,generator,1.108
Legendary,51,core,2.025
Legendary,52,cannon,1.366
Legendary,52,armor,1.366
Legendary,52,generator,1.111
Legendary,52,core,2.05
Legendary,53,cannon,1.374
Legendary,53,armor,1.374
Legendary,53,generator,1.114
Legendary,53,core,2.075
Legendary,54,cannon,1.382
Legendary,54,armor,1.382
Legendary,54,generator,1.117
Legendary,54,core,2.1
Legendary,55,cannon,1.39
Legendary,55,armor,1.39
Legendary,55,generator,1.12
Legendary,55,core,2.125
Legendary,56,cannon,1.398
Legendary,56,armor,1.398
Legendary,56,generator,1.123
Legendary,56,core,2.15
Legendary,57,cannon,1.406
Legendary,57,armor,1.406
Legendary,57,generator,1.126
Legendary,57,core,2.175
Legendary,58,cannon,1.414
Legendary,58,armor,1.414
Legendary,58,generator,1.129
Legendary,58,core,2.2
Legendary,59,cannon,1.422
Legendary,59,armor,1.422
Legendary,59,generator,1.132
Legendary,59,core,2.225
Legendary,60,cannon,1.43
Legendary,60,armor,1.43
Legendary,60,generator,1.135
Legendary,60,core,2.25
Legendary,61,cannon,1.442
Legendary,61,armor,1.442
Legendary,61,generator,1.138
Legendary,61,core,2.28
Legendary,62,cannon,1.454
Legendary,62,armor,1.454
Legendary,62,generator,1.141
Legendary,62,core,2.31
Legendary,63,cannon,1.466
Legendary,63,armor,1.466
Legendary,63,generator,1.144
Legendary,63,core,2.34
Legendary,64,cannon,1.478
Legendary,64,armor,1.478
Legendary,64,generator,1.147
Legendary,64,core,2.37
Legendary,65,cannon,1.49
Legendary,65,armor,1.49
Legendary,65,generator,1.15
Legendary,65,core,2.4
Legendary,66,cannon,1.502
Legendary,66,armor,1.502
Legendary,66,generator,1.153
Legendary,66,core,2.43
Legendary,67,cannon,1.514
Legendary,67,armor,1.514
Legendary,67,generator,1.156
Legendary,67,core,2.46
Legendary,68,cannon,1.526
Legendary,68,armor,1.526
Legendary,68,generator,1.159
Legendary,68,core,2.49
Legendary,69,cannon,1.538
Legendary,69,armor,1.538
Legendary,69,generator,1.162
Legendary,69,core,2.52
Legendary,70,cannon,1.55
Legendary,70,armor,1.55
Legendary,70,generator,1.165
Legendary,70,core,2.55
Legendary,71,cannon,1.562
Legendary,71,armor,1.562
Legendary,71,generator,1.168
Legendary,71,core,2.58
Legendary,72,cannon,1.574
Legendary,72,armor,1.574
Legendary,72,generator,1.171
Legendary,72,core,2.61
Legendary,73,cannon,1.586
Legendary,73,armor,1.586
Legendary,73,generator,1.174
Legendary,73,core,2.64
Legendary,74,cannon,1.598
Legendary,74,armor,1.598
Legendary,74,generator,1.177
Legendary,74,core,2.67
Legendary,75,cannon,1.61
Legendary,75,armor,1.61
Legendary,75,generator,1.18
Legendary,75,core,2.7
Legendary,76,cannon,1.622
Legendary,76,armor,1.622
Legendary,76,generator,1.183
Legendary,76,core,2.73
Legendary,77,cannon,1.634
Legendary,77,armor,1.634
Legendary,77,generator,1.186
Legendary,77,core,2.76
Legendary,78,cannon,1.646
Legendary,78,armor,1.646
Legendary,78,generator,1.189
Legendary,78,core,2.79
Legendary,79,cannon,1.658
Legendary,79,armor,1.658
Legendary,79,generator,1.192
Legendary,79,core,2.82
Legendary,80,cannon,1.67
Legendary,80,armor,1.67
Legendary,80,generator,1.195
Legendary,80,core,2.85
Legendary,81,cannon,1.7
Legendary,81,armor,1.7
Legendary,81,generator,1.199
Legendary,81,core,2.9
Legendary,82,cannon,1.73
Legendary,82,armor,1.73
Legendary,82,generator,1.203
Legendary,82,core,2.95
Legendary,83,cannon,1.76
Legendary,83,armor,1.76
Legendary,83,generator,1.207
Legendary,83,core,3.0
Legendary,84,cannon,1.79
Legendary,84,armor,1.79
Legendary,84,generator,1.211
Legendary,84,core,3.05
Legendary,85,cannon,1.82
Legendary,85,armor,1.82
Legendary,85,generator,1.215
Legendary,85,core,3.1
Legendary,86,cannon,1.85
Legendary,86,armor,1.85
Legendary,86,generator,1.219
Legendary,86,core,3.15
Legendary,87,cannon,1.88
Legendary,87,armor,1.88
Legendary,87,generator,1.223
Legendary,87,core,3.2
Legendary,88,cannon,1.91
Legendary,88,armor,1.91
Legendary,88,generator,1.227
Legendary,88,core,3.25
Legendary,89,cannon,1.94
Legendary,89,armor,1.94
Legendary,89,generator,1.231
Legendary,89,core,3.3
Legendary,90,cannon,1.97
Legendary,90,armor,1.97
Legendary,90,generator,1.235
Legendary,90,core,3.35
Legendary,91,cannon,2.0
Legendary,91,armor,2.0
Legendary,91,generator,1.239
Legendary,91,core,3.4
Legendary,92,cannon,2.03
Legendary,92,armor,2.03
Legendary,92,generator,1.243
Legendary,92,core,3.45
Legendary,93,cannon,2.06
Legendary,93,armor,2.06
Legendary,93,generator,1.247
Legendary,93,core,3.5
Legendary,94,cannon,2.09
Legendary,94,armor,2.09
Legendary,94,generator,1.251
Legendary,94,core,3.55
Legendary,95,cannon,2.12
Legendary,95,armor,2.12
Legendary,95,generator,1.255
Legendary,95,core,3.6
Legendary,96,cannon,2.15
Legendary,96,armor,2.15
Legendary,96,generator,1.259
Legendary,96,core,3.65
Legendary,97,cannon,2.18
Legendary,97,armor,2.18
Legendary,97,generator,1.263
Legendary,97,core,3.7
Legendary,98,cannon,2.21
Legendary,98,armor,2.21
Legendary,98,generator,1.267
Legendary,98,core,3.75
Legendary,99,cannon,2.24
Legendary,99,armor,2.24
Legendary,99,generator,1.271
Legendary,99,core,3.8
Legendary,100,cannon,2.27
Legendary,100,armor,2.27
Legendary,100,generator,1.275
Legendary,100,core,3.85
Legendary,101,cannon,2.34
Legendary,101,armor,2.34
Legendary,101,generator,1.28
Legendary,101,core,3.93
Legendary,102,cannon,2.41
Legendary,102,armor,2.41
Legendary,102,generator,1.285
Legendary,102,core,4.01
Legendary,103,cannon,2.48
Legendary,103,armor,2.48
Legendary,103,generator,1.29
Legendary,103,core,4.09
Legendary,104,cannon,2.55
Legendary,104,armor,2.55
Legendary,104,generator,1.295
Legendary,104,core,4.17
Legendary,105,cannon,2.62
Legendary,105,armor,2.62
Legendary,105,generator,1.3
Legendary,105,core,4.25
Legendary,106,cannon,2.69
Legendary,106,armor,2.69
Legendary,106,generator,1.305
Legendary,106,core,4.33
Legendary,107,cannon,2.76
Legendary,107,armor,2.76
Legendary,107,generator,1.31
Legendary,107,core,4.41
Legendary,108,cannon,2.83
Legendary,108,armor,2.83
Legendary,108,generator,1.315
Legendary,108,core,4.49
Legendary,109,cannon,2.9
Legendary,109,armor,2.9
Legendary,109,generator,1.32
Legendary,109,core,4.57
Legendary,110,cannon,2.97
Legendary,110,armor,2.97
Legendary,110,generator,1.325
Legendary,110,core,4.65
Legendary,111,cannon,3.04
Legendary,111,armor,3.04
Legendary,111,generator,1.33
Legendary,111,core,4.73
Legendary,112,cannon,3.11
Legendary,112,armor,3.11
Legendary,112,generator,1.335
Legendary,112,core,4.81
Legendary,113,cannon,3.18
Legendary,113,armor,3.18
Legendary,113,generator,1.34
Legendary,113,core,4.89
Legendary,114,cannon,3.25
Legendary,114,armor,3.25
Legendary,114,generator,1.345
Legendary,114,core,4.97
Legendary,115,cannon,3.32
Legendary,115,armor,3.32
Legendary,115,generator,1.35
Legendary,115,core,5.05
Legendary,116,cannon,3.39
Legendary,116,armor,3.39
Legendary,116,generator,1.355
Legendary,116,core,5.13
Legendary,117,cannon,3.46
Legendary,117,armor,3.46
Legendary,117,generator,1.36
Legendary,117,core,5.21
Legendary,118,cannon,3.53
Legendary,118,armor,3.53
Legendary,118,generator,1.365
Legendary,118,core,5.29
Legendary,119,cannon,3.6
Legendary,119,armor,3.6
Legendary,119,generator,1.37
Legendary,119,core,5.37
Legendary,120,cannon,3.67
Legendary,120,armor,3.67
Legendary,120,generator,1.375
Legendary,120,core,5.45
Legendary,121,cannon,3.77
Legendary,121,armor,3.77
Legendary,121,generator,1.381
Legendary,121,core,5.57
Legendary,122,cannon,3.87
Legendary,122,armor,3.87
Legendary,122,generator,1.387
Legendary,122,core,5.69
Legendary,123,cannon,3.97
Legendary,123,armor,3.97
Legendary,123,generator,1.393
Legendary,123,core,5.81
Legendary,124,cannon,4.07
Legendary,124,armor,4.07
Legendary,124,generator,1.399
Legendary,124,core,5.93
Legendary,125,cannon,4.17
Legendary,125,armor,4.17
Legendary,125,generator,1.405
Legendary,125,core,6.05
Legendary,126,cannon,4.27
Legendary,126,armor,4.27
Legendary,126,generator,1.411
Legendary,126,core,6.17
Legendary,127,cannon,4.37
Legendary,127,armor,4.37
Legendary,127,generator,1.417
Legendary,127,core,6.29
Legendary,128,cannon,4.47
Legendary,128,armor,4.47
Legendary,128,generator,1.423
Legendary,128,core,6.41
Legendary,129,cannon,4.57
Legendary,129,armor,4.57
Legendary,129,generator,1.429
Legendary,129,core,6.53
Legendary,130,cannon,4.67
Legendary,130,armor,4.67
Legendary,130,generator,1.435
Legendary,130,core,6.65
Legendary,131,cannon,4.77
Legendary,131,armor,4.77
Legendary,131,generator,1.441
Legendary,131,core,6.77
Legendary,132,cannon,4.87
Legendary,132,armor,4.87
Legendary,132,generator,1.447
Legendary,132,core,6.89
Legendary,133,cannon,4.97
Legendary,133,armor,4.97
Legendary,133,generator,1.453
Legendary,133,core,7.01
Legendary,134,cannon,5.07
Legendary,134,armor,5.07
Legendary,134,generator,1.459
Legendary,134,core,7.13
Legendary,135,cannon,5.17
Legendary,135,armor,5.17
Legendary,135,generator,1.465
Legendary,135,core,7.25
Legendary,136,cannon,5.27
Legendary,136,armor,5.27
Legendary,136,generator,1.471
Legendary,136,core,7.37
Legendary,137,cannon,5.37
Legendary,137,armor,5.37
Legendary,137,generator,1.477
Legendary,137,core,7.49
Legendary,138,cannon,5.47
Legendary,138,armor,5.47
Legendary,138,generator,1.483
Legendary,138,core,7.61
Legendary,139,cannon,5.57
Legendary,139,armor,5.57
Legendary,139,generator,1.489
Legendary,139,core,7.73
Legendary,140,cannon,5.67
Legendary,140,armor,5.67
Legendary,140,generator,1.495
Legendary,140,core,7.85
Legendary,141,cannon,5.79
Legendary,141,armor,5.79
Legendary,141,generator,1.503
Legendary,141,core,8.0
Legendary,142,cannon,5.91
Legendary,142,armor,5.91
Legendary,142,generator,1.511
Legendary,142,core,8.15
Legendary,143,cannon,6.03
Legendary,143,armor,6.03
Legendary,143,generator,1.519
Legendary,143,core,8.3
Legendary,144,cannon,6.15
Legendary,144,armor,6.15
Legendary,144,generator,1.527
Legendary,144,core,8.45
Legendary,145,cannon,6.27
Legendary,145,armor,6.27
Legendary,145,generator,1.535
Legendary,145,core,8.6
Legendary,146,cannon,6.39
Legendary,146,armor,6.39
Legendary,146,generator,1.543
Legendary,146,core,8.75
Legendary,147,cannon,6.51
Legendary,147,armor,6.51
Legendary,147,generator,1.551
Legendary,147,core,8.9
Legendary,148,cannon,6.63
Legendary,148,armor,6.63
Legendary,148,generator,1.559
Legendary,148,core,9.05
Legendary,149,cannon,6.75
Legendary,149,armor,6.75
Legendary,149,generator,1.567
Legendary,149,core,9.2
Legendary,150,cannon,6.87
Legendary,150,armor,6.87
Legendary,150,generator,1.575
Legendary,150,core,9.35
Legendary,151,cannon,6.99
Legendary,151,armor,6.99
Legendary,151,generator,1.583
Legendary,151,core,9.5
Legendary,152,cannon,7.11
Legendary,152,armor,7.11
Legendary,152,generator,1.591
Legendary,152,core,9.65
Legendary,153,cannon,7.23
Legendary,153,armor,7.23
Legendary,153,generator,1.599
Legendary,153,core,9.8
Legendary,154,cannon,7.35
Legendary,154,armor,7.35
Legendary,154,generator,1.607
Legendary,154,core,9.95
Legendary,155,cannon,7.47
Legendary,155,armor,7.47
Legendary,155,generator,1.615
Legendary,155,core,10.1
Legendary,156,cannon,7.59
Legendary,156,armor,7.59
Legendary,156,generator,1.623
Legendary,156,core,10.25
Legendary,157,cannon,7.71
Legendary,157,armor,7.71
Legendary,157,generator,1.631
Legendary,157,core,10.4
Legendary,158,cannon,7.83
Legendary,158,armor,7.83
Legendary,158,generator,1.639
Legendary,158,core,10.55
Legendary,159,cannon,7.95
Legendary,159,armor,7.95
Legendary,159,generator,1.647
Legendary,159,core,10.7
Legendary,160,cannon,8.07
Legendary,160,armor,8.07
Legendary,160,generator,1.655
Legendary,160,core,10.85
Legendary,161,cannon,8.27
Legendary,161,armor,8.27
Legendary,161,generator,1.665
Legendary,161,core,11.1
Legendary,162,cannon,8.47
Legendary,162,armor,8.47
Legendary,162,generator,1.675
Legendary,162,core,11.35
Legendary,163,cannon,8.67
Legendary,163,armor,8.67
Legendary,163,generator,1.685
Legendary,163,core,11.6
Legendary,164,cannon,8.87
Legendary,164,armor,8.87
Legendary,164,generator,1.695
Legendary,164,core,11.85
Legendary,165,cannon,9.07
Legendary,165,armor,9.07
Legendary,165,generator,1.705
Legendary,165,core,12.1
Legendary,166,cannon,9.27
Legendary,166,armor,9.27
Legendary,166,generator,1.715
Legendary,166,core,12.35
Legendary,167,cannon,9.47
Legendary,167,armor,9.47
Legendary,167,generator,1.725
Legendary,167,core,12.6
Legendary,168,cannon,9.67
Legendary,168,armor,9.67
Legendary,168,generator,1.735
Legendary,168,core,12.85
Legendary,169,cannon,9.87
Legendary,169,armor,9.87
Legendary,169,generator,1.745
Legendary,169,core,13.1
Legendary,170,cannon,10.07
Legendary,170,armor,10.07
Legendary,170,generator,1.755
Legendary,170,core,13.35
Legendary,171,cannon,10.27
Legendary,171,armor,10.27
Legendary,171,generator,1.765
Legendary,171,core,13.6
Legendary,172,cannon,10.47
Legendary,172,armor,10.47
Legendary,172,generator,1.775
Legendary,172,core,13.85
Legendary,173,cannon,10.67
Legendary,173,armor,10.67
Legendary,173,generator,1.785
Legendary,173,core,14.1
Legendary,174,cannon,10.87
Legendary,174,armor,10.87
Legendary,174,generator,1.795
Legendary,174,core,14.35
Legendary,175,cannon,11.07
Legendary,175,armor,11.07
Legendary,175,generator,1.805
Legendary,175,core,14.6
Legendary,176,cannon,11.27
Legendary,176,armor,11.27
Legendary,176,generator,1.815
Legendary,176,core,14.85
Legendary,177,cannon,11.47
Legendary,177,armor,11.47
Legendary,177,generator,1.825
Legendary,177,core,15.1
Legendary,178,cannon,11.67
Legendary,178,armor,11.67
Legendary,178,generator,1.835
Legendary,178,core,15.35
Legendary,179,cannon,11.87
Legendary,179,armor,11.87
Legendary,179,generator,1.845
Legendary,179,core,15.6
Legendary,180,cannon,12.07
Legendary,180,armor,12.07
Legendary,180,generator,1.855
Legendary,180,core,15.85
Legendary,181,cannon,12.27
Legendary,181,armor,12.27
Legendary,181,generator,1.865
Legendary,181,core,16.1
Legendary,182,cannon,12.47
Legendary,182,armor,12.47
Legendary,182,generator,1.875
Legendary,182,core,16.35
Legendary,183,cannon,12.67
Legendary,183,armor,12.67
Legendary,183,generator,1.885
Legendary,183,core,16.6
Legendary,184,cannon,12.87
Legendary,184,armor,12.87
Legendary,184,generator,1.895
Legendary,184,core,16.85
Legendary,185,cannon,13.07
Legendary,185,armor,13.07
Legendary,185,generator,1.905
Legendary,185,core,17.1
Legendary,186,cannon,13.27
Legendary,186,armor,13.27
Legendary,186,generator,1.915
Legendary,186,core,17.35
Legendary,187,cannon,13.47
Legendary,187,armor,13.47
Legendary,187,generator,1.925
Legendary,187,core,17.6
Legendary,188,cannon,13.67
Legendary,188,armor,13.67
Legendary,188,generator,1.935
Legendary,188,core,17.85
Legendary,189,cannon,13.87
Legendary,189,armor,13.87
Legendary,189,generator,1.945
Legendary,189,core,18.1
Legendary,190,cannon,14.07
Legendary,190,armor,14.07
Legendary,190,generator,1.955
Legendary,190,core,18.35
Legendary,191,cannon,14.27
Legendary,191,armor,14.27
Legendary,191,generator,1.965
Legendary,191,core,18.6
Legendary,192,cannon,14.47
Legendary,192,armor,14.47
Legendary,192,generator,1.975
Legendary,192,core,18.85
Legendary,193,cannon,14.67
Legendary,193,armor,14.67
Legendary,193,generator,1.985
Legendary,193,core,19.1
Legendary,194,cannon,14.87
Legendary,194,armor,14.87
Legendary,194,generator,1.995
Legendary,194,core,19.35
Legendary,195,cannon,15.07
Legendary,195,armor,15.07
Legendary,195,generator,2.005
Legendary,195,core,19.6
Legendary,196,cannon,15.27
Legendary,196,armor,15.27
Legendary,196,generator,2.015
Legendary,196,core,19.85
Legendary,197,cannon,15.47
Legendary,197,armor,15.47
Legendary,197,generator,2.025
Legendary,197,core,20.1
Legendary,198,cannon,15.67
Legendary,198,armor,15.67
Legendary,198,generator,2.035
Legendary,198,core,20.35
Legendary,199,cannon,15.87
Legendary,199,armor,15.87
Legendary,199,generator,2.045
Legendary,199,core,20.6
Legendary,200,cannon,16.07
Legendary,200,armor,16.07
Legendary,200,generator,2.055
Legendary,200,core,20.85
Legendary,201,cannon,16.27
Legendary,201,armor,16.27
Legendary,201,generator,2.065
Legendary,201,core,21.1
Legendary,202,cannon,16.47
Legendary,202,armor,16.47
Legendary,202,generator,2.075
Legendary,202,core,21.35
Legendary,203,cannon,16.67
Legendary,203,armor,16.67
Legendary,203,generator,2.085
Legendary,203,core,21.6
Legendary,204,cannon,16.87
Legendary,204,armor,16.87
Legendary,204,generator,2.095
Legendary,204,core,21.85
Legendary,205,cannon,17.07
Legendary,205,armor,17.07
Legendary,205,generator,2.105
Legendary,205,core,22.1
Legendary,206,cannon,17.27
Legendary,206,armor,17.27
Legendary,206,generator,2.115
Legendary,206,core,22.35
Legendary,207,cannon,17.47
Legendary,207,armor,17.47
Legendary,207,generator,2.125
Legendary,207,core,22.6
Legendary,208,cannon,17.67
Legendary,208,armor,17.67
Legendary,208,generator,2.135
Legendary,208,core,22.85
Legendary,209,cannon,17.87
Legendary,209,armor,17.87
Legendary,209,generator,2.145
Legendary,209,core,23.1
Legendary,210,cannon,18.07
Legendary,210,armor,18.07
Legendary,210,generator,2.155
Legendary,210,core,23.35
Legendary,211,cannon,18.27
Legendary,211,armor,18.27
Legendary,211,generator,2.165
Legendary,211,core,23.6
Legendary,212,cannon,18.47
Legendary,212,armor,18.47
Legendary,212,generator,2.175
Legendary,212,core,23.85
Legendary,213,cannon,18.67
Legendary,213,armor,18.67
Legendary,213,generator,2.185
Legendary,213,core,24.1
Legendary,214,cannon,18.87
Legendary,214,armor,18.87
Legendary,214,generator,2.195
Legendary,214,core,24.35
Legendary,215,cannon,19.07
Legendary,215,armor,19.07
Legendary,215,generator,2.205
Legendary,215,core,24.6
Legendary,216,cannon,19.27
Legendary,216,armor,19.27
Legendary,216,generator,2.215
Legendary,216,core,24.85
Legendary,217,cannon,19.47
Legendary,217,armor,19.47
Legendary,217,generator,2.225
Legendary,217,core,25.1
Legendary,218,cannon,19.67
Legendary,218,armor,19.67
Legendary,218,generator,2.235
Legendary,218,core,25.35
Legendary,219,cannon,19.87
Legendary,219,armor,19.87
Legendary,219,generator,2.245
Legendary,219,core,25.6
Legendary,220,cannon,20.07
Legendary,220,armor,20.07
Legendary,220,generator,2.255
Legendary,220,core,25.85
Legendary,221,cannon,20.27
Legendary,221,armor,20.27
Legendary,221,generator,2.265
Legendary,221,core,26.1
Legendary,222,cannon,20.47
Legendary,222,armor,20.47
Legendary,222,generator,2.275
Legendary,222,core,26.35
Legendary,223,cannon,20.67
Legendary,223,armor,20.67
Legendary,223,generator,2.285
Legendary,223,core,26.6
Legendary,224,cannon,20.87
Legendary,224,armor,20.87
Legendary,224,generator,2.295
Legendary,224,core,26.85
Legendary,225,cannon,21.07
Legendary,225,armor,21.07
Legendary,225,generator,2.305
Legendary,225,core,27.1
Legendary,226,cannon,21.27
Legendary,226,armor,21.27
Legendary,226,generator,2.315
Legendary,226,core,27.35
Legendary,227,cannon,21.47
Legendary,227,armor,21.47
Legendary,227,generator,2.325
Legendary,227,core,27.6
Legendary,228,cannon,21.67
Legendary,228,armor,21.67
Legendary,228,generator,2.335
Legendary,228,core,27.85
Legendary,229,cannon,21.87
Legendary,229,armor,21.87
Legendary,229,generator,2.345
Legendary,229,core,28.1
Legendary,230,cannon,22.07
Legendary,230,armor,22.07
Legendary,230,generator,2.355
Legendary,230,core,28.35
Legendary,231,cannon,22.27
Legendary,231,armor,22.27
Legendary,231,generator,2.365
Legendary,231,core,28.6
Legendary,232,cannon,22.47
Legendary,232,armor,22.47
Legendary,232,generator,2.375
Legendary,232,core,28.85
Legendary,233,cannon,22.67
Legendary,233,armor,22.67
Legendary,233,generator,2.385
Legendary,233,core,29.1
Legendary,234,cannon,22.87
Legendary,234,armor,22.87
Legendary,234,generator,2.395
Legendary,234,core,29.35
Legendary,235,cannon,23.07
Legendary,235,armor,23.07
Legendary,235,generator,2.405
Legendary,235,core,29.6
Legendary,236,cannon,23.27
Legendary,236,armor,23.27
Legendary,236,generator,2.415
Legendary,236,core,29.85
Legendary,237,cannon,23.47
Legendary,237,armor,23.47
Legendary,237,generator,2.425
Legendary,237,core,30.1
Legendary,238,cannon,23.67
Legendary,238,armor,23.67
Legendary,238,generator,2.435
Legendary,238,core,30.35
Legendary,239,cannon,23.87
Legendary,239,armor,23.87
Legendary,239,generator,2.445
Legendary,239,core,30.6
Legendary,240,cannon,24.07
Legendary,240,armor,24.07
Legendary,240,generator,2.455
Legendary,240,core,30.85
Legendary,241,cannon,24.27
Legendary,241,armor,24.27
Legendary,241,generator,2.465
Legendary,241,core,31.1
Legendary,242,cannon,24.47
Legendary,242,armor,24.47
Legendary,242,generator,2.475
Legendary,242,core,31.35
Legendary,243,cannon,24.67
Legendary,243,armor,24.67
Legendary,243,generator,2.485
Legendary,243,core,31.6
Legendary,244,cannon,24.87
Legendary,244,armor,24.87
Legendary,244,generator,2.495
Legendary,244,core,31.85
Legendary,245,cannon,25.07
Legendary,245,armor,25.07
Legendary,245,generator,2.505
Legendary,245,core,32.1
Legendary,246,cannon,25.27
Legendary,246,armor,25.27
Legendary,246,generator,2.515
Legendary,246,core,32.35
Legendary,247,cannon,25.47
Legendary,247,armor,25.47
Legendary,247,generator,2.525
Legendary,247,core,32.6
Legendary,248,cannon,25.67
Legendary,248,armor,25.67
Legendary,248,generator,2.535
Legendary,248,core,32.85
Legendary,249,cannon,25.87
Legendary,249,armor,25.87
Legendary,249,generator,2.545
Legendary,249,core,33.1
Legendary,250,cannon,26.07
Legendary,250,armor,26.07
Legendary,250,generator,2.555
Legendary,250,core,33.35
Legendary,251,cannon,26.27
Legendary,251,armor,26.27
Legendary,251,generator,2.565
Legendary,251,core,33.6
Legendary,252,cannon,26.47
Legendary,252,armor,26.47
Legendary,252,generator,2.575
Legendary,252,core,33.85
Legendary,253,cannon,26.67
Legendary,253,armor,26.67
Legendary,253,generator,2.585
Legendary,253,core,34.1
Legendary,254,cannon,26.87
Legendary,254,armor,26.87
Legendary,254,generator,2.595
Legendary,254,core,34.35
Legendary,255,cannon,27.07
Legendary,255,armor,27.07
Legendary,255,generator,2.605
Legendary,255,core,34.6
Legendary,256,cannon,27.27
Legendary,256,armor,27.27
Legendary,256,generator,2.615
Legendary,256,core,34.85
Legendary,257,cannon,27.47
Legendary,257,armor,27.47
Legendary,257,generator,2.625
Legendary,257,core,35.1
Legendary,258,cannon,27.67
Legendary,258,armor,27.67
Legendary,258,generator,2.635
Legendary,258,core,35.35
Legendary,259,cannon,27.87
Legendary,259,armor,27.87
Legendary,259,generator,2.645
Legendary,259,core,35.6
Legendary,260,cannon,28.07
Legendary,260,armor,28.07
Legendary,260,generator,2.655
Legendary,260,core,35.85
Legendary,261,cannon,28.27
Legendary,261,armor,28.27
Legendary,261,generator,2.665
Legendary,261,core,36.1
Legendary,262,cannon,28.47
Legendary,262,armor,28.47
Legendary,262,generator,2.675
Legendary,262,core,36.35
Legendary,263,cannon,28.67
Legendary,263,armor,28.67
Legendary,263,generator,2.685
Legendary,263,core,36.6
Legendary,264,cannon,28.87
Legendary,264,armor,28.87
Legendary,264,generator,2.695
Legendary,264,core,36.85
Legendary,265,cannon,29.07
Legendary,265,armor,29.07
Legendary,265,generator,2.705
Legendary,265,core,37.1
Legendary,266,cannon,29.27
Legendary,266,armor,29.27
Legendary,266,generator,2.715
Legendary,266,core,37.35
Legendary,267,cannon,29.47
Legendary,267,armor,29.47
Legendary,267,generator,2.725
Legendary,267,core,37.6
Legendary,268,cannon,29.67
Legendary,268,armor,29.67
Legendary,268,generator,2.735
Legendary,268,core,37.85
Legendary,269,cannon,29.87
Legendary,269,armor,29.87
Legendary,269,generator,2.745
Legendary,269,core,38.1
Legendary,270,cannon,30.07
Legendary,270,armor,30.07
Legendary,270,generator,2.755
Legendary,270,core,38.35
Legendary,271,cannon,30.27
Legendary,271,armor,30.27
Legendary,271,generator,2.765
Legendary,271,core,38.6
Legendary,272,cannon,30.47
Legendary,272,armor,30.47
Legendary,272,generator,2.775
Legendary,272,core,38.85
Legendary,273,cannon,30.67
Legendary,273,armor,30.67
Legendary,273,generator,2.785
Legendary,273,core,39.1
Legendary,274,cannon,30.87
Legendary,274,armor,30.87
Legendary,274,generator,2.795
Legendary,274,core,39.35
Legendary,275,cannon,31.07
Legendary,275,armor,31.07
Legendary,275,generator,2.805
Legendary,275,core,39.6
Legendary,276,cannon,31.27
Legendary,276,armor,31.27
Legendary,276,generator,2.815
Legendary,276,core,39.85
Legendary,277,cannon,31.47
Legendary,277,armor,31.47
Legendary,277,generator,2.825
Legendary,277,core,40.1
Legendary,278,cannon,31.67
Legendary,278,armor,31.67
Legendary,278,generator,2.835
Legendary,278,core,40.35
Legendary,279,cannon,31.87
Legendary,279,armor,31.87
Legendary,279,generator,2.845
Legendary,279,core,40.6
Legendary,280,cannon,32.07
Legendary,280,armor,32.07
Legendary,280,generator,2.855
Legendary,280,core,40.85
Legendary,281,cannon,32.27
Legendary,281,armor,32.27
Legendary,281,generator,2.865
Legendary,281,core,41.1
Legendary,282,cannon,32.47
Legendary,282,armor,32.47
Legendary,282,generator,2.875
Legendary,282,core,41.35
Legendary,283,cannon,32.67
Legendary,283,armor,32.67
Legendary,283,generator,2.885
Legendary,283,core,41.6
Legendary,284,cannon,32.87
Legendary,284,armor,32.87
Legendary,284,generator,2.895
Legendary,284,core,41.85
Legendary,285,cannon,33.07
Legendary,285,armor,33.07
Legendary,285,generator,2.905
Legendary,285,core,42.1
Legendary,286,cannon,33.27
Legendary,286,armor,33.27
Legendary,286,generator,2.915
Legendary,286,core,42.35
Legendary,287,cannon,33.47
Legendary,287,armor,33.47
Legendary,287,generator,2.925
Legendary,287,core,42.6
Legendary,288,cannon,33.67
Legendary,288,armor,33.67
Legendary,288,generator,2.935
Legendary,288,core,42.85
Legendary,289,cannon,33.87
Legendary,289,armor,33.87
Legendary,289,generator,2.945
Legendary,289,core,43.1
Legendary,290,cannon,34.07
Legendary,290,armor,34.07
Legendary,290,generator,2.955
Legendary,290,core,43.35
Legendary,291,cannon,34.27
Legendary,291,armor,34.27
Legendary,291,generator,2.965
Legendary,291,core,43.6
Legendary,292,cannon,34.47
Legendary,292,armor,34.47
Legendary,292,generator,2.975
Legendary,292,core,43.85
Legendary,293,cannon,34.67
Legendary,293,armor,34.67
Legendary,293,generator,2.985
Legendary,293,core,44.1
Legendary,294,cannon,34.87
Legendary,294,armor,34.87
Legendary,294,generator,2.995
Legendary,294,core,44.35
Legendary,295,cannon,35.07
Legendary,295,armor,35.07
Legendary,295,generator,3.005
Legendary,295,core,44.6
Legendary,296,cannon,35.27
Legendary,296,armor,35.27
Legendary,296,generator,3.015
Legendary,296,core,44.85
Legendary,297,cannon,35.47
Legendary,297,armor,35.47
Legendary,297,generator,3.025
Legendary,297,core,45.1
Legendary,298,cannon,35.67
Legendary,298,armor,35.67
Legendary,298,generator,3.035
Legendary,298,core,45.35
Legendary,299,cannon,35.87
Legendary,299,armor,35.87
Legendary,299,generator,3.045
Legendary,299,core,45.6
Legendary,300,cannon,36.07
Legendary,300,armor,36.07
Legendary,300,generator,3.055
Legendary,300,core,45.85
Legendary+,1,cannon,1.162
Legendary+,1,armor,1.162
Legendary+,1,generator,1.029
Legendary+,1,core,1.26
Legendary+,2,cannon,1.164
Legendary+,2,armor,1.164
Legendary+,2,generator,1.03
Legendary+,2,core,1.27
Legendary+,3,cannon,1.166
Legendary+,3,armor,1.166
Legendary+,3,generator,1.031
Legendary+,3,core,1.28
Legendary+,4,cannon,1.168
Legendary+,4,armor,1.168
Legendary+,4,generator,1.032
Legendary+,4,core,1.29
Legendary+,5,cannon,1.17
Legendary+,5,armor,1.17
Legendary+,5,generator,1.033
Legendary+,5,core,1.3
Legendary+,6,cannon,1.172
Legendary+,6,armor,1.172
Legendary+,6,generator,1.034
Legendary+,6,core,1.31
Legendary+,7,cannon,1.174
Legendary+,7,armor,1.174
Legendary+,7,generator,1.035
Legendary+,7,core,1.32
Legendary+,8,cannon,1.176
Legendary+,8,armor,1.176
Legendary+,8,generator,1.036
Legendary+,8,core,1.33
Legendary+,9,cannon,1.178
Legendary+,9,armor,1.178
Legendary+,9,generator,1.037
Legendary+,9,core,1.34
Legendary+,10,cannon,1.18
Legendary+,10,armor,1.18
Legendary+,10,generator,1.038
Legendary+,10,core,1.35
Legendary+,11,cannon,1.182
Legendary+,11,armor,1.182
Legendary+,11,generator,1.039
Legendary+,11,core,1.36
Legendary+,12,cannon,1.184
Legendary+,12,armor,1.184
Legendary+,12,generator,1.04
Legendary+,12,core,1.37
Legendary+,13,cannon,1.186
Legendary+,13,armor,1.186
Legendary+,13,generator,1.041
Legendary+,13,core,1.38
Legendary+,14,cannon,1.188
Legendary+,14,armor,1.188
Legendary+,14,generator,1.042
Legendary+,14,core,1.39
Legendary+,15,cannon,1.19
Legendary+,15,armor,1.19
Legendary+,15,generator,1.043
Legendary+,15,core,1.4
Legendary+,16,cannon,1.192
Legendary+,16,armor,1.192
Legendary+,16,generator,1.044
Legendary+,16,core,1.41
Legendary+,17,cannon,1.194
Legendary+,17,armor,1.194
Legendary+,17,generator,1.045
Legendary+,17,core,1.42
Legendary+,18,cannon,1.196
Legendary+,18,armor,1.196
Legendary+,18,generator,1.046
Legendary+,18,core,1.43
Legendary+,19,cannon,1.198
Legendary+,19,armor,1.198
Legendary+,19,generator,1.047
Legendary+,19,core,1.44
Legendary+,20,cannon,1.2
Legendary+,20,armor,1.2
Legendary+,20,generator,1.048
Legendary+,20,core,1.45
Legendary+,21,cannon,1.204
Legendary+,21,armor,1.204
Legendary+,21,generator,1.049
Legendary+,21,core,1.465
Legendary+,22,cannon,1.208
Legendary+,22,armor,1.208
Legendary+,22,generator,1.05
Legendary+,22,core,1.48
Legendary+,23,cannon,1.212
Legendary+,23,armor,1.212
Legendary+,23,generator,1.051
Legendary+,23,core,1.495
Legendary+,24,cannon,1.216
Legendary+,24,armor,1.216
Legendary+,24,generator,1.052
Legendary+,24,core,1.51
Legendary+,25,cannon,1.22
Legendary+,25,armor,1.22
Legendary+,25,generator,1.053
Legendary+,25,core,1.525
Legendary+,26,cannon,1.224
Legendary+,26,armor,1.224
Legendary+,26,generator,1.054
Legendary+,26,core,1.54
Legendary+,27,cannon,1.228
Legendary+,27,armor,1.228
Legendary+,27,generator,1.055
Legendary+,27,core,1.555
Legendary+,28,cannon,1.232
Legendary+,28,armor,1.232
Legendary+,28,generator,1.056
Legendary+,28,core,1.57
Legendary+,29,cannon,1.236
Legendary+,29,armor,1.236
Legendary+,29,generator,1.057
Legendary+,29,core,1.585
Legendary+,30,cannon,1.24
Legendary+,30,armor,1.24
Legendary+,30,generator,1.058
Legendary+,30,core,1.6
Legendary+,31,cannon,1.246
Legendary+,31,armor,1.246
Legendary+,31,generator,1.06
Legendary+,31,core,1.62
Legendary+,32,cannon,1.252
Legendary+,32,armor,1.252
Legendary+,32,generator,1.062
Legendary+,32,core,1.64
Legendary+,33,cannon,1.258
Legendary+,33,armor,1.258
Legendary+,33,generator,1.064
Legendary+,33,core,1.66
Legendary+,34,cannon,1.264
Legendary+,34,armor,1.264
Legendary+,34,generator,1.066
Legendary+,34,core,1.68
Legendary+,35,cannon,1.27
Legendary+,35,armor,1.27
Legendary+,35,generator,1.068
Legendary+,35,core,1.7
Legendary+,36,cannon,1.276
Legendary+,36,armor,1.276
Legendary+,36,generator,1.07
Legendary+,36,core,1.72
Legendary+,37,cannon,1.282
Legendary+,37,armor,1.282
Legendary+,37,generator,1.072
Legendary+,37,core,1.74
Legendary+,38,cannon,1.288
Legendary+,38,armor,1.288
Legendary+,38,generator,1.074
Legendary+,38,core,1.76
Legendary+,39,cannon,1.294
Legendary+,39,armor,1.294
Legendary+,39,generator,1.076
Legendary+,39,core,1.78
Legendary+,40,cannon,1.3
Legendary+,40,armor,1.3
Legendary+,40,generator,1.078
Legendary+,40,core,1.8
Legendary+,41,cannon,1.308
Legendary+,41,armor,1.308
Legendary+,41,generator,1.081
Legendary+,41,core,1.825
Legendary+,42,cannon,1.316
Legendary+,42,armor,1.316
Legendary+,42,generator,1.084
Legendary+,42,core,1.85
Legendary+,43,cannon,1.324
Legendary+,43,armor,1.324
Legendary+,43,generator,1.087
Legendary+,43,core,1.875
Legendary+,44,cannon,1.332
Legendary+,44,armor,1.332
Legendary+,44,generator,1.09
Legendary+,44,core,1.9
Legendary+,45,cannon,1.34
Legendary+,45,armor,1.34
Legendary+,45,generator,1.093
Legendary+,45,core,1.925
Legendary+,46,cannon,1.348
Legendary+,46,armor,1.348
Legendary+,46,generator,1.096
Legendary+,46,core,1.95
Legendary+,47,cannon,1.356
Legendary+,47,armor,1.356
Legendary+,47,generator,1.099
Legendary+,47,core,1.975
Legendary+,48,cannon,1.364
Legendary+,48,armor,1.364
Legendary+,48,generator,1.102
Legendary+,48,core,2.0
Legendary+,49,cannon,1.372
Legendary+,49,armor,1.372
Legendary+,49,generator,1.105
Legendary+,49,core,2.025
Legendary+,50,cannon,1.38
Legendary+,50,armor,1.38
Legendary+,50,generator,1.108
Legendary+,50,core,2.05
Legendary+,51,cannon,1.388
Legendary+,51,armor,1.388
Legendary+,51,generator,1.111
Legendary+,51,core,2.075
Legendary+,52,cannon,1.396
Legendary+,52,armor,1.396
Legendary+,52,generator,1.114
Legendary+,52,core,2.1
Legendary+,53,cannon,1.404
Legendary+,53,armor,1.404
Legendary+,53,generator,1.117
Legendary+,53,core,2.125
Legendary+,54,cannon,1.412
Legendary+,54,armor,1.412
Legendary+,54,generator,1.12
Legendary+,54,core,2.15
Legendary+,55,cannon,1.42
Legendary+,55,armor,1.42
Legendary+,55,generator,1.123
Legendary+,55,core,2.175
Legendary+,56,cannon,1.428
Legendary+,56,armor,1.428
Legendary+,56,generator,1.126
Legendary+,56,core,2.2
Legendary+,57,cannon,1.436
Legendary+,57,armor,1.436
Legendary+,57,generator,1.129
Legendary+,57,core,2.225
Legendary+,58,cannon,1.444
Legendary+,58,armor,1.444
Legendary+,58,generator,1.132
Legendary+,58,core,2.25
Legendary+,59,cannon,1.452
Legendary+,59,armor,1.452
Legendary+,59,generator,1.135
Legendary+,59,core,2.275
Legendary+,60,cannon,1.46
Legendary+,60,armor,1.46
Legendary+,60,generator,1.138
Legendary+,60,core,2.3
Legendary+,61,cannon,1.472
Legendary+,61,armor,1.472
Legendary+,61,generator,1.141
Legendary+,61,core,2.33
Legendary+,62,cannon,1.484
Legendary+,62,armor,1.484
Legendary+,62,generator,1.144
Legendary+,62,core,2.36
Legendary+,63,cannon,1.496
Legendary+,63,armor,1.496
Legendary+,63,generator,1.147
Legendary+,63,core,2.39
Legendary+,64,cannon,1.508
Legendary+,64,armor,1.508
Legendary+,64,generator,1.15
Legendary+,64,core,2.42
Legendary+,65,cannon,1.52
Legendary+,65,armor,1.52
Legendary+,65,generator,1.153
Legendary+,65,core,2.45
Legendary+,66,cannon,1.532
Legendary+,66,armor,1.532
Legendary+,66,generator,1.156
Legendary+,66,core,2.48
Legendary+,67,cannon,1.544
Legendary+,67,armor,1.544
Legendary+,67,generator,1.159
Legendary+,67,core,2.51
Legendary+,68,cannon,1.556
Legendary+,68,armor,1.556
Legendary+,68,generator,1.162
Legendary+,68,core,2.54
Legendary+,69,cannon,1.568
Legendary+,69,armor,1.568
Legendary+,69,generator,1.165
Legendary+,69,core,2.57
Legendary+,70,cannon,1.58
Legendary+,70,armor,1.58
Legendary+,70,generator,1.168
Legendary+,70,core,2.6
Legendary+,71,cannon,1.592
Legendary+,71,armor,1.592
Legendary+,71,generator,1.171
Legendary+,71,core,2.63
Legendary+,72,cannon,1.604
Legendary+,72,armor,1.604
Legendary+,72,generator,1.174
Legendary+,72,core,2.66
Legendary+,73,cannon,1.616
Legendary+,73,armor,1.616
Legendary+,73,generator,1.177
Legendary+,73,core,2.69
Legendary+,74,cannon,1.628
Legendary+,74,armor,1.628
Legendary+,74,generator,1.18
Legendary+,74,core,2.72
Legendary+,75,cannon,1.64
Legendary+,75,armor,1.64
Legendary+,75,generator,1.183
Legendary+,75,core,2.75
Legendary+,76,cannon,1.652
Legendary+,76,armor,1.652
Legendary+,76,generator,1.186
Legendary+,76,core,2.78
Legendary+,77,cannon,1.664
Legendary+,77,armor,1.664
Legendary+,77,generator,1.189
Legendary+,77,core,2.81
Legendary+,78,cannon,1.676
Legendary+,78,armor,1.676
Legendary+,78,generator,1.192
Legendary+,78,core,2.84
Legendary+,79,cannon,1.688
Legendary+,79,armor,1.688
Legendary+,79,generator,1.195
Legendary+,79,core,2.87
Legendary+,80,cannon,1.7
Legendary+,80,armor,1.7
Legendary+,80,generator,1.198
Legendary+,80,core,2.9
Legendary+,81,cannon,1.73
Legendary+,81,armor,1.73
Legendary+,81,generator,1.202
Legendary+,81,core,2.95
Legendary+,82,cannon,1.76
Legendary+,82,armor,1.76
Legendary+,82,generator,1.206
Legendary+,82,core,3.0
Legendary+,83,cannon,1.79
Legendary+,83,armor,1.79
Legendary+,83,generator,1.21
Legendary+,83,core,3.05
Legendary+,84,cannon,1.82
Legendary+,84,armor,1.82
Legendary+,84,generator,1.214
Legendary+,84,core,3.1
Legendary+,85,cannon,1.85
Legendary+,85,armor,1.85
Legendary+,85,generator,1.218
Legendary+,85,core,3.15
Legendary+,86,cannon,1.88
Legendary+,86,armor,1.88
Legendary+,86,generator,1.222
Legendary+,86,core,3.2
Legendary+,87,cannon,1.91
Legendary+,87,armor,1.91
Legendary+,87,generator,1.226
Legendary+,87,core,3.25
Legendary+,88,cannon,1.94
Legendary+,88,armor,1.94
Legendary+,88,generator,1.23
Legendary+,88,core,3.3
Legendary+,89,cannon,1.97
Legendary+,89,armor,1.97
Legendary+,89,generator,1.234
Legendary+,89,core,3.35
Legendary+,90,cannon,2.0
Legendary+,90,armor,2.0
Legendary+,90,generator,1.238
Legendary+,90,core,3.4
Legendary+,91,cannon,2.03
Legendary+,91,armor,2.03
Legendary+,91,generator,1.242
Legendary+,91,core,3.45
Legendary+,92,cannon,2.06
Legendary+,92,armor,2.06
Legendary+,92,generator,1.246
Legendary+,92,core,3.5
Legendary+,93,cannon,2.09
Legendary+,93,armor,2.09
Legendary+,93,generator,1.25
Legendary+,93,core,3.55
Legendary+,94,cannon,2.12
Legendary+,94,armor,2.12
Legendary+,94,generator,1.254
Legendary+,94,core,3.6
Legendary+,95,cannon,2.15
Legendary+,95,armor,2.15
Legendary+,95,generator,1.258
Legendary+,95,core,3.65
Legendary+,96,cannon,2.18
Legendary+,96,armor,2.18
Legendary+,96,generator,1.262
Legendary+,96,core,3.7
Legendary+,97,cannon,2.21
Legendary+,97,armor,2.21
Legendary+,97,generator,1.266
Legendary+,97,core,3.75
Legendary+,98,cannon,2.24
Legendary+,98,armor,2.24
Legendary+,98,generator,1.27
Legendary+,98,core,3.8
Legendary+,99,cannon,2.27
Legendary+,99,armor,2.27
Legendary+,99,generator,1.274
Legendary+,99,core,3.85
Legendary+,100,cannon,2.3
Legendary+,100,armor,2.3
Legendary+,100,generator,1.278
Legendary+,100,core,3.9
Legendary+,101,cannon,2.37
Legendary+,101,armor,2.37
Legendary+,101,generator,1.283
Legendary+,101,core,3.98
Legendary+,102,cannon,2.44
Legendary+,102,armor,2.44
Legendary+,102,generator,1.288
Legendary+,102,core,4.06
Legendary+,103,cannon,2.51
Legendary+,103,armor,2.51
Legendary+,103,generator,1.293
Legendary+,103,core,4.14
Legendary+,104,cannon,2.58
Legendary+,104,armor,2.58
Legendary+,104,generator,1.298
Legendary+,104,core,4.22
Legendary+,105,cannon,2.65
Legendary+,105,armor,2.65
Legendary+,105,generator,1.303
Legendary+,105,core,4.3
Legendary+,106,cannon,2.72
Legendary+,106,armor,2.72
Legendary+,106,generator,1.308
Legendary+,106,core,4.38
Legendary+,107,cannon,2.79
Legendary+,107,armor,2.79
Legendary+,107,generator,1.313
Legendary+,107,core,4.46
Legendary+,108,cannon,2.86
Legendary+,108,armor,2.86
Legendary+,108,generator,1.318
Legendary+,108,core,4.54
Legendary+,109,cannon,2.93
Legendary+,109,armor,2.93
Legendary+,109,generator,1.323
Legendary+,109,core,4.62
Legendary+,110,cannon,3.0
Legendary+,110,armor,3.0
Legendary+,110,generator,1.328
Legendary+,110,core,4.7
Legendary+,111,cannon,3.07
Legendary+,111,armor,3.07
Legendary+,111,generator,1.333
Legendary+,111,core,4.78
Legendary+,112,cannon,3.14
Legendary+,112,armor,3.14
Legendary+,112,generator,1.338
Legendary+,112,core,4.86
Legendary+,113,cannon,3.21
Legendary+,113,armor,3.21
Legendary+,113,generator,1.343
Legendary+,113,core,4.94
Legendary+,114,cannon,3.28
Legendary+,114,armor,3.28
Legendary+,114,generator,1.348
Legendary+,114,core,5.02
Legendary+,115,cannon,3.35
Legendary+,115,armor,3.35
Legendary+,115,generator,1.353
Legendary+,115,core,5.1
Legendary+,116,cannon,3.42
Legendary+,116,armor,3.42
Legendary+,116,generator,1.358
Legendary+,116,core,5.18
Legendary+,117,cannon,3.49
Legendary+,117,armor,3.49
Legendary+,117,generator,1.363
Legendary+,117,core,5.26
Legendary+,118,cannon,3.56
Legendary+,118,armor,3.56
Legendary+,118,generator,1.368
Legendary+,118,core,5.34
Legendary+,119,cannon,3.63
Legendary+,119,armor,3.63
Legendary+,119,generator,1.373
Legendary+,119,core,5.42
Legendary+,120,cannon,3.7
Legendary+,120,armor,3.7
Legendary+,120,generator,1.378
Legendary+,120,core,5.5
Legendary+,121,cannon,3.8
Legendary+,121,armor,3.8
Legendary+,121,generator,1.384
Legendary+,121,core,5.62
Legendary+,122,cannon,3.9
Legendary+,122,armor,3.9
Legendary+,122,generator,1.39
Legendary+,122,core,5.74
Legendary+,123,cannon,4.0
Legendary+,123,armor,4.0
Legendary+,123,generator,1.396
Legendary+,123,core,5.86
Legendary+,124,cannon,4.1
Legendary+,124,armor,4.1
Legendary+,124,generator,1.402
Legendary+,124,core,5.98
Legendary+,125,cannon,4.2
Legendary+,125,armor,4.2
Legendary+,125,generator,1.408
Legendary+,125,core,6.1
Legendary+,126,cannon,4.3
Legendary+,126,armor,4.3
Legendary+,126,generator,1.414
Legendary+,126,core,6.22
Legendary+,127,cannon,4.4
Legendary+,127,armor,4.4
Legendary+,127,generator,1.42
Legendary+,127,core,6.34
Legendary+,128,cannon,4.5
Legendary+,128,armor,4.5
Legendary+,128,generator,1.426
Legendary+,128,core,6.46
Legendary+,129,cannon,4.6
Legendary+,129,armor,4.6
Legendary+,129,generator,1.432
Legendary+,129,core,6.58
Legendary+,130,cannon,4.7
Legendary+,130,armor,4.7
Legendary+,130,generator,1.438
Legendary+,130,core,6.7
Legendary+,131,cannon,4.8
Legendary+,131,armor,4.8
Legendary+,131,generator,1.444
Legendary+,131,core,6.82
Legendary+,132,cannon,4.9
Legendary+,132,armor,4.9
Legendary+,132,generator,1.45
Legendary+,132,core,6.94
Legendary+,133,cannon,5.0
Legendary+,133,armor,5.0
Legendary+,133,generator,1.456
Legendary+,133,core,7.06
Legendary+,134,cannon,5.1
Legendary+,134,armor,5.1
Legendary+,134,generator,1.462
Legendary+,134,core,7.18
Legendary+,135,cannon,5.2
Legendary+,135,armor,5.2
Legendary+,135,generator,1.468
Legendary+,135,core,7.3
Legendary+,136,cannon,5.3
Legendary+,136,armor,5.3
Legendary+,136,generator,1.474
Legendary+,136,core,7.42
Legendary+,137,cannon,5.4
Legendary+,137,armor,5.4
Legendary+,137,generator,1.48
Legendary+,137,core,7.54
Legendary+,138,cannon,5.5
Legendary+,138,armor,5.5
Legendary+,138,generator,1.486
Legendary+,138,core,7.66
Legendary+,139,cannon,5.6
Legendary+,139,armor,5.6
Legendary+,139,generator,1.492
Legendary+,139,core,7.78
Legendary+,140,cannon,5.7
Legendary+,140,armor,5.7
Legendary+,140,generator,1.498
Legendary+,140,core,7.9
Legendary+,141,cannon,5.82
Legendary+,141,armor,5.82
Legendary+,141,generator,1.506
Legendary+,141,core,8.05
Legendary+,142,cannon,5.94
Legendary+,142,armor,5.94
Legendary+,142,generator,1.514
Legendary+,142,core,8.2
Legendary+,143,cannon,6.06
Legendary+,143,armor,6.06
Legendary+,143,generator,1.522
Legendary+,143,core,8.35
Legendary+,144,cannon,6.18
Legendary+,144,armor,6.18
Legendary+,144,generator,1.53
Legendary+,144,core,8.5
Legendary+,145,cannon,6.3
Legendary+,145,armor,6.3
Legendary+,145,generator,1.538
Legendary+,145,core,8.65
Legendary+,146,cannon,6.42
Legendary+,146,armor,6.42
Legendary+,146,generator,1.546
Legendary+,146,core,8.8
Legendary+,147,cannon,6.54
Legendary+,147,armor,6.54
Legendary+,147,generator,1.554
Legendary+,147,core,8.95
Legendary+,148,cannon,6.66
Legendary+,148,armor,6.66
Legendary+,148,generator,1.562
Legendary+,148,core,9.1
Legendary+,149,cannon,6.78
Legendary+,149,armor,6.78
Legendary+,149,generator,1.57
Legendary+,149,core,9.25
Legendary+,150,cannon,6.9
Legendary+,150,armor,6.9
Legendary+,150,generator,1.578
Legendary+,150,core,9.4
Legendary+,151,cannon,7.02
Legendary+,151,armor,7.02
Legendary+,151,generator,1.586
Legendary+,151,core,9.55
Legendary+,152,cannon,7.14
Legendary+,152,armor,7.14
Legendary+,152,generator,1.594
Legendary+,152,core,9.7
Legendary+,153,cannon,7.26
Legendary+,153,armor,7.26
Legendary+,153,generator,1.602
Legendary+,153,core,9.85
Legendary+,154,cannon,7.38
Legendary+,154,armor,7.38
Legendary+,154,generator,1.61
Legendary+,154,core,10.0
Legendary+,155,cannon,7.5
Legendary+,155,armor,7.5
Legendary+,155,generator,1.618
Legendary+,155,core,10.15
Legendary+,156,cannon,7.62
Legendary+,156,armor,7.62
Legendary+,156,generator,1.626
Legendary+,156,core,10.3
Legendary+,157,cannon,7.74
Legendary+,157,armor,7.74
Legendary+,157,generator,1.634
Legendary+,157,core,10.45
Legendary+,158,cannon,7.86
Legendary+,158,armor,7.86
Legendary+,158,generator,1.642
Legendary+,158,core,10.6
Legendary+,159,cannon,7.98
Legendary+,159,armor,7.98
Legendary+,159,generator,1.65
Legendary+,159,core,10.75
Legendary+,160,cannon,8.1
Legendary+,160,armor,8.1
Legendary+,160,generator,1.658
Legendary+,160,core,10.9
Legendary+,161,cannon,8.3
Legendary+,161,armor,8.3
Legendary+,161,generator,1.668
Legendary+,161,core,11.15
Legendary+,162,cannon,8.5
Legendary+,162,armor,8.5
Legendary+,162,generator,1.678
Legendary+,162,core,11.4
Legendary+,163,cannon,8.7
Legendary+,163,armor,8.7
Legendary+,163,generator,1.688
Legendary+,163,core,11.65
Legendary+,164,cannon,8.9
Legendary+,164,armor,8.9
Legendary+,164,generator,1.698
Legendary+,164,core,11.9
Legendary+,165,cannon,9.1
Legendary+,165,armor,9.1
Legendary+,165,generator,1.708
Legendary+,165,core,12.15
Legendary+,166,cannon,9.3
Legendary+,166,armor,9.3
Legendary+,166,generator,1.718
Legendary+,166,core,12.4
Legendary+,167,cannon,9.5
Legendary+,167,armor,9.5
Legendary+,167,generator,1.728
Legendary+,167,core,12.65
Legendary+,168,cannon,9.7
Legendary+,168,armor,9.7
Legendary+,168,generator,1.738
Legendary+,168,core,12.9
Legendary+,169,cannon,9.9
Legendary+,169,armor,9.9
Legendary+,169,generator,1.748
Legendary+,169,core,13.15
Legendary+,170,cannon,10.1
Legendary+,170,armor,10.1
Legendary+,170,generator,1.758
Legendary+,170,core,13.4
Legendary+,171,cannon,10.3
Legendary+,171,armor,10.3
Legendary+,171,generator,1.768
Legendary+,171,core,13.65
Legendary+,172,cannon,10.5
Legendary+,172,armor,10.5
Legendary+,172,generator,1.778
Legendary+,172,core,13.9
Legendary+,173,cannon,10.7
Legendary+,173,armor,10.7
Legendary+,173,generator,1.788
Legendary+,173,core,14.15
Legendary+,174,cannon,10.9
Legendary+,174,armor,10.9
Legendary+,174,generator,1.798
Legendary+,174,core,14.4
Legendary+,175,cannon,11.1
Legendary+,175,armor,11.1
Legendary+,175,generator,1.808
Legendary+,175,core,14.65
Legendary+,176,cannon,11.3
Legendary+,176,armor,11.3
Legendary+,176,generator,1.818
Legendary+,176,core,14.9
Legendary+,177,cannon,11.5
Legendary+,177,armor,11.5
Legendary+,177,generator,1.828
Legendary+,177,core,15.15
Legendary+,178,cannon,11.7
Legendary+,178,armor,11.7
Legendary+,178,generator,1.838
Legendary+,178,core,15.4
Legendary+,179,cannon,11.9
Legendary+,179,armor,11.9
Legendary+,179,generator,1.848
Legendary+,179,core,15.65
Legendary+,180,cannon,12.1
Legendary+,180,armor,12.1
Legendary+,180,generator,1.858
Legendary+,180,core,15.9
Legendary+,181,cannon,12.3
Legendary+,181,armor,12.3
Legendary+,181,generator,1.868
Legendary+,181,core,16.15
Legendary+,182,cannon,12.5
Legendary+,182,armor,12.5
Legendary+,182,generator,1.878
Legendary+,182,core,16.4
Legendary+,183,cannon,12.7
Legendary+,183,armor,12.7
Legendary+,183,generator,1.888
Legendary+,183,core,16.65
Legendary+,184,cannon,12.9
Legendary+,184,armor,12.9
Legendary+,184,generator,1.898
Legendary+,184,core,16.9
Legendary+,185,cannon,13.1
Legendary+,185,armor,13.1
Legendary+,185,generator,1.908
Legendary+,185,core,17.15
Legendary+,186,cannon,13.3
Legendary+,186,armor,13.3
Legendary+,186,generator,1.918
Legendary+,186,core,17.4
Legendary+,187,cannon,13.5
Legendary+,187,armor,13.5
Legendary+,187,generator,1.928
Legendary+,187,core,17.65
Legendary+,188,cannon,13.7
Legendary+,188,armor,13.7
Legendary+,188,generator,1.938
Legendary+,188,core,17.9
Legendary+,189,cannon,13.9
Legendary+,189,armor,13.9
Legendary+,189,generator,1.948
Legendary+,189,core,18.15
Legendary+,190,cannon,14.1
Legendary+,190,armor,14.1
Legendary+,190,generator,1.958
Legendary+,190,core,18.4
Legendary+,191,cannon,14.3
Legendary+,191,armor,14.3
Legendary+,191,generator,1.968
Legendary+,191,core,18.65
Legendary+,192,cannon,14.5
Legendary+,192,armor,14.5
Legendary+,192,generator,1.978
Legendary+,192,core,18.9
Legendary+,193,cannon,14.7
Legendary+,193,armor,14.7
Legendary+,193,generator,1.988
Legendary+,193,core,19.15
Legendary+,194,cannon,14.9
Legendary+,194,armor,14.9
Legendary+,194,generator,1.998
Legendary+,194,core,19.4
Legendary+,195,cannon,15.1
Legendary+,195,armor,15.1
Legendary+,195,generator,2.008
Legendary+,195,core,19.65
Legendary+,196,cannon,15.3
Legendary+,196,armor,15.3
Legendary+,196,generator,2.018
Legendary+,196,core,19.9
Legendary+,197,cannon,15.5
Legendary+,197,armor,15.5
Legendary+,197,generator,2.028
Legendary+,197,core,20.15
Legendary+,198,cannon,15.7
Legendary+,198,armor,15.7
Legendary+,198,generator,2.038
Legendary+,198,core,20.4
Legendary+,199,cannon,15.9
Legendary+,199,armor,15.9
Legendary+,199,generator,2.048
Legendary+,199,core,20.65
Legendary+,200,cannon,16.1
Legendary+,200,armor,16.1
Legendary+,200,generator,2.058
Legendary+,200,core,20.9
Legendary+,201,cannon,16.3
Legendary+,201,armor,16.3
Legendary+,201,generator,2.068
Legendary+,201,core,21.15
Legendary+,202,cannon,16.5
Legendary+,202,armor,16.5
Legendary+,202,generator,2.078
Legendary+,202,core,21.4
Legendary+,203,cannon,16.7
Legendary+,203,armor,16.7
Legendary+,203,generator,2.088
Legendary+,203,core,21.65
Legendary+,204,cannon,16.9
Legendary+,204,armor,16.9
Legendary+,204,generator,2.098
Legendary+,204,core,21.9
Legendary+,205,cannon,17.1
Legendary+,205,armor,17.1
Legendary+,205,generator,2.108
Legendary+,205,core,22.15
Legendary+,206,cannon,17.3
Legendary+,206,armor,17.3
Legendary+,206,generator,2.118
Legendary+,206,core,22.4
Legendary+,207,cannon,17.5
Legendary+,207,armor,17.5
Legendary+,207,generator,2.128
Legendary+,207,core,22.65
Legendary+,208,cannon,17.7
Legendary+,208,armor,17.7
Legendary+,208,generator,2.138
Legendary+,208,core,22.9
Legendary+,209,cannon,17.9
Legendary+,209,armor,17.9
Legendary+,209,generator,2.148
Legendary+,209,core,23.15
Legendary+,210,cannon,18.1
Legendary+,210,armor,18.1
Legendary+,210,generator,2.158
Legendary+,210,core,23.4
Legendary+,211,cannon,18.3
Legendary+,211,armor,18.3
Legendary+,211,generator,2.168
Legendary+,211,core,23.65
Legendary+,212,cannon,18.5
Legendary+,212,armor,18.5
Legendary+,212,generator,2.178
Legendary+,212,core,23.9
Legendary+,213,cannon,18.7
Legendary+,213,armor,18.7
Legendary+,213,generator,2.188
Legendary+,213,core,24.15
Legendary+,214,cannon,18.9
Legendary+,214,armor,18.9
Legendary+,214,generator,2.198
Legendary+,214,core,24.4
Legendary+,215,cannon,19.1
Legendary+,215,armor,19.1
Legendary+,215,generator,2.208
Legendary+,215,core,24.65
Legendary+,216,cannon,19.3
Legendary+,216,armor,19.3
Legendary+,216,generator,2.218
Legendary+,216,core,24.9
Legendary+,217,cannon,19.5
Legendary+,217,armor,19.5
Legendary+,217,generator,2.228
Legendary+,217,core,25.15
Legendary+,218,cannon,19.7
Legendary+,218,armor,19.7
Legendary+,218,generator,2.238
Legendary+,218,core,25.4
Legendary+,219,cannon,19.9
Legendary+,219,armor,19.9
Legendary+,219,generator,2.248
Legendary+,219,core,25.65
Legendary+,220,cannon,20.1
Legendary+,220,armor,20.1
Legendary+,220,generator,2.258
Legendary+,220,core,25.9
Legendary+,221,cannon,20.3
Legendary+,221,armor,20.3
Legendary+,221,generator,2.268
Legendary+,221,core,26.15
Legendary+,222,cannon,20.5
Legendary+,222,armor,20.5
Legendary+,222,generator,2.278
Legendary+,222,core,26.4
Legendary+,223,cannon,20.7
Legendary+,223,armor,20.7
Legendary+,223,generator,2.288
Legendary+,223,core,26.65
Legendary+,224,cannon,20.9
Legendary+,224,armor,20.9
Legendary+,224,generator,2.298
Legendary+,224,core,26.9
Legendary+,225,cannon,21.1
Legendary+,225,armor,21.1
Legendary+,225,generator,2.308
Legendary+,225,core,27.15
Legendary+,226,cannon,21.3
Legendary+,226,armor,21.3
Legendary+,226,generator,2.318
Legendary+,226,core,27.4
Legendary+,227,cannon,21.5
Legendary+,227,armor,21.5
Legendary+,227,generator,2.328
Legendary+,227,core,27.65
Legendary+,228,cannon,21.7
Legendary+,228,armor,21.7
Legendary+,228,generator,2.338
Legendary+,228,core,27.9
Legendary+,229,cannon,21.9
Legendary+,229,armor,21.9
Legendary+,229,generator,2.348
Legendary+,229,core,28.15
Legendary+,230,cannon,22.1
Legendary+,230,armor,22.1
Legendary+,230,generator,2.358
Legendary+,230,core,28.4
Legendary+,231,cannon,22.3
Legendary+,231,armor,22.3
Legendary+,231,generator,2.368
Legendary+,231,core,28.65
Legendary+,232,cannon,22.5
Legendary+,232,armor,22.5
Legendary+,232,generator,2.378
Legendary+,232,core,28.9
Legendary+,233,cannon,22.7
Legendary+,233,armor,22.7
Legendary+,233,generator,2.388
Legendary+,233,core,29.15
Legendary+,234,cannon,22.9
Legendary+,234,armor,22.9
Legendary+,234,generator,2.398
Legendary+,234,core,29.4
Legendary+,235,cannon,23.1
Legendary+,235,armor,23.1
Legendary+,235,generator,2.408
Legendary+,235,core,29.65
Legendary+,236,cannon,23.3
Legendary+,236,armor,23.3
Legendary+,236,generator,2.418
Legendary+,236,core,29.9
Legendary+,237,cannon,23.5
Legendary+,237,armor,23.5
Legendary+,237,generator,2.428
Legendary+,237,core,30.15
Legendary+,238,cannon,23.7
Legendary+,238,armor,23.7
Legendary+,238,generator,2.438
Legendary+,238,core,30.4
Legendary+,239,cannon,23.9
Legendary+,239,armor,23.9
Legendary+,239,generator,2.448
Legendary+,239,core,30.65
Legendary+,240,cannon,24.1
Legendary+,240,armor,24.1
Legendary+,240,generator,2.458
Legendary+,240,core,30.9
Legendary+,241,cannon,24.3
Legendary+,241,armor,24.3
Legendary+,241,generator,2.468
Legendary+,241,core,31.15
Legendary+,242,cannon,24.5
Legendary+,242,armor,24.5
Legendary+,242,generator,2.478
Legendary+,242,core,31.4
Legendary+,243,cannon,24.7
Legendary+,243,armor,24.7
Legendary+,243,generator,2.488
Legendary+,243,core,31.65
Legendary+,244,cannon,24.9
Legendary+,244,armor,24.9
Legendary+,244,generator,2.498
Legendary+,244,core,31.9
Legendary+,245,cannon,25.1
Legendary+,245,armor,25.1
Legendary+,245,generator,2.508
Legendary+,245,core,32.15
Legendary+,246,cannon,25.3
Legendary+,246,armor,25.3
Legendary+,246,generator,2.518
Legendary+,246,core,32.4
Legendary+,247,cannon,25.5
Legendary+,247,armor,25.5
Legendary+,247,generator,2.528
Legendary+,247,core,32.65
Legendary+,248,cannon,25.7
Legendary+,248,armor,25.7
Legendary+,248,generator,2.538
Legendary+,248,core,32.9
Legendary+,249,cannon,25.9
Legendary+,249,armor,25.9
Legendary+,249,generator,2.548
Legendary+,249,core,33.15
Legendary+,250,cannon,26.1
Legendary+,250,armor,26.1
Legendary+,250,generator,2.558
Legendary+,250,core,33.4
Legendary+,251,cannon,26.3
Legendary+,251,armor,26.3
Legendary+,251,generator,2.568
Legendary+,251,core,33.65
Legendary+,252,cannon,26.5
Legendary+,252,armor,26.5
Legendary+,252,generator,2.578
Legendary+,252,core,33.9
Legendary+,253,cannon,26.7
Legendary+,253,armor,26.7
Legendary+,253,generator,2.588
Legendary+,253,core,34.15
Legendary+,254,cannon,26.9
Legendary+,254,armor,26.9
Legendary+,254,generator,2.598
Legendary+,254,core,34.4
Legendary+,255,cannon,27.1
Legendary+,255,armor,27.1
Legendary+,255,generator,2.608
Legendary+,255,core,34.65
Legendary+,256,cannon,27.3
Legendary+,256,armor,27.3
Legendary+,256,generator,2.618
Legendary+,256,core,34.9
Legendary+,257,cannon,27.5
Legendary+,257,armor,27.5
Legendary+,257,generator,2.628
Legendary+,257,core,35.15
Legendary+,258,cannon,27.7
Legendary+,258,armor,27.7
Legendary+,258,generator,2.638
Legendary+,258,core,35.4
Legendary+,259,cannon,27.9
Legendary+,259,armor,27.9
Legendary+,259,generator,2.648
Legendary+,259,core,35.65
Legendary+,260,cannon,28.1
Legendary+,260,armor,28.1
Legendary+,260,generator,2.658
Legendary+,260,core,35.9
Legendary+,261,cannon,28.3
Legendary+,261,armor,28.3
Legendary+,261,generator,2.668
Legendary+,261,core,36.15
Legendary+,262,cannon,28.5
Legendary+,262,armor,28.5
Legendary+,262,generator,2.678
Legendary+,262,core,36.4
Legendary+,263,cannon,28.7
Legendary+,263,armor,28.7
Legendary+,263,generator,2.688
Legendary+,263,core,36.65
Legendary+,264,cannon,28.9
Legendary+,264,armor,28.9
Legendary+,264,generator,2.698
Legendary+,264,core,36.9
Legendary+,265,cannon,29.1
Legendary+,265,armor,29.1
Legendary+,265,generator,2.708
Legendary+,265,core,37.15
Legendary+,266,cannon,29.3
Legendary+,266,armor,29.3
Legendary+,266,generator,2.718
Legendary+,266,core,37.4
Legendary+,267,cannon,29.5
Legendary+,267,armor,29.5
Legendary+,267,generator,2.728
Legendary+,267,core,37.65
Legendary+,268,cannon,29.7
Legendary+,268,armor,29.7
Legendary+,268,generator,2.738
Legendary+,268,core,37.9
Legendary+,269,cannon,29.9
Legendary+,269,armor,29.9
Legendary+,269,generator,2.748
Legendary+,269,core,38.15
Legendary+,270,cannon,30.1
Legendary+,270,armor,30.1
Legendary+,270,generator,2.758
Legendary+,270,core,38.4
Legendary+,271,cannon,30.3
Legendary+,271,armor,30.3
Legendary+,271,generator,2.768
Legendary+,271,core,38.65
Legendary+,272,cannon,30.5
Legendary+,272,armor,30.5
Legendary+,272,generator,2.778
Legendary+,272,core,38.9
Legendary+,273,cannon,30.7
Legendary+,273,armor,30.7
Legendary+,273,generator,2.788
Legendary+,273,core,39.15
Legendary+,274,cannon,30.9
Legendary+,274,armor,30.9
Legendary+,274,generator,2.798
Legendary+,274,core,39.4
Legendary+,275,cannon,31.1
Legendary+,275,armor,31.1
Legendary+,275,generator,2.808
Legendary+,275,core,39.65
Legendary+,276,cannon,31.3
Legendary+,276,armor,31.3
Legendary+,276,generator,2.818
Legendary+,276,core,39.9
Legendary+,277,cannon,31.5
Legendary+,277,armor,31.5
Legendary+,277,generator,2.828
Legendary+,277,core,40.15
Legendary+,278,cannon,31.7
Legendary+,278,armor,31.7
Legendary+,278,generator,2.838
Legendary+,278,core,40.4
Legendary+,279,cannon,31.9
Legendary+,279,armor,31.9
Legendary+,279,generator,2.848
Legendary+,279,core,40.65
Legendary+,280,cannon,32.1
Legendary+,280,armor,32.1
Legendary+,280,generator,2.858
Legendary+,280,core,40.9
Legendary+,281,cannon,32.3
Legendary+,281,armor,32.3
Legendary+,281,generator,2.868
Legendary+,281,core,41.15
Legendary+,282,cannon,32.5
Legendary+,282,armor,32.5
Legendary+,282,generator,2.878
Legendary+,282,core,41.4
Legendary+,283,cannon,32.7
Legendary+,283,armor,32.7
Legendary+,283,generator,2.888
Legendary+,283,core,41.65
Legendary+,284,cannon,32.9
Legendary+,284,armor,32.9
Legendary+,284,generator,2.898
Legendary+,284,core,41.9
Legendary+,285,cannon,33.1
Legendary+,285,armor,33.1
Legendary+,285,generator,2.908
Legendary+,285,core,42.15
Legendary+,286,cannon,33.3
Legendary+,286,armor,33.3
Legendary+,286,generator,2.918
Legendary+,286,core,42.4
Legendary+,287,cannon,33.5
Legendary+,287,armor,33.5
Legendary+,287,generator,2.928
Legendary+,287,core,42.65
Legendary+,288,cannon,33.7
Legendary+,288,armor,33.7
Legendary+,288,generator,2.938
Legendary+,288,core,42.9
Legendary+,289,cannon,33.9
Legendary+,289,armor,33.9
Legendary+,289,generator,2.948
Legendary+,289,core,43.15
Legendary+,290,cannon,34.1
Legendary+,290,armor,34.1
Legendary+,290,generator,2.958
Legendary+,290,core,43.4
Legendary+,291,cannon,34.3
Legendary+,291,armor,34.3
Legendary+,291,generator,2.968
Legendary+,291,core,43.65
Legendary+,292,cannon,34.5
Legendary+,292,armor,34.5
Legendary+,292,generator,2.978
Legendary+,292,core,43.9
Legendary+,293,cannon,34.7
Legendary+,293,armor,34.7
Legendary+,293,generator,2.988
Legendary+,293,core,44.15
Legendary+,294,cannon,34.9
Legendary+,294,armor,34.9
Legendary+,294,generator,2.998
Legendary+,294,core,44.4
Legendary+,295,cannon,35.1
Legendary+,295,armor,35.1
Legendary+,295,generator,3.008
Legendary+,295,core,44.65
Legendary+,296,cannon,35.3
Legendary+,296,armor,35.3
Legendary+,296,generator,3.018
Legendary+,296,core,44.9
Legendary+,297,cannon,35.5
Legendary+,297,armor,35.5
Legendary+,297,generator,3.028
Legendary+,297,core,45.15
Legendary+,298,cannon,35.7
Legendary+,298,armor,35.7
Legendary+,298,generator,3.038
Legendary+,298,core,45.4
Legendary+,299,cannon,35.9
Legendary+,299,armor,35.9
Legendary+,299,generator,3.048
Legendary+,299,core,45.65
Legendary+,300,cannon,36.1
Legendary+,300,armor,36.1
Legendary+,300,generator,3.058
Legendary+,300,core,45.9
Mythic,1,cannon,1.202
Mythic,1,armor,1.202
Mythic,1,generator,1.033
Mythic,1,core,1.31
Mythic,2,cannon,1.204
Mythic,2,armor,1.204
Mythic,2,generator,1.034
Mythic,2,core,1.32
Mythic,3,cannon,1.206
Mythic,3,armor,1.206
Mythic,3,generator,1.035
Mythic,3,core,1.33
Mythic,4,cannon,1.208
Mythic,4,armor,1.208
Mythic,4,generator,1.036
Mythic,4,core,1.34
Mythic,5,cannon,1.21
Mythic,5,armor,1.21
Mythic,5,generator,1.037
Mythic,5,core,1.35
Mythic,6,cannon,1.212
Mythic,6,armor,1.212
Mythic,6,generator,1.038
Mythic,6,core,1.36
Mythic,7,cannon,1.214
Mythic,7,armor,1.214
Mythic,7,generator,1.039
Mythic,7,core,1.37
Mythic,8,cannon,1.216
Mythic,8,armor,1.216
Mythic,8,generator,1.04
Mythic,8,core,1.38
Mythic,9,cannon,1.218
Mythic,9,armor,1.218
Mythic,9,generator,1.041
Mythic,9,core,1.39
Mythic,10,cannon,1.22
Mythic,10,armor,1.22
Mythic,10,generator,1.042
Mythic,10,core,1.4
Mythic,11,cannon,1.222
Mythic,11,armor,1.222
Mythic,11,generator,1.043
Mythic,11,core,1.41
Mythic,12,cannon,1.224
Mythic,12,armor,1.224
Mythic,12,generator,1.044
Mythic,12,core,1.42
Mythic,13,cannon,1.226
Mythic,13,armor,1.226
Mythic,13,generator,1.045
Mythic,13,core,1.43
Mythic,14,cannon,1.228
Mythic,14,armor,1.228
Mythic,14,generator,1.046
Mythic,14,core,1.44
Mythic,15,cannon,1.23
Mythic,15,armor,1.23
Mythic,15,generator,1.047
Mythic,15,core,1.45
Mythic,16,cannon,1.232
Mythic,16,armor,1.232
Mythic,16,generator,1.048
Mythic,16,core,1.46
Mythic,17,cannon,1.234
Mythic,17,armor,1.234
Mythic,17,generator,1.049
Mythic,17,core,1.47
Mythic,18,cannon,1.236
Mythic,18,armor,1.236
Mythic,18,generator,1.05
Mythic,18,core,1.48
Mythic,19,cannon,1.238
Mythic,19,armor,1.238
Mythic,19,generator,1.051
Mythic,19,core,1.49
Mythic,20,cannon,1.24
Mythic,20,armor,1.24
Mythic,20,generator,1.052
Mythic,20,core,1.5
Mythic,21,cannon,1.244
Mythic,21,armor,1.244
Mythic,21,generator,1.053
Mythic,21,core,1.515
Mythic,22,cannon,1.248
Mythic,22,armor,1.248
Mythic,22,generator,1.054
Mythic,22,core,1.53
Mythic,23,cannon,1.252
Mythic,23,armor,1.252
Mythic,23,generator,1.055
Mythic,23,core,1.545
Mythic,24,cannon,1.256
Mythic,24,armor,1.256
Mythic,24,generator,1.056
Mythic,24,core,1.56
Mythic,25,cannon,1.26
Mythic,25,armor,1.26
Mythic,25,generator,1.057
Mythic,25,core,1.575
Mythic,26,cannon,1.264
Mythic,26,armor,1.264
Mythic,26,generator,1.058
Mythic,26,core,1.59
Mythic,27,cannon,1.268
Mythic,27,armor,1.268
Mythic,27,generator,1.059
Mythic,27,core,1.605
Mythic,28,cannon,1.272
Mythic,28,armor,1.272
Mythic,28,generator,1.06
Mythic,28,core,1.62
Mythic,29,cannon,1.276
Mythic,29,armor,1.276
Mythic,29,generator,1.061
Mythic,29,core,1.635
Mythic,30,cannon,1.28
Mythic,30,armor,1.28
Mythic,30,generator,1.062
Mythic,30,core,1.65
Mythic,31,cannon,1.286
Mythic,31,armor,1.286
Mythic,31,generator,1.064
Mythic,31,core,1.67
Mythic,32,cannon,1.292
Mythic,32,armor,1.292
Mythic,32,generator,1.066
Mythic,32,core,1.69
Mythic,33,cannon,1.298
Mythic,33,armor,1.298
Mythic,33,generator,1.068
Mythic,33,core,1.71
Mythic,34,cannon,1.304
Mythic,34,armor,1.304
Mythic,34,generator,1.07
Mythic,34,core,1.73
Mythic,35,cannon,1.31
Mythic,35,armor,1.31
Mythic,35,generator,1.072
Mythic,35,core,1.75
Mythic,36,cannon,1.316
Mythic,36,armor,1.316
Mythic,36,generator,1.074
Mythic,36,core,1.77
Mythic,37,cannon,1.322
Mythic,37,armor,1.322
Mythic,37,generator,1.076
Mythic,37,core,1.79
Mythic,38,cannon,1.328
Mythic,38,armor,1.328
Mythic,38,generator,1.078
Mythic,38,core,1.81
Mythic,39,cannon,1.334
Mythic,39,armor,1.334
Mythic,39,generator,1.08
Mythic,39,core,1.83
Mythic,40,cannon,1.34
Mythic,40,armor,1.34
Mythic,40,generator,1.082
Mythic,40,core,1.85
Mythic,41,cannon,1.348
Mythic,41,armor,1.348
Mythic,41,generator,1.085
Mythic,41,core,1.875
Mythic,42,cannon,1.356
Mythic,42,armor,1.356
Mythic,42,generator,1.088
Mythic,42,core,1.9
Mythic,43,cannon,1.364
Mythic,43,armor,1.364
Mythic,43,generator,1.091
Mythic,43,core,1.925
Mythic,44,cannon,1.372
Mythic,44,armor,1.372
Mythic,44,generator,1.094
Mythic,44,core,1.95
Mythic,45,cannon,1.38
Mythic,45,armor,1.38
Mythic,45,generator,1.097
Mythic,45,core,1.975
Mythic,46,cannon,1.388
Mythic,46,armor,1.388
Mythic,46,generator,1.1
Mythic,46,core,2.0
Mythic,47,cannon,1.396
Mythic,47,armor,1.396
Mythic,47,generator,1.103
Mythic,47,core,2.025
Mythic,48,cannon,1.404
Mythic,48,armor,1.404
Mythic,48,generator,1.106
Mythic,48,core,2.05
Mythic,49,cannon,1.412
Mythic,49,armor,1.412
Mythic,49,generator,1.109
Mythic,49,core,2.075
Mythic,50,cannon,1.42
Mythic,50,armor,1.42
Mythic,50,generator,1.112
Mythic,50,core,2.1
Mythic,51,cannon,1.428
Mythic,51,armor,1.428
Mythic,51,generator,1.115
Mythic,51,core,2.125
Mythic,52,cannon,1.436
Mythic,52,armor,1.436
Mythic,52,generator,1.118
Mythic,52,core,2.15
Mythic,53,cannon,1.444
Mythic,53,armor,1.444
Mythic,53,generator,1.121
Mythic,53,core,2.175
Mythic,54,cannon,1.452
Mythic,54,armor,1.452
Mythic,54,generator,1.124
Mythic,54,core,2.2
Mythic,55,cannon,1.46
Mythic,55,armor,1.46
Mythic,55,generator,1.127
Mythic,55,core,2.225
Mythic,56,cannon,1.468
Mythic,56,armor,1.468
Mythic,56,generator,1.13
Mythic,56,core,2.25
Mythic,57,cannon,1.476
Mythic,57,armor,1.476
Mythic,57,generator,1.133
Mythic,57,core,2.275
Mythic,58,cannon,1.484
Mythic,58,armor,1.484
Mythic,58,generator,1.136
Mythic,58,core,2.3
Mythic,59,cannon,1.492
Mythic,59,armor,1.492
Mythic,59,generator,1.139
Mythic,59,core,2.325
Mythic,60,cannon,1.5
Mythic,60,armor,1.5
Mythic,60,generator,1.142
Mythic,60,core,2.35
Mythic,61,cannon,1.512
Mythic,61,armor,1.512
Mythic,61,generator,1.145
Mythic,61,core,2.38
Mythic,62,cannon,1.524
Mythic,62,armor,1.524
Mythic,62,generator,1.148
Mythic,62,core,2.41
Mythic,63,cannon,1.536
Mythic,63,armor,1.536
Mythic,63,generator,1.151
Mythic,63,core,2.44
Mythic,64,cannon,1.548
Mythic,64,armor,1.548
Mythic,64,generator,1.154
Mythic,64,core,2.47
Mythic,65,cannon,1.56
Mythic,65,armor,1.56
Mythic,65,generator,1.157
Mythic,65,core,2.5
Mythic,66,cannon,1.572
Mythic,66,armor,1.572
Mythic,66,generator,1.16
Mythic,66,core,2.53
Mythic,67,cannon,1.584
Mythic,67,armor,1.584
Mythic,67,generator,1.163
Mythic,67,core,2.56
Mythic,68,cannon,1.596
Mythic,68,armor,1.596
Mythic,68,generator,1.166
Mythic,68,core,2.59
Mythic,69,cannon,1.608
Mythic,69,armor,1.608
Mythic,69,generator,1.169
Mythic,69,core,2.62
Mythic,70,cannon,1.62
Mythic,70,armor,1.62
Mythic,70,generator,1.172
Mythic,70,core,2.65
Mythic,71,cannon,1.632
Mythic,71,armor,1.632
Mythic,71,generator,1.175
Mythic,71,core,2.68
Mythic,72,cannon,1.644
Mythic,72,armor,1.644
Mythic,72,generator,1.178
Mythic,72,core,2.71
Mythic,73,cannon,1.656
Mythic,73,armor,1.656
Mythic,73,generator,1.181
Mythic,73,core,2.74
Mythic,74,cannon,1.668
Mythic,74,armor,1.668
Mythic,74,generator,1.184
Mythic,74,core,2.77
Mythic,75,cannon,1.68
Mythic,75,armor,1.68
Mythic,75,generator,1.187
Mythic,75,core,2.8
Mythic,76,cannon,1.692
Mythic,76,armor,1.692
Mythic,76,generator,1.19
Mythic,76,core,2.83
Mythic,77,cannon,1.704
Mythic,77,armor,1.704
Mythic,77,generator,1.193
Mythic,77,core,2.86
Mythic,78,cannon,1.716
Mythic,78,armor,1.716
Mythic,78,generator,1.196
Mythic,78,core,2.89
Mythic,79,cannon,1.728
Mythic,79,armor,1.728
Mythic,79,generator,1.199
Mythic,79,core,2.92
Mythic,80,cannon,1.74
Mythic,80,armor,1.74
Mythic,80,generator,1.202
Mythic,80,core,2.95
Mythic,81,cannon,1.77
Mythic,81,armor,1.77
Mythic,81,generator,1.206
Mythic,81,core,3.0
Mythic,82,cannon,1.8
Mythic,82,armor,1.8
Mythic,82,generator,1.21
Mythic,82,core,3.05
Mythic,83,cannon,1.83
Mythic,83,armor,1.83
Mythic,83,generator,1.214
Mythic,83,core,3.1
Mythic,84,cannon,1.86
Mythic,84,armor,1.86
Mythic,84,generator,1.218
Mythic,84,core,3.15
Mythic,85,cannon,1.89
Mythic,85,armor,1.89
Mythic,85,generator,1.222
Mythic,85,core,3.2
Mythic,86,cannon,1.92
Mythic,86,armor,1.92
Mythic,86,generator,1.226
Mythic,86,core,3.25
Mythic,87,cannon,1.95
Mythic,87,armor,1.95
Mythic,87,generator,1.23
Mythic,87,core,3.3
Mythic,88,cannon,1.98
Mythic,88,armor,1.98
Mythic,88,generator,1.234
Mythic,88,core,3.35
Mythic,89,cannon,2.01
Mythic,89,armor,2.01
Mythic,89,generator,1.238
Mythic,89,core,3.4
Mythic,90,cannon,2.04
Mythic,90,armor,2.04
Mythic,90,generator,1.242
Mythic,90,core,3.45
Mythic,91,cannon,2.07
Mythic,91,armor,2.07
Mythic,91,generator,1.246
Mythic,91,core,3.5
Mythic,92,cannon,2.1
Mythic,92,armor,2.1
Mythic,92,generator,1.25
Mythic,92,core,3.55
Mythic,93,cannon,2.13
Mythic,93,armor,2.13
Mythic,93,generator,1.254
Mythic,93,core,3.6
Mythic,94,cannon,2.16
Mythic,94,armor,2.16
Mythic,94,generator,1.258
Mythic,94,core,3.65
Mythic,95,cannon,2.19
Mythic,95,armor,2.19
Mythic,95,generator,1.262
Mythic,95,core,3.7
Mythic,96,cannon,2.22
Mythic,96,armor,2.22
Mythic,96,generator,1.266
Mythic,96,core,3.75
Mythic,97,cannon,2.25
Mythic,97,armor,2.25
Mythic,97,generator,1.27
Mythic,97,core,3.8
Mythic,98,cannon,2.28
Mythic,98,armor,2.28
Mythic,98,generator,1.274
Mythic,98,core,3.85
Mythic,99,cannon,2.31
Mythic,99,armor,2.31
Mythic,99,generator,1.278
Mythic,99,core,3.9
Mythic,100,cannon,2.34
Mythic,100,armor,2.34
Mythic,100,generator,1.282
Mythic,100,core,3.95
Mythic,101,cannon,2.41
Mythic,101,armor,2.41
Mythic,101,generator,1.287
Mythic,101,core,4.03
Mythic,102,cannon,2.48
Mythic,102,armor,2.48
Mythic,102,generator,1.292
Mythic,102,core,4.11
Mythic,103,cannon,2.55
Mythic,103,armor,2.55
Mythic,103,generator,1.297
Mythic,103,core,4.19
Mythic,104,cannon,2.62
Mythic,104,armor,2.62
Mythic,104,generator,1.302
Mythic,104,core,4.27
Mythic,105,cannon,2.69
Mythic,105,armor,2.69
Mythic,105,generator,1.307
Mythic,105,core,4.35
Mythic,106,cannon,2.76
Mythic,106,armor,2.76
Mythic,106,generator,1.312
Mythic,106,core,4.43
Mythic,107,cannon,2.83
Mythic,107,armor,2.83
Mythic,107,generator,1.317
Mythic,107,core,4.51
Mythic,108,cannon,2.9
Mythic,108,armor,2.9
Mythic,108,generator,1.322
Mythic,108,core,4.59
Mythic,109,cannon,2.97
Mythic,109,armor,2.97
Mythic,109,generator,1.327
Mythic,109,core,4.67
Mythic,110,cannon,3.04
Mythic,110,armor,3.04
Mythic,110,generator,1.332
Mythic,110,core,4.75
Mythic,111,cannon,3.11
Mythic,111,armor,3.11
Mythic,111,generator,1.337
Mythic,111,core,4.83
Mythic,112,cannon,3.18
Mythic,112,armor,3.18
Mythic,112,generator,1.342
Mythic,112,core,4.91
Mythic,113,cannon,3.25
Mythic,113,armor,3.25
Mythic,113,generator,1.347
Mythic,113,core,4.99
Mythic,114,cannon,3.32
Mythic,114,armor,3.32
Mythic,114,generator,1.352
Mythic,114,core,5.07
Mythic,115,cannon,3.39
Mythic,115,armor,3.39
Mythic,115,generator,1.357
Mythic,115,core,5.15
Mythic,116,cannon,3.46
Mythic,116,armor,3.46
Mythic,116,generator,1.362
Mythic,116,core,5.23
Mythic,117,cannon,3.53
Mythic,117,armor,3.53
Mythic,117,generator,1.367
Mythic,117,core,5.31
Mythic,118,cannon,3.6
Mythic,118,armor,3.6
Mythic,118,generator,1.372
Mythic,118,core,5.39
Mythic,119,cannon,3.67
Mythic,119,armor,3.67
Mythic,119,generator,1.377
Mythic,119,core,5.47
Mythic,120,cannon,3.74
Mythic,120,armor,3.74
Mythic,120,generator,1.382
Mythic,120,core,5.55
Mythic,121,cannon,3.84
Mythic,121,armor,3.84
Mythic,121,generator,1.388
Mythic,121,core,5.67
Mythic,122,cannon,3.94
Mythic,122,armor,3.94
Mythic,122,generator,1.394
Mythic,122,core,5.79
Mythic,123,cannon,4.04
Mythic,123,armor,4.04
Mythic,123,generator,1.4
Mythic,123,core,5.91
Mythic,124,cannon,4.14
Mythic,124,armor,4.14
Mythic,124,generator,1.406
Mythic,124,core,6.03
Mythic,125,cannon,4.24
Mythic,125,armor,4.24
Mythic,125,generator,1.412
Mythic,125,core,6.15
Mythic,126,cannon,4.34
Mythic,126,armor,4.34
Mythic,126,generator,1.418
Mythic,126,core,6.27
Mythic,127,cannon,4.44
Mythic,127,armor,4.44
Mythic,127,generator,1.424
Mythic,127,core,6.39
Mythic,128,cannon,4.54
Mythic,128,armor,4.54
Mythic,128,generator,1.43
Mythic,128,core,6.51
Mythic,129,cannon,4.64
Mythic,129,armor,4.64
Mythic,129,generator,1.436
Mythic,129,core,6.63
Mythic,130,cannon,4.74
Mythic,130,armor,4.74
Mythic,130,generator,1.442
Mythic,130,core,6.75
Mythic,131,cannon,4.84
Mythic,131,armor,4.84
Mythic,131,generator,1.448
Mythic,131,core,6.87
Mythic,132,cannon,4.94
Mythic,132,armor,4.94
Mythic,132,generator,1.454
Mythic,132,core,6.99
Mythic,133,cannon,5.04
Mythic,133,armor,5.04
Mythic,133,generator,1.46
Mythic,133,core,7.11
Mythic,134,cannon,5.14
Mythic,134,armor,5.14
Mythic,134,generator,1.466
Mythic,134,core,7.23
Mythic,135,cannon,5.24
Mythic,135,armor,5.24
Mythic,135,generator,1.472
Mythic,135,core,7.35
Mythic,136,cannon,5.34
Mythic,136,armor,5.34
Mythic,136,generator,1.478
Mythic,136,core,7.47
Mythic,137,cannon,5.44
Mythic,137,armor,5.44
Mythic,137,generator,1.484
Mythic,137,core,7.59
Mythic,138,cannon,5.54
Mythic,138,armor,5.54
Mythic,138,generator,1.49
Mythic,138,core,7.71
Mythic,139,cannon,5.64
Mythic,139,armor,5.64
Mythic,139,generator,1.496
Mythic,139,core,7.83
Mythic,140,cannon,5.74
Mythic,140,armor,5.74
Mythic,140,generator,1.502
Mythic,140,core,7.95
Mythic,141,cannon,5.86
Mythic,141,armor,5.86
Mythic,141,generator,1.51
Mythic,141,core,8.1
Mythic,142,cannon,5.98
Mythic,142,armor,5.98
Mythic,142,generator,1.518
Mythic,142,core,8.25
Mythic,143,cannon,6.1
Mythic,143,armor,6.1
Mythic,143,generator,1.526
Mythic,143,core,8.4
Mythic,144,cannon,6.22
Mythic,144,armor,6.22
Mythic,144,generator,1.534
Mythic,144,core,8.55
Mythic,145,cannon,6.34
Mythic,145,armor,6.34
Mythic,145,generator,1.542
Mythic,145,core,8.7
Mythic,146,cannon,6.46
Mythic,146,armor,6.46
Mythic,146,generator,1.55
Mythic,146,core,8.85
Mythic,147,cannon,6.58
Mythic,147,armor,6.58
Mythic,147,generator,1.558
Mythic,147,core,9.0
Mythic,148,cannon,6.7
Mythic,148,armor,6.7
Mythic,148,generator,1.566
Mythic,148,core,9.15
Mythic,149,cannon,6.82
Mythic,149,armor,6.82
Mythic,149,generator,1.574
Mythic,149,core,9.3
Mythic,150,cannon,6.94
Mythic,150,armor,6.94
Mythic,150,generator,1.582
Mythic,150,core,9.45
Mythic,151,cannon,7.06
Mythic,151,armor,7.06
Mythic,151,generator,1.59
Mythic,151,core,9.6
Mythic,152,cannon,7.18
Mythic,152,armor,7.18
Mythic,152,generator,1.598
Mythic,152,core,9.75
Mythic,153,cannon,7.3
Mythic,153,armor,7.3
Mythic,153,generator,1.606
Mythic,153,core,9.9
Mythic,154,cannon,7.42
Mythic,154,armor,7.42
Mythic,154,generator,1.614
Mythic,154,core,10.05
Mythic,155,cannon,7.54
Mythic,155,armor,7.54
Mythic,155,generator,1.622
Mythic,155,core,10.2
Mythic,156,cannon,7.66
Mythic,156,armor,7.66
Mythic,156,generator,1.63
Mythic,156,core,10.35
Mythic,157,cannon,7.78
Mythic,157,armor,7.78
Mythic,157,generator,1.638
Mythic,157,core,10.5
Mythic,158,cannon,7.9
Mythic,158,armor,7.9
Mythic,158,generator,1.646
Mythic,158,core,10.65
Mythic,159,cannon,8.02
Mythic,159,armor,8.02
Mythic,159,generator,1.654
Mythic,159,core,10.8
Mythic,160,cannon,8.14
Mythic,160,armor,8.14
Mythic,160,generator,1.662
Mythic,160,core,10.95
Mythic,161,cannon,8.34
Mythic,161,armor,8.34
Mythic,161,generator,1.672
Mythic,161,core,11.2
Mythic,162,cannon,8.54
Mythic,162,armor,8.54
Mythic,162,generator,1.682
Mythic,162,core,11.45
Mythic,163,cannon,8.74
Mythic,163,armor,8.74
Mythic,163,generator,1.692
Mythic,163,core,11.7
Mythic,164,cannon,8.94
Mythic,164,armor,8.94
Mythic,164,generator,1.702
Mythic,164,core,11.95
Mythic,165,cannon,9.14
Mythic,165,armor,9.14
Mythic,165,generator,1.712
Mythic,165,core,12.2
Mythic,166,cannon,9.34
Mythic,166,armor,9.34
Mythic,166,generator,1.722
Mythic,166,core,12.45
Mythic,167,cannon,9.54
Mythic,167,armor,9.54
Mythic,167,generator,1.732
Mythic,167,core,12.7
Mythic,168,cannon,9.74
Mythic,168,armor,9.74
Mythic,168,generator,1.742
Mythic,168,core,12.95
Mythic,169,cannon,9.94
Mythic,169,armor,9.94
Mythic,169,generator,1.752
Mythic,169,core,13.2
Mythic,170,cannon,10.14
Mythic,170,armor,10.14
Mythic,170,generator,1.762
Mythic,170,core,13.45
Mythic,171,cannon,10.34
Mythic,171,armor,10.34
Mythic,171,generator,1.772
Mythic,171,core,13.7
Mythic,172,cannon,10.54
Mythic,172,armor,10.54
Mythic,172,generator,1.782
Mythic,172,core,13.95
Mythic,173,cannon,10.74
Mythic,173,armor,10.74
Mythic,173,generator,1.792
Mythic,173,core,14.2
Mythic,174,cannon,10.94
Mythic,174,armor,10.94
Mythic,174,generator,1.802
Mythic,174,core,14.45
Mythic,175,cannon,11.14
Mythic,175,armor,11.14
Mythic,175,generator,1.812
Mythic,175,core,14.7
Mythic,176,cannon,11.34
Mythic,176,armor,11.34
Mythic,176,generator,1.822
Mythic,176,core,14.95
Mythic,177,cannon,11.54
Mythic,177,armor,11.54
Mythic,177,generator,1.832
Mythic,177,core,15.2
Mythic,178,cannon,11.74
Mythic,178,armor,11.74
Mythic,178,generator,1.842
Mythic,178,core,15.45
Mythic,179,cannon,11.94
Mythic,179,armor,11.94
Mythic,179,generator,1.852
Mythic,179,core,15.7
Mythic,180,cannon,12.14
Mythic,180,armor,12.14
Mythic,180,generator,1.862
Mythic,180,core,15.95
Mythic,181,cannon,12.34
Mythic,181,armor,12.34
Mythic,181,generator,1.872
Mythic,181,core,16.2
Mythic,182,cannon,12.54
Mythic,182,armor,12.54
Mythic,182,generator,1.882
Mythic,182,core,16.45
Mythic,183,cannon,12.74
Mythic,183,armor,12.74
Mythic,183,generator,1.892
Mythic,183,core,16.7
Mythic,184,cannon,12.94
Mythic,184,armor,12.94
Mythic,184,generator,1.902
Mythic,184,core,16.95
Mythic,185,cannon,13.14
Mythic,185,armor,13.14
Mythic,185,generator,1.912
Mythic,185,core,17.2
Mythic,186,cannon,13.34
Mythic,186,armor,13.34
Mythic,186,generator,1.922
Mythic,186,core,17.45
Mythic,187,cannon,13.54
Mythic,187,armor,13.54
Mythic,187,generator,1.932
Mythic,187,core,17.7
Mythic,188,cannon,13.74
Mythic,188,armor,13.74
Mythic,188,generator,1.942
Mythic,188,core,17.95
Mythic,189,cannon,13.94
Mythic,189,armor,13.94
Mythic,189,generator,1.952
Mythic,189,core,18.2
Mythic,190,cannon,14.14
Mythic,190,armor,14.14
Mythic,190,generator,1.962
Mythic,190,core,18.45
Mythic,191,cannon,14.34
Mythic,191,armor,14.34
Mythic,191,generator,1.972
Mythic,191,core,18.7
Mythic,192,cannon,14.54
Mythic,192,armor,14.54
Mythic,192,generator,1.982
Mythic,192,core,18.95
Mythic,193,cannon,14.74
Mythic,193,armor,14.74
Mythic,193,generator,1.992
Mythic,193,core,19.2
Mythic,194,cannon,14.94
Mythic,194,armor,14.94
Mythic,194,generator,2.002
Mythic,194,core,19.45
Mythic,195,cannon,15.14
Mythic,195,armor,15.14
Mythic,195,generator,2.012
Mythic,195,core,19.7
Mythic,196,cannon,15.34
Mythic,196,armor,15.34
Mythic,196,generator,2.022
Mythic,196,core,19.95
Mythic,197,cannon,15.54
Mythic,197,armor,15.54
Mythic,197,generator,2.032
Mythic,197,core,20.2
Mythic,198,cannon,15.74
Mythic,198,armor,15.74
Mythic,198,generator,2.042
Mythic,198,core,20.45
Mythic,199,cannon,15.94
Mythic,199,armor,15.94
Mythic,199,generator,2.052
Mythic,199,core,20.7
Mythic,200,cannon,16.14
Mythic,200,armor,16.14
Mythic,200,generator,2.062
Mythic,200,core,20.95
Mythic,201,cannon,16.34
Mythic,201,armor,16.34
Mythic,201,generator,2.072
Mythic,201,core,21.2
Mythic,202,cannon,16.54
Mythic,202,armor,16.54
Mythic,202,generator,2.082
Mythic,202,core,21.45
Mythic,203,cannon,16.74
Mythic,203,armor,16.74
Mythic,203,generator,2.092
Mythic,203,core,21.7
Mythic,204,cannon,16.94
Mythic,204,armor,16.94
Mythic,204,generator,2.102
Mythic,204,core,21.95
Mythic,205,cannon,17.14
Mythic,205,armor,17.14
Mythic,205,generator,2.112
Mythic,205,core,22.2
Mythic,206,cannon,17.34
Mythic,206,armor,17.34
Mythic,206,generator,2.122
Mythic,206,core,22.45
Mythic,207,cannon,17.54
Mythic,207,armor,17.54
Mythic,207,generator,2.132
Mythic,207,core,22.7
Mythic,208,cannon,17.74
Mythic,208,armor,17.74
Mythic,208,generator,2.142
Mythic,208,core,22.95
Mythic,209,cannon,17.94
Mythic,209,armor,17.94
Mythic,209,generator,2.152
Mythic,209,core,23.2
Mythic,210,cannon,18.14
Mythic,210,armor,18.14
Mythic,210,generator,2.162
Mythic,210,core,23.45
Mythic,211,cannon,18.34
Mythic,211,armor,18.34
Mythic,211,generator,2.172
Mythic,211,core,23.7
Mythic,212,cannon,18.54
Mythic,212,armor,18.54
Mythic,212,generator,2.182
Mythic,212,core,23.95
Mythic,213,cannon,18.74
Mythic,213,armor,18.74
Mythic,213,generator,2.192
Mythic,213,core,24.2
Mythic,214,cannon,18.94
Mythic,214,armor,18.94
Mythic,214,generator,2.202
Mythic,214,core,24.45
Mythic,215,cannon,19.14
Mythic,215,armor,19.14
Mythic,215,generator,2.212
Mythic,215,core,24.7
Mythic,216,cannon,19.34
Mythic,216,armor,19.34
Mythic,216,generator,2.222
Mythic,216,core,24.95
Mythic,217,cannon,19.54
Mythic,217,armor,19.54
Mythic,217,generator,2.232
Mythic,217,core,25.2
Mythic,218,cannon,19.74
Mythic,218,armor,19.74
Mythic,218,generator,2.242
Mythic,218,core,25.45
Mythic,219,cannon,19.94
Mythic,219,armor,19.94
Mythic,219,generator,2.252
Mythic,219,core,25.7
Mythic,220,cannon,20.14
Mythic,220,armor,20.14
Mythic,220,generator,2.262
Mythic,220,core,25.95
Mythic,221,cannon,20.34
Mythic,221,armor,20.34
Mythic,221,generator,2.272
Mythic,221,core,26.2
Mythic,222,cannon,20.54
Mythic,222,armor,20.54
Mythic,222,generator,2.282
Mythic,222,core,26.45
Mythic,223,cannon,20.74
Mythic,223,armor,20.74
Mythic,223,generator,2.292
Mythic,223,core,26.7
Mythic,224,cannon,20.94
Mythic,224,armor,20.94
Mythic,224,generator,2.302
Mythic,224,core,26.95
Mythic,225,cannon,21.14
Mythic,225,armor,21.14
Mythic,225,generator,2.312
Mythic,225,core,27.2
Mythic,226,cannon,21.34
Mythic,226,armor,21.34
Mythic,226,generator,2.322
Mythic,226,core,27.45
Mythic,227,cannon,21.54
Mythic,227,armor,21.54
Mythic,227,generator,2.332
Mythic,227,core,27.7
Mythic,228,cannon,21.74
Mythic,228,armor,21.74
Mythic,228,generator,2.342
Mythic,228,core,27.95
Mythic,229,cannon,21.94
Mythic,229,armor,21.94
Mythic,229,generator,2.352
Mythic,229,core,28.2
Mythic,230,cannon,22.14
Mythic,230,armor,22.14
Mythic,230,generator,2.362
Mythic,230,core,28.45
Mythic,231,cannon,22.34
Mythic,231,armor,22.34
Mythic,231,generator,2.372
Mythic,231,core,28.7
Mythic,232,cannon,22.54
Mythic,232,armor,22.54
Mythic,232,generator,2.382
Mythic,232,core,28.95
Mythic,233,cannon,22.74
Mythic,233,armor,22.74
Mythic,233,generator,2.392
Mythic,233,core,29.2
Mythic,234,cannon,22.94
Mythic,234,armor,22.94
Mythic,234,generator,2.402
Mythic,234,core,29.45
Mythic,235,cannon,23.14
Mythic,235,armor,23.14
Mythic,235,generator,2.412
Mythic,235,core,29.7
Mythic,236,cannon,23.34
Mythic,236,armor,23.34
Mythic,236,generator,2.422
Mythic,236,core,29.95
Mythic,237,cannon,23.54
Mythic,237,armor,23.54
Mythic,237,generator,2.432
Mythic,237,core,30.2
Mythic,238,cannon,23.74
Mythic,238,armor,23.74
Mythic,238,generator,2.442
Mythic,238,core,30.45
Mythic,239,cannon,23.94
Mythic,239,armor,23.94
Mythic,239,generator,2.452
Mythic,239,core,30.7
Mythic,240,cannon,24.14
Mythic,240,armor,24.14
Mythic,240,generator,2.462
Mythic,240,core,30.95
Mythic,241,cannon,24.34
Mythic,241,armor,24.34
Mythic,241,generator,2.472
Mythic,241,core,31.2
Mythic,242,cannon,24.54
Mythic,242,armor,24.54
Mythic,242,generator,2.482
Mythic,242,core,31.45
Mythic,243,cannon,24.74
Mythic,243,armor,24.74
Mythic,243,generator,2.492
Mythic,243,core,31.7
Mythic,244,cannon,24.94
Mythic,244,armor,24.94
Mythic,244,generator,2.502
Mythic,244,core,31.95
Mythic,245,cannon,25.14
Mythic,245,armor,25.14
Mythic,245,generator,2.512
Mythic,245,core,32.2
Mythic,246,cannon,25.34
Mythic,246,armor,25.34
Mythic,246,generator,2.522
Mythic,246,core,32.45
Mythic,247,cannon,25.54
Mythic,247,armor,25.54
Mythic,247,generator,2.532
Mythic,247,core,32.7
Mythic,248,cannon,25.74
Mythic,248,armor,25.74
Mythic,248,generator,2.542
Mythic,248,core,32.95
Mythic,249,cannon,25.94
Mythic,249,armor,25.94
Mythic,249,generator,2.552
Mythic,249,core,33.2
Mythic,250,cannon,26.14
Mythic,250,armor,26.14
Mythic,250,generator,2.562
Mythic,250,core,33.45
Mythic,251,cannon,26.34
Mythic,251,armor,26.34
Mythic,251,generator,2.572
Mythic,251,core,33.7
Mythic,252,cannon,26.54
Mythic,252,armor,26.54
Mythic,252,generator,2.582
Mythic,252,core,33.95
Mythic,253,cannon,26.74
Mythic,253,armor,26.74
Mythic,253,generator,2.592
Mythic,253,core,34.2
Mythic,254,cannon,26.94
Mythic,254,armor,26.94
Mythic,254,generator,2.602
Mythic,254,core,34.45
Mythic,255,cannon,27.14
Mythic,255,armor,27.14
Mythic,255,generator,2.612
Mythic,255,core,34.7
Mythic,256,cannon,27.34
Mythic,256,armor,27.34
Mythic,256,generator,2.622
Mythic,256,core,34.95
Mythic,257,cannon,27.54
Mythic,257,armor,27.54
Mythic,257,generator,2.632
Mythic,257,core,35.2
Mythic,258,cannon,27.74
Mythic,258,armor,27.74
Mythic,258,generator,2.642
Mythic,258,core,35.45
Mythic,259,cannon,27.94
Mythic,259,armor,27.94
Mythic,259,generator,2.652
Mythic,259,core,35.7
Mythic,260,cannon,28.14
Mythic,260,armor,28.14
Mythic,260,generator,2.662
Mythic,260,core,35.95
Mythic,261,cannon,28.34
Mythic,261,armor,28.34
Mythic,261,generator,2.672
Mythic,261,core,36.2
Mythic,262,cannon,28.54
Mythic,262,armor,28.54
Mythic,262,generator,2.682
Mythic,262,core,36.45
Mythic,263,cannon,28.74
Mythic,263,armor,28.74
Mythic,263,generator,2.692
Mythic,263,core,36.7
Mythic,264,cannon,28.94
Mythic,264,armor,28.94
Mythic,264,generator,2.702
Mythic,264,core,36.95
Mythic,265,cannon,29.14
Mythic,265,armor,29.14
Mythic,265,generator,2.712
Mythic,265,core,37.2
Mythic,266,cannon,29.34
Mythic,266,armor,29.34
Mythic,266,generator,2.722
Mythic,266,core,37.45
Mythic,267,cannon,29.54
Mythic,267,armor,29.54
Mythic,267,generator,2.732
Mythic,267,core,37.7
Mythic,268,cannon,29.74
Mythic,268,armor,29.74
Mythic,268,generator,2.742
Mythic,268,core,37.95
Mythic,269,cannon,29.94
Mythic,269,armor,29.94
Mythic,269,generator,2.752
Mythic,269,core,38.2
Mythic,270,cannon,30.14
Mythic,270,armor,30.14
Mythic,270,generator,2.762
Mythic,270,core,38.45
Mythic,271,cannon,30.34
Mythic,271,armor,30.34
Mythic,271,generator,2.772
Mythic,271,core,38.7
Mythic,272,cannon,30.54
Mythic,272,armor,30.54
Mythic,272,generator,2.782
Mythic,272,core,38.95
Mythic,273,cannon,30.74
Mythic,273,armor,30.74
Mythic,273,generator,2.792
Mythic,273,core,39.2
Mythic,274,cannon,30.94
Mythic,274,armor,30.94
Mythic,274,generator,2.802
Mythic,274,core,39.45
Mythic,275,cannon,31.14
Mythic,275,armor,31.14
Mythic,275,generator,2.812
Mythic,275,core,39.7
Mythic,276,cannon,31.34
Mythic,276,armor,31.34
Mythic,276,generator,2.822
Mythic,276,core,39.95
Mythic,277,cannon,31.54
Mythic,277,armor,31.54
Mythic,277,generator,2.832
Mythic,277,core,40.2
Mythic,278,cannon,31.74
Mythic,278,armor,31.74
Mythic,278,generator,2.842
Mythic,278,core,40.45
Mythic,279,cannon,31.94
Mythic,279,armor,31.94
Mythic,279,generator,2.852
Mythic,279,core,40.7
Mythic,280,cannon,32.14
Mythic,280,armor,32.14
Mythic,280,generator,2.862
Mythic,280,core,40.95
Mythic,281,cannon,32.34
Mythic,281,armor,32.34
Mythic,281,generator,2.872
Mythic,281,core,41.2
Mythic,282,cannon,32.54
Mythic,282,armor,32.54
Mythic,282,generator,2.882
Mythic,282,core,41.45
Mythic,283,cannon,32.74
Mythic,283,armor,32.74
Mythic,283,generator,2.892
Mythic,283,core,41.7
Mythic,284,cannon,32.94
Mythic,284,armor,32.94
Mythic,284,generator,2.902
Mythic,284,core,41.95
Mythic,285,cannon,33.14
Mythic,285,armor,33.14
Mythic,285,generator,2.912
Mythic,285,core,42.2
Mythic,286,cannon,33.34
Mythic,286,armor,33.34
Mythic,286,generator,2.922
Mythic,286,core,42.45
Mythic,287,cannon,33.54
Mythic,287,armor,33.54
Mythic,287,generator,2.932
Mythic,287,core,42.7
Mythic,288,cannon,33.74
Mythic,288,armor,33.74
Mythic,288,generator,2.942
Mythic,288,core,42.95
Mythic,289,cannon,33.94
Mythic,289,armor,33.94
Mythic,289,generator,2.952
Mythic,289,core,43.2
Mythic,290,cannon,34.14
Mythic,290,armor,34.14
Mythic,290,generator,2.962
Mythic,290,core,43.45
Mythic,291,cannon,34.34
Mythic,291,armor,34.34
Mythic,291,generator,2.972
Mythic,291,core,43.7
Mythic,292,cannon,34.54
Mythic,292,armor,34.54
Mythic,292,generator,2.982
Mythic,292,core,43.95
Mythic,293,cannon,34.74
Mythic,293,armor,34.74
Mythic,293,generator,2.992
Mythic,293,core,44.2
Mythic,294,cannon,34.94
Mythic,294,armor,34.94
Mythic,294,generator,3.002
Mythic,294,core,44.45
Mythic,295,cannon,35.14
Mythic,295,armor,35.14
Mythic,295,generator,3.012
Mythic,295,core,44.7
Mythic,296,cannon,35.34
Mythic,296,armor,35.34
Mythic,296,generator,3.022
Mythic,296,core,44.95
Mythic,297,cannon,35.54
Mythic,297,armor,35.54
Mythic,297,generator,3.032
Mythic,297,core,45.2
Mythic,298,cannon,35.74
Mythic,298,armor,35.74
Mythic,298,generator,3.042
Mythic,298,core,45.45
Mythic,299,cannon,35.94
Mythic,299,armor,35.94
Mythic,299,generator,3.052
Mythic,299,core,45.7
Mythic,300,cannon,36.14
Mythic,300,armor,36.14
Mythic,300,generator,3.062
Mythic,300,core,45.95
Mythic+,1,cannon,1.252
Mythic+,1,armor,1.252
Mythic+,1,generator,1.036
Mythic+,1,core,1.36
Mythic+,2,cannon,1.254
Mythic+,2,armor,1.254
Mythic+,2,generator,1.037
Mythic+,2,core,1.37
Mythic+,3,cannon,1.256
Mythic+,3,armor,1.256
Mythic+,3,generator,1.038
Mythic+,3,core,1.38
Mythic+,4,cannon,1.258
Mythic+,4,armor,1.258
Mythic+,4,generator,1.039
Mythic+,4,core,1.39
Mythic+,5,cannon,1.26
Mythic+,5,armor,1.26
Mythic+,5,generator,1.04
Mythic+,5,core,1.4
Mythic+,6,cannon,1.262
Mythic+,6,armor,1.262
Mythic+,6,generator,1.041
Mythic+,6,core,1.41
Mythic+,7,cannon,1.264
Mythic+,7,armor,1.264
Mythic+,7,generator,1.042
Mythic+,7,core,1.42
Mythic+,8,cannon,1.266
Mythic+,8,armor,1.266
Mythic+,8,generator,1.043
Mythic+,8,core,1.43
Mythic+,9,cannon,1.268
Mythic+,9,armor,1.268
Mythic+,9,generator,1.044
Mythic+,9,core,1.44
Mythic+,10,cannon,1.27
Mythic+,10,armor,1.27
Mythic+,10,generator,1.045
Mythic+,10,core,1.45
Mythic+,11,cannon,1.272
Mythic+,11,armor,1.272
Mythic+,11,generator,1.046
Mythic+,11,core,1.46
Mythic+,12,cannon,1.274
Mythic+,12,armor,1.274
Mythic+,12,generator,1.047
Mythic+,12,core,1.47
Mythic+,13,cannon,1.276
Mythic+,13,armor,1.276
Mythic+,13,generator,1.048
Mythic+,13,core,1.48
Mythic+,14,cannon,1.278
Mythic+,14,armor,1.278
Mythic+,14,generator,1.049
Mythic+,14,core,1.49
Mythic+,15,cannon,1.28
Mythic+,15,armor,1.28
Mythic+,15,generator,1.05
Mythic+,15,core,1.5
Mythic+,16,cannon,1.282
Mythic+,16,armor,1.282
Mythic+,16,generator,1.051
Mythic+,16,core,1.51
Mythic+,17,cannon,1.284
Mythic+,17,armor,1.284
Mythic+,17,generator,1.052
Mythic+,17,core,1.52
Mythic+,18,cannon,1.286
Mythic+,18,armor,1.286
Mythic+,18,generator,1.053
Mythic+,18,core,1.53
Mythic+,19,cannon,1.288
Mythic+,19,armor,1.288
Mythic+,19,generator,1.054
Mythic+,19,core,1.54
Mythic+,20,cannon,1.29
Mythic+,20,armor,1.29
Mythic+,20,generator,1.055
Mythic+,20,core,1.55
Mythic+,21,cannon,1.294
Mythic+,21,armor,1.294
Mythic+,21,generator,1.056
Mythic+,21,core,1.565
Mythic+,22,cannon,1.298
Mythic+,22,armor,1.298
Mythic+,22,generator,1.057
Mythic+,22,core,1.58
Mythic+,23,cannon,1.302
Mythic+,23,armor,1.302
Mythic+,23,generator,1.058
Mythic+,23,core,1.595
Mythic+,24,cannon,1.306
Mythic+,24,armor,1.306
Mythic+,24,generator,1.059
Mythic+,24,core,1.61
Mythic+,25,cannon,1.31
Mythic+,25,armor,1.31
Mythic+,25,generator,1.06
Mythic+,25,core,1.625
Mythic+,26,cannon,1.314
Mythic+,26,armor,1.314
Mythic+,26,generator,1.061
Mythic+,26,core,1.64
Mythic+,27,cannon,1.318
Mythic+,27,armor,1.318
Mythic+,27,generator,1.062
Mythic+,27,core,1.655
Mythic+,28,cannon,1.322
Mythic+,28,armor,1.322
Mythic+,28,generator,1.063
Mythic+,28,core,1.67
Mythic+,29,cannon,1.326
Mythic+,29,armor,1.326
Mythic+,29,generator,1.064
Mythic+,29,core,1.685
Mythic+,30,cannon,1.33
Mythic+,30,armor,1.33
Mythic+,30,generator,1.065
Mythic+,30,core,1.7
Mythic+,31,cannon,1.336
Mythic+,31,armor,1.336
Mythic+,31,generator,1.067
Mythic+,31,core,1.72
Mythic+,32,cannon,1.342
Mythic+,32,armor,1.342
Mythic+,32,generator,1.069
Mythic+,32,core,1.74
Mythic+,33,cannon,1.348
Mythic+,33,armor,1.348
Mythic+,33,generator,1.071
Mythic+,33,core,1.76
Mythic+,34,cannon,1.354
Mythic+,34,armor,1.354
Mythic+,34,generator,1.073
Mythic+,34,core,1.78
Mythic+,35,cannon,1.36
Mythic+,35,armor,1.36
Mythic+,35,generator,1.075
Mythic+,35,core,1.8
Mythic+,36,cannon,1.366
Mythic+,36,armor,1.366
Mythic+,36,generator,1.077
Mythic+,36,core,1.82
Mythic+,37,cannon,1.372
Mythic+,37,armor,1.372
Mythic+,37,generator,1.079
Mythic+,37,core,1.84
Mythic+,38,cannon,1.378
Mythic+,38,armor,1.378
Mythic+,38,generator,1.081
Mythic+,38,core,1.86
Mythic+,39,cannon,1.384
Mythic+,39,armor,1.384
Mythic+,39,generator,1.083
Mythic+,39,core,1.88
Mythic+,40,cannon,1.39
Mythic+,40,armor,1.39
Mythic+,40,generator,1.085
Mythic+,40,core,1.9
Mythic+,41,cannon,1.398
Mythic+,41,armor,1.398
Mythic+,41,generator,1.088
Mythic+,41,core,1.925
Mythic+,42,cannon,1.406
Mythic+,42,armor,1.406
Mythic+,42,generator,1.091
Mythic+,42,core,1.95
Mythic+,43,cannon,1.414
Mythic+,43,armor,1.414
Mythic+,43,generator,1.094
Mythic+,43,core,1.975
Mythic+,44,cannon,1.422
Mythic+,44,armor,1.422
Mythic+,44,generator,1.097
Mythic+,44,core,2.0
Mythic+,45,cannon,1.43
Mythic+,45,armor,1.43
Mythic+,45,generator,1.1
Mythic+,45,core,2.025
Mythic+,46,cannon,1.438
Mythic+,46,armor,1.438
Mythic+,46,generator,1.103
Mythic+,46,core,2.05
Mythic+,47,cannon,1.446
Mythic+,47,armor,1.446
Mythic+,47,generator,1.106
Mythic+,47,core,2.075
Mythic+,48,cannon,1.454
Mythic+,48,armor,1.454
Mythic+,48,generator,1.109
Mythic+,48,core,2.1
Mythic+,49,cannon,1.462
Mythic+,49,armor,1.462
Mythic+,49,generator,1.112
Mythic+,49,core,2.125
Mythic+,50,cannon,1.47
Mythic+,50,armor,1.47
Mythic+,50,generator,1.115
Mythic+,50,core,2.15
Mythic+,51,cannon,1.478
Mythic+,51,armor,1.478
Mythic+,51,generator,1.118
Mythic+,51,core,2.175
Mythic+,52,cannon,1.486
Mythic+,52,armor,1.486
Mythic+,52,generator,1.121
Mythic+,52,core,2.2
Mythic+,53,cannon,1.494
Mythic+,53,armor,1.494
Mythic+,53,generator,1.124
Mythic+,53,core,2.225
Mythic+,54,cannon,1.502
Mythic+,54,armor,1.502
Mythic+,54,generator,1.127
Mythic+,54,core,2.25
Mythic+,55,cannon,1.51
Mythic+,55,armor,1.51
Mythic+,55,generator,1.13
Mythic+,55,core,2.275
Mythic+,56,cannon,1.518
Mythic+,56,armor,1.518
Mythic+,56,generator,1.133
Mythic+,56,core,2.3
Mythic+,57,cannon,1.526
Mythic+,57,armor,1.526
Mythic+,57,generator,1.136
Mythic+,57,core,2.325
Mythic+,58,cannon,1.534
Mythic+,58,armor,1.534
Mythic+,58,generator,1.139
Mythic+,58,core,2.35
Mythic+,59,cannon,1.542
Mythic+,59,armor,1.542
Mythic+,59,generator,1.142
Mythic+,59,core,2.375
Mythic+,60,cannon,1.55
Mythic+,60,armor,1.55
Mythic+,60,generator,1.145
Mythic+,60,core,2.4
Mythic+,61,cannon,1.562
Mythic+,61,armor,1.562
Mythic+,61,generator,1.148
Mythic+,61,core,2.43
Mythic+,62,cannon,1.574
Mythic+,62,armor,1.574
Mythic+,62,generator,1.151
Mythic+,62,core,2.46
Mythic+,63,cannon,1.586
Mythic+,63,armor,1.586
Mythic+,63,generator,1.154
Mythic+,63,core,2.49
Mythic+,64,cannon,1.598
Mythic+,64,armor,1.598
Mythic+,64,generator,1.157
Mythic+,64,core,2.52
Mythic+,65,cannon,1.61
Mythic+,65,armor,1.61
Mythic+,65,generator,1.16
Mythic+,65,core,2.55
Mythic+,66,cannon,1.622
Mythic+,66,armor,1.622
Mythic+,66,generator,1.163
Mythic+,66,core,2.58
Mythic+,67,cannon,1.634
Mythic+,67,armor,1.634
Mythic+,67,generator,1.166
Mythic+,67,core,2.61
Mythic+,68,cannon,1.646
Mythic+,68,armor,1.646
Mythic+,68,generator,1.169
Mythic+,68,core,2.64
Mythic+,69,cannon,1.658
Mythic+,69,armor,1.658
Mythic+,69,generator,1.172
Mythic+,69,core,2.67
Mythic+,70,cannon,1.67
Mythic+,70,armor,1.67
Mythic+,70,generator,1.175
Mythic+,70,core,2.7
Mythic+,71,cannon,1.682
Mythic+,71,armor,1.682
Mythic+,71,generator,1.178
Mythic+,71,core,2.73
Mythic+,72,cannon,1.694
Mythic+,72,armor,1.694
Mythic+,72,generator,1.181
Mythic+,72,core,2.76
Mythic+,73,cannon,1.706
Mythic+,73,armor,1.706
Mythic+,73,generator,1.184
Mythic+,73,core,2.79
Mythic+,74,cannon,1.718
Mythic+,74,armor,1.718
Mythic+,74,generator,1.187
Mythic+,74,core,2.82
Mythic+,75,cannon,1.73
Mythic+,75,armor,1.73
Mythic+,75,generator,1.19
Mythic+,75,core,2.85
Mythic+,76,cannon,1.742
Mythic+,76,armor,1.742
Mythic+,76,generator,1.193
Mythic+,76,core,2.88
Mythic+,77,cannon,1.754
Mythic+,77,armor,1.754
Mythic+,77,generator,1.196
Mythic+,77,core,2.91
Mythic+,78,cannon,1.766
Mythic+,78,armor,1.766
Mythic+,78,generator,1.199
Mythic+,78,core,2.94
Mythic+,79,cannon,1.778
Mythic+,79,armor,1.778
Mythic+,79,generator,1.202
Mythic+,79,core,2.97
Mythic+,80,cannon,1.79
Mythic+,80,armor,1.79
Mythic+,80,generator,1.205
Mythic+,80,core,3.0
Mythic+,81,cannon,1.82
Mythic+,81,armor,1.82
Mythic+,81,generator,1.209
Mythic+,81,core,3.05
Mythic+,82,cannon,1.85
Mythic+,82,armor,1.85
Mythic+,82,generator,1.213
Mythic+,82,core,3.1
Mythic+,83,cannon,1.88
Mythic+,83,armor,1.88
Mythic+,83,generator,1.217
Mythic+,83,core,3.15
Mythic+,84,cannon,1.91
Mythic+,84,armor,1.91
Mythic+,84,generator,1.221
Mythic+,84,core,3.2
Mythic+,85,cannon,1.94
Mythic+,85,armor,1.94
Mythic+,85,generator,1.225
Mythic+,85,core,3.25
Mythic+,86,cannon,1.97
Mythic+,86,armor,1.97
Mythic+,86,generator,1.229
Mythic+,86,core,3.3
Mythic+,87,cannon,2.0
Mythic+,87,armor,2.0
Mythic+,87,generator,1.233
Mythic+,87,core,3.35
Mythic+,88,cannon,2.03
Mythic+,88,armor,2.03
Mythic+,88,generator,1.237
Mythic+,88,core,3.4
Mythic+,89,cannon,2.06
Mythic+,89,armor,2.06
Mythic+,89,generator,1.241
Mythic+,89,core,3.45
Mythic+,90,cannon,2.09
Mythic+,90,armor,2.09
Mythic+,90,generator,1.245
Mythic+,90,core,3.5
Mythic+,91,cannon,2.12
Mythic+,91,armor,2.12
Mythic+,91,generator,1.249
Mythic+,91,core,3.55
Mythic+,92,cannon,2.15
Mythic+,92,armor,2.15
Mythic+,92,generator,1.253
Mythic+,92,core,3.6
Mythic+,93,cannon,2.18
Mythic+,93,armor,2.18
Mythic+,93,generator,1.257
Mythic+,93,core,3.65
Mythic+,94,cannon,2.21
Mythic+,94,armor,2.21
Mythic+,94,generator,1.261
Mythic+,94,core,3.7
Mythic+,95,cannon,2.24
Mythic+,95,armor,2.24
Mythic+,95,generator,1.265
Mythic+,95,core,3.75
Mythic+,96,cannon,2.27
Mythic+,96,armor,2.27
Mythic+,96,generator,1.269
Mythic+,96,core,3.8
Mythic+,97,cannon,2.3
Mythic+,97,armor,2.3
Mythic+,97,generator,1.273
Mythic+,97,core,3.85
Mythic+,98,cannon,2.33
Mythic+,98,armor,2.33
Mythic+,98,generator,1.277
Mythic+,98,core,3.9
Mythic+,99,cannon,2.36
Mythic+,99,armor,2.36
Mythic+,99,generator,1.281
Mythic+,99,core,3.95
Mythic+,100,cannon,2.39
Mythic+,100,armor,2.39
Mythic+,100,generator,1.285
Mythic+,100,core,4.0
Mythic+,101,cannon,2.46
Mythic+,101,armor,2.46
Mythic+,101,generator,1.29
Mythic+,101,core,4.08
Mythic+,102,cannon,2.53
Mythic+,102,armor,2.53
Mythic+,102,generator,1.295
Mythic+,102,core,4.16
Mythic+,103,cannon,2.6
Mythic+,103,armor,2.6
Mythic+,103,generator,1.3
Mythic+,103,core,4.24
Mythic+,104,cannon,2.67
Mythic+,104,armor,2.67
Mythic+,104,generator,1.305
Mythic+,104,core,4.32
Mythic+,105,cannon,2.74
Mythic+,105,armor,2.74
Mythic+,105,generator,1.31
Mythic+,105,core,4.4
Mythic+,106,cannon,2.81
Mythic+,106,armor,2.81
Mythic+,106,generator,1.315
Mythic+,106,core,4.48
Mythic+,107,cannon,2.88
Mythic+,107,armor,2.88
Mythic+,107,generator,1.32
Mythic+,107,core,4.56
Mythic+,108,cannon,2.95
Mythic+,108,armor,2.95
Mythic+,108,generator,1.325
Mythic+,108,core,4.64
Mythic+,109,cannon,3.02
Mythic+,109,armor,3.02
Mythic+,109,generator,1.33
Mythic+,109,core,4.72
Mythic+,110,cannon,3.09
Mythic+,110,armor,3.09
Mythic+,110,generator,1.335
Mythic+,110,core,4.8
Mythic+,111,cannon,3.16
Mythic+,111,armor,3.16
Mythic+,111,generator,1.34
Mythic+,111,core,4.88
Mythic+,112,cannon,3.23
Mythic+,112,armor,3.23
Mythic+,112,generator,1.345
Mythic+,112,core,4.96
Mythic+,113,cannon,3.3
Mythic+,113,armor,3.3
Mythic+,113,generator,1.35
Mythic+,113,core,5.04
Mythic+,114,cannon,3.37
Mythic+,114,armor,3.37
Mythic+,114,generator,1.355
Mythic+,114,core,5.12
Mythic+,115,cannon,3.44
Mythic+,115,armor,3.44
Mythic+,115,generator,1.36
Mythic+,115,core,5.2
Mythic+,116,cannon,3.51
Mythic+,116,armor,3.51
Mythic+,116,generator,1.365
Mythic+,116,core,5.28
Mythic+,117,cannon,3.58
Mythic+,117,armor,3.58
Mythic+,117,generator,1.37
Mythic+,117,core,5.36
Mythic+,118,cannon,3.65
Mythic+,118,armor,3.65
Mythic+,118,generator,1.375
Mythic+,118,core,5.44
Mythic+,119,cannon,3.72
Mythic+,119,armor,3.72
Mythic+,119,generator,1.38
Mythic+,119,core,5.52
Mythic+,120,cannon,3.79
Mythic+,120,armor,3.79
Mythic+,120,generator,1.385
Mythic+,120,core,5.6
Mythic+,121,cannon,3.89
Mythic+,121,armor,3.89
Mythic+,121,generator,1.391
Mythic+,121,core,5.72
Mythic+,122,cannon,3.99
Mythic+,122,armor,3.99
Mythic+,122,generator,1.397
Mythic+,122,core,5.84
Mythic+,123,cannon,4.09
Mythic+,123,armor,4.09
Mythic+,123,generator,1.403
Mythic+,123,core,5.96
Mythic+,124,cannon,4.19
Mythic+,124,armor,4.19
Mythic+,124,generator,1.409
Mythic+,124,core,6.08
Mythic+,125,cannon,4.29
Mythic+,125,armor,4.29
Mythic+,125,generator,1.415
Mythic+,125,core,6.2
Mythic+,126,cannon,4.39
Mythic+,126,armor,4.39
Mythic+,126,generator,1.421
Mythic+,126,core,6.32
Mythic+,127,cannon,4.49
Mythic+,127,armor,4.49
Mythic+,127,generator,1.427
Mythic+,127,core,6.44
Mythic+,128,cannon,4.59
Mythic+,128,armor,4.59
Mythic+,128,generator,1.433
Mythic+,128,core,6.56
Mythic+,129,cannon,4.69
Mythic+,129,armor,4.69
Mythic+,129,generator,1.439
Mythic+,129,core,6.68
Mythic+,130,cannon,4.79
Mythic+,130,armor,4.79
Mythic+,130,generator,1.445
Mythic+,130,core,6.8
Mythic+,131,cannon,4.89
Mythic+,131,armor,4.89
Mythic+,131,generator,1.451
Mythic+,131,core,6.92
Mythic+,132,cannon,4.99
Mythic+,132,armor,4.99
Mythic+,132,generator,1.457
Mythic+,132,core,7.04
Mythic+,133,cannon,5.09
Mythic+,133,armor,5.09
Mythic+,133,generator,1.463
Mythic+,133,core,7.16
Mythic+,134,cannon,5.19
Mythic+,134,armor,5.19
Mythic+,134,generator,1.469
Mythic+,134,core,7.28
Mythic+,135,cannon,5.29
Mythic+,135,armor,5.29
Mythic+,135,generator,1.475
Mythic+,135,core,7.4
Mythic+,136,cannon,5.39
Mythic+,136,armor,5.39
Mythic+,136,generator,1.481
Mythic+,136,core,7.52
Mythic+,137,cannon,5.49
Mythic+,137,armor,5.49
Mythic+,137,generator,1.487
Mythic+,137,core,7.64
Mythic+,138,cannon,5.59
Mythic+,138,armor,5.59
Mythic+,138,generator,1.493
Mythic+,138,core,7.76
Mythic+,139,cannon,5.69
Mythic+,139,armor,5.69
Mythic+,139,generator,1.499
Mythic+,139,core,7.88
Mythic+,140,cannon,5.79
Mythic+,140,armor,5.79
Mythic+,140,generator,1.505
Mythic+,140,core,8.0
Mythic+,141,cannon,5.91
Mythic+,141,armor,5.91
Mythic+,141,generator,1.513
Mythic+,141,core,8.15
Mythic+,142,cannon,6.03
Mythic+,142,armor,6.03
Mythic+,142,generator,1.521
Mythic+,142,core,8.3
Mythic+,143,cannon,6.15
Mythic+,143,armor,6.15
Mythic+,143,generator,1.529
Mythic+,143,core,8.45
Mythic+,144,cannon,6.27
Mythic+,144,armor,6.27
Mythic+,144,generator,1.537
Mythic+,144,core,8.6
Mythic+,145,cannon,6.39
Mythic+,145,armor,6.39
Mythic+,145,generator,1.545
Mythic+,145,core,8.75
Mythic+,146,cannon,6.51
Mythic+,146,armor,6.51
Mythic+,146,generator,1.553
Mythic+,146,core,8.9
Mythic+,147,cannon,6.63
Mythic+,147,armor,6.63
Mythic+,147,generator,1.561
Mythic+,147,core,9.05
Mythic+,148,cannon,6.75
Mythic+,148,armor,6.75
Mythic+,148,generator,1.569
Mythic+,148,core,9.2
Mythic+,149,cannon,6.87
Mythic+,149,armor,6.87
Mythic+,149,generator,1.577
Mythic+,149,core,9.35
Mythic+,150,cannon,6.99
Mythic+,150,armor,6.99
Mythic+,150,generator,1.585
Mythic+,150,core,9.5
Mythic+,151,cannon,7.11
Mythic+,151,armor,7.11
Mythic+,151,generator,1.593
Mythic+,151,core,9.65
Mythic+,152,cannon,7.23
Mythic+,152,armor,7.23
Mythic+,152,generator,1.601
Mythic+,152,core,9.8
Mythic+,153,cannon,7.35
Mythic+,153,armor,7.35
Mythic+,153,generator,1.609
Mythic+,153,core,9.95
Mythic+,154,cannon,7.47
Mythic+,154,armor,7.47
Mythic+,154,generator,1.617
Mythic+,154,core,10.1
Mythic+,155,cannon,7.59
Mythic+,155,armor,7.59
Mythic+,155,generator,1.625
Mythic+,155,core,10.25
Mythic+,156,cannon,7.71
Mythic+,156,armor,7.71
Mythic+,156,generator,1.633
Mythic+,156,core,10.4
Mythic+,157,cannon,7.83
Mythic+,157,armor,7.83
Mythic+,157,generator,1.641
Mythic+,157,core,10.55
Mythic+,158,cannon,7.95
Mythic+,158,armor,7.95
Mythic+,158,generator,1.649
Mythic+,158,core,10.7
Mythic+,159,cannon,8.07
Mythic+,159,armor,8.07
Mythic+,159,generator,1.657
Mythic+,159,core,10.85
Mythic+,160,cannon,8.19
Mythic+,160,armor,8.19
Mythic+,160,generator,1.665
Mythic+,160,core,11.0
Mythic+,161,cannon,8.39
Mythic+,161,armor,8.39
Mythic+,161,generator,1.675
Mythic+,161,core,11.25
Mythic+,162,cannon,8.59
Mythic+,162,armor,8.59
Mythic+,162,generator,1.685
Mythic+,162,core,11.5
Mythic+,163,cannon,8.79
Mythic+,163,armor,8.79
Mythic+,163,generator,1.695
Mythic+,163,core,11.75
Mythic+,164,cannon,8.99
Mythic+,164,armor,8.99
Mythic+,164,generator,1.705
Mythic+,164,core,12.0
Mythic+,165,cannon,9.19
Mythic+,165,armor,9.19
Mythic+,165,generator,1.715
Mythic+,165,core,12.25
Mythic+,166,cannon,9.39
Mythic+,166,armor,9.39
Mythic+,166,generator,1.725
Mythic+,166,core,12.5
Mythic+,167,cannon,9.59
Mythic+,167,armor,9.59
Mythic+,167,generator,1.735
Mythic+,167,core,12.75
Mythic+,168,cannon,9.79
Mythic+,168,armor,9.79
Mythic+,168,generator,1.745
Mythic+,168,core,13.0
Mythic+,169,cannon,9.99
Mythic+,169,armor,9.99
Mythic+,169,generator,1.755
Mythic+,169,core,13.25
Mythic+,170,cannon,10.19
Mythic+,170,armor,10.19
Mythic+,170,generator,1.765
Mythic+,170,core,13.5
Mythic+,171,cannon,10.39
Mythic+,171,armor,10.39
Mythic+,171,generator,1.775
Mythic+,171,core,13.75
Mythic+,172,cannon,10.59
Mythic+,172,armor,10.59
Mythic+,172,generator,1.785
Mythic+,172,core,14.0
Mythic+,173,cannon,10.79
Mythic+,173,armor,10.79
Mythic+,173,generator,1.795
Mythic+,173,core,14.25
Mythic+,174,cannon,10.99
Mythic+,174,armor,10.99
Mythic+,174,generator,1.805
Mythic+,174,core,14.5
Mythic+,175,cannon,11.19
Mythic+,175,armor,11.19
Mythic+,175,generator,1.815
Mythic+,175,core,14.75
Mythic+,176,cannon,11.39
Mythic+,176,armor,11.39
Mythic+,176,generator,1.825
Mythic+,176,core,15.0
Mythic+,177,cannon,11.59
Mythic+,177,armor,11.59
Mythic+,177,generator,1.835
Mythic+,177,core,15.25
Mythic+,178,cannon,11.79
Mythic+,178,armor,11.79
Mythic+,178,generator,1.845
Mythic+,178,core,15.5
Mythic+,179,cannon,11.99
Mythic+,179,armor,11.99
Mythic+,179,generator,1.855
Mythic+,179,core,15.75
Mythic+,180,cannon,12.19
Mythic+,180,armor,12.19
Mythic+,180,generator,1.865
Mythic+,180,core,16.0
Mythic+,181,cannon,12.39
Mythic+,181,armor,12.39
Mythic+,181,generator,1.875
Mythic+,181,core,16.25
Mythic+,182,cannon,12.59
Mythic+,182,armor,12.59
Mythic+,182,generator,1.885
Mythic+,182,core,16.5
Mythic+,183,cannon,12.79
Mythic+,183,armor,12.79
Mythic+,183,generator,1.895
Mythic+,183,core,16.75
Mythic+,184,cannon,12.99
Mythic+,184,armor,12.99
Mythic+,184,generator,1.905
Mythic+,184,core,17.0
Mythic+,185,cannon,13.19
Mythic+,185,armor,13.19
Mythic+,185,generator,1.915
Mythic+,185,core,17.25
Mythic+,186,cannon,13.39
Mythic+,186,armor,13.39
Mythic+,186,generator,1.925
Mythic+,186,core,17.5
Mythic+,187,cannon,13.59
Mythic+,187,armor,13.59
Mythic+,187,generator,1.935
Mythic+,187,core,17.75
Mythic+,188,cannon,13.79
Mythic+,188,armor,13.79
Mythic+,188,generator,1.945
Mythic+,188,core,18.0
Mythic+,189,cannon,13.99
Mythic+,189,armor,13.99
Mythic+,189,generator,1.955
Mythic+,189,core,18.25
Mythic+,190,cannon,14.19
Mythic+,190,armor,14.19
Mythic+,190,generator,1.965
Mythic+,190,core,18.5
Mythic+,191,cannon,14.39
Mythic+,191,armor,14.39
Mythic+,191,generator,1.975
Mythic+,191,core,18.75
Mythic+,192,cannon,14.59
Mythic+,192,armor,14.59
Mythic+,192,generator,1.985
Mythic+,192,core,19.0
Mythic+,193,cannon,14.79
Mythic+,193,armor,14.79
Mythic+,193,generator,1.995
Mythic+,193,core,19.25
Mythic+,194,cannon,14.99
Mythic+,194,armor,14.99
Mythic+,194,generator,2.005
Mythic+,194,core,19.5
Mythic+,195,cannon,15.19
Mythic+,195,armor,15.19
Mythic+,195,generator,2.015
Mythic+,195,core,19.75
Mythic+,196,cannon,15.39
Mythic+,196,armor,15.39
Mythic+,196,generator,2.025
Mythic+,196,core,20.0
Mythic+,197,cannon,15.59
Mythic+,197,armor,15.59
Mythic+,197,generator,2.035
Mythic+,197,core,20.25
Mythic+,198,cannon,15.79
Mythic+,198,armor,15.79
Mythic+,198,generator,2.045
Mythic+,198,core,20.5
Mythic+,199,cannon,15.99
Mythic+,199,armor,15.99
Mythic+,199,generator,2.055
Mythic+,199,core,20.75
Mythic+,200,cannon,16.19
Mythic+,200,armor,16.19
Mythic+,200,generator,2.065
Mythic+,200,core,21.0
Mythic+,201,cannon,16.39
Mythic+,201,armor,16.39
Mythic+,201,generator,2.075
Mythic+,201,core,21.25
Mythic+,202,cannon,16.59
Mythic+,202,armor,16.59
Mythic+,202,generator,2.085
Mythic+,202,core,21.5
Mythic+,203,cannon,16.79
Mythic+,203,armor,16.79
Mythic+,203,generator,2.095
Mythic+,203,core,21.75
Mythic+,204,cannon,16.99
Mythic+,204,armor,16.99
Mythic+,204,generator,2.105
Mythic+,204,core,22.0
Mythic+,205,cannon,17.19
Mythic+,205,armor,17.19
Mythic+,205,generator,2.115
Mythic+,205,core,22.25
Mythic+,206,cannon,17.39
Mythic+,206,armor,17.39
Mythic+,206,generator,2.125
Mythic+,206,core,22.5
Mythic+,207,cannon,17.59
Mythic+,207,armor,17.59
Mythic+,207,generator,2.135
Mythic+,207,core,22.75
Mythic+,208,cannon,17.79
Mythic+,208,armor,17.79
Mythic+,208,generator,2.145
Mythic+,208,core,23.0
Mythic+,209,cannon,17.99
Mythic+,209,armor,17.99
Mythic+,209,generator,2.155
Mythic+,209,core,23.25
Mythic+,210,cannon,18.19
Mythic+,210,armor,18.19
Mythic+,210,generator,2.165
Mythic+,210,core,23.5
Mythic+,211,cannon,18.39
Mythic+,211,armor,18.39
Mythic+,211,generator,2.175
Mythic+,211,core,23.75
Mythic+,212,cannon,18.59
Mythic+,212,armor,18.59
Mythic+,212,generator,2.185
Mythic+,212,core,24.0
Mythic+,213,cannon,18.79
Mythic+,213,armor,18.79
Mythic+,213,generator,2.195
Mythic+,213,core,24.25
Mythic+,214,cannon,18.99
Mythic+,214,armor,18.99
Mythic+,214,generator,2.205
Mythic+,214,core,24.5
Mythic+,215,cannon,19.19
Mythic+,215,armor,19.19
Mythic+,215,generator,2.215
Mythic+,215,core,24.75
Mythic+,216,cannon,19.39
Mythic+,216,armor,19.39
Mythic+,216,generator,2.225
Mythic+,216,core,25.0
Mythic+,217,cannon,19.59
Mythic+,217,armor,19.59
Mythic+,217,generator,2.235
Mythic+,217,core,25.25
Mythic+,218,cannon,19.79
Mythic+,218,armor,19.79
Mythic+,218,generator,2.245
Mythic+,218,core,25.5
Mythic+,219,cannon,19.99
Mythic+,219,armor,19.99
Mythic+,219,generator,2.255
Mythic+,219,core,25.75
Mythic+,220,cannon,20.19
Mythic+,220,armor,20.19
Mythic+,220,generator,2.265
Mythic+,220,core,26.0
Mythic+,221,cannon,20.39
Mythic+,221,armor,20.39
Mythic+,221,generator,2.275
Mythic+,221,core,26.25
Mythic+,222,cannon,20.59
Mythic+,222,armor,20.59
Mythic+,222,generator,2.285
Mythic+,222,core,26.5
Mythic+,223,cannon,20.79
Mythic+,223,armor,20.79
Mythic+,223,generator,2.295
Mythic+,223,core,26.75
Mythic+,224,cannon,20.99
Mythic+,224,armor,20.99
Mythic+,224,generator,2.305
Mythic+,224,core,27.0
Mythic+,225,cannon,21.19
Mythic+,225,armor,21.19
Mythic+,225,generator,2.315
Mythic+,225,core,27.25
Mythic+,226,cannon,21.39
Mythic+,226,armor,21.39
Mythic+,226,generator,2.325
Mythic+,226,core,27.5
Mythic+,227,cannon,21.59
Mythic+,227,armor,21.59
Mythic+,227,generator,2.335
Mythic+,227,core,27.75
Mythic+,228,cannon,21.79
Mythic+,228,armor,21.79
Mythic+,228,generator,2.345
Mythic+,228,core,28.0
Mythic+,229,cannon,21.99
Mythic+,229,armor,21.99
Mythic+,229,generator,2.355
Mythic+,229,core,28.25
Mythic+,230,cannon,22.19
Mythic+,230,armor,22.19
Mythic+,230,generator,2.365
Mythic+,230,core,28.5
Mythic+,231,cannon,22.39
Mythic+,231,armor,22.39
Mythic+,231,generator,2.375
Mythic+,231,core,28.75
Mythic+,232,cannon,22.59
Mythic+,232,armor,22.59
Mythic+,232,generator,2.385
Mythic+,232,core,29.0
Mythic+,233,cannon,22.79
Mythic+,233,armor,22.79
Mythic+,233,generator,2.395
Mythic+,233,core,29.25
Mythic+,234,cannon,22.99
Mythic+,234,armor,22.99
Mythic+,234,generator,2.405
Mythic+,234,core,29.5
Mythic+,235,cannon,23.19
Mythic+,235,armor,23.19
Mythic+,235,generator,2.415
Mythic+,235,core,29.75
Mythic+,236,cannon,23.39
Mythic+,236,armor,23.39
Mythic+,236,generator,2.425
Mythic+,236,core,30.0
Mythic+,237,cannon,23.59
Mythic+,237,armor,23.59
Mythic+,237,generator,2.435
Mythic+,237,core,30.25
Mythic+,238,cannon,23.79
Mythic+,238,armor,23.79
Mythic+,238,generator,2.445
Mythic+,238,core,30.5
Mythic+,239,cannon,23.99
Mythic+,239,armor,23.99
Mythic+,239,generator,2.455
Mythic+,239,core,30.75
Mythic+,240,cannon,24.19
Mythic+,240,armor,24.19
Mythic+,240,generator,2.465
Mythic+,240,core,31.0
Mythic+,241,cannon,24.39
Mythic+,241,armor,24.39
Mythic+,241,generator,2.475
Mythic+,241,core,31.25
Mythic+,242,cannon,24.59
Mythic+,242,armor,24.59
Mythic+,242,generator,2.485
Mythic+,242,core,31.5
Mythic+,243,cannon,24.79
Mythic+,243,armor,24.79
Mythic+,243,generator,2.495
Mythic+,243,core,31.75
Mythic+,244,cannon,24.99
Mythic+,244,armor,24.99
Mythic+,244,generator,2.505
Mythic+,244,core,32.0
Mythic+,245,cannon,25.19
Mythic+,245,armor,25.19
Mythic+,245,generator,2.515
Mythic+,245,core,32.25
Mythic+,246,cannon,25.39
Mythic+,246,armor,25.39
Mythic+,246,generator,2.525
Mythic+,246,core,32.5
Mythic+,247,cannon,25.59
Mythic+,247,armor,25.59
Mythic+,247,generator,2.535
Mythic+,247,core,32.75
Mythic+,248,cannon,25.79
Mythic+,248,armor,25.79
Mythic+,248,generator,2.545
Mythic+,248,core,33.0
Mythic+,249,cannon,25.99
Mythic+,249,armor,25.99
Mythic+,249,generator,2.555
Mythic+,249,core,33.25
Mythic+,250,cannon,26.19
Mythic+,250,armor,26.19
Mythic+,250,generator,2.565
Mythic+,250,core,33.5
Mythic+,251,cannon,26.39
Mythic+,251,armor,26.39
Mythic+,251,generator,2.575
Mythic+,251,core,33.75
Mythic+,252,cannon,26.59
Mythic+,252,armor,26.59
Mythic+,252,generator,2.585
Mythic+,252,core,34.0
Mythic+,253,cannon,26.79
Mythic+,253,armor,26.79
Mythic+,253,generator,2.595
Mythic+,253,core,34.25
Mythic+,254,cannon,26.99
Mythic+,254,armor,26.99
Mythic+,254,generator,2.605
Mythic+,254,core,34.5
Mythic+,255,cannon,27.19
Mythic+,255,armor,27.19
Mythic+,255,generator,2.615
Mythic+,255,core,34.75
Mythic+,256,cannon,27.39
Mythic+,256,armor,27.39
Mythic+,256,generator,2.625
Mythic+,256,core,35.0
Mythic+,257,cannon,27.59
Mythic+,257,armor,27.59
Mythic+,257,generator,2.635
Mythic+,257,core,35.25
Mythic+,258,cannon,27.79
Mythic+,258,armor,27.79
Mythic+,258,generator,2.645
Mythic+,258,core,35.5
Mythic+,259,cannon,27.99
Mythic+,259,armor,27.99
Mythic+,259,generator,2.655
Mythic+,259,core,35.75
Mythic+,260,cannon,28.19
Mythic+,260,armor,28.19
Mythic+,260,generator,2.665
Mythic+,260,core,36.0
Mythic+,261,cannon,28.39
Mythic+,261,armor,28.39
Mythic+,261,generator,2.675
Mythic+,261,core,36.25
Mythic+,262,cannon,28.59
Mythic+,262,armor,28.59
Mythic+,262,generator,2.685
Mythic+,262,core,36.5
Mythic+,263,cannon,28.79
Mythic+,263,armor,28.79
Mythic+,263,generator,2.695
Mythic+,263,core,36.75
Mythic+,264,cannon,28.99
Mythic+,264,armor,28.99
Mythic+,264,generator,2.705
Mythic+,264,core,37.0
Mythic+,265,cannon,29.19
Mythic+,265,armor,29.19
Mythic+,265,generator,2.715
Mythic+,265,core,37.25
Mythic+,266,cannon,29.39
Mythic+,266,armor,29.39
Mythic+,266,generator,2.725
Mythic+,266,core,37.5
Mythic+,267,cannon,29.59
Mythic+,267,armor,29.59
Mythic+,267,generator,2.735
Mythic+,267,core,37.75
Mythic+,268,cannon,29.79
Mythic+,268,armor,29.79
Mythic+,268,generator,2.745
Mythic+,268,core,38.0
Mythic+,269,cannon,29.99
Mythic+,269,armor,29.99
Mythic+,269,generator,2.755
Mythic+,269,core,38.25
Mythic+,270,cannon,30.19
Mythic+,270,armor,30.19
Mythic+,270,generator,2.765
Mythic+,270,core,38.5
Mythic+,271,cannon,30.39
Mythic+,271,armor,30.39
Mythic+,271,generator,2.775
Mythic+,271,core,38.75
Mythic+,272,cannon,30.59
Mythic+,272,armor,30.59
Mythic+,272,generator,2.785
Mythic+,272,core,39.0
Mythic+,273,cannon,30.79
Mythic+,273,armor,30.79
Mythic+,273,generator,2.795
Mythic+,273,core,39.25
Mythic+,274,cannon,30.99
Mythic+,274,armor,30.99
Mythic+,274,generator,2.805
Mythic+,274,core,39.5
Mythic+,275,cannon,31.19
Mythic+,275,armor,31.19
Mythic+,275,generator,2.815
Mythic+,275,core,39.75
Mythic+,276,cannon,31.39
Mythic+,276,armor,31.39
Mythic+,276,generator,2.825
Mythic+,276,core,40.0
Mythic+,277,cannon,31.59
Mythic+,277,armor,31.59
Mythic+,277,generator,2.835
Mythic+,277,core,40.25
Mythic+,278,cannon,31.79
Mythic+,278,armor,31.79
Mythic+,278,generator,2.845
Mythic+,278,core,40.5
Mythic+,279,cannon,31.99
Mythic+,279,armor,31.99
Mythic+,279,generator,2.855
Mythic+,279,core,40.75
Mythic+,280,cannon,32.19
Mythic+,280,armor,32.19
Mythic+,280,generator,2.865
Mythic+,280,core,41.0
Mythic+,281,cannon,32.39
Mythic+,281,armor,32.39
Mythic+,281,generator,2.875
Mythic+,281,core,41.25
Mythic+,282,cannon,32.59
Mythic+,282,armor,32.59
Mythic+,282,generator,2.885
Mythic+,282,core,41.5
Mythic+,283,cannon,32.79
Mythic+,283,armor,32.79
Mythic+,283,generator,2.895
Mythic+,283,core,41.75
Mythic+,284,cannon,32.99
Mythic+,284,armor,32.99
Mythic+,284,generator,2.905
Mythic+,284,core,42.0
Mythic+,285,cannon,33.19
Mythic+,285,armor,33.19
Mythic+,285,generator,2.915
Mythic+,285,core,42.25
Mythic+,286,cannon,33.39
Mythic+,286,armor,33.39
Mythic+,286,generator,2.925
Mythic+,286,core,42.5
Mythic+,287,cannon,33.59
Mythic+,287,armor,33.59
Mythic+,287,generator,2.935
Mythic+,287,core,42.75
Mythic+,288,cannon,33.79
Mythic+,288,armor,33.79
Mythic+,288,generator,2.945
Mythic+,288,core,43.0
Mythic+,289,cannon,33.99
Mythic+,289,armor,33.99
Mythic+,289,generator,2.955
Mythic+,289,core,43.25
Mythic+,290,cannon,34.19
Mythic+,290,armor,34.19
Mythic+,290,generator,2.965
Mythic+,290,core,43.5
Mythic+,291,cannon,34.39
Mythic+,291,armor,34.39
Mythic+,291,generator,2.975
Mythic+,291,core,43.75
Mythic+,292,cannon,34.59
Mythic+,292,armor,34.59
Mythic+,292,generator,2.985
Mythic+,292,core,44.0
Mythic+,293,cannon,34.79
Mythic+,293,armor,34.79
Mythic+,293,generator,2.995
Mythic+,293,core,44.25
Mythic+,294,cannon,34.99
Mythic+,294,armor,34.99
Mythic+,294,generator,3.005
Mythic+,294,core,44.5
Mythic+,295,cannon,35.19
Mythic+,295,armor,35.19
Mythic+,295,generator,3.015
Mythic+,295,core,44.75
Mythic+,296,cannon,35.39
Mythic+,296,armor,35.39
Mythic+,296,generator,3.025
Mythic+,296,core,45.0
Mythic+,297,cannon,35.59
Mythic+,297,armor,35.59
Mythic+,297,generator,3.035
Mythic+,297,core,45.25
Mythic+,298,cannon,35.79
Mythic+,298,armor,35.79
Mythic+,298,generator,3.045
Mythic+,298,core,45.5
Mythic+,299,cannon,35.99
Mythic+,299,armor,35.99
Mythic+,299,generator,3.055
Mythic+,299,core,45.75
Mythic+,300,cannon,36.19
Mythic+,300,armor,36.19
Mythic+,300,generator,3.065
Mythic+,300,core,46.0
Ancestral,1,cannon,1.302
Ancestral,1,armor,1.302
Ancestral,1,generator,1.041
Ancestral,1,core,1.41
Ancestral,2,cannon,1.304
Ancestral,2,armor,1.304
Ancestral,2,generator,1.042
Ancestral,2,core,1.42
Ancestral,3,cannon,1.306
Ancestral,3,armor,1.306
Ancestral,3,generator,1.043
Ancestral,3,core,1.43
Ancestral,4,cannon,1.308
Ancestral,4,armor,1.308
Ancestral,4,generator,1.044
Ancestral,4,core,1.44
Ancestral,5,cannon,1.31
Ancestral,5,armor,1.31
Ancestral,5,generator,1.045
Ancestral,5,core,1.45
Ancestral,6,cannon,1.312
Ancestral,6,armor,1.312
Ancestral,6,generator,1.046
Ancestral,6,core,1.46
Ancestral,7,cannon,1.314
Ancestral,7,armor,1.314
Ancestral,7,generator,1.047
Ancestral,7,core,1.47
Ancestral,8,cannon,1.316
Ancestral,8,armor,1.316
Ancestral,8,generator,1.048
Ancestral,8,core,1.48
Ancestral,9,cannon,1.318
Ancestral,9,armor,1.318
Ancestral,9,generator,1.049
Ancestral,9,core,1.49
Ancestral,10,cannon,1.32
Ancestral,10,armor,1.32
Ancestral,10,generator,1.05
Ancestral,10,core,1.5
Ancestral,11,cannon,1.322
Ancestral,11,armor,1.322
Ancestral,11,generator,1.051
Ancestral,11,core,1.51
Ancestral,12,cannon,1.324
Ancestral,12,armor,1.324
Ancestral,12,generator,1.052
Ancestral,12,core,1.52
Ancestral,13,cannon,1.326
Ancestral,13,armor,1.326
Ancestral,13,generator,1.053
Ancestral,13,core,1.53
Ancestral,14,cannon,1.328
Ancestral,14,armor,1.328
Ancestral,14,generator,1.054
Ancestral,14,core,1.54
Ancestral,15,cannon,1.33
Ancestral,15,armor,1.33
Ancestral,15,generator,1.055
Ancestral,15,core,1.55
Ancestral,16,cannon,1.332
Ancestral,16,armor,1.332
Ancestral,16,generator,1.056
Ancestral,16,core,1.56
Ancestral,17,cannon,1.334
Ancestral,17,armor,1.334
Ancestral,17,generator,1.057
Ancestral,17,core,1.57
Ancestral,18,cannon,1.336
Ancestral,18,armor,1.336
Ancestral,18,generator,1.058
Ancestral,18,core,1.58
Ancestral,19,cannon,1.338
Ancestral,19,armor,1.338
Ancestral,19,generator,1.059
Ancestral,19,core,1.59
Ancestral,20,cannon,1.34
Ancestral,20,armor,1.34
Ancestral,20,generator,1.06
Ancestral,20,core,1.6
Ancestral,21,cannon,1.344
Ancestral,21,armor,1.344
Ancestral,21,generator,1.061
Ancestral,21,core,1.615
Ancestral,22,cannon,1.348
Ancestral,22,armor,1.348
Ancestral,22,generator,1.062
Ancestral,22,core,1.63
Ancestral,23,cannon,1.352
Ancestral,23,armor,1.352
Ancestral,23,generator,1.063
Ancestral,23,core,1.645
Ancestral,24,cannon,1.356
Ancestral,24,armor,1.356
Ancestral,24,generator,1.064
Ancestral,24,core,1.66
Ancestral,25,cannon,1.36
Ancestral,25,armor,1.36
Ancestral,25,generator,1.065
Ancestral,25,core,1.675
Ancestral,26,cannon,1.364
Ancestral,26,armor,1.364
Ancestral,26,generator,1.066
Ancestral,26,core,1.69
Ancestral,27,cannon,1.368
Ancestral,27,armor,1.368
Ancestral,27,generator,1.067
Ancestral,27,core,1.705
Ancestral,28,cannon,1.372
Ancestral,28,armor,1.372
Ancestral,28,generator,1.068
Ancestral,28,core,1.72
Ancestral,29,cannon,1.376
Ancestral,29,armor,1.376
Ancestral,29,generator,1.069
Ancestral,29,core,1.735
Ancestral,30,cannon,1.38
Ancestral,30,armor,1.38
Ancestral,30,generator,1.07
Ancestral,30,core,1.75
Ancestral,31,cannon,1.386
Ancestral,31,armor,1.386
Ancestral,31,generator,1.072
Ancestral,31,core,1.77
Ancestral,32,cannon,1.392
Ancestral,32,armor,1.392
Ancestral,32,generator,1.074
Ancestral,32,core,1.79
Ancestral,33,cannon,1.398
Ancestral,33,armor,1.398
Ancestral,33,generator,1.076
Ancestral,33,core,1.81
Ancestral,34,cannon,1.404
Ancestral,34,armor,1.404
Ancestral,34,generator,1.078
Ancestral,34,core,1.83
Ancestral,35,cannon,1.41
Ancestral,35,armor,1.41
Ancestral,35,generator,1.08
Ancestral,35,core,1.85
Ancestral,36,cannon,1.416
Ancestral,36,armor,1.416
Ancestral,36,generator,1.082
Ancestral,36,core,1.87
Ancestral,37,cannon,1.422
Ancestral,37,armor,1.422
Ancestral,37,generator,1.084
Ancestral,37,core,1.89
Ancestral,38,cannon,1.428
Ancestral,38,armor,1.428
Ancestral,38,generator,1.086
Ancestral,38,core,1.91
Ancestral,39,cannon,1.434
Ancestral,39,armor,1.434
Ancestral,39,generator,1.088
Ancestral,39,core,1.93
Ancestral,40,cannon,1.44
Ancestral,40,armor,1.44
Ancestral,40,generator,1.09
Ancestral,40,core,1.95
Ancestral,41,cannon,1.448
Ancestral,41,armor,1.448
Ancestral,41,generator,1.093
Ancestral,41,core,1.975
Ancestral,42,cannon,1.456
Ancestral,42,armor,1.456
Ancestral,42,generator,1.096
Ancestral,42,core,2.0
Ancestral,43,cannon,1.464
Ancestral,43,armor,1.464
Ancestral,43,generator,1.099
Ancestral,43,core,2.025
Ancestral,44,cannon,1.472
Ancestral,44,armor,1.472
Ancestral,44,generator,1.102
Ancestral,44,core,2.05
Ancestral,45,cannon,1.48
Ancestral,45,armor,1.48
Ancestral,45,generator,1.105
Ancestral,45,core,2.075
Ancestral,46,cannon,1.488
Ancestral,46,armor,1.488
Ancestral,46,generator,1.108
Ancestral,46,core,2.1
Ancestral,47,cannon,1.496
Ancestral,47,armor,1.496
Ancestral,47,generator,1.111
Ancestral,47,core,2.125
Ancestral,48,cannon,1.504
Ancestral,48,armor,1.504
Ancestral,48,generator,1.114
Ancestral,48,core,2.15
Ancestral,49,cannon,1.512
Ancestral,49,armor,1.512
Ancestral,49,generator,1.117
Ancestral,49,core,2.175
Ancestral,50,cannon,1.52
Ancestral,50,armor,1.52
Ancestral,50,generator,1.12
Ancestral,50,core,2.2
Ancestral,51,cannon,1.528
Ancestral,51,armor,1.528
Ancestral,51,generator,1.123
Ancestral,51,core,2.225
Ancestral,52,cannon,1.536
Ancestral,52,armor,1.536
Ancestral,52,generator,1.126
Ancestral,52,core,2.25
Ancestral,53,cannon,1.544
Ancestral,53,armor,1.544
Ancestral,53,generator,1.129
Ancestral,53,core,2.275
Ancestral,54,cannon,1.552
Ancestral,54,armor,1.552
Ancestral,54,generator,1.132
Ancestral,54,core,2.3
Ancestral,55,cannon,1.56
Ancestral,55,armor,1.56
Ancestral,55,generator,1.135
Ancestral,55,core,2.325
Ancestral,56,cannon,1.568
Ancestral,56,armor,1.568
Ancestral,56,generator,1.138
Ancestral,56,core,2.35
Ancestral,57,cannon,1.576
Ancestral,57,armor,1.576
Ancestral,57,generator,1.141
Ancestral,57,core,2.375
Ancestral,58,cannon,1.584
Ancestral,58,armor,1.584
Ancestral,58,generator,1.144
Ancestral,58,core,2.4
Ancestral,59,cannon,1.592
Ancestral,59,armor,1.592
Ancestral,59,generator,1.147
Ancestral,59,core,2.425
Ancestral,60,cannon,1.6
Ancestral,60,armor,1.6
Ancestral,60,generator,1.15
Ancestral,60,core,2.45
Ancestral,61,cannon,1.612
Ancestral,61,armor,1.612
Ancestral,61,generator,1.153
Ancestral,61,core,2.48
Ancestral,62,cannon,1.624
Ancestral,62,armor,1.624
Ancestral,62,generator,1.156
Ancestral,62,core,2.51
Ancestral,63,cannon,1.636
Ancestral,63,armor,1.636
Ancestral,63,generator,1.159
Ancestral,63,core,2.54
Ancestral,64,cannon,1.648
Ancestral,64,armor,1.648
Ancestral,64,generator,1.162
Ancestral,64,core,2.57
Ancestral,65,cannon,1.66
Ancestral,65,armor,1.66
Ancestral,65,generator,1.165
Ancestral,65,core,2.6
Ancestral,66,cannon,1.672
Ancestral,66,armor,1.672
Ancestral,66,generator,1.168
Ancestral,66,core,2.63
Ancestral,67,cannon,1.684
Ancestral,67,armor,1.684
Ancestral,67,generator,1.171
Ancestral,67,core,2.66
Ancestral,68,cannon,1.696
Ancestral,68,armor,1.696
Ancestral,68,generator,1.174
Ancestral,68,core,2.69
Ancestral,69,cannon,1.708
Ancestral,69,armor,1.708
Ancestral,69,generator,1.177
Ancestral,69,core,2.72
Ancestral,70,cannon,1.72
Ancestral,70,armor,1.72
Ancestral,70,generator,1.18
Ancestral,70,core,2.75
Ancestral,71,cannon,1.732
Ancestral,71,armor,1.732
Ancestral,71,generator,1.183
Ancestral,71,core,2.78
Ancestral,72,cannon,1.744
Ancestral,72,armor,1.744
Ancestral,72,generator,1.186
Ancestral,72,core,2.81
Ancestral,73,cannon,1.756
Ancestral,73,armor,1.756
Ancestral,73,generator,1.189
Ancestral,73,core,2.84
Ancestral,74,cannon,1.768
Ancestral,74,armor,1.768
Ancestral,74,generator,1.192
Ancestral,74,core,2.87
Ancestral,75,cannon,1.78
Ancestral,75,armor,1.78
Ancestral,75,generator,1.195
Ancestral,75,core,2.9
Ancestral,76,cannon,1.792
Ancestral,76,armor,1.792
Ancestral,76,generator,1.198
Ancestral,76,core,2.93
Ancestral,77,cannon,1.804
Ancestral,77,armor,1.804
Ancestral,77,generator,1.201
Ancestral,77,core,2.96
Ancestral,78,cannon,1.816
Ancestral,78,armor,1.816
Ancestral,78,generator,1.204
Ancestral,78,core,2.99
Ancestral,79,cannon,1.828
Ancestral,79,armor,1.828
Ancestral,79,generator,1.207
Ancestral,79,core,3.02
Ancestral,80,cannon,1.84
Ancestral,80,armor,1.84
Ancestral,80,generator,1.21
Ancestral,80,core,3.05
Ancestral,81,cannon,1.87
Ancestral,81,armor,1.87
Ancestral,81,generator,1.214
Ancestral,81,core,3.1
Ancestral,82,cannon,1.9
Ancestral,82,armor,1.9
Ancestral,82,generator,1.218
Ancestral,82,core,3.15
Ancestral,83,cannon,1.93
Ancestral,83,armor,1.93
Ancestral,83,generator,1.222
Ancestral,83,core,3.2
Ancestral,84,cannon,1.96
Ancestral,84,armor,1.96
Ancestral,84,generator,1.226
Ancestral,84,core,3.25
Ancestral,85,cannon,1.99
Ancestral,85,armor,1.99
Ancestral,85,generator,1.23
Ancestral,85,core,3.3
Ancestral,86,cannon,2.02
Ancestral,86,armor,2.02
Ancestral,86,generator,1.234
Ancestral,86,core,3.35
Ancestral,87,cannon,2.05
Ancestral,87,armor,2.05
Ancestral,87,generator,1.238
Ancestral,87,core,3.4
Ancestral,88,cannon,2.08
Ancestral,88,armor,2.08
Ancestral,88,generator,1.242
Ancestral,88,core,3.45
Ancestral,89,cannon,2.11
Ancestral,89,armor,2.11
Ancestral,89,generator,1.246
Ancestral,89,core,3.5
Ancestral,90,cannon,2.14
Ancestral,90,armor,2.14
Ancestral,90,generator,1.25
Ancestral,90,core,3.55
Ancestral,91,cannon,2.17
Ancestral,91,armor,2.17
Ancestral,91,generator,1.254
Ancestral,91,core,3.6
Ancestral,92,cannon,2.2
Ancestral,92,armor,2.2
Ancestral,92,generator,1.258
Ancestral,92,core,3.65
Ancestral,93,cannon,2.23
Ancestral,93,armor,2.23
Ancestral,93,generator,1.262
Ancestral,93,core,3.7
Ancestral,94,cannon,2.26
Ancestral,94,armor,2.26
Ancestral,94,generator,1.266
Ancestral,94,core,3.75
Ancestral,95,cannon,2.29
Ancestral,95,armor,2.29
Ancestral,95,generator,1.27
Ancestral,95,core,3.8
Ancestral,96,cannon,2.32
Ancestral,96,armor,2.32
Ancestral,96,generator,1.274
Ancestral,96,core,3.85
Ancestral,97,cannon,2.35
Ancestral,97,armor,2.35
Ancestral,97,generator,1.278
Ancestral,97,core,3.9
Ancestral,98,cannon,2.38
Ancestral,98,armor,2.38
Ancestral,98,generator,1.282
Ancestral,98,core,3.95
Ancestral,99,cannon,2.41
Ancestral,99,armor,2.41
Ancestral,99,generator,1.286
Ancestral,99,core,4.0
Ancestral,100,cannon,2.44
Ancestral,100,armor,2.44
Ancestral,100,generator,1.29
Ancestral,100,core,4.05
Ancestral,101,cannon,2.51
Ancestral,101,armor,2.51
Ancestral,101,generator,1.295
Ancestral,101,core,4.13
Ancestral,102,cannon,2.58
Ancestral,102,armor,2.58
Ancestral,102,generator,1.3
Ancestral,102,core,4.21
Ancestral,103,cannon,2.65
Ancestral,103,armor,2.65
Ancestral,103,generator,1.305
Ancestral,103,core,4.29
Ancestral,104,cannon,2.72
Ancestral,104,armor,2.72
Ancestral,104,generator,1.31
Ancestral,104,core,4.37
Ancestral,105,cannon,2.79
Ancestral,105,armor,2.79
Ancestral,105,generator,1.315
Ancestral,105,core,4.45
Ancestral,106,cannon,2.86
Ancestral,106,armor,2.86
Ancestral,106,generator,1.32
Ancestral,106,core,4.53
Ancestral,107,cannon,2.93
Ancestral,107,armor,2.93
Ancestral,107,generator,1.325
Ancestral,107,core,4.61
Ancestral,108,cannon,3.0
Ancestral,108,armor,3.0
Ancestral,108,generator,1.33
Ancestral,108,core,4.69
Ancestral,109,cannon,3.07
Ancestral,109,armor,3.07
Ancestral,109,generator,1.335
Ancestral,109,core,4.77
Ancestral,110,cannon,3.14
Ancestral,110,armor,3.14
Ancestral,110,generator,1.34
Ancestral,110,core,4.85
Ancestral,111,cannon,3.21
Ancestral,111,armor,3.21
Ancestral,111,generator,1.345
Ancestral,111,core,4.93
Ancestral,112,cannon,3.28
Ancestral,112,armor,3.28
Ancestral,112,generator,1.35
Ancestral,112,core,5.01
Ancestral,113,cannon,3.35
Ancestral,113,armor,3.35
Ancestral,113,generator,1.355
Ancestral,113,core,5.09
Ancestral,114,cannon,3.42
Ancestral,114,armor,3.42
Ancestral,114,generator,1.36
Ancestral,114,core,5.17
Ancestral,115,cannon,3.49
Ancestral,115,armor,3.49
Ancestral,115,generator,1.365
Ancestral,115,core,5.25
Ancestral,116,cannon,3.56
Ancestral,116,armor,3.56
Ancestral,116,generator,1.37
Ancestral,116,core,5.33
Ancestral,117,cannon,3.63
Ancestral,117,armor,3.63
Ancestral,117,generator,1.375
Ancestral,117,core,5.41
Ancestral,118,cannon,3.7
Ancestral,118,armor,3.7
Ancestral,118,generator,1.38
Ancestral,118,core,5.49
Ancestral,119,cannon,3.77
Ancestral,119,armor,3.77
Ancestral,119,generator,1.385
Ancestral,119,core,5.57
Ancestral,120,cannon,3.84
Ancestral,120,armor,3.84
Ancestral,120,generator,1.39
Ancestral,120,core,5.65
Ancestral,121,cannon,3.94
Ancestral,121,armor,3.94
Ancestral,121,generator,1.396
Ancestral,121,core,5.77
Ancestral,122,cannon,4.04
Ancestral,122,armor,4.04
Ancestral,122,generator,1.402
Ancestral,122,core,5.89
Ancestral,123,cannon,4.14
Ancestral,123,armor,4.14
Ancestral,123,generator,1.408
Ancestral,123,core,6.01
Ancestral,124,cannon,4.24
Ancestral,124,armor,4.24
Ancestral,124,generator,1.414
Ancestral,124,core,6.13
Ancestral,125,cannon,4.34
Ancestral,125,armor,4.34
Ancestral,125,generator,1.42
Ancestral,125,core,6.25
Ancestral,126,cannon,4.44
Ancestral,126,armor,4.44
Ancestral,126,generator,1.426
Ancestral,126,core,6.37
Ancestral,127,cannon,4.54
Ancestral,127,armor,4.54
Ancestral,127,generator,1.432
Ancestral,127,core,6.49
Ancestral,128,cannon,4.64
Ancestral,128,armor,4.64
Ancestral,128,generator,1.438
Ancestral,128,core,6.61
Ancestral,129,cannon,4.74
Ancestral,129,armor,4.74
Ancestral,129,generator,1.444
Ancestral,129,core,6.73
Ancestral,130,cannon,4.84
Ancestral,130,armor,4.84
Ancestral,130,generator,1.45
Ancestral,130,core,6.85
Ancestral,131,cannon,4.94
Ancestral,131,armor,4.94
Ancestral,131,generator,1.456
Ancestral,131,core,6.97
Ancestral,132,cannon,5.04
Ancestral,132,armor,5.04
Ancestral,132,generator,1.462
Ancestral,132,core,7.09
Ancestral,133,cannon,5.14
Ancestral,133,armor,5.14
Ancestral,133,generator,1.468
Ancestral,133,core,7.21
Ancestral,134,cannon,5.24
Ancestral,134,armor,5.24
Ancestral,134,generator,1.474
Ancestral,134,core,7.33
Ancestral,135,cannon,5.34
Ancestral,135,armor,5.34
Ancestral,135,generator,1.48
Ancestral,135,core,7.45
Ancestral,136,cannon,5.44
Ancestral,136,armor,5.44
Ancestral,136,generator,1.486
Ancestral,136,core,7.57
Ancestral,137,cannon,5.54
Ancestral,137,armor,5.54
Ancestral,137,generator,1.492
Ancestral,137,core,7.69
Ancestral,138,cannon,5.64
Ancestral,138,armor,5.64
Ancestral,138,generator,1.498
Ancestral,138,core,7.81
Ancestral,139,cannon,5.74
Ancestral,139,armor,5.74
Ancestral,139,generator,1.504
Ancestral,139,core,7.93
Ancestral,140,cannon,5.84
Ancestral,140,armor,5.84
Ancestral,140,generator,1.51
Ancestral,140,core,8.05
Ancestral,141,cannon,5.96
Ancestral,141,armor,5.96
Ancestral,141,generator,1.518
Ancestral,141,core,8.2
Ancestral,142,cannon,6.08
Ancestral,142,armor,6.08
Ancestral,142,generator,1.526
Ancestral,142,core,8.35
Ancestral,143,cannon,6.2
Ancestral,143,armor,6.2
Ancestral,143,generator,1.534
Ancestral,143,core,8.5
Ancestral,144,cannon,6.32
Ancestral,144,armor,6.32
Ancestral,144,generator,1.542
Ancestral,144,core,8.65
Ancestral,145,cannon,6.44
Ancestral,145,armor,6.44
Ancestral,145,generator,1.55
Ancestral,145,core,8.8
Ancestral,146,cannon,6.56
Ancestral,146,armor,6.56
Ancestral,146,generator,1.558
Ancestral,146,core,8.95
Ancestral,147,cannon,6.68
Ancestral,147,armor,6.68
Ancestral,147,generator,1.566
Ancestral,147,core,9.1
Ancestral,148,cannon,6.8
Ancestral,148,armor,6.8
Ancestral,148,generator,1.574
Ancestral,148,core,9.25
Ancestral,149,cannon,6.92
Ancestral,149,armor,6.92
Ancestral,149,generator,1.582
Ancestral,149,core,9.4
Ancestral,150,cannon,7.04
Ancestral,150,armor,7.04
Ancestral,150,generator,1.59
Ancestral,150,core,9.55
Ancestral,151,cannon,7.16
Ancestral,151,armor,7.16
Ancestral,151,generator,1.598
Ancestral,151,core,9.7
Ancestral,152,cannon,7.28
Ancestral,152,armor,7.28
Ancestral,152,generator,1.606
Ancestral,152,core,9.85
Ancestral,153,cannon,7.4
Ancestral,153,armor,7.4
Ancestral,153,generator,1.614
Ancestral,153,core,10.0
Ancestral,154,cannon,7.52
Ancestral,154,armor,7.52
Ancestral,154,generator,1.622
Ancestral,154,core,10.15
Ancestral,155,cannon,7.64
Ancestral,155,armor,7.64
Ancestral,155,generator,1.63
Ancestral,155,core,10.3
Ancestral,156,cannon,7.76
Ancestral,156,armor,7.76
Ancestral,156,generator,1.638
Ancestral,156,core,10.45
Ancestral,157,cannon,7.88
Ancestral,157,armor,7.88
Ancestral,157,generator,1.646
Ancestral,157,core,10.6
Ancestral,158,cannon,8.0
Ancestral,158,armor,8.0
Ancestral,158,generator,1.654
Ancestral,158,core,10.75
Ancestral,159,cannon,8.12
Ancestral,159,armor,8.12
Ancestral,159,generator,1.662
Ancestral,159,core,10.9
Ancestral,160,cannon,8.24
Ancestral,160,armor,8.24
Ancestral,160,generator,1.67
Ancestral,160,core,11.05
Ancestral,161,cannon,8.44
Ancestral,161,armor,8.44
Ancestral,161,generator,1.68
Ancestral,161,core,11.3
Ancestral,162,cannon,8.64
Ancestral,162,armor,8.64
Ancestral,162,generator,1.69
Ancestral,162,core,11.55
Ancestral,163,cannon,8.84
Ancestral,163,armor,8.84
Ancestral,163,generator,1.7
Ancestral,163,core,11.8
Ancestral,164,cannon,9.04
Ancestral,164,armor,9.04
Ancestral,164,generator,1.71
Ancestral,164,core,12.05
Ancestral,165,cannon,9.24
Ancestral,165,armor,9.24
Ancestral,165,generator,1.72
Ancestral,165,core,12.3
Ancestral,166,cannon,9.44
Ancestral,166,armor,9.44
Ancestral,166,generator,1.73
Ancestral,166,core,12.55
Ancestral,167,cannon,9.64
Ancestral,167,armor,9.64
Ancestral,167,generator,1.74
Ancestral,167,core,12.8
Ancestral,168,cannon,9.84
Ancestral,168,armor,9.84
Ancestral,168,generator,1.75
Ancestral,168,core,13.05
Ancestral,169,cannon,10.04
Ancestral,169,armor,10.04
Ancestral,169,generator,1.76
Ancestral,169,core,13.3
Ancestral,170,cannon,10.24
Ancestral,170,armor,10.24
Ancestral,170,generator,1.77
Ancestral,170,core,13.55
Ancestral,171,cannon,10.44
Ancestral,171,armor,10.44
Ancestral,171,generator,1.78
Ancestral,171,core,13.8
Ancestral,172,cannon,10.64
Ancestral,172,armor,10.64
Ancestral,172,generator,1.79
Ancestral,172,core,14.05
Ancestral,173,cannon,10.84
Ancestral,173,armor,10.84
Ancestral,173,generator,1.8
Ancestral,173,core,14.3
Ancestral,174,cannon,11.04
Ancestral,174,armor,11.04
Ancestral,174,generator,1.81
Ancestral,174,core,14.55
Ancestral,175,cannon,11.24
Ancestral,175,armor,11.24
Ancestral,175,generator,1.82
Ancestral,175,core,14.8
Ancestral,176,cannon,11.44
Ancestral,176,armor,11.44
Ancestral,176,generator,1.83
Ancestral,176,core,15.05
Ancestral,177,cannon,11.64
Ancestral,177,armor,11.64
Ancestral,177,generator,1.84
Ancestral,177,core,15.3
Ancestral,178,cannon,11.84
Ancestral,178,armor,11.84
Ancestral,178,generator,1.85
Ancestral,178,core,15.55
Ancestral,179,cannon,12.04
Ancestral,179,armor,12.04
Ancestral,179,generator,1.86
Ancestral,179,core,15.8
Ancestral,180,cannon,12.24
Ancestral,180,armor,12.24
Ancestral,180,generator,1.87
Ancestral,180,core,16.05
Ancestral,181,cannon,12.44
Ancestral,181,armor,12.44
Ancestral,181,generator,1.88
Ancestral,181,core,16.3
Ancestral,182,cannon,12.64
Ancestral,182,armor,12.64
Ancestral,182,generator,1.89
Ancestral,182,core,16.55
Ancestral,183,cannon,12.84
Ancestral,183,armor,12.84
Ancestral,183,generator,1.9
Ancestral,183,core,16.8
Ancestral,184,cannon,13.04
Ancestral,184,armor,13.04
Ancestral,184,generator,1.91
Ancestral,184,core,17.05
Ancestral,185,cannon,13.24
Ancestral,185,armor,13.24
Ancestral,185,generator,1.92
Ancestral,185,core,17.3
Ancestral,186,cannon,13.44
Ancestral,186,armor,13.44
Ancestral,186,generator,1.93
Ancestral,186,core,17.55
Ancestral,187,cannon,13.64
Ancestral,187,armor,13.64
Ancestral,187,generator,1.94
Ancestral,187,core,17.8
Ancestral,188,cannon,13.84
Ancestral,188,armor,13.84
Ancestral,188,generator,1.95
Ancestral,188,core,18.05
Ancestral,189,cannon,14.04
Ancestral,189,armor,14.04
Ancestral,189,generator,1.96
Ancestral,189,core,18.3
Ancestral,190,cannon,14.24
Ancestral,190,armor,14.24
Ancestral,190,generator,1.97
Ancestral,190,core,18.55
Ancestral,191,cannon,14.44
Ancestral,191,armor,14.44
Ancestral,191,generator,1.98
Ancestral,191,core,18.8
Ancestral,192,cannon,14.64
Ancestral,192,armor,14.64
Ancestral,192,generator,1.99
Ancestral,192,core,19.05
Ancestral,193,cannon,14.84
Ancestral,193,armor,14.84
Ancestral,193,generator,2.0
Ancestral,193,core,19.3
Ancestral,194,cannon,15.04
Ancestral,194,armor,15.04
Ancestral,194,generator,2.01
Ancestral,194,core,19.55
Ancestral,195,cannon,15.24
Ancestral,195,armor,15.24
Ancestral,195,generator,2.02
Ancestral,195,core,19.8
Ancestral,196,cannon,15.44
Ancestral,196,armor,15.44
Ancestral,196,generator,2.03
Ancestral,196,core,20.05
Ancestral,197,cannon,15.64
Ancestral,197,armor,15.64
Ancestral,197,generator,2.04
Ancestral,197,core,20.3
Ancestral,198,cannon,15.84
Ancestral,198,armor,15.84
Ancestral,198,generator,2.05
Ancestral,198,core,20.55
Ancestral,199,cannon,16.04
Ancestral,199,armor,16.04
Ancestral,199,generator,2.06
Ancestral,199,core,20.8
Ancestral,200,cannon,16.24
Ancestral,200,armor,16.24
Ancestral,200,generator,2.07
Ancestral,200,core,21.05
Ancestral,201,cannon,16.44
Ancestral,201,armor,16.44
Ancestral,201,generator,2.08
Ancestral,201,core,21.3
Ancestral,202,cannon,16.64
Ancestral,202,armor,16.64
Ancestral,202,generator,2.09
Ancestral,202,core,21.55
Ancestral,203,cannon,16.84
Ancestral,203,armor,16.84
Ancestral,203,generator,2.1
Ancestral,203,core,21.8
Ancestral,204,cannon,17.04
Ancestral,204,armor,17.04
Ancestral,204,generator,2.11
Ancestral,204,core,22.05
Ancestral,205,cannon,17.24
Ancestral,205,armor,17.24
Ancestral,205,generator,2.12
Ancestral,205,core,22.3
Ancestral,206,cannon,17.44
Ancestral,206,armor,17.44
Ancestral,206,generator,2.13
Ancestral,206,core,22.55
Ancestral,207,cannon,17.64
Ancestral,207,armor,17.64
Ancestral,207,generator,2.14
Ancestral,207,core,22.8
Ancestral,208,cannon,17.84
Ancestral,208,armor,17.84
Ancestral,208,generator,2.15
Ancestral,208,core,23.05
Ancestral,209,cannon,18.04
Ancestral,209,armor,18.04
Ancestral,209,generator,2.16
Ancestral,209,core,23.3
Ancestral,210,cannon,18.24
Ancestral,210,armor,18.24
Ancestral,210,generator,2.17
Ancestral,210,core,23.55
Ancestral,211,cannon,18.44
Ancestral,211,armor,18.44
Ancestral,211,generator,2.18
Ancestral,211,core,23.8
Ancestral,212,cannon,18.64
Ancestral,212,armor,18.64
Ancestral,212,generator,2.19
Ancestral,212,core,24.05
Ancestral,213,cannon,18.84
Ancestral,213,armor,18.84
Ancestral,213,generator,2.2
Ancestral,213,core,24.3
Ancestral,214,cannon,19.04
Ancestral,214,armor,19.04
Ancestral,214,generator,2.21
Ancestral,214,core,24.55
Ancestral,215,cannon,19.24
Ancestral,215,armor,19.24
Ancestral,215,generator,2.22
Ancestral,215,core,24.8
Ancestral,216,cannon,19.44
Ancestral,216,armor,19.44
Ancestral,216,generator,2.23
Ancestral,216,core,25.05
Ancestral,217,cannon,19.64
Ancestral,217,armor,19.64
Ancestral,217,generator,2.24
Ancestral,217,core,25.3
Ancestral,218,cannon,19.84
Ancestral,218,armor,19.84
Ancestral,218,generator,2.25
Ancestral,218,core,25.55
Ancestral,219,cannon,20.04
Ancestral,219,armor,20.04
Ancestral,219,generator,2.26
Ancestral,219,core,25.8
Ancestral,220,cannon,20.24
Ancestral,220,armor,20.24
Ancestral,220,generator,2.27
Ancestral,220,core,26.05
Ancestral,221,cannon,20.44
Ancestral,221,armor,20.44
Ancestral,221,generator,2.28
Ancestral,221,core,26.3
Ancestral,222,cannon,20.64
Ancestral,222,armor,20.64
Ancestral,222,generator,2.29
Ancestral,222,core,26.55
Ancestral,223,cannon,20.84
Ancestral,223,armor,20.84
Ancestral,223,generator,2.3
Ancestral,223,core,26.8
Ancestral,224,cannon,21.04
Ancestral,224,armor,21.04
Ancestral,224,generator,2.31
Ancestral,224,core,27.05
Ancestral,225,cannon,21.24
Ancestral,225,armor,21.24
Ancestral,225,generator,2.32
Ancestral,225,core,27.3
Ancestral,226,cannon,21.44
Ancestral,226,armor,21.44
Ancestral,226,generator,2.33
Ancestral,226,core,27.55
Ancestral,227,cannon,21.64
Ancestral,227,armor,21.64
Ancestral,227,generator,2.34
Ancestral,227,core,27.8
Ancestral,228,cannon,21.84
Ancestral,228,armor,21.84
Ancestral,228,generator,2.35
Ancestral,228,core,28.05
Ancestral,229,cannon,22.04
Ancestral,229,armor,22.04
Ancestral,229,generator,2.36
Ancestral,229,core,28.3
Ancestral,230,cannon,22.24
Ancestral,230,armor,22.24
Ancestral,230,generator,2.37
Ancestral,230,core,28.55
Ancestral,231,cannon,22.44
Ancestral,231,armor,22.44
Ancestral,231,generator,2.38
Ancestral,231,core,28.8
Ancestral,232,cannon,22.64
Ancestral,232,armor,22.64
Ancestral,232,generator,2.39
Ancestral,232,core,29.05
Ancestral,233,cannon,22.84
Ancestral,233,armor,22.84
Ancestral,233,generator,2.4
Ancestral,233,core,29.3
Ancestral,234,cannon,23.04
Ancestral,234,armor,23.04
Ancestral,234,generator,2.41
Ancestral,234,core,29.55
Ancestral,235,cannon,23.24
Ancestral,235,armor,23.24
Ancestral,235,generator,2.42
Ancestral,235,core,29.8
Ancestral,236,cannon,23.44
Ancestral,236,armor,23.44
Ancestral,236,generator,2.43
Ancestral,236,core,30.05
Ancestral,237,cannon,23.64
Ancestral,237,armor,23.64
Ancestral,237,generator,2.44
Ancestral,237,core,30.3
Ancestral,238,cannon,23.84
Ancestral,238,armor,23.84
Ancestral,238,generator,2.45
Ancestral,238,core,30.55
Ancestral,239,cannon,24.04
Ancestral,239,armor,24.04
Ancestral,239,generator,2.46
Ancestral,239,core,30.8
Ancestral,240,cannon,24.24
Ancestral,240,armor,24.24
Ancestral,240,generator,2.47
Ancestral,240,core,31.05
Ancestral,241,cannon,24.44
Ancestral,241,armor,24.44
Ancestral,241,generator,2.48
Ancestral,241,core,31.3
Ancestral,242,cannon,24.64
Ancestral,242,armor,24.64
Ancestral,242,generator,2.49
Ancestral,242,core,31.55
Ancestral,243,cannon,24.84
Ancestral,243,armor,24.84
Ancestral,243,generator,2.5
Ancestral,243,core,31.8
Ancestral,244,cannon,25.04
Ancestral,244,armor,25.04
Ancestral,244,generator,2.51
Ancestral,244,core,32.05
Ancestral,245,cannon,25.24
Ancestral,245,armor,25.24
Ancestral,245,generator,2.52
Ancestral,245,core,32.3
Ancestral,246,cannon,25.44
Ancestral,246,armor,25.44
Ancestral,246,generator,2.53
Ancestral,246,core,32.55
Ancestral,247,cannon,25.64
Ancestral,247,armor,25.64
Ancestral,247,generator,2.54
Ancestral,247,core,32.8
Ancestral,248,cannon,25.84
Ancestral,248,armor,25.84
Ancestral,248,generator,2.55
Ancestral,248,core,33.05
Ancestral,249,cannon,26.04
Ancestral,249,armor,26.04
Ancestral,249,generator,2.56
Ancestral,249,core,33.3
Ancestral,250,cannon,26.24
Ancestral,250,armor,26.24
Ancestral,250,generator,2.57
Ancestral,250,core,33.55
Ancestral,251,cannon,26.44
Ancestral,251,armor,26.44
Ancestral,251,generator,2.58
Ancestral,251,core,33.8
Ancestral,252,cannon,26.64
Ancestral,252,armor,26.64
Ancestral,252,generator,2.59
Ancestral,252,core,34.05
Ancestral,253,cannon,26.84
Ancestral,253,armor,26.84
Ancestral,253,generator,2.6
Ancestral,253,core,34.3
Ancestral,254,cannon,27.04
Ancestral,254,armor,27.04
Ancestral,254,generator,2.61
Ancestral,254,core,34.55
Ancestral,255,cannon,27.24
Ancestral,255,armor,27.24
Ancestral,255,generator,2.62
Ancestral,255,core,34.8
Ancestral,256,cannon,27.44
Ancestral,256,armor,27.44
Ancestral,256,generator,2.63
Ancestral,256,core,35.05
Ancestral,257,cannon,27.64
Ancestral,257,armor,27.64
Ancestral,257,generator,2.64
Ancestral,257,core,35.3
Ancestral,258,cannon,27.84
Ancestral,258,armor,27.84
Ancestral,258,generator,2.65
Ancestral,258,core,35.55
Ancestral,259,cannon,28.04
Ancestral,259,armor,28.04
Ancestral,259,generator,2.66
Ancestral,259,core,35.8
Ancestral,260,cannon,28.24
Ancestral,260,armor,28.24
Ancestral,260,generator,2.67
Ancestral,260,core,36.05
Ancestral,261,cannon,28.44
Ancestral,261,armor,28.44
Ancestral,261,generator,2.68
Ancestral,261,core,36.3
Ancestral,262,cannon,28.64
Ancestral,262,armor,28.64
Ancestral,262,generator,2.69
Ancestral,262,core,36.55
Ancestral,263,cannon,28.84
Ancestral,263,armor,28.84
Ancestral,263,generator,2.7
Ancestral,263,core,36.8
Ancestral,264,cannon,29.04
Ancestral,264,armor,29.04
Ancestral,264,generator,2.71
Ancestral,264,core,37.05
Ancestral,265,cannon,29.24
Ancestral,265,armor,29.24
Ancestral,265,generator,2.72
Ancestral,265,core,37.3
Ancestral,266,cannon,29.44
Ancestral,266,armor,29.44
Ancestral,266,generator,2.73
Ancestral,266,core,37.55
Ancestral,267,cannon,29.64
Ancestral,267,armor,29.64
Ancestral,267,generator,2.74
Ancestral,267,core,37.8
Ancestral,268,cannon,29.84
Ancestral,268,armor,29.84
Ancestral,268,generator,2.75
Ancestral,268,core,38.05
Ancestral,269,cannon,30.04
Ancestral,269,armor,30.04
Ancestral,269,generator,2.76
Ancestral,269,core,38.3
Ancestral,270,cannon,30.24
Ancestral,270,armor,30.24
Ancestral,270,generator,2.77
Ancestral,270,core,38.55
Ancestral,271,cannon,30.44
Ancestral,271,armor,30.44
Ancestral,271,generator,2.78
Ancestral,271,core,38.8
Ancestral,272,cannon,30.64
Ancestral,272,armor,30.64
Ancestral,272,generator,2.79
Ancestral,272,core,39.05
Ancestral,273,cannon,30.84
Ancestral,273,armor,30.84
Ancestral,273,generator,2.8
Ancestral,273,core,39.3
Ancestral,274,cannon,31.04
Ancestral,274,armor,31.04
Ancestral,274,generator,2.81
Ancestral,274,core,39.55
Ancestral,275,cannon,31.24
Ancestral,275,armor,31.24
Ancestral,275,generator,2.82
Ancestral,275,core,39.8
Ancestral,276,cannon,31.44
Ancestral,276,armor,31.44
Ancestral,276,generator,2.83
Ancestral,276,core,40.05
Ancestral,277,cannon,31.64
Ancestral,277,armor,31.64
Ancestral,277,generator,2.84
Ancestral,277,core,40.3
Ancestral,278,cannon,31.84
Ancestral,278,armor,31.84
Ancestral,278,generator,2.85
Ancestral,278,core,40.55
Ancestral,279,cannon,32.04
Ancestral,279,armor,32.04
Ancestral,279,generator,2.86
Ancestral,279,core,40.8
Ancestral,280,cannon,32.24
Ancestral,280,armor,32.24
Ancestral,280,generator,2.87
Ancestral,280,core,41.05
Ancestral,281,cannon,32.44
Ancestral,281,armor,32.44
Ancestral,281,generator,2.88
Ancestral,281,core,41.3
Ancestral,282,cannon,32.64
Ancestral,282,armor,32.64
Ancestral,282,generator,2.89
Ancestral,282,core,41.55
Ancestral,283,cannon,32.84
Ancestral,283,armor,32.84
Ancestral,283,generator,2.9
Ancestral,283,core,41.8
Ancestral,284,cannon,33.04
Ancestral,284,armor,33.04
Ancestral,284,generator,2.91
Ancestral,284,core,42.05
Ancestral,285,cannon,33.24
Ancestral,285,armor,33.24
Ancestral,285,generator,2.92
Ancestral,285,core,42.3
Ancestral,286,cannon,33.44
Ancestral,286,armor,33.44
Ancestral,286,generator,2.93
Ancestral,286,core,42.55
Ancestral,287,cannon,33.64
Ancestral,287,armor,33.64
Ancestral,287,generator,2.94
Ancestral,287,core,42.8
Ancestral,288,cannon,33.84
Ancestral,288,armor,33.84
Ancestral,288,generator,2.95
Ancestral,288,core,43.05
Ancestral,289,cannon,34.04
Ancestral,289,armor,34.04
Ancestral,289,generator,2.96
Ancestral,289,core,43.3
Ancestral,290,cannon,34.24
Ancestral,290,armor,34.24
Ancestral,290,generator,2.97
Ancestral,290,core,43.55
Ancestral,291,cannon,34.44
Ancestral,291,armor,34.44
Ancestral,291,generator,2.98
Ancestral,291,core,43.8
Ancestral,292,cannon,34.64
Ancestral,292,armor,34.64
Ancestral,292,generator,2.99
Ancestral,292,core,44.05
Ancestral,293,cannon,34.84
Ancestral,293,armor,34.84
Ancestral,293,generator,3.0
Ancestral,293,core,44.3
Ancestral,294,cannon,35.04
Ancestral,294,armor,35.04
Ancestral,294,generator,3.01
Ancestral,294,core,44.55
Ancestral,295,cannon,35.24
Ancestral,295,armor,35.24
Ancestral,295,generator,3.02
Ancestral,295,core,44.8
Ancestral,296,cannon,35.44
Ancestral,296,armor,35.44
Ancestral,296,generator,3.03
Ancestral,296,core,45.05
Ancestral,297,cannon,35.64
Ancestral,297,armor,35.64
Ancestral,297,generator,3.04
Ancestral,297,core,45.3
Ancestral,298,cannon,35.84
Ancestral,298,armor,35.84
Ancestral,298,generator,3.05
Ancestral,298,core,45.55
Ancestral,299,cannon,36.04
Ancestral,299,armor,36.04
Ancestral,299,generator,3.06
Ancestral,299,core,45.8
Ancestral,300,cannon,36.24
Ancestral,300,armor,36.24
Ancestral,300,generator,3.07
Ancestral,300,core,46.05
Ancestral 1*,1,cannon,1.314
Ancestral 1*,1,armor,1.314
Ancestral 1*,1,generator,1.043
Ancestral 1*,1,core,1.426
Ancestral 1*,2,cannon,1.316
Ancestral 1*,2,armor,1.316
Ancestral 1*,2,generator,1.044
Ancestral 1*,2,core,1.437
Ancestral 1*,3,cannon,1.318
Ancestral 1*,3,armor,1.318
Ancestral 1*,3,generator,1.045
Ancestral 1*,3,core,1.447
Ancestral 1*,4,cannon,1.32
Ancestral 1*,4,armor,1.32
Ancestral 1*,4,generator,1.046
Ancestral 1*,4,core,1.458
Ancestral 1*,5,cannon,1.322
Ancestral 1*,5,armor,1.322
Ancestral 1*,5,generator,1.047
Ancestral 1*,5,core,1.468
Ancestral 1*,6,cannon,1.324
Ancestral 1*,6,armor,1.324
Ancestral 1*,6,generator,1.048
Ancestral 1*,6,core,1.478
Ancestral 1*,7,cannon,1.327
Ancestral 1*,7,armor,1.327
Ancestral 1*,7,generator,1.049
Ancestral 1*,7,core,1.489
Ancestral 1*,8,cannon,1.329
Ancestral 1*,8,armor,1.329
Ancestral 1*,8,generator,1.05
Ancestral 1*,8,core,1.499
Ancestral 1*,9,cannon,1.331
Ancestral 1*,9,armor,1.331
Ancestral 1*,9,generator,1.051
Ancestral 1*,9,core,1.51
Ancestral 1*,10,cannon,1.333
Ancestral 1*,10,armor,1.333
Ancestral 1*,10,generator,1.052
Ancestral 1*,10,core,1.52
Ancestral 1*,11,cannon,1.335
Ancestral 1*,11,armor,1.335
Ancestral 1*,11,generator,1.053
Ancestral 1*,11,core,1.53
Ancestral 1*,12,cannon,1.337
Ancestral 1*,12,armor,1.337
Ancestral 1*,12,generator,1.054
Ancestral 1*,12,core,1.541
Ancestral 1*,13,cannon,1.339
Ancestral 1*,13,armor,1.339
Ancestral 1*,13,generator,1.055
Ancestral 1*,13,core,1.551
Ancestral 1*,14,cannon,1.341
Ancestral 1*,14,armor,1.341
Ancestral 1*,14,generator,1.056
Ancestral 1*,14,core,1.562
Ancestral 1*,15,cannon,1.343
Ancestral 1*,15,armor,1.343
Ancestral 1*,15,generator,1.057
Ancestral 1*,15,core,1.572
Ancestral 1*,16,cannon,1.345
Ancestral 1*,16,armor,1.345
Ancestral 1*,16,generator,1.058
Ancestral 1*,16,core,1.582
Ancestral 1*,17,cannon,1.347
Ancestral 1*,17,armor,1.347
Ancestral 1*,17,generator,1.059
Ancestral 1*,17,core,1.593
Ancestral 1*,18,cannon,1.349
Ancestral 1*,18,armor,1.349
Ancestral 1*,18,generator,1.06
Ancestral 1*,18,core,1.603
Ancestral 1*,19,cannon,1.352
Ancestral 1*,19,armor,1.352
Ancestral 1*,19,generator,1.061
Ancestral 1*,19,core,1.614
Ancestral 1*,20,cannon,1.354
Ancestral 1*,20,armor,1.354
Ancestral 1*,20,generator,1.062
Ancestral 1*,20,core,1.624
Ancestral 1*,21,cannon,1.358
Ancestral 1*,21,armor,1.358
Ancestral 1*,21,generator,1.063
Ancestral 1*,21,core,1.64
Ancestral 1*,22,cannon,1.362
Ancestral 1*,22,armor,1.362
Ancestral 1*,22,generator,1.064
Ancestral 1*,22,core,1.655
Ancestral 1*,23,cannon,1.366
Ancestral 1*,23,armor,1.366
Ancestral 1*,23,generator,1.066
Ancestral 1*,23,core,1.671
Ancestral 1*,24,cannon,1.37
Ancestral 1*,24,armor,1.37
Ancestral 1*,24,generator,1.067
Ancestral 1*,24,core,1.686
Ancestral 1*,25,cannon,1.374
Ancestral 1*,25,armor,1.374
Ancestral 1*,25,generator,1.068
Ancestral 1*,25,core,1.702
Ancestral 1*,26,cannon,1.379
Ancestral 1*,26,armor,1.379
Ancestral 1*,26,generator,1.069
Ancestral 1*,26,core,1.718
Ancestral 1*,27,cannon,1.383
Ancestral 1*,27,armor,1.383
Ancestral 1*,27,generator,1.07
Ancestral 1*,27,core,1.733
Ancestral 1*,28,cannon,1.387
Ancestral 1*,28,armor,1.387
Ancestral 1*,28,generator,1.071
Ancestral 1*,28,core,1.749
Ancestral 1*,29,cannon,1.391
Ancestral 1*,29,armor,1.391
Ancestral 1*,29,generator,1.072
Ancestral 1*,29,core,1.764
Ancestral 1*,30,cannon,1.395
Ancestral 1*,30,armor,1.395
Ancestral 1*,30,generator,1.073
Ancestral 1*,30,core,1.78
Ancestral 1*,31,cannon,1.401
Ancestral 1*,31,armor,1.401
Ancestral 1*,31,generator,1.075
Ancestral 1*,31,core,1.801
Ancestral 1*,32,cannon,1.408
Ancestral 1*,32,armor,1.408
Ancestral 1*,32,generator,1.077
Ancestral 1*,32,core,1.822
Ancestral 1*,33,cannon,1.414
Ancestral 1*,33,armor,1.414
Ancestral 1*,33,generator,1.079
Ancestral 1*,33,core,1.842
Ancestral 1*,34,cannon,1.42
Ancestral 1*,34,armor,1.42
Ancestral 1*,34,generator,1.081
Ancestral 1*,34,core,1.863
Ancestral 1*,35,cannon,1.426
Ancestral 1*,35,armor,1.426
Ancestral 1*,35,generator,1.083
Ancestral 1*,35,core,1.884
Ancestral 1*,36,cannon,1.433
Ancestral 1*,36,armor,1.433
Ancestral 1*,36,generator,1.085
Ancestral 1*,36,core,1.905
Ancestral 1*,37,cannon,1.439
Ancestral 1*,37,armor,1.439
Ancestral 1*,37,generator,1.087
Ancestral 1*,37,core,1.926
Ancestral 1*,38,cannon,1.445
Ancestral 1*,38,armor,1.445
Ancestral 1*,38,generator,1.089
Ancestral 1*,38,core,1.946
Ancestral 1*,39,cannon,1.451
Ancestral 1*,39,armor,1.451
Ancestral 1*,39,generator,1.092
Ancestral 1*,39,core,1.967
Ancestral 1*,40,cannon,1.458
Ancestral 1*,40,armor,1.458
Ancestral 1*,40,generator,1.094
Ancestral 1*,40,core,1.988
Ancestral 1*,41,cannon,1.466
Ancestral 1*,41,armor,1.466
Ancestral 1*,41,generator,1.097
Ancestral 1*,41,core,2.014
Ancestral 1*,42,cannon,1.474
Ancestral 1*,42,armor,1.474
Ancestral 1*,42,generator,1.1
Ancestral 1*,42,core,2.04
Ancestral 1*,43,cannon,1.483
Ancestral 1*,43,armor,1.483
Ancestral 1*,43,generator,1.103
Ancestral 1*,43,core,2.066
Ancestral 1*,44,cannon,1.491
Ancestral 1*,44,armor,1.491
Ancestral 1*,44,generator,1.106
Ancestral 1*,44,core,2.092
Ancestral 1*,45,cannon,1.499
Ancestral 1*,45,armor,1.499
Ancestral 1*,45,generator,1.109
Ancestral 1*,45,core,2.118
Ancestral 1*,46,cannon,1.508
Ancestral 1*,46,armor,1.508
Ancestral 1*,46,generator,1.112
Ancestral 1*,46,core,2.144
Ancestral 1*,47,cannon,1.516
Ancestral 1*,47,armor,1.516
Ancestral 1*,47,generator,1.115
Ancestral 1*,47,core,2.17
Ancestral 1*,48,cannon,1.524
Ancestral 1*,48,armor,1.524
Ancestral 1*,48,generator,1.119
Ancestral 1*,48,core,2.196
Ancestral 1*,49,cannon,1.532
Ancestral 1*,49,armor,1.532
Ancestral 1*,49,generator,1.122
Ancestral 1*,49,core,2.222
Ancestral 1*,50,cannon,1.541
Ancestral 1*,50,armor,1.541
Ancestral 1*,50,generator,1.125
Ancestral 1*,50,core,2.248
Ancestral 1*,51,cannon,1.549
Ancestral 1*,51,armor,1.549
Ancestral 1*,51,generator,1.128
Ancestral 1*,51,core,2.274
Ancestral 1*,52,cannon,1.557
Ancestral 1*,52,armor,1.557
Ancestral 1*,52,generator,1.131
Ancestral 1*,52,core,2.3
Ancestral 1*,53,cannon,1.566
Ancestral 1*,53,armor,1.566
Ancestral 1*,53,generator,1.134
Ancestral 1*,53,core,2.326
Ancestral 1*,54,cannon,1.574
Ancestral 1*,54,armor,1.574
Ancestral 1*,54,generator,1.137
Ancestral 1*,54,core,2.352
Ancestral 1*,55,cannon,1.582
Ancestral 1*,55,armor,1.582
Ancestral 1*,55,generator,1.14
Ancestral 1*,55,core,2.378
Ancestral 1*,56,cannon,1.591
Ancestral 1*,56,armor,1.591
Ancestral 1*,56,generator,1.144
Ancestral 1*,56,core,2.404
Ancestral 1*,57,cannon,1.599
Ancestral 1*,57,armor,1.599
Ancestral 1*,57,generator,1.147
Ancestral 1*,57,core,2.43
Ancestral 1*,58,cannon,1.607
Ancestral 1*,58,armor,1.607
Ancestral 1*,58,generator,1.15
Ancestral 1*,58,core,2.456
Ancestral 1*,59,cannon,1.616
Ancestral 1*,59,armor,1.616
Ancestral 1*,59,generator,1.153
Ancestral 1*,59,core,2.482
Ancestral 1*,60,cannon,1.624
Ancestral 1*,60,armor,1.624
Ancestral 1*,60,generator,1.156
Ancestral 1*,60,core,2.508
Ancestral 1*,61,cannon,1.636
Ancestral 1*,61,armor,1.636
Ancestral 1*,61,generator,1.159
Ancestral 1*,61,core,2.539
Ancestral 1*,62,cannon,1.649
Ancestral 1*,62,armor,1.649
Ancestral 1*,62,generator,1.162
Ancestral 1*,62,core,2.57
Ancestral 1*,63,cannon,1.661
Ancestral 1*,63,armor,1.661
Ancestral 1*,63,generator,1.165
Ancestral 1*,63,core,2.602
Ancestral 1*,64,cannon,1.674
Ancestral 1*,64,armor,1.674
Ancestral 1*,64,generator,1.168
Ancestral 1*,64,core,2.633
Ancestral 1*,65,cannon,1.686
Ancestral 1*,65,armor,1.686
Ancestral 1*,65,generator,1.172
Ancestral 1*,65,core,2.664
Ancestral 1*,66,cannon,1.699
Ancestral 1*,66,armor,1.699
Ancestral 1*,66,generator,1.175
Ancestral 1*,66,core,2.695
Ancestral 1*,67,cannon,1.711
Ancestral 1*,67,armor,1.711
Ancestral 1*,67,generator,1.178
Ancestral 1*,67,core,2.726
Ancestral 1*,68,cannon,1.724
Ancestral 1*,68,armor,1.724
Ancestral 1*,68,generator,1.181
Ancestral 1*,68,core,2.758
Ancestral 1*,69,cannon,1.736
Ancestral 1*,69,armor,1.736
Ancestral 1*,69,generator,1.184
Ancestral 1*,69,core,2.789
Ancestral 1*,70,cannon,1.749
Ancestral 1*,70,armor,1.749
Ancestral 1*,70,generator,1.187
Ancestral 1*,70,core,2.82
Ancestral 1*,71,cannon,1.761
Ancestral 1*,71,armor,1.761
Ancestral 1*,71,generator,1.19
Ancestral 1*,71,core,2.851
Ancestral 1*,72,cannon,1.774
Ancestral 1*,72,armor,1.774
Ancestral 1*,72,generator,1.193
Ancestral 1*,72,core,2.882
Ancestral 1*,73,cannon,1.786
Ancestral 1*,73,armor,1.786
Ancestral 1*,73,generator,1.197
Ancestral 1*,73,core,2.914
Ancestral 1*,74,cannon,1.799
Ancestral 1*,74,armor,1.799
Ancestral 1*,74,generator,1.2
Ancestral 1*,74,core,2.945
Ancestral 1*,75,cannon,1.811
Ancestral 1*,75,armor,1.811
Ancestral 1*,75,generator,1.203
Ancestral 1*,75,core,2.976
Ancestral 1*,76,cannon,1.824
Ancestral 1*,76,armor,1.824
Ancestral 1*,76,generator,1.206
Ancestral 1*,76,core,3.007
Ancestral 1*,77,cannon,1.836
Ancestral 1*,77,armor,1.836
Ancestral 1*,77,generator,1.209
Ancestral 1*,77,core,3.038
Ancestral 1*,78,cannon,1.849
Ancestral 1*,78,armor,1.849
Ancestral 1*,78,generator,1.212
Ancestral 1*,78,core,3.07
Ancestral 1*,79,cannon,1.861
Ancestral 1*,79,armor,1.861
Ancestral 1*,79,generator,1.215
Ancestral 1*,79,core,3.101
Ancestral 1*,80,cannon,1.874
Ancestral 1*,80,armor,1.874
Ancestral 1*,80,generator,1.218
Ancestral 1*,80,core,3.132
Ancestral 1*,81,cannon,1.905
Ancestral 1*,81,armor,1.905
Ancestral 1*,81,generator,1.223
Ancestral 1*,81,core,3.184
Ancestral 1*,82,cannon,1.936
Ancestral 1*,82,armor,1.936
Ancestral 1*,82,generator,1.227
Ancestral 1*,82,core,3.236
Ancestral 1*,83,cannon,1.967
Ancestral 1*,83,armor,1.967
Ancestral 1*,83,generator,1.231
Ancestral 1*,83,core,3.288
Ancestral 1*,84,cannon,1.998
Ancestral 1*,84,armor,1.998
Ancestral 1*,84,generator,1.235
Ancestral 1*,84,core,3.34
Ancestral 1*,85,cannon,2.03
Ancestral 1*,85,armor,2.03
Ancestral 1*,85,generator,1.239
Ancestral 1*,85,core,3.392
Ancestral 1*,86,cannon,2.061
Ancestral 1*,86,armor,2.061
Ancestral 1*,86,generator,1.243
Ancestral 1*,86,core,3.444
Ancestral 1*,87,cannon,2.092
Ancestral 1*,87,armor,2.092
Ancestral 1*,87,generator,1.248
Ancestral 1*,87,core,3.496
Ancestral 1*,88,cannon,2.123
Ancestral 1*,88,armor,2.123
Ancestral 1*,88,generator,1.252
Ancestral 1*,88,core,3.548
Ancestral 1*,89,cannon,2.154
Ancestral 1*,89,armor,2.154
Ancestral 1*,89,generator,1.256
Ancestral 1*,89,core,3.6
Ancestral 1*,90,cannon,2.186
Ancestral 1*,90,armor,2.186
Ancestral 1*,90,generator,1.26
Ancestral 1*,90,core,3.652
Ancestral 1*,91,cannon,2.217
Ancestral 1*,91,armor,2.217
Ancestral 1*,91,generator,1.264
Ancestral 1*,91,core,3.704
Ancestral 1*,92,cannon,2.248
Ancestral 1*,92,armor,2.248
Ancestral 1*,92,generator,1.268
Ancestral 1*,92,core,3.756
Ancestral 1*,93,cannon,2.279
Ancestral 1*,93,armor,2.279
Ancestral 1*,93,generator,1.272
Ancestral 1*,93,core,3.808
Ancestral 1*,94,cannon,2.31
Ancestral 1*,94,armor,2.31
Ancestral 1*,94,generator,1.277
Ancestral 1*,94,core,3.86
Ancestral 1*,95,cannon,2.342
Ancestral 1*,95,armor,2.342
Ancestral 1*,95,generator,1.281
Ancestral 1*,95,core,3.912
Ancestral 1*,96,cannon,2.373
Ancestral 1*,96,armor,2.373
Ancestral 1*,96,generator,1.285
Ancestral 1*,96,core,3.964
Ancestral 1*,97,cannon,2.404
Ancestral 1*,97,armor,2.404
Ancestral 1*,97,generator,1.289
Ancestral 1*,97,core,4.016
Ancestral 1*,98,cannon,2.435
Ancestral 1*,98,armor,2.435
Ancestral 1*,98,generator,1.293
Ancestral 1*,98,core,4.068
Ancestral 1*,99,cannon,2.466
Ancestral 1*,99,armor,2.466
Ancestral 1*,99,generator,1.297
Ancestral 1*,99,core,4.12
Ancestral 1*,100,cannon,2.498
Ancestral 1*,100,armor,2.498
Ancestral 1*,100,generator,1.302
Ancestral 1*,100,core,4.172
Ancestral 1*,101,cannon,2.57
Ancestral 1*,101,armor,2.57
Ancestral 1*,101,generator,1.307
Ancestral 1*,101,core,4.255
Ancestral 1*,102,cannon,2.643
Ancestral 1*,102,armor,2.643
Ancestral 1*,102,generator,1.312
Ancestral 1*,102,core,4.338
Ancestral 1*,103,cannon,2.716
Ancestral 1*,103,armor,2.716
Ancestral 1*,103,generator,1.317
Ancestral 1*,103,core,4.422
Ancestral 1*,104,cannon,2.789
Ancestral 1*,104,armor,2.789
Ancestral 1*,104,generator,1.322
Ancestral 1*,104,core,4.505
Ancestral 1*,105,cannon,2.862
Ancestral 1*,105,armor,2.862
Ancestral 1*,105,generator,1.328
Ancestral 1*,105,core,4.588
Ancestral 1*,106,cannon,2.934
Ancestral 1*,106,armor,2.934
Ancestral 1*,106,generator,1.333
Ancestral 1*,106,core,4.671
Ancestral 1*,107,cannon,3.007
Ancestral 1*,107,armor,3.007
Ancestral 1*,107,generator,1.338
Ancestral 1*,107,core,4.754
Ancestral 1*,108,cannon,3.08
Ancestral 1*,108,armor,3.08
Ancestral 1*,108,generator,1.343
Ancestral 1*,108,core,4.838
Ancestral 1*,109,cannon,3.153
Ancestral 1*,109,armor,3.153
Ancestral 1*,109,generator,1.348
Ancestral 1*,109,core,4.921
Ancestral 1*,110,cannon,3.226
Ancestral 1*,110,armor,3.226
Ancestral 1*,110,generator,1.354
Ancestral 1*,110,core,5.004
Ancestral 1*,111,cannon,3.298
Ancestral 1*,111,armor,3.298
Ancestral 1*,111,generator,1.359
Ancestral 1*,111,core,5.087
Ancestral 1*,112,cannon,3.371
Ancestral 1*,112,armor,3.371
Ancestral 1*,112,generator,1.364
Ancestral 1*,112,core,5.17
Ancestral 1*,113,cannon,3.444
Ancestral 1*,113,armor,3.444
Ancestral 1*,113,generator,1.369
Ancestral 1*,113,core,5.254
Ancestral 1*,114,cannon,3.517
Ancestral 1*,114,armor,3.517
Ancestral 1*,114,generator,1.374
Ancestral 1*,114,core,5.337
Ancestral 1*,115,cannon,3.59
Ancestral 1*,115,armor,3.59
Ancestral 1*,115,generator,1.38
Ancestral 1*,115,core,5.42
Ancestral 1*,116,cannon,3.662
Ancestral 1*,116,armor,3.662
Ancestral 1*,116,generator,1.385
Ancestral 1*,116,core,5.503
Ancestral 1*,117,cannon,3.735
Ancestral 1*,117,armor,3.735
Ancestral 1*,117,generator,1.39
Ancestral 1*,117,core,5.586
Ancestral 1*,118,cannon,3.808
Ancestral 1*,118,armor,3.808
Ancestral 1*,118,generator,1.395
Ancestral 1*,118,core,5.67
Ancestral 1*,119,cannon,3.881
Ancestral 1*,119,armor,3.881
Ancestral 1*,119,generator,1.4
Ancestral 1*,119,core,5.753
Ancestral 1*,120,cannon,3.954
Ancestral 1*,120,armor,3.954
Ancestral 1*,120,generator,1.406
Ancestral 1*,120,core,5.836
Ancestral 1*,121,cannon,4.058
Ancestral 1*,121,armor,4.058
Ancestral 1*,121,generator,1.412
Ancestral 1*,121,core,5.961
Ancestral 1*,122,cannon,4.162
Ancestral 1*,122,armor,4.162
Ancestral 1*,122,generator,1.418
Ancestral 1*,122,core,6.086
Ancestral 1*,123,cannon,4.266
Ancestral 1*,123,armor,4.266
Ancestral 1*,123,generator,1.424
Ancestral 1*,123,core,6.21
Ancestral 1*,124,cannon,4.37
Ancestral 1*,124,armor,4.37
Ancestral 1*,124,generator,1.431
Ancestral 1*,124,core,6.335
Ancestral 1*,125,cannon,4.474
Ancestral 1*,125,armor,4.474
Ancestral 1*,125,generator,1.437
Ancestral 1*,125,core,6.46
Ancestral 1*,126,cannon,4.578
Ancestral 1*,126,armor,4.578
Ancestral 1*,126,generator,1.443
Ancestral 1*,126,core,6.585
Ancestral 1*,127,cannon,4.682
Ancestral 1*,127,armor,4.682
Ancestral 1*,127,generator,1.449
Ancestral 1*,127,core,6.71
Ancestral 1*,128,cannon,4.786
Ancestral 1*,128,armor,4.786
Ancestral 1*,128,generator,1.456
Ancestral 1*,128,core,6.834
Ancestral 1*,129,cannon,4.89
Ancestral 1*,129,armor,4.89
Ancestral 1*,129,generator,1.462
Ancestral 1*,129,core,6.959
Ancestral 1*,130,cannon,4.994
Ancestral 1*,130,armor,4.994
Ancestral 1*,130,generator,1.468
Ancestral 1*,130,core,7.084
Ancestral 1*,131,cannon,5.098
Ancestral 1*,131,armor,5.098
Ancestral 1*,131,generator,1.474
Ancestral 1*,131,core,7.209
Ancestral 1*,132,cannon,5.202
Ancestral 1*,132,armor,5.202
Ancestral 1*,132,generator,1.48
Ancestral 1*,132,core,7.334
Ancestral 1*,133,cannon,5.306
Ancestral 1*,133,armor,5.306
Ancestral 1*,133,generator,1.487
Ancestral 1*,133,core,7.458
Ancestral 1*,134,cannon,5.41
Ancestral 1*,134,armor,5.41
Ancestral 1*,134,generator,1.493
Ancestral 1*,134,core,7.583
Ancestral 1*,135,cannon,5.514
Ancestral 1*,135,armor,5.514
Ancestral 1*,135,generator,1.499
Ancestral 1*,135,core,7.708
Ancestral 1*,136,cannon,5.618
Ancestral 1*,136,armor,5.618
Ancestral 1*,136,generator,1.505
Ancestral 1*,136,core,7.833
Ancestral 1*,137,cannon,5.722
Ancestral 1*,137,armor,5.722
Ancestral 1*,137,generator,1.512
Ancestral 1*,137,core,7.958
Ancestral 1*,138,cannon,5.826
Ancestral 1*,138,armor,5.826
Ancestral 1*,138,generator,1.518
Ancestral 1*,138,core,8.082
Ancestral 1*,139,cannon,5.93
Ancestral 1*,139,armor,5.93
Ancestral 1*,139,generator,1.524
Ancestral 1*,139,core,8.207
Ancestral 1*,140,cannon,6.034
Ancestral 1*,140,armor,6.034
Ancestral 1*,140,generator,1.53
Ancestral 1*,140,core,8.332
Ancestral 1*,141,cannon,6.158
Ancestral 1*,141,armor,6.158
Ancestral 1*,141,generator,1.539
Ancestral 1*,141,core,8.488
Ancestral 1*,142,cannon,6.283
Ancestral 1*,142,armor,6.283
Ancestral 1*,142,generator,1.547
Ancestral 1*,142,core,8.644
Ancestral 1*,143,cannon,6.408
Ancestral 1*,143,armor,6.408
Ancestral 1*,143,generator,1.555
Ancestral 1*,143,core,8.8
Ancestral 1*,144,cannon,6.533
Ancestral 1*,144,armor,6.533
Ancestral 1*,144,generator,1.564
Ancestral 1*,144,core,8.956
Ancestral 1*,145,cannon,6.658
Ancestral 1*,145,armor,6.658
Ancestral 1*,145,generator,1.572
Ancestral 1*,145,core,9.112
Ancestral 1*,146,cannon,6.782
Ancestral 1*,146,armor,6.782
Ancestral 1*,146,generator,1.58
Ancestral 1*,146,core,9.268
Ancestral 1*,147,cannon,6.907
Ancestral 1*,147,armor,6.907
Ancestral 1*,147,generator,1.589
Ancestral 1*,147,core,9.424
Ancestral 1*,148,cannon,7.032
Ancestral 1*,148,armor,7.032
Ancestral 1*,148,generator,1.597
Ancestral 1*,148,core,9.58
Ancestral 1*,149,cannon,7.157
Ancestral 1*,149,armor,7.157
Ancestral 1*,149,generator,1.605
Ancestral 1*,149,core,9.736
Ancestral 1*,150,cannon,7.282
Ancestral 1*,150,armor,7.282
Ancestral 1*,150,generator,1.614
Ancestral 1*,150,core,9.892
Ancestral 1*,151,cannon,7.406
Ancestral 1*,151,armor,7.406
Ancestral 1*,151,generator,1.622
Ancestral 1*,151,core,10.048
Ancestral 1*,152,cannon,7.531
Ancestral 1*,152,armor,7.531
Ancestral 1*,152,generator,1.63
Ancestral 1*,152,core,10.204
Ancestral 1*,153,cannon,7.656
Ancestral 1*,153,armor,7.656
Ancestral 1*,153,generator,1.639
Ancestral 1*,153,core,10.36
Ancestral 1*,154,cannon,7.781
Ancestral 1*,154,armor,7.781
Ancestral 1*,154,generator,1.647
Ancestral 1*,154,core,10.516
Ancestral 1*,155,cannon,7.906
Ancestral 1*,155,armor,7.906
Ancestral 1*,155,generator,1.655
Ancestral 1*,155,core,10.672
Ancestral 1*,156,cannon,8.03
Ancestral 1*,156,armor,8.03
Ancestral 1*,156,generator,1.664
Ancestral 1*,156,core,10.828
Ancestral 1*,157,cannon,8.155
Ancestral 1*,157,armor,8.155
Ancestral 1*,157,generator,1.672
Ancestral 1*,157,core,10.984
Ancestral 1*,158,cannon,8.28
Ancestral 1*,158,armor,8.28
Ancestral 1*,158,generator,1.68
Ancestral 1*,158,core,11.14
Ancestral 1*,159,cannon,8.405
Ancestral 1*,159,armor,8.405
Ancestral 1*,159,generator,1.688
Ancestral 1*,159,core,11.296
Ancestral 1*,160,cannon,8.53
Ancestral 1*,160,armor,8.53
Ancestral 1*,160,generator,1.697
Ancestral 1*,160,core,11.452
Ancestral 1*,161,cannon,8.738
Ancestral 1*,161,armor,8.738
Ancestral 1*,161,generator,1.707
Ancestral 1*,161,core,11.712
Ancestral 1*,162,cannon,8.946
Ancestral 1*,162,armor,8.946
Ancestral 1*,162,generator,1.718
Ancestral 1*,162,core,11.972
Ancestral 1*,163,cannon,9.154
Ancestral 1*,163,armor,9.154
Ancestral 1*,163,generator,1.728
Ancestral 1*,163,core,12.232
Ancestral 1*,164,cannon,9.362
Ancestral 1*,164,armor,9.362
Ancestral 1*,164,generator,1.738
Ancestral 1*,164,core,12.492
Ancestral 1*,165,cannon,9.57
Ancestral 1*,165,armor,9.57
Ancestral 1*,165,generator,1.749
Ancestral 1*,165,core,12.752
Ancestral 1*,166,cannon,9.778
Ancestral 1*,166,armor,9.778
Ancestral 1*,166,generator,1.759
Ancestral 1*,166,core,13.012
Ancestral 1*,167,cannon,9.986
Ancestral 1*,167,armor,9.986
Ancestral 1*,167,generator,1.77
Ancestral 1*,167,core,13.272
Ancestral 1*,168,cannon,10.194
Ancestral 1*,168,armor,10.194
Ancestral 1*,168,generator,1.78
Ancestral 1*,168,core,13.532
Ancestral 1*,169,cannon,10.402
Ancestral 1*,169,armor,10.402
Ancestral 1*,169,generator,1.79
Ancestral 1*,169,core,13.792
Ancestral 1*,170,cannon,10.61
Ancestral 1*,170,armor,10.61
Ancestral 1*,170,generator,1.801
Ancestral 1*,170,core,14.052
Ancestral 1*,171,cannon,10.818
Ancestral 1*,171,armor,10.818
Ancestral 1*,171,generator,1.811
Ancestral 1*,171,core,14.312
Ancestral 1*,172,cannon,11.026
Ancestral 1*,172,armor,11.026
Ancestral 1*,172,generator,1.822
Ancestral 1*,172,core,14.572
Ancestral 1*,173,cannon,11.234
Ancestral 1*,173,armor,11.234
Ancestral 1*,173,generator,1.832
Ancestral 1*,173,core,14.832
Ancestral 1*,174,cannon,11.442
Ancestral 1*,174,armor,11.442
Ancestral 1*,174,generator,1.842
Ancestral 1*,174,core,15.092
Ancestral 1*,175,cannon,11.65
Ancestral 1*,175,armor,11.65
Ancestral 1*,175,generator,1.853
Ancestral 1*,175,core,15.352
Ancestral 1*,176,cannon,11.858
Ancestral 1*,176,armor,11.858
Ancestral 1*,176,generator,1.863
Ancestral 1*,176,core,15.612
Ancestral 1*,177,cannon,12.066
Ancestral 1*,177,armor,12.066
Ancestral 1*,177,generator,1.874
Ancestral 1*,177,core,15.872
Ancestral 1*,178,cannon,12.274
Ancestral 1*,178,armor,12.274
Ancestral 1*,178,generator,1.884
Ancestral 1*,178,core,16.132
Ancestral 1*,179,cannon,12.482
Ancestral 1*,179,armor,12.482
Ancestral 1*,179,generator,1.894
Ancestral 1*,179,core,16.392
Ancestral 1*,180,cannon,12.69
Ancestral 1*,180,armor,12.69
Ancestral 1*,180,generator,1.905
Ancestral 1*,180,core,16.652
Ancestral 1*,181,cannon,12.898
Ancestral 1*,181,armor,12.898
Ancestral 1*,181,generator,1.915
Ancestral 1*,181,core,16.912
Ancestral 1*,182,cannon,13.106
Ancestral 1*,182,armor,13.106
Ancestral 1*,182,generator,1.926
Ancestral 1*,182,core,17.172
Ancestral 1*,183,cannon,13.314
Ancestral 1*,183,armor,13.314
Ancestral 1*,183,generator,1.936
Ancestral 1*,183,core,17.432
Ancestral 1*,184,cannon,13.522
Ancestral 1*,184,armor,13.522
Ancestral 1*,184,generator,1.946
Ancestral 1*,184,core,17.692
Ancestral 1*,185,cannon,13.73
Ancestral 1*,185,armor,13.73
Ancestral 1*,185,generator,1.957
Ancestral 1*,185,core,17.952
Ancestral 1*,186,cannon,13.938
Ancestral 1*,186,armor,13.938
Ancestral 1*,186,generator,1.967
Ancestral 1*,186,core,18.212
Ancestral 1*,187,cannon,14.146
Ancestral 1*,187,armor,14.146
Ancestral 1*,187,generator,1.978
Ancestral 1*,187,core,18.472
Ancestral 1*,188,cannon,14.354
Ancestral 1*,188,armor,14.354
Ancestral 1*,188,generator,1.988
Ancestral 1*,188,core,18.732
Ancestral 1*,189,cannon,14.562
Ancestral 1*,189,armor,14.562
Ancestral 1*,189,generator,1.998
Ancestral 1*,189,core,18.992
Ancestral 1*,190,cannon,14.77
Ancestral 1*,190,armor,14.77
Ancestral 1*,190,generator,2.009
Ancestral 1*,190,core,19.252
Ancestral 1*,191,cannon,14.978
Ancestral 1*,191,armor,14.978
Ancestral 1*,191,generator,2.019
Ancestral 1*,191,core,19.512
Ancestral 1*,192,cannon,15.186
Ancestral 1*,192,armor,15.186
Ancestral 1*,192,generator,2.03
Ancestral 1*,192,core,19.772
Ancestral 1*,193,cannon,15.394
Ancestral 1*,193,armor,15.394
Ancestral 1*,193,generator,2.04
Ancestral 1*,193,core,20.032
Ancestral 1*,194,cannon,15.602
Ancestral 1*,194,armor,15.602
Ancestral 1*,194,generator,2.05
Ancestral 1*,194,core,20.292
Ancestral 1*,195,cannon,15.81
Ancestral 1*,195,armor,15.81
Ancestral 1*,195,generator,2.061
Ancestral 1*,195,core,20.552
Ancestral 1*,196,cannon,16.018
Ancestral 1*,196,armor,16.018
Ancestral 1*,196,generator,2.071
Ancestral 1*,196,core,20.812
Ancestral 1*,197,cannon,16.226
Ancestral 1*,197,armor,16.226
Ancestral 1*,197,generator,2.082
Ancestral 1*,197,core,21.072
Ancestral 1*,198,cannon,16.434
Ancestral 1*,198,armor,16.434
Ancestral 1*,198,generator,2.092
Ancestral 1*,198,core,21.332
Ancestral 1*,199,cannon,16.642
Ancestral 1*,199,armor,16.642
Ancestral 1*,199,generator,2.102
Ancestral 1*,199,core,21.592
Ancestral 1*,200,cannon,16.85
Ancestral 1*,200,armor,16.85
Ancestral 1*,200,generator,2.113
Ancestral 1*,200,core,21.852
Ancestral 1*,201,cannon,17.058
Ancestral 1*,201,armor,17.058
Ancestral 1*,201,generator,2.123
Ancestral 1*,201,core,22.112
Ancestral 1*,202,cannon,17.266
Ancestral 1*,202,armor,17.266
Ancestral 1*,202,generator,2.134
Ancestral 1*,202,core,22.372
Ancestral 1*,203,cannon,17.474
Ancestral 1*,203,armor,17.474
Ancestral 1*,203,generator,2.144
Ancestral 1*,203,core,22.632
Ancestral 1*,204,cannon,17.682
Ancestral 1*,204,armor,17.682
Ancestral 1*,204,generator,2.154
Ancestral 1*,204,core,22.892
Ancestral 1*,205,cannon,17.89
Ancestral 1*,205,armor,17.89
Ancestral 1*,205,generator,2.165
Ancestral 1*,205,core,23.152
Ancestral 1*,206,cannon,18.098
Ancestral 1*,206,armor,18.098
Ancestral 1*,206,generator,2.175
Ancestral 1*,206,core,23.412
Ancestral 1*,207,cannon,18.306
Ancestral 1*,207,armor,18.306
Ancestral 1*,207,generator,2.186
Ancestral 1*,207,core,23.672
Ancestral 1*,208,cannon,18.514
Ancestral 1*,208,armor,18.514
Ancestral 1*,208,generator,2.196
Ancestral 1*,208,core,23.932
Ancestral 1*,209,cannon,18.722
Ancestral 1*,209,armor,18.722
Ancestral 1*,209,generator,2.206
Ancestral 1*,209,core,24.192
Ancestral 1*,210,cannon,18.93
Ancestral 1*,210,armor,18.93
Ancestral 1*,210,generator,2.217
Ancestral 1*,210,core,24.452
Ancestral 1*,211,cannon,19.138
Ancestral 1*,211,armor,19.138
Ancestral 1*,211,generator,2.227
Ancestral 1*,211,core,24.712
Ancestral 1*,212,cannon,19.346
Ancestral 1*,212,armor,19.346
Ancestral 1*,212,generator,2.238
Ancestral 1*,212,core,24.972
Ancestral 1*,213,cannon,19.554
Ancestral 1*,213,armor,19.554
Ancestral 1*,213,generator,2.248
Ancestral 1*,213,core,25.232
Ancestral 1*,214,cannon,19.762
Ancestral 1*,214,armor,19.762
Ancestral 1*,214,generator,2.258
Ancestral 1*,214,core,25.492
Ancestral 1*,215,cannon,19.97
Ancestral 1*,215,armor,19.97
Ancestral 1*,215,generator,2.269
Ancestral 1*,215,core,25.752
Ancestral 1*,216,cannon,20.178
Ancestral 1*,216,armor,20.178
Ancestral 1*,216,generator,2.279
Ancestral 1*,216,core,26.012
Ancestral 1*,217,cannon,20.386
Ancestral 1*,217,armor,20.386
Ancestral 1*,217,generator,2.29
Ancestral 1*,217,core,26.272
Ancestral 1*,218,cannon,20.594
Ancestral 1*,218,armor,20.594
Ancestral 1*,218,generator,2.3
Ancestral 1*,218,core,26.532
Ancestral 1*,219,cannon,20.802
Ancestral 1*,219,armor,20.802
Ancestral 1*,219,generator,2.31
Ancestral 1*,219,core,26.792
Ancestral 1*,220,cannon,21.01
Ancestral 1*,220,armor,21.01
Ancestral 1*,220,generator,2.321
Ancestral 1*,220,core,27.052
Ancestral 1*,221,cannon,21.218
Ancestral 1*,221,armor,21.218
Ancestral 1*,221,generator,2.331
Ancestral 1*,221,core,27.312
Ancestral 1*,222,cannon,21.426
Ancestral 1*,222,armor,21.426
Ancestral 1*,222,generator,2.342
Ancestral 1*,222,core,27.572
Ancestral 1*,223,cannon,21.634
Ancestral 1*,223,armor,21.634
Ancestral 1*,223,generator,2.352
Ancestral 1*,223,core,27.832
Ancestral 1*,224,cannon,21.842
Ancestral 1*,224,armor,21.842
Ancestral 1*,224,generator,2.362
Ancestral 1*,224,core,28.092
Ancestral 1*,225,cannon,22.05
Ancestral 1*,225,armor,22.05
Ancestral 1*,225,generator,2.373
Ancestral 1*,225,core,28.352
Ancestral 1*,226,cannon,22.258
Ancestral 1*,226,armor,22.258
Ancestral 1*,226,generator,2.383
Ancestral 1*,226,core,28.612
Ancestral 1*,227,cannon,22.466
Ancestral 1*,227,armor,22.466
Ancestral 1*,227,generator,2.394
Ancestral 1*,227,core,28.872
Ancestral 1*,228,cannon,22.674
Ancestral 1*,228,armor,22.674
Ancestral 1*,228,generator,2.404
Ancestral 1*,228,core,29.132
Ancestral 1*,229,cannon,22.882
Ancestral 1*,229,armor,22.882
Ancestral 1*,229,generator,2.414
Ancestral 1*,229,core,29.392
Ancestral 1*,230,cannon,23.09
Ancestral 1*,230,armor,23.09
Ancestral 1*,230,generator,2.425
Ancestral 1*,230,core,29.652
Ancestral 1*,231,cannon,23.298
Ancestral 1*,231,armor,23.298
Ancestral 1*,231,generator,2.435
Ancestral 1*,231,core,29.912
Ancestral 1*,232,cannon,23.506
Ancestral 1*,232,armor,23.506
Ancestral 1*,232,generator,2.446
Ancestral 1*,232,core,30.172
Ancestral 1*,233,cannon,23.714
Ancestral 1*,233,armor,23.714
Ancestral 1*,233,generator,2.456
Ancestral 1*,233,core,30.432
Ancestral 1*,234,cannon,23.922
Ancestral 1*,234,armor,23.922
Ancestral 1*,234,generator,2.466
Ancestral 1*,234,core,30.692
Ancestral 1*,235,cannon,24.13
Ancestral 1*,235,armor,24.13
Ancestral 1*,235,generator,2.477
Ancestral 1*,235,core,30.952
Ancestral 1*,236,cannon,24.338
Ancestral 1*,236,armor,24.338
Ancestral 1*,236,generator,2.487
Ancestral 1*,236,core,31.212
Ancestral 1*,237,cannon,24.546
Ancestral 1*,237,armor,24.546
Ancestral 1*,237,generator,2.498
Ancestral 1*,237,core,31.472
Ancestral 1*,238,cannon,24.754
Ancestral 1*,238,armor,24.754
Ancestral 1*,238,generator,2.508
Ancestral 1*,238,core,31.732
Ancestral 1*,239,cannon,24.962
Ancestral 1*,239,armor,24.962
Ancestral 1*,239,generator,2.518
Ancestral 1*,239,core,31.992
Ancestral 1*,240,cannon,25.17
Ancestral 1*,240,armor,25.17
Ancestral 1*,240,generator,2.529
Ancestral 1*,240,core,32.252
Ancestral 1*,241,cannon,25.378
Ancestral 1*,241,armor,25.378
Ancestral 1*,241,generator,2.539
Ancestral 1*,241,core,32.512
Ancestral 1*,242,cannon,25.586
Ancestral 1*,242,armor,25.586
Ancestral 1*,242,generator,2.55
Ancestral 1*,242,core,32.772
Ancestral 1*,243,cannon,25.794
Ancestral 1*,243,armor,25.794
Ancestral 1*,243,generator,2.56
Ancestral 1*,243,core,33.032
Ancestral 1*,244,cannon,26.002
Ancestral 1*,244,armor,26.002
Ancestral 1*,244,generator,2.57
Ancestral 1*,244,core,33.292
Ancestral 1*,245,cannon,26.21
Ancestral 1*,245,armor,26.21
Ancestral 1*,245,generator,2.581
Ancestral 1*,245,core,33.552
Ancestral 1*,246,cannon,26.418
Ancestral 1*,246,armor,26.418
Ancestral 1*,246,generator,2.591
Ancestral 1*,246,core,33.812
Ancestral 1*,247,cannon,26.626
Ancestral 1*,247,armor,26.626
Ancestral 1*,247,generator,2.602
Ancestral 1*,247,core,34.072
Ancestral 1*,248,cannon,26.834
Ancestral 1*,248,armor,26.834
Ancestral 1*,248,generator,2.612
Ancestral 1*,248,core,34.332
Ancestral 1*,249,cannon,27.042
Ancestral 1*,249,armor,27.042
Ancestral 1*,249,generator,2.622
Ancestral 1*,249,core,34.592
Ancestral 1*,250,cannon,27.25
Ancestral 1*,250,armor,27.25
Ancestral 1*,250,generator,2.633
Ancestral 1*,250,core,34.852
Ancestral 1*,251,cannon,27.458
Ancestral 1*,251,armor,27.458
Ancestral 1*,251,generator,2.643
Ancestral 1*,251,core,35.112
Ancestral 1*,252,cannon,27.666
Ancestral 1*,252,armor,27.666
Ancestral 1*,252,generator,2.654
Ancestral 1*,252,core,35.372
Ancestral 1*,253,cannon,27.874
Ancestral 1*,253,armor,27.874
Ancestral 1*,253,generator,2.664
Ancestral 1*,253,core,35.632
Ancestral 1*,254,cannon,28.082
Ancestral 1*,254,armor,28.082
Ancestral 1*,254,generator,2.674
Ancestral 1*,254,core,35.892
Ancestral 1*,255,cannon,28.29
Ancestral 1*,255,armor,28.29
Ancestral 1*,255,generator,2.685
Ancestral 1*,255,core,36.152
Ancestral 1*,256,cannon,28.498
Ancestral 1*,256,armor,28.498
Ancestral 1*,256,generator,2.695
Ancestral 1*,256,core,36.412
Ancestral 1*,257,cannon,28.706
Ancestral 1*,257,armor,28.706
Ancestral 1*,257,generator,2.706
Ancestral 1*,257,core,36.672
Ancestral 1*,258,cannon,28.914
Ancestral 1*,258,armor,28.914
Ancestral 1*,258,generator,2.716
Ancestral 1*,258,core,36.932
Ancestral 1*,259,cannon,29.122
Ancestral 1*,259,armor,29.122
Ancestral 1*,259,generator,2.726
Ancestral 1*,259,core,37.192
Ancestral 1*,260,cannon,29.33
Ancestral 1*,260,armor,29.33
Ancestral 1*,260,generator,2.737
Ancestral 1*,260,core,37.452
Ancestral 1*,261,cannon,29.538
Ancestral 1*,261,armor,29.538
Ancestral 1*,261,generator,2.747
Ancestral 1*,261,core,37.712
Ancestral 1*,262,cannon,29.746
Ancestral 1*,262,armor,29.746
Ancestral 1*,262,generator,2.758
Ancestral 1*,262,core,37.972
Ancestral 1*,263,cannon,29.954
Ancestral 1*,263,armor,29.954
Ancestral 1*,263,generator,2.768
Ancestral 1*,263,core,38.232
Ancestral 1*,264,cannon,30.162
Ancestral 1*,264,armor,30.162
Ancestral 1*,264,generator,2.778
Ancestral 1*,264,core,38.492
Ancestral 1*,265,cannon,30.37
Ancestral 1*,265,armor,30.37
Ancestral 1*,265,generator,2.789
Ancestral 1*,265,core,38.752
Ancestral 1*,266,cannon,30.578
Ancestral 1*,266,armor,30.578
Ancestral 1*,266,generator,2.799
Ancestral 1*,266,core,39.012
Ancestral 1*,267,cannon,30.786
Ancestral 1*,267,armor,30.786
Ancestral 1*,267,generator,2.81
Ancestral 1*,267,core,39.272
Ancestral 1*,268,cannon,30.994
Ancestral 1*,268,armor,30.994
Ancestral 1*,268,generator,2.82
Ancestral 1*,268,core,39.532
Ancestral 1*,269,cannon,31.202
Ancestral 1*,269,armor,31.202
Ancestral 1*,269,generator,2.83
Ancestral 1*,269,core,39.792
Ancestral 1*,270,cannon,31.41
Ancestral 1*,270,armor,31.41
Ancestral 1*,270,generator,2.841
Ancestral 1*,270,core,40.052
Ancestral 1*,271,cannon,31.618
Ancestral 1*,271,armor,31.618
Ancestral 1*,271,generator,2.851
Ancestral 1*,271,core,40.312
Ancestral 1*,272,cannon,31.826
Ancestral 1*,272,armor,31.826
Ancestral 1*,272,generator,2.862
Ancestral 1*,272,core,40.572
Ancestral 1*,273,cannon,32.034
Ancestral 1*,273,armor,32.034
Ancestral 1*,273,generator,2.872
Ancestral 1*,273,core,40.832
Ancestral 1*,274,cannon,32.242
Ancestral 1*,274,armor,32.242
Ancestral 1*,274,generator,2.882
Ancestral 1*,274,core,41.092
Ancestral 1*,275,cannon,32.45
Ancestral 1*,275,armor,32.45
Ancestral 1*,275,generator,2.893
Ancestral 1*,275,core,41.352
Ancestral 1*,276,cannon,32.658
Ancestral 1*,276,armor,32.658
Ancestral 1*,276,generator,2.903
Ancestral 1*,276,core,41.612
Ancestral 1*,277,cannon,32.866
Ancestral 1*,277,armor,32.866
Ancestral 1*,277,generator,2.914
Ancestral 1*,277,core,41.872
Ancestral 1*,278,cannon,33.074
Ancestral 1*,278,armor,33.074
Ancestral 1*,278,generator,2.924
Ancestral 1*,278,core,42.132
Ancestral 1*,279,cannon,33.282
Ancestral 1*,279,armor,33.282
Ancestral 1*,279,generator,2.934
Ancestral 1*,279,core,42.392
Ancestral 1*,280,cannon,33.49
Ancestral 1*,280,armor,33.49
Ancestral 1*,280,generator,2.945
Ancestral 1*,280,core,42.652
Ancestral 1*,281,cannon,33.698
Ancestral 1*,281,armor,33.698
Ancestral 1*,281,generator,2.955
Ancestral 1*,281,core,42.912
Ancestral 1*,282,cannon,33.906
Ancestral 1*,282,armor,33.906
Ancestral 1*,282,generator,2.966
Ancestral 1*,282,core,43.172
Ancestral 1*,283,cannon,34.114
Ancestral 1*,283,armor,34.114
Ancestral 1*,283,generator,2.976
Ancestral 1*,283,core,43.432
Ancestral 1*,284,cannon,34.322
Ancestral 1*,284,armor,34.322
Ancestral 1*,284,generator,2.986
Ancestral 1*,284,core,43.692
Ancestral 1*,285,cannon,34.53
Ancestral 1*,285,armor,34.53
Ancestral 1*,285,generator,2.997
Ancestral 1*,285,core,43.952
Ancestral 1*,286,cannon,34.738
Ancestral 1*,286,armor,34.738
Ancestral 1*,286,generator,3.007
Ancestral 1*,286,core,44.212
Ancestral 1*,287,cannon,34.946
Ancestral 1*,287,armor,34.946
Ancestral 1*,287,generator,3.018
Ancestral 1*,287,core,44.472
Ancestral 1*,288,cannon,35.154
Ancestral 1*,288,armor,35.154
Ancestral 1*,288,generator,3.028
Ancestral 1*,288,core,44.732
Ancestral 1*,289,cannon,35.362
Ancestral 1*,289,armor,35.362
Ancestral 1*,289,generator,3.038
Ancestral 1*,289,core,44.992
Ancestral 1*,290,cannon,35.57
Ancestral 1*,290,armor,35.57
Ancestral 1*,290,generator,3.049
Ancestral 1*,290,core,45.252
Ancestral 1*,291,cannon,35.778
Ancestral 1*,291,armor,35.778
Ancestral 1*,291,generator,3.059
Ancestral 1*,291,core,45.512
Ancestral 1*,292,cannon,35.986
Ancestral 1*,292,armor,35.986
Ancestral 1*,292,generator,3.07
Ancestral 1*,292,core,45.772
Ancestral 1*,293,cannon,36.194
Ancestral 1*,293,armor,36.194
Ancestral 1*,293,generator,3.08
Ancestral 1*,293,core,46.032
Ancestral 1*,294,cannon,36.402
Ancestral 1*,294,armor,36.402
Ancestral 1*,294,generator,3.09
Ancestral 1*,294,core,46.292
Ancestral 1*,295,cannon,36.61
Ancestral 1*,295,armor,36.61
Ancestral 1*,295,generator,3.101
Ancestral 1*,295,core,46.552
Ancestral 1*,296,cannon,36.818
Ancestral 1*,296,armor,36.818
Ancestral 1*,296,generator,3.111
Ancestral 1*,296,core,46.812
Ancestral 1*,297,cannon,37.026
Ancestral 1*,297,armor,37.026
Ancestral 1*,297,generator,3.122
Ancestral 1*,297,core,47.072
Ancestral 1*,298,cannon,37.234
Ancestral 1*,298,armor,37.234
Ancestral 1*,298,generator,3.132
Ancestral 1*,298,core,47.332
Ancestral 1*,299,cannon,37.442
Ancestral 1*,299,armor,37.442
Ancestral 1*,299,generator,3.142
Ancestral 1*,299,core,47.592
Ancestral 1*,300,cannon,37.65
Ancestral 1*,300,armor,37.65
Ancestral 1*,300,generator,3.153
Ancestral 1*,300,core,47.852
Ancestral 2*,1,cannon,1.326
Ancestral 2*,1,armor,1.326
Ancestral 2*,1,generator,1.044
Ancestral 2*,1,core,1.443
Ancestral 2*,2,cannon,1.328
Ancestral 2*,2,armor,1.328
Ancestral 2*,2,generator,1.045
Ancestral 2*,2,core,1.454
Ancestral 2*,3,cannon,1.33
Ancestral 2*,3,armor,1.33
Ancestral 2*,3,generator,1.046
Ancestral 2*,3,core,1.464
Ancestral 2*,4,cannon,1.333
Ancestral 2*,4,armor,1.333
Ancestral 2*,4,generator,1.048
Ancestral 2*,4,core,1.475
Ancestral 2*,5,cannon,1.335
Ancestral 2*,5,armor,1.335
Ancestral 2*,5,generator,1.049
Ancestral 2*,5,core,1.486
Ancestral 2*,6,cannon,1.337
Ancestral 2*,6,armor,1.337
Ancestral 2*,6,generator,1.05
Ancestral 2*,6,core,1.497
Ancestral 2*,7,cannon,1.339
Ancestral 2*,7,armor,1.339
Ancestral 2*,7,generator,1.051
Ancestral 2*,7,core,1.508
Ancestral 2*,8,cannon,1.341
Ancestral 2*,8,armor,1.341
Ancestral 2*,8,generator,1.052
Ancestral 2*,8,core,1.518
Ancestral 2*,9,cannon,1.343
Ancestral 2*,9,armor,1.343
Ancestral 2*,9,generator,1.053
Ancestral 2*,9,core,1.529
Ancestral 2*,10,cannon,1.346
Ancestral 2*,10,armor,1.346
Ancestral 2*,10,generator,1.054
Ancestral 2*,10,core,1.54
Ancestral 2*,11,cannon,1.348
Ancestral 2*,11,armor,1.348
Ancestral 2*,11,generator,1.055
Ancestral 2*,11,core,1.551
Ancestral 2*,12,cannon,1.35
Ancestral 2*,12,armor,1.35
Ancestral 2*,12,generator,1.056
Ancestral 2*,12,core,1.562
Ancestral 2*,13,cannon,1.352
Ancestral 2*,13,armor,1.352
Ancestral 2*,13,generator,1.057
Ancestral 2*,13,core,1.572
Ancestral 2*,14,cannon,1.354
Ancestral 2*,14,armor,1.354
Ancestral 2*,14,generator,1.058
Ancestral 2*,14,core,1.583
Ancestral 2*,15,cannon,1.356
Ancestral 2*,15,armor,1.356
Ancestral 2*,15,generator,1.059
Ancestral 2*,15,core,1.594
Ancestral 2*,16,cannon,1.359
Ancestral 2*,16,armor,1.359
Ancestral 2*,16,generator,1.06
Ancestral 2*,16,core,1.605
Ancestral 2*,17,cannon,1.361
Ancestral 2*,17,armor,1.361
Ancestral 2*,17,generator,1.062
Ancestral 2*,17,core,1.616
Ancestral 2*,18,cannon,1.363
Ancestral 2*,18,armor,1.363
Ancestral 2*,18,generator,1.063
Ancestral 2*,18,core,1.626
Ancestral 2*,19,cannon,1.365
Ancestral 2*,19,armor,1.365
Ancestral 2*,19,generator,1.064
Ancestral 2*,19,core,1.637
Ancestral 2*,20,cannon,1.367
Ancestral 2*,20,armor,1.367
Ancestral 2*,20,generator,1.065
Ancestral 2*,20,core,1.648
Ancestral 2*,21,cannon,1.372
Ancestral 2*,21,armor,1.372
Ancestral 2*,21,generator,1.066
Ancestral 2*,21,core,1.664
Ancestral 2*,22,cannon,1.376
Ancestral 2*,22,armor,1.376
Ancestral 2*,22,generator,1.067
Ancestral 2*,22,core,1.68
Ancestral 2*,23,cannon,1.38
Ancestral 2*,23,armor,1.38
Ancestral 2*,23,generator,1.068
Ancestral 2*,23,core,1.697
Ancestral 2*,24,cannon,1.384
Ancestral 2*,24,armor,1.384
Ancestral 2*,24,generator,1.069
Ancestral 2*,24,core,1.713
Ancestral 2*,25,cannon,1.389
Ancestral 2*,25,armor,1.389
Ancestral 2*,25,generator,1.07
Ancestral 2*,25,core,1.729
Ancestral 2*,26,cannon,1.393
Ancestral 2*,26,armor,1.393
Ancestral 2*,26,generator,1.071
Ancestral 2*,26,core,1.745
Ancestral 2*,27,cannon,1.397
Ancestral 2*,27,armor,1.397
Ancestral 2*,27,generator,1.072
Ancestral 2*,27,core,1.761
Ancestral 2*,28,cannon,1.402
Ancestral 2*,28,armor,1.402
Ancestral 2*,28,generator,1.073
Ancestral 2*,28,core,1.778
Ancestral 2*,29,cannon,1.406
Ancestral 2*,29,armor,1.406
Ancestral 2*,29,generator,1.075
Ancestral 2*,29,core,1.794
Ancestral 2*,30,cannon,1.41
Ancestral 2*,30,armor,1.41
Ancestral 2*,30,generator,1.076
Ancestral 2*,30,core,1.81
Ancestral 2*,31,cannon,1.417
Ancestral 2*,31,armor,1.417
Ancestral 2*,31,generator,1.078
Ancestral 2*,31,core,1.832
Ancestral 2*,32,cannon,1.423
Ancestral 2*,32,armor,1.423
Ancestral 2*,32,generator,1.08
Ancestral 2*,32,core,1.853
Ancestral 2*,33,cannon,1.43
Ancestral 2*,33,armor,1.43
Ancestral 2*,33,generator,1.082
Ancestral 2*,33,core,1.875
Ancestral 2*,34,cannon,1.436
Ancestral 2*,34,armor,1.436
Ancestral 2*,34,generator,1.084
Ancestral 2*,34,core,1.896
Ancestral 2*,35,cannon,1.443
Ancestral 2*,35,armor,1.443
Ancestral 2*,35,generator,1.086
Ancestral 2*,35,core,1.918
Ancestral 2*,36,cannon,1.449
Ancestral 2*,36,armor,1.449
Ancestral 2*,36,generator,1.089
Ancestral 2*,36,core,1.94
Ancestral 2*,37,cannon,1.456
Ancestral 2*,37,armor,1.456
Ancestral 2*,37,generator,1.091
Ancestral 2*,37,core,1.961
Ancestral 2*,38,cannon,1.462
Ancestral 2*,38,armor,1.462
Ancestral 2*,38,generator,1.093
Ancestral 2*,38,core,1.983
Ancestral 2*,39,cannon,1.469
Ancestral 2*,39,armor,1.469
Ancestral 2*,39,generator,1.095
Ancestral 2*,39,core,2.004
Ancestral 2*,40,cannon,1.475
Ancestral 2*,40,armor,1.475
Ancestral 2*,40,generator,1.097
Ancestral 2*,40,core,2.026
Ancestral 2*,41,cannon,1.484
Ancestral 2*,41,armor,1.484
Ancestral 2*,41,generator,1.1
Ancestral 2*,41,core,2.053
Ancestral 2*,42,cannon,1.492
Ancestral 2*,42,armor,1.492
Ancestral 2*,42,generator,1.104
Ancestral 2*,42,core,2.08
Ancestral 2*,43,cannon,1.501
Ancestral 2*,43,armor,1.501
Ancestral 2*,43,generator,1.107
Ancestral 2*,43,core,2.107
Ancestral 2*,44,cannon,1.51
Ancestral 2*,44,armor,1.51
Ancestral 2*,44,generator,1.11
Ancestral 2*,44,core,2.134
Ancestral 2*,45,cannon,1.518
Ancestral 2*,45,armor,1.518
Ancestral 2*,45,generator,1.113
Ancestral 2*,45,core,2.161
Ancestral 2*,46,cannon,1.527
Ancestral 2*,46,armor,1.527
Ancestral 2*,46,generator,1.117
Ancestral 2*,46,core,2.188
Ancestral 2*,47,cannon,1.536
Ancestral 2*,47,armor,1.536
Ancestral 2*,47,generator,1.12
Ancestral 2*,47,core,2.215
Ancestral 2*,48,cannon,1.544
Ancestral 2*,48,armor,1.544
Ancestral 2*,48,generator,1.123
Ancestral 2*,48,core,2.242
Ancestral 2*,49,cannon,1.553
Ancestral 2*,49,armor,1.553
Ancestral 2*,49,generator,1.126
Ancestral 2*,49,core,2.269
Ancestral 2*,50,cannon,1.562
Ancestral 2*,50,armor,1.562
Ancestral 2*,50,generator,1.13
Ancestral 2*,50,core,2.296
Ancestral 2*,51,cannon,1.57
Ancestral 2*,51,armor,1.57
Ancestral 2*,51,generator,1.133
Ancestral 2*,51,core,2.323
Ancestral 2*,52,cannon,1.579
Ancestral 2*,52,armor,1.579
Ancestral 2*,52,generator,1.136
Ancestral 2*,52,core,2.35
Ancestral 2*,53,cannon,1.588
Ancestral 2*,53,armor,1.588
Ancestral 2*,53,generator,1.139
Ancestral 2*,53,core,2.377
Ancestral 2*,54,cannon,1.596
Ancestral 2*,54,armor,1.596
Ancestral 2*,54,generator,1.143
Ancestral 2*,54,core,2.404
Ancestral 2*,55,cannon,1.605
Ancestral 2*,55,armor,1.605
Ancestral 2*,55,generator,1.146
Ancestral 2*,55,core,2.431
Ancestral 2*,56,cannon,1.613
Ancestral 2*,56,armor,1.613
Ancestral 2*,56,generator,1.149
Ancestral 2*,56,core,2.458
Ancestral 2*,57,cannon,1.622
Ancestral 2*,57,armor,1.622
Ancestral 2*,57,generator,1.152
Ancestral 2*,57,core,2.485
Ancestral 2*,58,cannon,1.631
Ancestral 2*,58,armor,1.631
Ancestral 2*,58,generator,1.156
Ancestral 2*,58,core,2.512
Ancestral 2*,59,cannon,1.639
Ancestral 2*,59,armor,1.639
Ancestral 2*,59,generator,1.159
Ancestral 2*,59,core,2.539
Ancestral 2*,60,cannon,1.648
Ancestral 2*,60,armor,1.648
Ancestral 2*,60,generator,1.162
Ancestral 2*,60,core,2.566
Ancestral 2*,61,cannon,1.661
Ancestral 2*,61,armor,1.661
Ancestral 2*,61,generator,1.165
Ancestral 2*,61,core,2.598
Ancestral 2*,62,cannon,1.674
Ancestral 2*,62,armor,1.674
Ancestral 2*,62,generator,1.168
Ancestral 2*,62,core,2.631
Ancestral 2*,63,cannon,1.687
Ancestral 2*,63,armor,1.687
Ancestral 2*,63,generator,1.172
Ancestral 2*,63,core,2.663
Ancestral 2*,64,cannon,1.7
Ancestral 2*,64,armor,1.7
Ancestral 2*,64,generator,1.175
Ancestral 2*,64,core,2.696
Ancestral 2*,65,cannon,1.713
Ancestral 2*,65,armor,1.713
Ancestral 2*,65,generator,1.178
Ancestral 2*,65,core,2.728
Ancestral 2*,66,cannon,1.726
Ancestral 2*,66,armor,1.726
Ancestral 2*,66,generator,1.181
Ancestral 2*,66,core,2.76
Ancestral 2*,67,cannon,1.739
Ancestral 2*,67,armor,1.739
Ancestral 2*,67,generator,1.185
Ancestral 2*,67,core,2.793
Ancestral 2*,68,cannon,1.752
Ancestral 2*,68,armor,1.752
Ancestral 2*,68,generator,1.188
Ancestral 2*,68,core,2.825
Ancestral 2*,69,cannon,1.765
Ancestral 2*,69,armor,1.765
Ancestral 2*,69,generator,1.191
Ancestral 2*,69,core,2.858
Ancestral 2*,70,cannon,1.778
Ancestral 2*,70,armor,1.778
Ancestral 2*,70,generator,1.194
Ancestral 2*,70,core,2.89
Ancestral 2*,71,cannon,1.791
Ancestral 2*,71,armor,1.791
Ancestral 2*,71,generator,1.198
Ancestral 2*,71,core,2.922
Ancestral 2*,72,cannon,1.804
Ancestral 2*,72,armor,1.804
Ancestral 2*,72,generator,1.201
Ancestral 2*,72,core,2.955
Ancestral 2*,73,cannon,1.816
Ancestral 2*,73,armor,1.816
Ancestral 2*,73,generator,1.204
Ancestral 2*,73,core,2.987
Ancestral 2*,74,cannon,1.829
Ancestral 2*,74,armor,1.829
Ancestral 2*,74,generator,1.207
Ancestral 2*,74,core,3.02
Ancestral 2*,75,cannon,1.842
Ancestral 2*,75,armor,1.842
Ancestral 2*,75,generator,1.211
Ancestral 2*,75,core,3.052
Ancestral 2*,76,cannon,1.855
Ancestral 2*,76,armor,1.855
Ancestral 2*,76,generator,1.214
Ancestral 2*,76,core,3.084
Ancestral 2*,77,cannon,1.868
Ancestral 2*,77,armor,1.868
Ancestral 2*,77,generator,1.217
Ancestral 2*,77,core,3.117
Ancestral 2*,78,cannon,1.881
Ancestral 2*,78,armor,1.881
Ancestral 2*,78,generator,1.22
Ancestral 2*,78,core,3.149
Ancestral 2*,79,cannon,1.894
Ancestral 2*,79,armor,1.894
Ancestral 2*,79,generator,1.224
Ancestral 2*,79,core,3.182
Ancestral 2*,80,cannon,1.907
Ancestral 2*,80,armor,1.907
Ancestral 2*,80,generator,1.227
Ancestral 2*,80,core,3.214
Ancestral 2*,81,cannon,1.94
Ancestral 2*,81,armor,1.94
Ancestral 2*,81,generator,1.231
Ancestral 2*,81,core,3.268
Ancestral 2*,82,cannon,1.972
Ancestral 2*,82,armor,1.972
Ancestral 2*,82,generator,1.235
Ancestral 2*,82,core,3.322
Ancestral 2*,83,cannon,2.004
Ancestral 2*,83,armor,2.004
Ancestral 2*,83,generator,1.24
Ancestral 2*,83,core,3.376
Ancestral 2*,84,cannon,2.037
Ancestral 2*,84,armor,2.037
Ancestral 2*,84,generator,1.244
Ancestral 2*,84,core,3.43
Ancestral 2*,85,cannon,2.069
Ancestral 2*,85,armor,2.069
Ancestral 2*,85,generator,1.248
Ancestral 2*,85,core,3.484
Ancestral 2*,86,cannon,2.102
Ancestral 2*,86,armor,2.102
Ancestral 2*,86,generator,1.253
Ancestral 2*,86,core,3.538
Ancestral 2*,87,cannon,2.134
Ancestral 2*,87,armor,2.134
Ancestral 2*,87,generator,1.257
Ancestral 2*,87,core,3.592
Ancestral 2*,88,cannon,2.166
Ancestral 2*,88,armor,2.166
Ancestral 2*,88,generator,1.261
Ancestral 2*,88,core,3.646
Ancestral 2*,89,cannon,2.199
Ancestral 2*,89,armor,2.199
Ancestral 2*,89,generator,1.266
Ancestral 2*,89,core,3.7
Ancestral 2*,90,cannon,2.231
Ancestral 2*,90,armor,2.231
Ancestral 2*,90,generator,1.27
Ancestral 2*,90,core,3.754
Ancestral 2*,91,cannon,2.264
Ancestral 2*,91,armor,2.264
Ancestral 2*,91,generator,1.274
Ancestral 2*,91,core,3.808
Ancestral 2*,92,cannon,2.296
Ancestral 2*,92,armor,2.296
Ancestral 2*,92,generator,1.279
Ancestral 2*,92,core,3.862
Ancestral 2*,93,cannon,2.328
Ancestral 2*,93,armor,2.328
Ancestral 2*,93,generator,1.283
Ancestral 2*,93,core,3.916
Ancestral 2*,94,cannon,2.361
Ancestral 2*,94,armor,2.361
Ancestral 2*,94,generator,1.287
Ancestral 2*,94,core,3.97
Ancestral 2*,95,cannon,2.393
Ancestral 2*,95,armor,2.393
Ancestral 2*,95,generator,1.292
Ancestral 2*,95,core,4.024
Ancestral 2*,96,cannon,2.426
Ancestral 2*,96,armor,2.426
Ancestral 2*,96,generator,1.296
Ancestral 2*,96,core,4.078
Ancestral 2*,97,cannon,2.458
Ancestral 2*,97,armor,2.458
Ancestral 2*,97,generator,1.3
Ancestral 2*,97,core,4.132
Ancestral 2*,98,cannon,2.49
Ancestral 2*,98,armor,2.49
Ancestral 2*,98,generator,1.305
Ancestral 2*,98,core,4.186
Ancestral 2*,99,cannon,2.523
Ancestral 2*,99,armor,2.523
Ancestral 2*,99,generator,1.309
Ancestral 2*,99,core,4.24
Ancestral 2*,100,cannon,2.555
Ancestral 2*,100,armor,2.555
Ancestral 2*,100,generator,1.313
Ancestral 2*,100,core,4.294
Ancestral 2*,101,cannon,2.631
Ancestral 2*,101,armor,2.631
Ancestral 2*,101,generator,1.319
Ancestral 2*,101,core,4.38
Ancestral 2*,102,cannon,2.706
Ancestral 2*,102,armor,2.706
Ancestral 2*,102,generator,1.324
Ancestral 2*,102,core,4.467
Ancestral 2*,103,cannon,2.782
Ancestral 2*,103,armor,2.782
Ancestral 2*,103,generator,1.329
Ancestral 2*,103,core,4.553
Ancestral 2*,104,cannon,2.858
Ancestral 2*,104,armor,2.858
Ancestral 2*,104,generator,1.335
Ancestral 2*,104,core,4.64
Ancestral 2*,105,cannon,2.933
Ancestral 2*,105,armor,2.933
Ancestral 2*,105,generator,1.34
Ancestral 2*,105,core,4.726
Ancestral 2*,106,cannon,3.009
Ancestral 2*,106,armor,3.009
Ancestral 2*,106,generator,1.346
Ancestral 2*,106,core,4.812
Ancestral 2*,107,cannon,3.084
Ancestral 2*,107,armor,3.084
Ancestral 2*,107,generator,1.351
Ancestral 2*,107,core,4.899
Ancestral 2*,108,cannon,3.16
Ancestral 2*,108,armor,3.16
Ancestral 2*,108,generator,1.356
Ancestral 2*,108,core,4.985
Ancestral 2*,109,cannon,3.236
Ancestral 2*,109,armor,3.236
Ancestral 2*,109,generator,1.362
Ancestral 2*,109,core,5.072
Ancestral 2*,110,cannon,3.311
Ancestral 2*,110,armor,3.311
Ancestral 2*,110,generator,1.367
Ancestral 2*,110,core,5.158
Ancestral 2*,111,cannon,3.387
Ancestral 2*,111,armor,3.387
Ancestral 2*,111,generator,1.373
Ancestral 2*,111,core,5.244
Ancestral 2*,112,cannon,3.462
Ancestral 2*,112,armor,3.462
Ancestral 2*,112,generator,1.378
Ancestral 2*,112,core,5.331
Ancestral 2*,113,cannon,3.538
Ancestral 2*,113,armor,3.538
Ancestral 2*,113,generator,1.383
Ancestral 2*,113,core,5.417
Ancestral 2*,114,cannon,3.614
Ancestral 2*,114,armor,3.614
Ancestral 2*,114,generator,1.389
Ancestral 2*,114,core,5.504
Ancestral 2*,115,cannon,3.689
Ancestral 2*,115,armor,3.689
Ancestral 2*,115,generator,1.394
Ancestral 2*,115,core,5.59
Ancestral 2*,116,cannon,3.765
Ancestral 2*,116,armor,3.765
Ancestral 2*,116,generator,1.4
Ancestral 2*,116,core,5.676
Ancestral 2*,117,cannon,3.84
Ancestral 2*,117,armor,3.84
Ancestral 2*,117,generator,1.405
Ancestral 2*,117,core,5.763
Ancestral 2*,118,cannon,3.916
Ancestral 2*,118,armor,3.916
Ancestral 2*,118,generator,1.41
Ancestral 2*,118,core,5.849
Ancestral 2*,119,cannon,3.992
Ancestral 2*,119,armor,3.992
Ancestral 2*,119,generator,1.416
Ancestral 2*,119,core,5.936
Ancestral 2*,120,cannon,4.067
Ancestral 2*,120,armor,4.067
Ancestral 2*,120,generator,1.421
Ancestral 2*,120,core,6.022
Ancestral 2*,121,cannon,4.175
Ancestral 2*,121,armor,4.175
Ancestral 2*,121,generator,1.428
Ancestral 2*,121,core,6.152
Ancestral 2*,122,cannon,4.283
Ancestral 2*,122,armor,4.283
Ancestral 2*,122,generator,1.434
Ancestral 2*,122,core,6.281
Ancestral 2*,123,cannon,4.391
Ancestral 2*,123,armor,4.391
Ancestral 2*,123,generator,1.441
Ancestral 2*,123,core,6.411
Ancestral 2*,124,cannon,4.499
Ancestral 2*,124,armor,4.499
Ancestral 2*,124,generator,1.447
Ancestral 2*,124,core,6.54
Ancestral 2*,125,cannon,4.607
Ancestral 2*,125,armor,4.607
Ancestral 2*,125,generator,1.454
Ancestral 2*,125,core,6.67
Ancestral 2*,126,cannon,4.715
Ancestral 2*,126,armor,4.715
Ancestral 2*,126,generator,1.46
Ancestral 2*,126,core,6.8
Ancestral 2*,127,cannon,4.823
Ancestral 2*,127,armor,4.823
Ancestral 2*,127,generator,1.467
Ancestral 2*,127,core,6.929
Ancestral 2*,128,cannon,4.931
Ancestral 2*,128,armor,4.931
Ancestral 2*,128,generator,1.473
Ancestral 2*,128,core,7.059
Ancestral 2*,129,cannon,5.039
Ancestral 2*,129,armor,5.039
Ancestral 2*,129,generator,1.48
Ancestral 2*,129,core,7.188
Ancestral 2*,130,cannon,5.147
Ancestral 2*,130,armor,5.147
Ancestral 2*,130,generator,1.486
Ancestral 2*,130,core,7.318
Ancestral 2*,131,cannon,5.255
Ancestral 2*,131,armor,5.255
Ancestral 2*,131,generator,1.492
Ancestral 2*,131,core,7.448
Ancestral 2*,132,cannon,5.363
Ancestral 2*,132,armor,5.363
Ancestral 2*,132,generator,1.499
Ancestral 2*,132,core,7.577
Ancestral 2*,133,cannon,5.471
Ancestral 2*,133,armor,5.471
Ancestral 2*,133,generator,1.505
Ancestral 2*,133,core,7.707
Ancestral 2*,134,cannon,5.579
Ancestral 2*,134,armor,5.579
Ancestral 2*,134,generator,1.512
Ancestral 2*,134,core,7.836
Ancestral 2*,135,cannon,5.687
Ancestral 2*,135,armor,5.687
Ancestral 2*,135,generator,1.518
Ancestral 2*,135,core,7.966
Ancestral 2*,136,cannon,5.795
Ancestral 2*,136,armor,5.795
Ancestral 2*,136,generator,1.525
Ancestral 2*,136,core,8.096
Ancestral 2*,137,cannon,5.903
Ancestral 2*,137,armor,5.903
Ancestral 2*,137,generator,1.531
Ancestral 2*,137,core,8.225
Ancestral 2*,138,cannon,6.011
Ancestral 2*,138,armor,6.011
Ancestral 2*,138,generator,1.538
Ancestral 2*,138,core,8.355
Ancestral 2*,139,cannon,6.119
Ancestral 2*,139,armor,6.119
Ancestral 2*,139,generator,1.544
Ancestral 2*,139,core,8.484
Ancestral 2*,140,cannon,6.227
Ancestral 2*,140,armor,6.227
Ancestral 2*,140,generator,1.551
Ancestral 2*,140,core,8.614
Ancestral 2*,141,cannon,6.357
Ancestral 2*,141,armor,6.357
Ancestral 2*,141,generator,1.559
Ancestral 2*,141,core,8.776
Ancestral 2*,142,cannon,6.486
Ancestral 2*,142,armor,6.486
Ancestral 2*,142,generator,1.568
Ancestral 2*,142,core,8.938
Ancestral 2*,143,cannon,6.616
Ancestral 2*,143,armor,6.616
Ancestral 2*,143,generator,1.577
Ancestral 2*,143,core,9.1
Ancestral 2*,144,cannon,6.746
Ancestral 2*,144,armor,6.746
Ancestral 2*,144,generator,1.585
Ancestral 2*,144,core,9.262
Ancestral 2*,145,cannon,6.875
Ancestral 2*,145,armor,6.875
Ancestral 2*,145,generator,1.594
Ancestral 2*,145,core,9.424
Ancestral 2*,146,cannon,7.005
Ancestral 2*,146,armor,7.005
Ancestral 2*,146,generator,1.603
Ancestral 2*,146,core,9.586
Ancestral 2*,147,cannon,7.134
Ancestral 2*,147,armor,7.134
Ancestral 2*,147,generator,1.611
Ancestral 2*,147,core,9.748
Ancestral 2*,148,cannon,7.264
Ancestral 2*,148,armor,7.264
Ancestral 2*,148,generator,1.62
Ancestral 2*,148,core,9.91
Ancestral 2*,149,cannon,7.394
Ancestral 2*,149,armor,7.394
Ancestral 2*,149,generator,1.629
Ancestral 2*,149,core,10.072
Ancestral 2*,150,cannon,7.523
Ancestral 2*,150,armor,7.523
Ancestral 2*,150,generator,1.637
Ancestral 2*,150,core,10.234
Ancestral 2*,151,cannon,7.653
Ancestral 2*,151,armor,7.653
Ancestral 2*,151,generator,1.646
Ancestral 2*,151,core,10.396
Ancestral 2*,152,cannon,7.782
Ancestral 2*,152,armor,7.782
Ancestral 2*,152,generator,1.654
Ancestral 2*,152,core,10.558
Ancestral 2*,153,cannon,7.912
Ancestral 2*,153,armor,7.912
Ancestral 2*,153,generator,1.663
Ancestral 2*,153,core,10.72
Ancestral 2*,154,cannon,8.042
Ancestral 2*,154,armor,8.042
Ancestral 2*,154,generator,1.672
Ancestral 2*,154,core,10.882
Ancestral 2*,155,cannon,8.171
Ancestral 2*,155,armor,8.171
Ancestral 2*,155,generator,1.68
Ancestral 2*,155,core,11.044
Ancestral 2*,156,cannon,8.301
Ancestral 2*,156,armor,8.301
Ancestral 2*,156,generator,1.689
Ancestral 2*,156,core,11.206
Ancestral 2*,157,cannon,8.43
Ancestral 2*,157,armor,8.43
Ancestral 2*,157,generator,1.698
Ancestral 2*,157,core,11.368
Ancestral 2*,158,cannon,8.56
Ancestral 2*,158,armor,8.56
Ancestral 2*,158,generator,1.706
Ancestral 2*,158,core,11.53
Ancestral 2*,159,cannon,8.69
Ancestral 2*,159,armor,8.69
Ancestral 2*,159,generator,1.715
Ancestral 2*,159,core,11.692
Ancestral 2*,160,cannon,8.819
Ancestral 2*,160,armor,8.819
Ancestral 2*,160,generator,1.724
Ancestral 2*,160,core,11.854
Ancestral 2*,161,cannon,9.035
Ancestral 2*,161,armor,9.035
Ancestral 2*,161,generator,1.734
Ancestral 2*,161,core,12.124
Ancestral 2*,162,cannon,9.251
Ancestral 2*,162,armor,9.251
Ancestral 2*,162,generator,1.745
Ancestral 2*,162,core,12.394
Ancestral 2*,163,cannon,9.467
Ancestral 2*,163,armor,9.467
Ancestral 2*,163,generator,1.756
Ancestral 2*,163,core,12.664
Ancestral 2*,164,cannon,9.683
Ancestral 2*,164,armor,9.683
Ancestral 2*,164,generator,1.767
Ancestral 2*,164,core,12.934
Ancestral 2*,165,cannon,9.899
Ancestral 2*,165,armor,9.899
Ancestral 2*,165,generator,1.778
Ancestral 2*,165,core,13.204
Ancestral 2*,166,cannon,10.115
Ancestral 2*,166,armor,10.115
Ancestral 2*,166,generator,1.788
Ancestral 2*,166,core,13.474
Ancestral 2*,167,cannon,10.331
Ancestral 2*,167,armor,10.331
Ancestral 2*,167,generator,1.799
Ancestral 2*,167,core,13.744
Ancestral 2*,168,cannon,10.547
Ancestral 2*,168,armor,10.547
Ancestral 2*,168,generator,1.81
Ancestral 2*,168,core,14.014
Ancestral 2*,169,cannon,10.763
Ancestral 2*,169,armor,10.763
Ancestral 2*,169,generator,1.821
Ancestral 2*,169,core,14.284
Ancestral 2*,170,cannon,10.979
Ancestral 2*,170,armor,10.979
Ancestral 2*,170,generator,1.832
Ancestral 2*,170,core,14.554
Ancestral 2*,171,cannon,11.195
Ancestral 2*,171,armor,11.195
Ancestral 2*,171,generator,1.842
Ancestral 2*,171,core,14.824
Ancestral 2*,172,cannon,11.411
Ancestral 2*,172,armor,11.411
Ancestral 2*,172,generator,1.853
Ancestral 2*,172,core,15.094
Ancestral 2*,173,cannon,11.627
Ancestral 2*,173,armor,11.627
Ancestral 2*,173,generator,1.864
Ancestral 2*,173,core,15.364
Ancestral 2*,174,cannon,11.843
Ancestral 2*,174,armor,11.843
Ancestral 2*,174,generator,1.875
Ancestral 2*,174,core,15.634
Ancestral 2*,175,cannon,12.059
Ancestral 2*,175,armor,12.059
Ancestral 2*,175,generator,1.886
Ancestral 2*,175,core,15.904
Ancestral 2*,176,cannon,12.275
Ancestral 2*,176,armor,12.275
Ancestral 2*,176,generator,1.896
Ancestral 2*,176,core,16.174
Ancestral 2*,177,cannon,12.491
Ancestral 2*,177,armor,12.491
Ancestral 2*,177,generator,1.907
Ancestral 2*,177,core,16.444
Ancestral 2*,178,cannon,12.707
Ancestral 2*,178,armor,12.707
Ancestral 2*,178,generator,1.918
Ancestral 2*,178,core,16.714
Ancestral 2*,179,cannon,12.923
Ancestral 2*,179,armor,12.923
Ancestral 2*,179,generator,1.929
Ancestral 2*,179,core,16.984
Ancestral 2*,180,cannon,13.139
Ancestral 2*,180,armor,13.139
Ancestral 2*,180,generator,1.94
Ancestral 2*,180,core,17.254
Ancestral 2*,181,cannon,13.355
Ancestral 2*,181,armor,13.355
Ancestral 2*,181,generator,1.95
Ancestral 2*,181,core,17.524
Ancestral 2*,182,cannon,13.571
Ancestral 2*,182,armor,13.571
Ancestral 2*,182,generator,1.961
Ancestral 2*,182,core,17.794
Ancestral 2*,183,cannon,13.787
Ancestral 2*,183,armor,13.787
Ancestral 2*,183,generator,1.972
Ancestral 2*,183,core,18.064
Ancestral 2*,184,cannon,14.003
Ancestral 2*,184,armor,14.003
Ancestral 2*,184,generator,1.983
Ancestral 2*,184,core,18.334
Ancestral 2*,185,cannon,14.219
Ancestral 2*,185,armor,14.219
Ancestral 2*,185,generator,1.994
Ancestral 2*,185,core,18.604
Ancestral 2*,186,cannon,14.435
Ancestral 2*,186,armor,14.435
Ancestral 2*,186,generator,2.004
Ancestral 2*,186,core,18.874
Ancestral 2*,187,cannon,14.651
Ancestral 2*,187,armor,14.651
Ancestral 2*,187,generator,2.015
Ancestral 2*,187,core,19.144
Ancestral 2*,188,cannon,14.867
Ancestral 2*,188,armor,14.867
Ancestral 2*,188,generator,2.026
Ancestral 2*,188,core,19.414
Ancestral 2*,189,cannon,15.083
Ancestral 2*,189,armor,15.083
Ancestral 2*,189,generator,2.037
Ancestral 2*,189,core,19.684
Ancestral 2*,190,cannon,15.299
Ancestral 2*,190,armor,15.299
Ancestral 2*,190,generator,2.048
Ancestral 2*,190,core,19.954
Ancestral 2*,191,cannon,15.515
Ancestral 2*,191,armor,15.515
Ancestral 2*,191,generator,2.058
Ancestral 2*,191,core,20.224
Ancestral 2*,192,cannon,15.731
Ancestral 2*,192,armor,15.731
Ancestral 2*,192,generator,2.069
Ancestral 2*,192,core,20.494
Ancestral 2*,193,cannon,15.947
Ancestral 2*,193,armor,15.947
Ancestral 2*,193,generator,2.08
Ancestral 2*,193,core,20.764
Ancestral 2*,194,cannon,16.163
Ancestral 2*,194,armor,16.163
Ancestral 2*,194,generator,2.091
Ancestral 2*,194,core,21.034
Ancestral 2*,195,cannon,16.379
Ancestral 2*,195,armor,16.379
Ancestral 2*,195,generator,2.102
Ancestral 2*,195,core,21.304
Ancestral 2*,196,cannon,16.595
Ancestral 2*,196,armor,16.595
Ancestral 2*,196,generator,2.112
Ancestral 2*,196,core,21.574
Ancestral 2*,197,cannon,16.811
Ancestral 2*,197,armor,16.811
Ancestral 2*,197,generator,2.123
Ancestral 2*,197,core,21.844
Ancestral 2*,198,cannon,17.027
Ancestral 2*,198,armor,17.027
Ancestral 2*,198,generator,2.134
Ancestral 2*,198,core,22.114
Ancestral 2*,199,cannon,17.243
Ancestral 2*,199,armor,17.243
Ancestral 2*,199,generator,2.145
Ancestral 2*,199,core,22.384
Ancestral 2*,200,cannon,17.459
Ancestral 2*,200,armor,17.459
Ancestral 2*,200,generator,2.156
Ancestral 2*,200,core,22.654
Ancestral 2*,201,cannon,17.675
Ancestral 2*,201,armor,17.675
Ancestral 2*,201,generator,2.166
Ancestral 2*,201,core,22.924
Ancestral 2*,202,cannon,17.891
Ancestral 2*,202,armor,17.891
Ancestral 2*,202,generator,2.177
Ancestral 2*,202,core,23.194
Ancestral 2*,203,cannon,18.107
Ancestral 2*,203,armor,18.107
Ancestral 2*,203,generator,2.188
Ancestral 2*,203,core,23.464
Ancestral 2*,204,cannon,18.323
Ancestral 2*,204,armor,18.323
Ancestral 2*,204,generator,2.199
Ancestral 2*,204,core,23.734
Ancestral 2*,205,cannon,18.539
Ancestral 2*,205,armor,18.539
Ancestral 2*,205,generator,2.21
Ancestral 2*,205,core,24.004
Ancestral 2*,206,cannon,18.755
Ancestral 2*,206,armor,18.755
Ancestral 2*,206,generator,2.22
Ancestral 2*,206,core,24.274
Ancestral 2*,207,cannon,18.971
Ancestral 2*,207,armor,18.971
Ancestral 2*,207,generator,2.231
Ancestral 2*,207,core,24.544
Ancestral 2*,208,cannon,19.187
Ancestral 2*,208,armor,19.187
Ancestral 2*,208,generator,2.242
Ancestral 2*,208,core,24.814
Ancestral 2*,209,cannon,19.403
Ancestral 2*,209,armor,19.403
Ancestral 2*,209,generator,2.253
Ancestral 2*,209,core,25.084
Ancestral 2*,210,cannon,19.619
Ancestral 2*,210,armor,19.619
Ancestral 2*,210,generator,2.264
Ancestral 2*,210,core,25.354
Ancestral 2*,211,cannon,19.835
Ancestral 2*,211,armor,19.835
Ancestral 2*,211,generator,2.274
Ancestral 2*,211,core,25.624
Ancestral 2*,212,cannon,20.051
Ancestral 2*,212,armor,20.051
Ancestral 2*,212,generator,2.285
Ancestral 2*,212,core,25.894
Ancestral 2*,213,cannon,20.267
Ancestral 2*,213,armor,20.267
Ancestral 2*,213,generator,2.296
Ancestral 2*,213,core,26.164
Ancestral 2*,214,cannon,20.483
Ancestral 2*,214,armor,20.483
Ancestral 2*,214,generator,2.307
Ancestral 2*,214,core,26.434
Ancestral 2*,215,cannon,20.699
Ancestral 2*,215,armor,20.699
Ancestral 2*,215,generator,2.318
Ancestral 2*,215,core,26.704
Ancestral 2*,216,cannon,20.915
Ancestral 2*,216,armor,20.915
Ancestral 2*,216,generator,2.328
Ancestral 2*,216,core,26.974
Ancestral 2*,217,cannon,21.131
Ancestral 2*,217,armor,21.131
Ancestral 2*,217,generator,2.339
Ancestral 2*,217,core,27.244
Ancestral 2*,218,cannon,21.347
Ancestral 2*,218,armor,21.347
Ancestral 2*,218,generator,2.35
Ancestral 2*,218,core,27.514
Ancestral 2*,219,cannon,21.563
Ancestral 2*,219,armor,21.563
Ancestral 2*,219,generator,2.361
Ancestral 2*,219,core,27.784
Ancestral 2*,220,cannon,21.779
Ancestral 2*,220,armor,21.779
Ancestral 2*,220,generator,2.372
Ancestral 2*,220,core,28.054
Ancestral 2*,221,cannon,21.995
Ancestral 2*,221,armor,21.995
Ancestral 2*,221,generator,2.382
Ancestral 2*,221,core,28.324
Ancestral 2*,222,cannon,22.211
Ancestral 2*,222,armor,22.211
Ancestral 2*,222,generator,2.393
Ancestral 2*,222,core,28.594
Ancestral 2*,223,cannon,22.427
Ancestral 2*,223,armor,22.427
Ancestral 2*,223,generator,2.404
Ancestral 2*,223,core,28.864
Ancestral 2*,224,cannon,22.643
Ancestral 2*,224,armor,22.643
Ancestral 2*,224,generator,2.415
Ancestral 2*,224,core,29.134
Ancestral 2*,225,cannon,22.859
Ancestral 2*,225,armor,22.859
Ancestral 2*,225,generator,2.426
Ancestral 2*,225,core,29.404
Ancestral 2*,226,cannon,23.075
Ancestral 2*,226,armor,23.075
Ancestral 2*,226,generator,2.436
Ancestral 2*,226,core,29.674
Ancestral 2*,227,cannon,23.291
Ancestral 2*,227,armor,23.291
Ancestral 2*,227,generator,2.447
Ancestral 2*,227,core,29.944
Ancestral 2*,228,cannon,23.507
Ancestral 2*,228,armor,23.507
Ancestral 2*,228,generator,2.458
Ancestral 2*,228,core,30.214
Ancestral 2*,229,cannon,23.723
Ancestral 2*,229,armor,23.723
Ancestral 2*,229,generator,2.469
Ancestral 2*,229,core,30.484
Ancestral 2*,230,cannon,23.939
Ancestral 2*,230,armor,23.939
Ancestral 2*,230,generator,2.48
Ancestral 2*,230,core,30.754
Ancestral 2*,231,cannon,24.155
Ancestral 2*,231,armor,24.155
Ancestral 2*,231,generator,2.49
Ancestral 2*,231,core,31.024
Ancestral 2*,232,cannon,24.371
Ancestral 2*,232,armor,24.371
Ancestral 2*,232,generator,2.501
Ancestral 2*,232,core,31.294
Ancestral 2*,233,cannon,24.587
Ancestral 2*,233,armor,24.587
Ancestral 2*,233,generator,2.512
Ancestral 2*,233,core,31.564
Ancestral 2*,234,cannon,24.803
Ancestral 2*,234,armor,24.803
Ancestral 2*,234,generator,2.523
Ancestral 2*,234,core,31.834
Ancestral 2*,235,cannon,25.019
Ancestral 2*,235,armor,25.019
Ancestral 2*,235,generator,2.534
Ancestral 2*,235,core,32.104
Ancestral 2*,236,cannon,25.235
Ancestral 2*,236,armor,25.235
Ancestral 2*,236,generator,2.544
Ancestral 2*,236,core,32.374
Ancestral 2*,237,cannon,25.451
Ancestral 2*,237,armor,25.451
Ancestral 2*,237,generator,2.555
Ancestral 2*,237,core,32.644
Ancestral 2*,238,cannon,25.667
Ancestral 2*,238,armor,25.667
Ancestral 2*,238,generator,2.566
Ancestral 2*,238,core,32.914
Ancestral 2*,239,cannon,25.883
Ancestral 2*,239,armor,25.883
Ancestral 2*,239,generator,2.577
Ancestral 2*,239,core,33.184
Ancestral 2*,240,cannon,26.099
Ancestral 2*,240,armor,26.099
Ancestral 2*,240,generator,2.588
Ancestral 2*,240,core,33.454
Ancestral 2*,241,cannon,26.315
Ancestral 2*,241,armor,26.315
Ancestral 2*,241,generator,2.598
Ancestral 2*,241,core,33.724
Ancestral 2*,242,cannon,26.531
Ancestral 2*,242,armor,26.531
Ancestral 2*,242,generator,2.609
Ancestral 2*,242,core,33.994
Ancestral 2*,243,cannon,26.747
Ancestral 2*,243,armor,26.747
Ancestral 2*,243,generator,2.62
Ancestral 2*,243,core,34.264
Ancestral 2*,244,cannon,26.963
Ancestral 2*,244,armor,26.963
Ancestral 2*,244,generator,2.631
Ancestral 2*,244,core,34.534
Ancestral 2*,245,cannon,27.179
Ancestral 2*,245,armor,27.179
Ancestral 2*,245,generator,2.642
Ancestral 2*,245,core,34.804
Ancestral 2*,246,cannon,27.395
Ancestral 2*,246,armor,27.395
Ancestral 2*,246,generator,2.652
Ancestral 2*,246,core,35.074
Ancestral 2*,247,cannon,27.611
Ancestral 2*,247,armor,27.611
Ancestral 2*,247,generator,2.663
Ancestral 2*,247,core,35.344
Ancestral 2*,248,cannon,27.827
Ancestral 2*,248,armor,27.827
Ancestral 2*,248,generator,2.674
Ancestral 2*,248,core,35.614
Ancestral 2*,249,cannon,28.043
Ancestral 2*,249,armor,28.043
Ancestral 2*,249,generator,2.685
Ancestral 2*,249,core,35.884
Ancestral 2*,250,cannon,28.259
Ancestral 2*,250,armor,28.259
Ancestral 2*,250,generator,2.696
Ancestral 2*,250,core,36.154
Ancestral 2*,251,cannon,28.475
Ancestral 2*,251,armor,28.475
Ancestral 2*,251,generator,2.706
Ancestral 2*,251,core,36.424
Ancestral 2*,252,cannon,28.691
Ancestral 2*,252,armor,28.691
Ancestral 2*,252,generator,2.717
Ancestral 2*,252,core,36.694
Ancestral 2*,253,cannon,28.907
Ancestral 2*,253,armor,28.907
Ancestral 2*,253,generator,2.728
Ancestral 2*,253,core,36.964
Ancestral 2*,254,cannon,29.123
Ancestral 2*,254,armor,29.123
Ancestral 2*,254,generator,2.739
Ancestral 2*,254,core,37.234
Ancestral 2*,255,cannon,29.339
Ancestral 2*,255,armor,29.339
Ancestral 2*,255,generator,2.75
Ancestral 2*,255,core,37.504
Ancestral 2*,256,cannon,29.555
Ancestral 2*,256,armor,29.555
Ancestral 2*,256,generator,2.76
Ancestral 2*,256,core,37.774
Ancestral 2*,257,cannon,29.771
Ancestral 2*,257,armor,29.771
Ancestral 2*,257,generator,2.771
Ancestral 2*,257,core,38.044
Ancestral 2*,258,cannon,29.987
Ancestral 2*,258,armor,29.987
Ancestral 2*,258,generator,2.782
Ancestral 2*,258,core,38.314
Ancestral 2*,259,cannon,30.203
Ancestral 2*,259,armor,30.203
Ancestral 2*,259,generator,2.793
Ancestral 2*,259,core,38.584
Ancestral 2*,260,cannon,30.419
Ancestral 2*,260,armor,30.419
Ancestral 2*,260,generator,2.804
Ancestral 2*,260,core,38.854
Ancestral 2*,261,cannon,30.635
Ancestral 2*,261,armor,30.635
Ancestral 2*,261,generator,2.814
Ancestral 2*,261,core,39.124
Ancestral 2*,262,cannon,30.851
Ancestral 2*,262,armor,30.851
Ancestral 2*,262,generator,2.825
Ancestral 2*,262,core,39.394
Ancestral 2*,263,cannon,31.067
Ancestral 2*,263,armor,31.067
Ancestral 2*,263,generator,2.836
Ancestral 2*,263,core,39.664
Ancestral 2*,264,cannon,31.283
Ancestral 2*,264,armor,31.283
Ancestral 2*,264,generator,2.847
Ancestral 2*,264,core,39.934
Ancestral 2*,265,cannon,31.499
Ancestral 2*,265,armor,31.499
Ancestral 2*,265,generator,2.858
Ancestral 2*,265,core,40.204
Ancestral 2*,266,cannon,31.715
Ancestral 2*,266,armor,31.715
Ancestral 2*,266,generator,2.868
Ancestral 2*,266,core,40.474
Ancestral 2*,267,cannon,31.931
Ancestral 2*,267,armor,31.931
Ancestral 2*,267,generator,2.879
Ancestral 2*,267,core,40.744
Ancestral 2*,268,cannon,32.147
Ancestral 2*,268,armor,32.147
Ancestral 2*,268,generator,2.89
Ancestral 2*,268,core,41.014
Ancestral 2*,269,cannon,32.363
Ancestral 2*,269,armor,32.363
Ancestral 2*,269,generator,2.901
Ancestral 2*,269,core,41.284
Ancestral 2*,270,cannon,32.579
Ancestral 2*,270,armor,32.579
Ancestral 2*,270,generator,2.912
Ancestral 2*,270,core,41.554
Ancestral 2*,271,cannon,32.795
Ancestral 2*,271,armor,32.795
Ancestral 2*,271,generator,2.922
Ancestral 2*,271,core,41.824
Ancestral 2*,272,cannon,33.011
Ancestral 2*,272,armor,33.011
Ancestral 2*,272,generator,2.933
Ancestral 2*,272,core,42.094
Ancestral 2*,273,cannon,33.227
Ancestral 2*,273,armor,33.227
Ancestral 2*,273,generator,2.944
Ancestral 2*,273,core,42.364
Ancestral 2*,274,cannon,33.443
Ancestral 2*,274,armor,33.443
Ancestral 2*,274,generator,2.955
Ancestral 2*,274,core,42.634
Ancestral 2*,275,cannon,33.659
Ancestral 2*,275,armor,33.659
Ancestral 2*,275,generator,2.966
Ancestral 2*,275,core,42.904
Ancestral 2*,276,cannon,33.875
Ancestral 2*,276,armor,33.875
Ancestral 2*,276,generator,2.976
Ancestral 2*,276,core,43.174
Ancestral 2*,277,cannon,34.091
Ancestral 2*,277,armor,34.091
Ancestral 2*,277,generator,2.987
Ancestral 2*,277,core,43.444
Ancestral 2*,278,cannon,34.307
Ancestral 2*,278,armor,34.307
Ancestral 2*,278,generator,2.998
Ancestral 2*,278,core,43.714
Ancestral 2*,279,cannon,34.523
Ancestral 2*,279,armor,34.523
Ancestral 2*,279,generator,3.009
Ancestral 2*,279,core,43.984
Ancestral 2*,280,cannon,34.739
Ancestral 2*,280,armor,34.739
Ancestral 2*,280,generator,3.02
Ancestral 2*,280,core,44.254
Ancestral 2*,281,cannon,34.955
Ancestral 2*,281,armor,34.955
Ancestral 2*,281,generator,3.03
Ancestral 2*,281,core,44.524
Ancestral 2*,282,cannon,35.171
Ancestral 2*,282,armor,35.171
Ancestral 2*,282,generator,3.041
Ancestral 2*,282,core,44.794
Ancestral 2*,283,cannon,35.387
Ancestral 2*,283,armor,35.387
Ancestral 2*,283,generator,3.052
Ancestral 2*,283,core,45.064
Ancestral 2*,284,cannon,35.603
Ancestral 2*,284,armor,35.603
Ancestral 2*,284,generator,3.063
Ancestral 2*,284,core,45.334
Ancestral 2*,285,cannon,35.819
Ancestral 2*,285,armor,35.819
Ancestral 2*,285,generator,3.074
Ancestral 2*,285,core,45.604
Ancestral 2*,286,cannon,36.035
Ancestral 2*,286,armor,36.035
Ancestral 2*,286,generator,3.084
Ancestral 2*,286,core,45.874
Ancestral 2*,287,cannon,36.251
Ancestral 2*,287,armor,36.251
Ancestral 2*,287,generator,3.095
Ancestral 2*,287,core,46.144
Ancestral 2*,288,cannon,36.467
Ancestral 2*,288,armor,36.467
Ancestral 2*,288,generator,3.106
Ancestral 2*,288,core,46.414
Ancestral 2*,289,cannon,36.683
Ancestral 2*,289,armor,36.683
Ancestral 2*,289,generator,3.117
Ancestral 2*,289,core,46.684
Ancestral 2*,290,cannon,36.899
Ancestral 2*,290,armor,36.899
Ancestral 2*,290,generator,3.128
Ancestral 2*,290,core,46.954
Ancestral 2*,291,cannon,37.115
Ancestral 2*,291,armor,37.115
Ancestral 2*,291,generator,3.138
Ancestral 2*,291,core,47.224
Ancestral 2*,292,cannon,37.331
Ancestral 2*,292,armor,37.331
Ancestral 2*,292,generator,3.149
Ancestral 2*,292,core,47.494
Ancestral 2*,293,cannon,37.547
Ancestral 2*,293,armor,37.547
Ancestral 2*,293,generator,3.16
Ancestral 2*,293,core,47.764
Ancestral 2*,294,cannon,37.763
Ancestral 2*,294,armor,37.763
Ancestral 2*,294,generator,3.171
Ancestral 2*,294,core,48.034
Ancestral 2*,295,cannon,37.979
Ancestral 2*,295,armor,37.979
Ancestral 2*,295,generator,3.182
Ancestral 2*,295,core,48.304
Ancestral 2*,296,cannon,38.195
Ancestral 2*,296,armor,38.195
Ancestral 2*,296,generator,3.192
Ancestral 2*,296,core,48.574
Ancestral 2*,297,cannon,38.411
Ancestral 2*,297,armor,38.411
Ancestral 2*,297,generator,3.203
Ancestral 2*,297,core,48.844
Ancestral 2*,298,cannon,38.627
Ancestral 2*,298,armor,38.627
Ancestral 2*,298,generator,3.214
Ancestral 2*,298,core,49.114
Ancestral 2*,299,cannon,38.843
Ancestral 2*,299,armor,38.843
Ancestral 2*,299,generator,3.225
Ancestral 2*,299,core,49.384
Ancestral 2*,300,cannon,39.059
Ancestral 2*,300,armor,39.059
Ancestral 2*,300,generator,3.236
Ancestral 2*,300,core,49.654
Ancestral 3*,1,cannon,1.338
Ancestral 3*,1,armor,1.338
Ancestral 3*,1,generator,1.046
Ancestral 3*,1,core,1.459
Ancestral 3*,2,cannon,1.34
Ancestral 3*,2,armor,1.34
Ancestral 3*,2,generator,1.047
Ancestral 3*,2,core,1.47
Ancestral 3*,3,cannon,1.343
Ancestral 3*,3,armor,1.343
Ancestral 3*,3,generator,1.048
Ancestral 3*,3,core,1.482
Ancestral 3*,4,cannon,1.345
Ancestral 3*,4,armor,1.345
Ancestral 3*,4,generator,1.049
Ancestral 3*,4,core,1.493
Ancestral 3*,5,cannon,1.347
Ancestral 3*,5,armor,1.347
Ancestral 3*,5,generator,1.05
Ancestral 3*,5,core,1.504
Ancestral 3*,6,cannon,1.349
Ancestral 3*,6,armor,1.349
Ancestral 3*,6,generator,1.052
Ancestral 3*,6,core,1.515
Ancestral 3*,7,cannon,1.352
Ancestral 3*,7,armor,1.352
Ancestral 3*,7,generator,1.053
Ancestral 3*,7,core,1.526
Ancestral 3*,8,cannon,1.354
Ancestral 3*,8,armor,1.354
Ancestral 3*,8,generator,1.054
Ancestral 3*,8,core,1.538
Ancestral 3*,9,cannon,1.356
Ancestral 3*,9,armor,1.356
Ancestral 3*,9,generator,1.055
Ancestral 3*,9,core,1.549
Ancestral 3*,10,cannon,1.358
Ancestral 3*,10,armor,1.358
Ancestral 3*,10,generator,1.056
Ancestral 3*,10,core,1.56
Ancestral 3*,11,cannon,1.361
Ancestral 3*,11,armor,1.361
Ancestral 3*,11,generator,1.057
Ancestral 3*,11,core,1.571
Ancestral 3*,12,cannon,1.363
Ancestral 3*,12,armor,1.363
Ancestral 3*,12,generator,1.058
Ancestral 3*,12,core,1.582
Ancestral 3*,13,cannon,1.365
Ancestral 3*,13,armor,1.365
Ancestral 3*,13,generator,1.059
Ancestral 3*,13,core,1.594
Ancestral 3*,14,cannon,1.367
Ancestral 3*,14,armor,1.367
Ancestral 3*,14,generator,1.06
Ancestral 3*,14,core,1.605
Ancestral 3*,15,cannon,1.37
Ancestral 3*,15,armor,1.37
Ancestral 3*,15,generator,1.062
Ancestral 3*,15,core,1.616
Ancestral 3*,16,cannon,1.372
Ancestral 3*,16,armor,1.372
Ancestral 3*,16,generator,1.063
Ancestral 3*,16,core,1.627
Ancestral 3*,17,cannon,1.374
Ancestral 3*,17,armor,1.374
Ancestral 3*,17,generator,1.064
Ancestral 3*,17,core,1.638
Ancestral 3*,18,cannon,1.376
Ancestral 3*,18,armor,1.376
Ancestral 3*,18,generator,1.065
Ancestral 3*,18,core,1.65
Ancestral 3*,19,cannon,1.379
Ancestral 3*,19,armor,1.379
Ancestral 3*,19,generator,1.066
Ancestral 3*,19,core,1.661
Ancestral 3*,20,cannon,1.381
Ancestral 3*,20,armor,1.381
Ancestral 3*,20,generator,1.067
Ancestral 3*,20,core,1.672
Ancestral 3*,21,cannon,1.385
Ancestral 3*,21,armor,1.385
Ancestral 3*,21,generator,1.068
Ancestral 3*,21,core,1.689
Ancestral 3*,22,cannon,1.39
Ancestral 3*,22,armor,1.39
Ancestral 3*,22,generator,1.069
Ancestral 3*,22,core,1.706
Ancestral 3*,23,cannon,1.394
Ancestral 3*,23,armor,1.394
Ancestral 3*,23,generator,1.071
Ancestral 3*,23,core,1.722
Ancestral 3*,24,cannon,1.399
Ancestral 3*,24,armor,1.399
Ancestral 3*,24,generator,1.072
Ancestral 3*,24,core,1.739
Ancestral 3*,25,cannon,1.403
Ancestral 3*,25,armor,1.403
Ancestral 3*,25,generator,1.073
Ancestral 3*,25,core,1.756
Ancestral 3*,26,cannon,1.408
Ancestral 3*,26,armor,1.408
Ancestral 3*,26,generator,1.074
Ancestral 3*,26,core,1.773
Ancestral 3*,27,cannon,1.412
Ancestral 3*,27,armor,1.412
Ancestral 3*,27,generator,1.075
Ancestral 3*,27,core,1.79
Ancestral 3*,28,cannon,1.417
Ancestral 3*,28,armor,1.417
Ancestral 3*,28,generator,1.076
Ancestral 3*,28,core,1.806
Ancestral 3*,29,cannon,1.421
Ancestral 3*,29,armor,1.421
Ancestral 3*,29,generator,1.077
Ancestral 3*,29,core,1.823
Ancestral 3*,30,cannon,1.426
Ancestral 3*,30,armor,1.426
Ancestral 3*,30,generator,1.078
Ancestral 3*,30,core,1.84
Ancestral 3*,31,cannon,1.432
Ancestral 3*,31,armor,1.432
Ancestral 3*,31,generator,1.081
Ancestral 3*,31,core,1.862
Ancestral 3*,32,cannon,1.439
Ancestral 3*,32,armor,1.439
Ancestral 3*,32,generator,1.083
Ancestral 3*,32,core,1.885
Ancestral 3*,33,cannon,1.446
Ancestral 3*,33,armor,1.446
Ancestral 3*,33,generator,1.085
Ancestral 3*,33,core,1.907
Ancestral 3*,34,cannon,1.452
Ancestral 3*,34,armor,1.452
Ancestral 3*,34,generator,1.087
Ancestral 3*,34,core,1.93
Ancestral 3*,35,cannon,1.459
Ancestral 3*,35,armor,1.459
Ancestral 3*,35,generator,1.09
Ancestral 3*,35,core,1.952
Ancestral 3*,36,cannon,1.466
Ancestral 3*,36,armor,1.466
Ancestral 3*,36,generator,1.092
Ancestral 3*,36,core,1.974
Ancestral 3*,37,cannon,1.473
Ancestral 3*,37,armor,1.473
Ancestral 3*,37,generator,1.094
Ancestral 3*,37,core,1.997
Ancestral 3*,38,cannon,1.479
Ancestral 3*,38,armor,1.479
Ancestral 3*,38,generator,1.096
Ancestral 3*,38,core,2.019
Ancestral 3*,39,cannon,1.486
Ancestral 3*,39,armor,1.486
Ancestral 3*,39,generator,1.099
Ancestral 3*,39,core,2.042
Ancestral 3*,40,cannon,1.493
Ancestral 3*,40,armor,1.493
Ancestral 3*,40,generator,1.101
Ancestral 3*,40,core,2.064
Ancestral 3*,41,cannon,1.502
Ancestral 3*,41,armor,1.502
Ancestral 3*,41,generator,1.104
Ancestral 3*,41,core,2.092
Ancestral 3*,42,cannon,1.511
Ancestral 3*,42,armor,1.511
Ancestral 3*,42,generator,1.108
Ancestral 3*,42,core,2.12
Ancestral 3*,43,cannon,1.52
Ancestral 3*,43,armor,1.52
Ancestral 3*,43,generator,1.111
Ancestral 3*,43,core,2.148
Ancestral 3*,44,cannon,1.529
Ancestral 3*,44,armor,1.529
Ancestral 3*,44,generator,1.114
Ancestral 3*,44,core,2.176
Ancestral 3*,45,cannon,1.538
Ancestral 3*,45,armor,1.538
Ancestral 3*,45,generator,1.118
Ancestral 3*,45,core,2.204
Ancestral 3*,46,cannon,1.547
Ancestral 3*,46,armor,1.547
Ancestral 3*,46,generator,1.121
Ancestral 3*,46,core,2.232
Ancestral 3*,47,cannon,1.556
Ancestral 3*,47,armor,1.556
Ancestral 3*,47,generator,1.124
Ancestral 3*,47,core,2.26
Ancestral 3*,48,cannon,1.564
Ancestral 3*,48,armor,1.564
Ancestral 3*,48,generator,1.128
Ancestral 3*,48,core,2.288
Ancestral 3*,49,cannon,1.573
Ancestral 3*,49,armor,1.573
Ancestral 3*,49,generator,1.131
Ancestral 3*,49,core,2.316
Ancestral 3*,50,cannon,1.582
Ancestral 3*,50,armor,1.582
Ancestral 3*,50,generator,1.134
Ancestral 3*,50,core,2.344
Ancestral 3*,51,cannon,1.591
Ancestral 3*,51,armor,1.591
Ancestral 3*,51,generator,1.138
Ancestral 3*,51,core,2.372
Ancestral 3*,52,cannon,1.6
Ancestral 3*,52,armor,1.6
Ancestral 3*,52,generator,1.141
Ancestral 3*,52,core,2.4
Ancestral 3*,53,cannon,1.609
Ancestral 3*,53,armor,1.609
Ancestral 3*,53,generator,1.144
Ancestral 3*,53,core,2.428
Ancestral 3*,54,cannon,1.618
Ancestral 3*,54,armor,1.618
Ancestral 3*,54,generator,1.148
Ancestral 3*,54,core,2.456
Ancestral 3*,55,cannon,1.627
Ancestral 3*,55,armor,1.627
Ancestral 3*,55,generator,1.151
Ancestral 3*,55,core,2.484
Ancestral 3*,56,cannon,1.636
Ancestral 3*,56,armor,1.636
Ancestral 3*,56,generator,1.155
Ancestral 3*,56,core,2.512
Ancestral 3*,57,cannon,1.645
Ancestral 3*,57,armor,1.645
Ancestral 3*,57,generator,1.158
Ancestral 3*,57,core,2.54
Ancestral 3*,58,cannon,1.654
Ancestral 3*,58,armor,1.654
Ancestral 3*,58,generator,1.161
Ancestral 3*,58,core,2.568
Ancestral 3*,59,cannon,1.663
Ancestral 3*,59,armor,1.663
Ancestral 3*,59,generator,1.165
Ancestral 3*,59,core,2.596
Ancestral 3*,60,cannon,1.672
Ancestral 3*,60,armor,1.672
Ancestral 3*,60,generator,1.168
Ancestral 3*,60,core,2.624
Ancestral 3*,61,cannon,1.685
Ancestral 3*,61,armor,1.685
Ancestral 3*,61,generator,1.171
Ancestral 3*,61,core,2.658
Ancestral 3*,62,cannon,1.699
Ancestral 3*,62,armor,1.699
Ancestral 3*,62,generator,1.175
Ancestral 3*,62,core,2.691
Ancestral 3*,63,cannon,1.712
Ancestral 3*,63,armor,1.712
Ancestral 3*,63,generator,1.178
Ancestral 3*,63,core,2.725
Ancestral 3*,64,cannon,1.726
Ancestral 3*,64,armor,1.726
Ancestral 3*,64,generator,1.181
Ancestral 3*,64,core,2.758
Ancestral 3*,65,cannon,1.739
Ancestral 3*,65,armor,1.739
Ancestral 3*,65,generator,1.185
Ancestral 3*,65,core,2.792
Ancestral 3*,66,cannon,1.753
Ancestral 3*,66,armor,1.753
Ancestral 3*,66,generator,1.188
Ancestral 3*,66,core,2.826
Ancestral 3*,67,cannon,1.766
Ancestral 3*,67,armor,1.766
Ancestral 3*,67,generator,1.192
Ancestral 3*,67,core,2.859
Ancestral 3*,68,cannon,1.78
Ancestral 3*,68,armor,1.78
Ancestral 3*,68,generator,1.195
Ancestral 3*,68,core,2.893
Ancestral 3*,69,cannon,1.793
Ancestral 3*,69,armor,1.793
Ancestral 3*,69,generator,1.198
Ancestral 3*,69,core,2.926
Ancestral 3*,70,cannon,1.806
Ancestral 3*,70,armor,1.806
Ancestral 3*,70,generator,1.202
Ancestral 3*,70,core,2.96
Ancestral 3*,71,cannon,1.82
Ancestral 3*,71,armor,1.82
Ancestral 3*,71,generator,1.205
Ancestral 3*,71,core,2.994
Ancestral 3*,72,cannon,1.833
Ancestral 3*,72,armor,1.833
Ancestral 3*,72,generator,1.208
Ancestral 3*,72,core,3.027
Ancestral 3*,73,cannon,1.847
Ancestral 3*,73,armor,1.847
Ancestral 3*,73,generator,1.212
Ancestral 3*,73,core,3.061
Ancestral 3*,74,cannon,1.86
Ancestral 3*,74,armor,1.86
Ancestral 3*,74,generator,1.215
Ancestral 3*,74,core,3.094
Ancestral 3*,75,cannon,1.874
Ancestral 3*,75,armor,1.874
Ancestral 3*,75,generator,1.218
Ancestral 3*,75,core,3.128
Ancestral 3*,76,cannon,1.887
Ancestral 3*,76,armor,1.887
Ancestral 3*,76,generator,1.222
Ancestral 3*,76,core,3.162
Ancestral 3*,77,cannon,1.9
Ancestral 3*,77,armor,1.9
Ancestral 3*,77,generator,1.225
Ancestral 3*,77,core,3.195
Ancestral 3*,78,cannon,1.914
Ancestral 3*,78,armor,1.914
Ancestral 3*,78,generator,1.228
Ancestral 3*,78,core,3.229
Ancestral 3*,79,cannon,1.927
Ancestral 3*,79,armor,1.927
Ancestral 3*,79,generator,1.232
Ancestral 3*,79,core,3.262
Ancestral 3*,80,cannon,1.941
Ancestral 3*,80,armor,1.941
Ancestral 3*,80,generator,1.235
Ancestral 3*,80,core,3.296
Ancestral 3*,81,cannon,1.974
Ancestral 3*,81,armor,1.974
Ancestral 3*,81,generator,1.24
Ancestral 3*,81,core,3.352
Ancestral 3*,82,cannon,2.008
Ancestral 3*,82,armor,2.008
Ancestral 3*,82,generator,1.244
Ancestral 3*,82,core,3.408
Ancestral 3*,83,cannon,2.042
Ancestral 3*,83,armor,2.042
Ancestral 3*,83,generator,1.249
Ancestral 3*,83,core,3.464
Ancestral 3*,84,cannon,2.075
Ancestral 3*,84,armor,2.075
Ancestral 3*,84,generator,1.253
Ancestral 3*,84,core,3.52
Ancestral 3*,85,cannon,2.109
Ancestral 3*,85,armor,2.109
Ancestral 3*,85,generator,1.258
Ancestral 3*,85,core,3.576
Ancestral 3*,86,cannon,2.142
Ancestral 3*,86,armor,2.142
Ancestral 3*,86,generator,1.262
Ancestral 3*,86,core,3.632
Ancestral 3*,87,cannon,2.176
Ancestral 3*,87,armor,2.176
Ancestral 3*,87,generator,1.267
Ancestral 3*,87,core,3.688
Ancestral 3*,88,cannon,2.21
Ancestral 3*,88,armor,2.21
Ancestral 3*,88,generator,1.271
Ancestral 3*,88,core,3.744
Ancestral 3*,89,cannon,2.243
Ancestral 3*,89,armor,2.243
Ancestral 3*,89,generator,1.276
Ancestral 3*,89,core,3.8
Ancestral 3*,90,cannon,2.277
Ancestral 3*,90,armor,2.277
Ancestral 3*,90,generator,1.28
Ancestral 3*,90,core,3.856
Ancestral 3*,91,cannon,2.31
Ancestral 3*,91,armor,2.31
Ancestral 3*,91,generator,1.284
Ancestral 3*,91,core,3.912
Ancestral 3*,92,cannon,2.344
Ancestral 3*,92,armor,2.344
Ancestral 3*,92,generator,1.289
Ancestral 3*,92,core,3.968
Ancestral 3*,93,cannon,2.378
Ancestral 3*,93,armor,2.378
Ancestral 3*,93,generator,1.293
Ancestral 3*,93,core,4.024
Ancestral 3*,94,cannon,2.411
Ancestral 3*,94,armor,2.411
Ancestral 3*,94,generator,1.298
Ancestral 3*,94,core,4.08
Ancestral 3*,95,cannon,2.445
Ancestral 3*,95,armor,2.445
Ancestral 3*,95,generator,1.302
Ancestral 3*,95,core,4.136
Ancestral 3*,96,cannon,2.478
Ancestral 3*,96,armor,2.478
Ancestral 3*,96,generator,1.307
Ancestral 3*,96,core,4.192
Ancestral 3*,97,cannon,2.512
Ancestral 3*,97,armor,2.512
Ancestral 3*,97,generator,1.311
Ancestral 3*,97,core,4.248
Ancestral 3*,98,cannon,2.546
Ancestral 3*,98,armor,2.546
Ancestral 3*,98,generator,1.316
Ancestral 3*,98,core,4.304
Ancestral 3*,99,cannon,2.579
Ancestral 3*,99,armor,2.579
Ancestral 3*,99,generator,1.32
Ancestral 3*,99,core,4.36
Ancestral 3*,100,cannon,2.613
Ancestral 3*,100,armor,2.613
Ancestral 3*,100,generator,1.325
Ancestral 3*,100,core,4.416
Ancestral 3*,101,cannon,2.691
Ancestral 3*,101,armor,2.691
Ancestral 3*,101,generator,1.33
Ancestral 3*,101,core,4.506
Ancestral 3*,102,cannon,2.77
Ancestral 3*,102,armor,2.77
Ancestral 3*,102,generator,1.336
Ancestral 3*,102,core,4.595
Ancestral 3*,103,cannon,2.848
Ancestral 3*,103,armor,2.848
Ancestral 3*,103,generator,1.342
Ancestral 3*,103,core,4.685
Ancestral 3*,104,cannon,2.926
Ancestral 3*,104,armor,2.926
Ancestral 3*,104,generator,1.347
Ancestral 3*,104,core,4.774
Ancestral 3*,105,cannon,3.005
Ancestral 3*,105,armor,3.005
Ancestral 3*,105,generator,1.353
Ancestral 3*,105,core,4.864
Ancestral 3*,106,cannon,3.083
Ancestral 3*,106,armor,3.083
Ancestral 3*,106,generator,1.358
Ancestral 3*,106,core,4.954
Ancestral 3*,107,cannon,3.162
Ancestral 3*,107,armor,3.162
Ancestral 3*,107,generator,1.364
Ancestral 3*,107,core,5.043
Ancestral 3*,108,cannon,3.24
Ancestral 3*,108,armor,3.24
Ancestral 3*,108,generator,1.37
Ancestral 3*,108,core,5.133
Ancestral 3*,109,cannon,3.318
Ancestral 3*,109,armor,3.318
Ancestral 3*,109,generator,1.375
Ancestral 3*,109,core,5.222
Ancestral 3*,110,cannon,3.397
Ancestral 3*,110,armor,3.397
Ancestral 3*,110,generator,1.381
Ancestral 3*,110,core,5.312
Ancestral 3*,111,cannon,3.475
Ancestral 3*,111,armor,3.475
Ancestral 3*,111,generator,1.386
Ancestral 3*,111,core,5.402
Ancestral 3*,112,cannon,3.554
Ancestral 3*,112,armor,3.554
Ancestral 3*,112,generator,1.392
Ancestral 3*,112,core,5.491
Ancestral 3*,113,cannon,3.632
Ancestral 3*,113,armor,3.632
Ancestral 3*,113,generator,1.398
Ancestral 3*,113,core,5.581
Ancestral 3*,114,cannon,3.71
Ancestral 3*,114,armor,3.71
Ancestral 3*,114,generator,1.403
Ancestral 3*,114,core,5.67
Ancestral 3*,115,cannon,3.789
Ancestral 3*,115,armor,3.789
Ancestral 3*,115,generator,1.409
Ancestral 3*,115,core,5.76
Ancestral 3*,116,cannon,3.867
Ancestral 3*,116,armor,3.867
Ancestral 3*,116,generator,1.414
Ancestral 3*,116,core,5.85
Ancestral 3*,117,cannon,3.946
Ancestral 3*,117,armor,3.946
Ancestral 3*,117,generator,1.42
Ancestral 3*,117,core,5.939
Ancestral 3*,118,cannon,4.024
Ancestral 3*,118,armor,4.024
Ancestral 3*,118,generator,1.426
Ancestral 3*,118,core,6.029
Ancestral 3*,119,cannon,4.102
Ancestral 3*,119,armor,4.102
Ancestral 3*,119,generator,1.431
Ancestral 3*,119,core,6.118
Ancestral 3*,120,cannon,4.181
Ancestral 3*,120,armor,4.181
Ancestral 3*,120,generator,1.437
Ancestral 3*,120,core,6.208
Ancestral 3*,121,cannon,4.293
Ancestral 3*,121,armor,4.293
Ancestral 3*,121,generator,1.444
Ancestral 3*,121,core,6.342
Ancestral 3*,122,cannon,4.405
Ancestral 3*,122,armor,4.405
Ancestral 3*,122,generator,1.45
Ancestral 3*,122,core,6.477
Ancestral 3*,123,cannon,4.517
Ancestral 3*,123,armor,4.517
Ancestral 3*,123,generator,1.457
Ancestral 3*,123,core,6.611
Ancestral 3*,124,cannon,4.629
Ancestral 3*,124,armor,4.629
Ancestral 3*,124,generator,1.464
Ancestral 3*,124,core,6.746
Ancestral 3*,125,cannon,4.741
Ancestral 3*,125,armor,4.741
Ancestral 3*,125,generator,1.47
Ancestral 3*,125,core,6.88
Ancestral 3*,126,cannon,4.853
Ancestral 3*,126,armor,4.853
Ancestral 3*,126,generator,1.477
Ancestral 3*,126,core,7.014
Ancestral 3*,127,cannon,4.965
Ancestral 3*,127,armor,4.965
Ancestral 3*,127,generator,1.484
Ancestral 3*,127,core,7.149
Ancestral 3*,128,cannon,5.077
Ancestral 3*,128,armor,5.077
Ancestral 3*,128,generator,1.491
Ancestral 3*,128,core,7.283
Ancestral 3*,129,cannon,5.189
Ancestral 3*,129,armor,5.189
Ancestral 3*,129,generator,1.497
Ancestral 3*,129,core,7.418
Ancestral 3*,130,cannon,5.301
Ancestral 3*,130,armor,5.301
Ancestral 3*,130,generator,1.504
Ancestral 3*,130,core,7.552
Ancestral 3*,131,cannon,5.413
Ancestral 3*,131,armor,5.413
Ancestral 3*,131,generator,1.511
Ancestral 3*,131,core,7.686
Ancestral 3*,132,cannon,5.525
Ancestral 3*,132,armor,5.525
Ancestral 3*,132,generator,1.517
Ancestral 3*,132,core,7.821
Ancestral 3*,133,cannon,5.637
Ancestral 3*,133,armor,5.637
Ancestral 3*,133,generator,1.524
Ancestral 3*,133,core,7.955
Ancestral 3*,134,cannon,5.749
Ancestral 3*,134,armor,5.749
Ancestral 3*,134,generator,1.531
Ancestral 3*,134,core,8.09
Ancestral 3*,135,cannon,5.861
Ancestral 3*,135,armor,5.861
Ancestral 3*,135,generator,1.538
Ancestral 3*,135,core,8.224
Ancestral 3*,136,cannon,5.973
Ancestral 3*,136,armor,5.973
Ancestral 3*,136,generator,1.544
Ancestral 3*,136,core,8.358
Ancestral 3*,137,cannon,6.085
Ancestral 3*,137,armor,6.085
Ancestral 3*,137,generator,1.551
Ancestral 3*,137,core,8.493
Ancestral 3*,138,cannon,6.197
Ancestral 3*,138,armor,6.197
Ancestral 3*,138,generator,1.558
Ancestral 3*,138,core,8.627
Ancestral 3*,139,cannon,6.309
Ancestral 3*,139,armor,6.309
Ancestral 3*,139,generator,1.564
Ancestral 3*,139,core,8.762
Ancestral 3*,140,cannon,6.421
Ancestral 3*,140,armor,6.421
Ancestral 3*,140,generator,1.571
Ancestral 3*,140,core,8.896
Ancestral 3*,141,cannon,6.555
Ancestral 3*,141,armor,6.555
Ancestral 3*,141,generator,1.58
Ancestral 3*,141,core,9.064
Ancestral 3*,142,cannon,6.69
Ancestral 3*,142,armor,6.69
Ancestral 3*,142,generator,1.589
Ancestral 3*,142,core,9.232
Ancestral 3*,143,cannon,6.824
Ancestral 3*,143,armor,6.824
Ancestral 3*,143,generator,1.598
Ancestral 3*,143,core,9.4
Ancestral 3*,144,cannon,6.958
Ancestral 3*,144,armor,6.958
Ancestral 3*,144,generator,1.607
Ancestral 3*,144,core,9.568
Ancestral 3*,145,cannon,7.093
Ancestral 3*,145,armor,7.093
Ancestral 3*,145,generator,1.616
Ancestral 3*,145,core,9.736
Ancestral 3*,146,cannon,7.227
Ancestral 3*,146,armor,7.227
Ancestral 3*,146,generator,1.625
Ancestral 3*,146,core,9.904
Ancestral 3*,147,cannon,7.362
Ancestral 3*,147,armor,7.362
Ancestral 3*,147,generator,1.634
Ancestral 3*,147,core,10.072
Ancestral 3*,148,cannon,7.496
Ancestral 3*,148,armor,7.496
Ancestral 3*,148,generator,1.643
Ancestral 3*,148,core,10.24
Ancestral 3*,149,cannon,7.63
Ancestral 3*,149,armor,7.63
Ancestral 3*,149,generator,1.652
Ancestral 3*,149,core,10.408
Ancestral 3*,150,cannon,7.765
Ancestral 3*,150,armor,7.765
Ancestral 3*,150,generator,1.661
Ancestral 3*,150,core,10.576
Ancestral 3*,151,cannon,7.899
Ancestral 3*,151,armor,7.899
Ancestral 3*,151,generator,1.67
Ancestral 3*,151,core,10.744
Ancestral 3*,152,cannon,8.034
Ancestral 3*,152,armor,8.034
Ancestral 3*,152,generator,1.679
Ancestral 3*,152,core,10.912
Ancestral 3*,153,cannon,8.168
Ancestral 3*,153,armor,8.168
Ancestral 3*,153,generator,1.688
Ancestral 3*,153,core,11.08
Ancestral 3*,154,cannon,8.302
Ancestral 3*,154,armor,8.302
Ancestral 3*,154,generator,1.697
Ancestral 3*,154,core,11.248
Ancestral 3*,155,cannon,8.437
Ancestral 3*,155,armor,8.437
Ancestral 3*,155,generator,1.706
Ancestral 3*,155,core,11.416
Ancestral 3*,156,cannon,8.571
Ancestral 3*,156,armor,8.571
Ancestral 3*,156,generator,1.715
Ancestral 3*,156,core,11.584
Ancestral 3*,157,cannon,8.706
Ancestral 3*,157,armor,8.706
Ancestral 3*,157,generator,1.724
Ancestral 3*,157,core,11.752
Ancestral 3*,158,cannon,8.84
Ancestral 3*,158,armor,8.84
Ancestral 3*,158,generator,1.732
Ancestral 3*,158,core,11.92
Ancestral 3*,159,cannon,8.974
Ancestral 3*,159,armor,8.974
Ancestral 3*,159,generator,1.741
Ancestral 3*,159,core,12.088
Ancestral 3*,160,cannon,9.109
Ancestral 3*,160,armor,9.109
Ancestral 3*,160,generator,1.75
Ancestral 3*,160,core,12.256
Ancestral 3*,161,cannon,9.333
Ancestral 3*,161,armor,9.333
Ancestral 3*,161,generator,1.762
Ancestral 3*,161,core,12.536
Ancestral 3*,162,cannon,9.557
Ancestral 3*,162,armor,9.557
Ancestral 3*,162,generator,1.773
Ancestral 3*,162,core,12.816
Ancestral 3*,163,cannon,9.781
Ancestral 3*,163,armor,9.781
Ancestral 3*,163,generator,1.784
Ancestral 3*,163,core,13.096
Ancestral 3*,164,cannon,10.005
Ancestral 3*,164,armor,10.005
Ancestral 3*,164,generator,1.795
Ancestral 3*,164,core,13.376
Ancestral 3*,165,cannon,10.229
Ancestral 3*,165,armor,10.229
Ancestral 3*,165,generator,1.806
Ancestral 3*,165,core,13.656
Ancestral 3*,166,cannon,10.453
Ancestral 3*,166,armor,10.453
Ancestral 3*,166,generator,1.818
Ancestral 3*,166,core,13.936
Ancestral 3*,167,cannon,10.677
Ancestral 3*,167,armor,10.677
Ancestral 3*,167,generator,1.829
Ancestral 3*,167,core,14.216
Ancestral 3*,168,cannon,10.901
Ancestral 3*,168,armor,10.901
Ancestral 3*,168,generator,1.84
Ancestral 3*,168,core,14.496
Ancestral 3*,169,cannon,11.125
Ancestral 3*,169,armor,11.125
Ancestral 3*,169,generator,1.851
Ancestral 3*,169,core,14.776
Ancestral 3*,170,cannon,11.349
Ancestral 3*,170,armor,11.349
Ancestral 3*,170,generator,1.862
Ancestral 3*,170,core,15.056
Ancestral 3*,171,cannon,11.573
Ancestral 3*,171,armor,11.573
Ancestral 3*,171,generator,1.874
Ancestral 3*,171,core,15.336
Ancestral 3*,172,cannon,11.797
Ancestral 3*,172,armor,11.797
Ancestral 3*,172,generator,1.885
Ancestral 3*,172,core,15.616
Ancestral 3*,173,cannon,12.021
Ancestral 3*,173,armor,12.021
Ancestral 3*,173,generator,1.896
Ancestral 3*,173,core,15.896
Ancestral 3*,174,cannon,12.245
Ancestral 3*,174,armor,12.245
Ancestral 3*,174,generator,1.907
Ancestral 3*,174,core,16.176
Ancestral 3*,175,cannon,12.469
Ancestral 3*,175,armor,12.469
Ancestral 3*,175,generator,1.918
Ancestral 3*,175,core,16.456
Ancestral 3*,176,cannon,12.693
Ancestral 3*,176,armor,12.693
Ancestral 3*,176,generator,1.93
Ancestral 3*,176,core,16.736
Ancestral 3*,177,cannon,12.917
Ancestral 3*,177,armor,12.917
Ancestral 3*,177,generator,1.941
Ancestral 3*,177,core,17.016
Ancestral 3*,178,cannon,13.141
Ancestral 3*,178,armor,13.141
Ancestral 3*,178,generator,1.952
Ancestral 3*,178,core,17.296
Ancestral 3*,179,cannon,13.365
Ancestral 3*,179,armor,13.365
Ancestral 3*,179,generator,1.963
Ancestral 3*,179,core,17.576
Ancestral 3*,180,cannon,13.589
Ancestral 3*,180,armor,13.589
Ancestral 3*,180,generator,1.974
Ancestral 3*,180,core,17.856
Ancestral 3*,181,cannon,13.813
Ancestral 3*,181,armor,13.813
Ancestral 3*,181,generator,1.986
Ancestral 3*,181,core,18.136
Ancestral 3*,182,cannon,14.037
Ancestral 3*,182,armor,14.037
Ancestral 3*,182,generator,1.997
Ancestral 3*,182,core,18.416
Ancestral 3*,183,cannon,14.261
Ancestral 3*,183,armor,14.261
Ancestral 3*,183,generator,2.008
Ancestral 3*,183,core,18.696
Ancestral 3*,184,cannon,14.485
Ancestral 3*,184,armor,14.485
Ancestral 3*,184,generator,2.019
Ancestral 3*,184,core,18.976
Ancestral 3*,185,cannon,14.709
Ancestral 3*,185,armor,14.709
Ancestral 3*,185,generator,2.03
Ancestral 3*,185,core,19.256
Ancestral 3*,186,cannon,14.933
Ancestral 3*,186,armor,14.933
Ancestral 3*,186,generator,2.042
Ancestral 3*,186,core,19.536
Ancestral 3*,187,cannon,15.157
Ancestral 3*,187,armor,15.157
Ancestral 3*,187,generator,2.053
Ancestral 3*,187,core,19.816
Ancestral 3*,188,cannon,15.381
Ancestral 3*,188,armor,15.381
Ancestral 3*,188,generator,2.064
Ancestral 3*,188,core,20.096
Ancestral 3*,189,cannon,15.605
Ancestral 3*,189,armor,15.605
Ancestral 3*,189,generator,2.075
Ancestral 3*,189,core,20.376
Ancestral 3*,190,cannon,15.829
Ancestral 3*,190,armor,15.829
Ancestral 3*,190,generator,2.086
Ancestral 3*,190,core,20.656
Ancestral 3*,191,cannon,16.053
Ancestral 3*,191,armor,16.053
Ancestral 3*,191,generator,2.098
Ancestral 3*,191,core,20.936
Ancestral 3*,192,cannon,16.277
Ancestral 3*,192,armor,16.277
Ancestral 3*,192,generator,2.109
Ancestral 3*,192,core,21.216
Ancestral 3*,193,cannon,16.501
Ancestral 3*,193,armor,16.501
Ancestral 3*,193,generator,2.12
Ancestral 3*,193,core,21.496
Ancestral 3*,194,cannon,16.725
Ancestral 3*,194,armor,16.725
Ancestral 3*,194,generator,2.131
Ancestral 3*,194,core,21.776
Ancestral 3*,195,cannon,16.949
Ancestral 3*,195,armor,16.949
Ancestral 3*,195,generator,2.142
Ancestral 3*,195,core,22.056
Ancestral 3*,196,cannon,17.173
Ancestral 3*,196,armor,17.173
Ancestral 3*,196,generator,2.154
Ancestral 3*,196,core,22.336
Ancestral 3*,197,cannon,17.397
Ancestral 3*,197,armor,17.397
Ancestral 3*,197,generator,2.165
Ancestral 3*,197,core,22.616
Ancestral 3*,198,cannon,17.621
Ancestral 3*,198,armor,17.621
Ancestral 3*,198,generator,2.176
Ancestral 3*,198,core,22.896
Ancestral 3*,199,cannon,17.845
Ancestral 3*,199,armor,17.845
Ancestral 3*,199,generator,2.187
Ancestral 3*,199,core,23.176
Ancestral 3*,200,cannon,18.069
Ancestral 3*,200,armor,18.069
Ancestral 3*,200,generator,2.198
Ancestral 3*,200,core,23.456
Ancestral 3*,201,cannon,18.293
Ancestral 3*,201,armor,18.293
Ancestral 3*,201,generator,2.21
Ancestral 3*,201,core,23.736
Ancestral 3*,202,cannon,18.517
Ancestral 3*,202,armor,18.517
Ancestral 3*,202,generator,2.221
Ancestral 3*,202,core,24.016
Ancestral 3*,203,cannon,18.741
Ancestral 3*,203,armor,18.741
Ancestral 3*,203,generator,2.232
Ancestral 3*,203,core,24.296
Ancestral 3*,204,cannon,18.965
Ancestral 3*,204,armor,18.965
Ancestral 3*,204,generator,2.243
Ancestral 3*,204,core,24.576
Ancestral 3*,205,cannon,19.189
Ancestral 3*,205,armor,19.189
Ancestral 3*,205,generator,2.254
Ancestral 3*,205,core,24.856
Ancestral 3*,206,cannon,19.413
Ancestral 3*,206,armor,19.413
Ancestral 3*,206,generator,2.266
Ancestral 3*,206,core,25.136
Ancestral 3*,207,cannon,19.637
Ancestral 3*,207,armor,19.637
Ancestral 3*,207,generator,2.277
Ancestral 3*,207,core,25.416
Ancestral 3*,208,cannon,19.861
Ancestral 3*,208,armor,19.861
Ancestral 3*,208,generator,2.288
Ancestral 3*,208,core,25.696
Ancestral 3*,209,cannon,20.085
Ancestral 3*,209,armor,20.085
Ancestral 3*,209,generator,2.299
Ancestral 3*,209,core,25.976
Ancestral 3*,210,cannon,20.309
Ancestral 3*,210,armor,20.309
Ancestral 3*,210,generator,2.31
Ancestral 3*,210,core,26.256
Ancestral 3*,211,cannon,20.533
Ancestral 3*,211,armor,20.533
Ancestral 3*,211,generator,2.322
Ancestral 3*,211,core,26.536
Ancestral 3*,212,cannon,20.757
Ancestral 3*,212,armor,20.757
Ancestral 3*,212,generator,2.333
Ancestral 3*,212,core,26.816
Ancestral 3*,213,cannon,20.981
Ancestral 3*,213,armor,20.981
Ancestral 3*,213,generator,2.344
Ancestral 3*,213,core,27.096
Ancestral 3*,214,cannon,21.205
Ancestral 3*,214,armor,21.205
Ancestral 3*,214,generator,2.355
Ancestral 3*,214,core,27.376
Ancestral 3*,215,cannon,21.429
Ancestral 3*,215,armor,21.429
Ancestral 3*,215,generator,2.366
Ancestral 3*,215,core,27.656
Ancestral 3*,216,cannon,21.653
Ancestral 3*,216,armor,21.653
Ancestral 3*,216,generator,2.378
Ancestral 3*,216,core,27.936
Ancestral 3*,217,cannon,21.877
Ancestral 3*,217,armor,21.877
Ancestral 3*,217,generator,2.389
Ancestral 3*,217,core,28.216
Ancestral 3*,218,cannon,22.101
Ancestral 3*,218,armor,22.101
Ancestral 3*,218,generator,2.4
Ancestral 3*,218,core,28.496
Ancestral 3*,219,cannon,22.325
Ancestral 3*,219,armor,22.325
Ancestral 3*,219,generator,2.411
Ancestral 3*,219,core,28.776
Ancestral 3*,220,cannon,22.549
Ancestral 3*,220,armor,22.549
Ancestral 3*,220,generator,2.422
Ancestral 3*,220,core,29.056
Ancestral 3*,221,cannon,22.773
Ancestral 3*,221,armor,22.773
Ancestral 3*,221,generator,2.434
Ancestral 3*,221,core,29.336
Ancestral 3*,222,cannon,22.997
Ancestral 3*,222,armor,22.997
Ancestral 3*,222,generator,2.445
Ancestral 3*,222,core,29.616
Ancestral 3*,223,cannon,23.221
Ancestral 3*,223,armor,23.221
Ancestral 3*,223,generator,2.456
Ancestral 3*,223,core,29.896
Ancestral 3*,224,cannon,23.445
Ancestral 3*,224,armor,23.445
Ancestral 3*,224,generator,2.467
Ancestral 3*,224,core,30.176
Ancestral 3*,225,cannon,23.669
Ancestral 3*,225,armor,23.669
Ancestral 3*,225,generator,2.478
Ancestral 3*,225,core,30.456
Ancestral 3*,226,cannon,23.893
Ancestral 3*,226,armor,23.893
Ancestral 3*,226,generator,2.49
Ancestral 3*,226,core,30.736
Ancestral 3*,227,cannon,24.117
Ancestral 3*,227,armor,24.117
Ancestral 3*,227,generator,2.501
Ancestral 3*,227,core,31.016
Ancestral 3*,228,cannon,24.341
Ancestral 3*,228,armor,24.341
Ancestral 3*,228,generator,2.512
Ancestral 3*,228,core,31.296
Ancestral 3*,229,cannon,24.565
Ancestral 3*,229,armor,24.565
Ancestral 3*,229,generator,2.523
Ancestral 3*,229,core,31.576
Ancestral 3*,230,cannon,24.789
Ancestral 3*,230,armor,24.789
Ancestral 3*,230,generator,2.534
Ancestral 3*,230,core,31.856
Ancestral 3*,231,cannon,25.013
Ancestral 3*,231,armor,25.013
Ancestral 3*,231,generator,2.546
Ancestral 3*,231,core,32.136
Ancestral 3*,232,cannon,25.237
Ancestral 3*,232,armor,25.237
Ancestral 3*,232,generator,2.557
Ancestral 3*,232,core,32.416
Ancestral 3*,233,cannon,25.461
Ancestral 3*,233,armor,25.461
Ancestral 3*,233,generator,2.568
Ancestral 3*,233,core,32.696
Ancestral 3*,234,cannon,25.685
Ancestral 3*,234,armor,25.685
Ancestral 3*,234,generator,2.579
Ancestral 3*,234,core,32.976
Ancestral 3*,235,cannon,25.909
Ancestral 3*,235,armor,25.909
Ancestral 3*,235,generator,2.59
Ancestral 3*,235,core,33.256
Ancestral 3*,236,cannon,26.133
Ancestral 3*,236,armor,26.133
Ancestral 3*,236,generator,2.602
Ancestral 3*,236,core,33.536
Ancestral 3*,237,cannon,26.357
Ancestral 3*,237,armor,26.357
Ancestral 3*,237,generator,2.613
Ancestral 3*,237,core,33.816
Ancestral 3*,238,cannon,26.581
Ancestral 3*,238,armor,26.581
Ancestral 3*,238,generator,2.624
Ancestral 3*,238,core,34.096
Ancestral 3*,239,cannon,26.805
Ancestral 3*,239,armor,26.805
Ancestral 3*,239,generator,2.635
Ancestral 3*,239,core,34.376
Ancestral 3*,240,cannon,27.029
Ancestral 3*,240,armor,27.029
Ancestral 3*,240,generator,2.646
Ancestral 3*,240,core,34.656
Ancestral 3*,241,cannon,27.253
Ancestral 3*,241,armor,27.253
Ancestral 3*,241,generator,2.658
Ancestral 3*,241,core,34.936
Ancestral 3*,242,cannon,27.477
Ancestral 3*,242,armor,27.477
Ancestral 3*,242,generator,2.669
Ancestral 3*,242,core,35.216
Ancestral 3*,243,cannon,27.701
Ancestral 3*,243,armor,27.701
Ancestral 3*,243,generator,2.68
Ancestral 3*,243,core,35.496
Ancestral 3*,244,cannon,27.925
Ancestral 3*,244,armor,27.925
Ancestral 3*,244,generator,2.691
Ancestral 3*,244,core,35.776
Ancestral 3*,245,cannon,28.149
Ancestral 3*,245,armor,28.149
Ancestral 3*,245,generator,2.702
Ancestral 3*,245,core,36.056
Ancestral 3*,246,cannon,28.373
Ancestral 3*,246,armor,28.373
Ancestral 3*,246,generator,2.714
Ancestral 3*,246,core,36.336
Ancestral 3*,247,cannon,28.597
Ancestral 3*,247,armor,28.597
Ancestral 3*,247,generator,2.725
Ancestral 3*,247,core,36.616
Ancestral 3*,248,cannon,28.821
Ancestral 3*,248,armor,28.821
Ancestral 3*,248,generator,2.736
Ancestral 3*,248,core,36.896
Ancestral 3*,249,cannon,29.045
Ancestral 3*,249,armor,29.045
Ancestral 3*,249,generator,2.747
Ancestral 3*,249,core,37.176
Ancestral 3*,250,cannon,29.269
Ancestral 3*,250,armor,29.269
Ancestral 3*,250,generator,2.758
Ancestral 3*,250,core,37.456
Ancestral 3*,251,cannon,29.493
Ancestral 3*,251,armor,29.493
Ancestral 3*,251,generator,2.77
Ancestral 3*,251,core,37.736
Ancestral 3*,252,cannon,29.717
Ancestral 3*,252,armor,29.717
Ancestral 3*,252,generator,2.781
Ancestral 3*,252,core,38.016
Ancestral 3*,253,cannon,29.941
Ancestral 3*,253,armor,29.941
Ancestral 3*,253,generator,2.792
Ancestral 3*,253,core,38.296
Ancestral 3*,254,cannon,30.165
Ancestral 3*,254,armor,30.165
Ancestral 3*,254,generator,2.803
Ancestral 3*,254,core,38.576
Ancestral 3*,255,cannon,30.389
Ancestral 3*,255,armor,30.389
Ancestral 3*,255,generator,2.814
Ancestral 3*,255,core,38.856
Ancestral 3*,256,cannon,30.613
Ancestral 3*,256,armor,30.613
Ancestral 3*,256,generator,2.826
Ancestral 3*,256,core,39.136
Ancestral 3*,257,cannon,30.837
Ancestral 3*,257,armor,30.837
Ancestral 3*,257,generator,2.837
Ancestral 3*,257,core,39.416
Ancestral 3*,258,cannon,31.061
Ancestral 3*,258,armor,31.061
Ancestral 3*,258,generator,2.848
Ancestral 3*,258,core,39.696
Ancestral 3*,259,cannon,31.285
Ancestral 3*,259,armor,31.285
Ancestral 3*,259,generator,2.859
Ancestral 3*,259,core,39.976
Ancestral 3*,260,cannon,31.509
Ancestral 3*,260,armor,31.509
Ancestral 3*,260,generator,2.87
Ancestral 3*,260,core,40.256
Ancestral 3*,261,cannon,31.733
Ancestral 3*,261,armor,31.733
Ancestral 3*,261,generator,2.882
Ancestral 3*,261,core,40.536
Ancestral 3*,262,cannon,31.957
Ancestral 3*,262,armor,31.957
Ancestral 3*,262,generator,2.893
Ancestral 3*,262,core,40.816
Ancestral 3*,263,cannon,32.181
Ancestral 3*,263,armor,32.181
Ancestral 3*,263,generator,2.904
Ancestral 3*,263,core,41.096
Ancestral 3*,264,cannon,32.405
Ancestral 3*,264,armor,32.405
Ancestral 3*,264,generator,2.915
Ancestral 3*,264,core,41.376
Ancestral 3*,265,cannon,32.629
Ancestral 3*,265,armor,32.629
Ancestral 3*,265,generator,2.926
Ancestral 3*,265,core,41.656
Ancestral 3*,266,cannon,32.853
Ancestral 3*,266,armor,32.853
Ancestral 3*,266,generator,2.938
Ancestral 3*,266,core,41.936
Ancestral 3*,267,cannon,33.077
Ancestral 3*,267,armor,33.077
Ancestral 3*,267,generator,2.949
Ancestral 3*,267,core,42.216
Ancestral 3*,268,cannon,33.301
Ancestral 3*,268,armor,33.301
Ancestral 3*,268,generator,2.96
Ancestral 3*,268,core,42.496
Ancestral 3*,269,cannon,33.525
Ancestral 3*,269,armor,33.525
Ancestral 3*,269,generator,2.971
Ancestral 3*,269,core,42.776
Ancestral 3*,270,cannon,33.749
Ancestral 3*,270,armor,33.749
Ancestral 3*,270,generator,2.982
Ancestral 3*,270,core,43.056
Ancestral 3*,271,cannon,33.973
Ancestral 3*,271,armor,33.973
Ancestral 3*,271,generator,2.994
Ancestral 3*,271,core,43.336
Ancestral 3*,272,cannon,34.197
Ancestral 3*,272,armor,34.197
Ancestral 3*,272,generator,3.005
Ancestral 3*,272,core,43.616
Ancestral 3*,273,cannon,34.421
Ancestral 3*,273,armor,34.421
Ancestral 3*,273,generator,3.016
Ancestral 3*,273,core,43.896
Ancestral 3*,274,cannon,34.645
Ancestral 3*,274,armor,34.645
Ancestral 3*,274,generator,3.027
Ancestral 3*,274,core,44.176
Ancestral 3*,275,cannon,34.869
Ancestral 3*,275,armor,34.869
Ancestral 3*,275,generator,3.038
Ancestral 3*,275,core,44.456
Ancestral 3*,276,cannon,35.093
Ancestral 3*,276,armor,35.093
Ancestral 3*,276,generator,3.05
Ancestral 3*,276,core,44.736
Ancestral 3*,277,cannon,35.317
Ancestral 3*,277,armor,35.317
Ancestral 3*,277,generator,3.061
Ancestral 3*,277,core,45.016
Ancestral 3*,278,cannon,35.541
Ancestral 3*,278,armor,35.541
Ancestral 3*,278,generator,3.072
Ancestral 3*,278,core,45.296
Ancestral 3*,279,cannon,35.765
Ancestral 3*,279,armor,35.765
Ancestral 3*,279,generator,3.083
Ancestral 3*,279,core,45.576
Ancestral 3*,280,cannon,35.989
Ancestral 3*,280,armor,35.989
Ancestral 3*,280,generator,3.094
Ancestral 3*,280,core,45.856
Ancestral 3*,281,cannon,36.213
Ancestral 3*,281,armor,36.213
Ancestral 3*,281,generator,3.106
Ancestral 3*,281,core,46.136
Ancestral 3*,282,cannon,36.437
Ancestral 3*,282,armor,36.437
Ancestral 3*,282,generator,3.117
Ancestral 3*,282,core,46.416
Ancestral 3*,283,cannon,36.661
Ancestral 3*,283,armor,36.661
Ancestral 3*,283,generator,3.128
Ancestral 3*,283,core,46.696
Ancestral 3*,284,cannon,36.885
Ancestral 3*,284,armor,36.885
Ancestral 3*,284,generator,3.139
Ancestral 3*,284,core,46.976
Ancestral 3*,285,cannon,37.109
Ancestral 3*,285,armor,37.109
Ancestral 3*,285,generator,3.15
Ancestral 3*,285,core,47.256
Ancestral 3*,286,cannon,37.333
Ancestral 3*,286,armor,37.333
Ancestral 3*,286,generator,3.162
Ancestral 3*,286,core,47.536
Ancestral 3*,287,cannon,37.557
Ancestral 3*,287,armor,37.557
Ancestral 3*,287,generator,3.173
Ancestral 3*,287,core,47.816
Ancestral 3*,288,cannon,37.781
Ancestral 3*,288,armor,37.781
Ancestral 3*,288,generator,3.184
Ancestral 3*,288,core,48.096
Ancestral 3*,289,cannon,38.005
Ancestral 3*,289,armor,38.005
Ancestral 3*,289,generator,3.195
Ancestral 3*,289,core,48.376
Ancestral 3*,290,cannon,38.229
Ancestral 3*,290,armor,38.229
Ancestral 3*,290,generator,3.206
Ancestral 3*,290,core,48.656
Ancestral 3*,291,cannon,38.453
Ancestral 3*,291,armor,38.453
Ancestral 3*,291,generator,3.218
Ancestral 3*,291,core,48.936
Ancestral 3*,292,cannon,38.677
Ancestral 3*,292,armor,38.677
Ancestral 3*,292,generator,3.229
Ancestral 3*,292,core,49.216
Ancestral 3*,293,cannon,38.901
Ancestral 3*,293,armor,38.901
Ancestral 3*,293,generator,3.24
Ancestral 3*,293,core,49.496
Ancestral 3*,294,cannon,39.125
Ancestral 3*,294,armor,39.125
Ancestral 3*,294,generator,3.251
Ancestral 3*,294,core,49.776
Ancestral 3*,295,cannon,39.349
Ancestral 3*,295,armor,39.349
Ancestral 3*,295,generator,3.262
Ancestral 3*,295,core,50.056
Ancestral 3*,296,cannon,39.573
Ancestral 3*,296,armor,39.573
Ancestral 3*,296,generator,3.274
Ancestral 3*,296,core,50.336
Ancestral 3*,297,cannon,39.797
Ancestral 3*,297,armor,39.797
Ancestral 3*,297,generator,3.285
Ancestral 3*,297,core,50.616
Ancestral 3*,298,cannon,40.021
Ancestral 3*,298,armor,40.021
Ancestral 3*,298,generator,3.296
Ancestral 3*,298,core,50.896
Ancestral 3*,299,cannon,40.245
Ancestral 3*,299,armor,40.245
Ancestral 3*,299,generator,3.307
Ancestral 3*,299,core,51.176
Ancestral 3*,300,cannon,40.469
Ancestral 3*,300,armor,40.469
Ancestral 3*,300,generator,3.318
Ancestral 3*,300,core,51.456
Ancestral 4*,1,cannon,1.35
Ancestral 4*,1,armor,1.35
Ancestral 4*,1,generator,1.048
Ancestral 4*,1,core,1.476
Ancestral 4*,2,cannon,1.353
Ancestral 4*,2,armor,1.353
Ancestral 4*,2,generator,1.049
Ancestral 4*,2,core,1.487
Ancestral 4*,3,cannon,1.355
Ancestral 4*,3,armor,1.355
Ancestral 4*,3,generator,1.05
Ancestral 4*,3,core,1.499
Ancestral 4*,4,cannon,1.357
Ancestral 4*,4,armor,1.357
Ancestral 4*,4,generator,1.051
Ancestral 4*,4,core,1.51
Ancestral 4*,5,cannon,1.36
Ancestral 4*,5,armor,1.36
Ancestral 4*,5,generator,1.052
Ancestral 4*,5,core,1.522
Ancestral 4*,6,cannon,1.362
Ancestral 4*,6,armor,1.362
Ancestral 4*,6,generator,1.053
Ancestral 4*,6,core,1.534
Ancestral 4*,7,cannon,1.364
Ancestral 4*,7,armor,1.364
Ancestral 4*,7,generator,1.055
Ancestral 4*,7,core,1.545
Ancestral 4*,8,cannon,1.367
Ancestral 4*,8,armor,1.367
Ancestral 4*,8,generator,1.056
Ancestral 4*,8,core,1.557
Ancestral 4*,9,cannon,1.369
Ancestral 4*,9,armor,1.369
Ancestral 4*,9,generator,1.057
Ancestral 4*,9,core,1.568
Ancestral 4*,10,cannon,1.371
Ancestral 4*,10,armor,1.371
Ancestral 4*,10,generator,1.058
Ancestral 4*,10,core,1.58
Ancestral 4*,11,cannon,1.374
Ancestral 4*,11,armor,1.374
Ancestral 4*,11,generator,1.059
Ancestral 4*,11,core,1.592
Ancestral 4*,12,cannon,1.376
Ancestral 4*,12,armor,1.376
Ancestral 4*,12,generator,1.06
Ancestral 4*,12,core,1.603
Ancestral 4*,13,cannon,1.378
Ancestral 4*,13,armor,1.378
Ancestral 4*,13,generator,1.061
Ancestral 4*,13,core,1.615
Ancestral 4*,14,cannon,1.38
Ancestral 4*,14,armor,1.38
Ancestral 4*,14,generator,1.063
Ancestral 4*,14,core,1.626
Ancestral 4*,15,cannon,1.383
Ancestral 4*,15,armor,1.383
Ancestral 4*,15,generator,1.064
Ancestral 4*,15,core,1.638
Ancestral 4*,16,cannon,1.385
Ancestral 4*,16,armor,1.385
Ancestral 4*,16,generator,1.065
Ancestral 4*,16,core,1.65
Ancestral 4*,17,cannon,1.387
Ancestral 4*,17,armor,1.387
Ancestral 4*,17,generator,1.066
Ancestral 4*,17,core,1.661
Ancestral 4*,18,cannon,1.39
Ancestral 4*,18,armor,1.39
Ancestral 4*,18,generator,1.067
Ancestral 4*,18,core,1.673
Ancestral 4*,19,cannon,1.392
Ancestral 4*,19,armor,1.392
Ancestral 4*,19,generator,1.068
Ancestral 4*,19,core,1.684
Ancestral 4*,20,cannon,1.394
Ancestral 4*,20,armor,1.394
Ancestral 4*,20,generator,1.07
Ancestral 4*,20,core,1.696
Ancestral 4*,21,cannon,1.399
Ancestral 4*,21,armor,1.399
Ancestral 4*,21,generator,1.071
Ancestral 4*,21,core,1.713
Ancestral 4*,22,cannon,1.404
Ancestral 4*,22,armor,1.404
Ancestral 4*,22,generator,1.072
Ancestral 4*,22,core,1.731
Ancestral 4*,23,cannon,1.408
Ancestral 4*,23,armor,1.408
Ancestral 4*,23,generator,1.073
Ancestral 4*,23,core,1.748
Ancestral 4*,24,cannon,1.413
Ancestral 4*,24,armor,1.413
Ancestral 4*,24,generator,1.074
Ancestral 4*,24,core,1.766
Ancestral 4*,25,cannon,1.418
Ancestral 4*,25,armor,1.418
Ancestral 4*,25,generator,1.075
Ancestral 4*,25,core,1.783
Ancestral 4*,26,cannon,1.422
Ancestral 4*,26,armor,1.422
Ancestral 4*,26,generator,1.077
Ancestral 4*,26,core,1.8
Ancestral 4*,27,cannon,1.427
Ancestral 4*,27,armor,1.427
Ancestral 4*,27,generator,1.078
Ancestral 4*,27,core,1.818
Ancestral 4*,28,cannon,1.432
Ancestral 4*,28,armor,1.432
Ancestral 4*,28,generator,1.079
Ancestral 4*,28,core,1.835
Ancestral 4*,29,cannon,1.436
Ancestral 4*,29,armor,1.436
Ancestral 4*,29,generator,1.08
Ancestral 4*,29,core,1.853
Ancestral 4*,30,cannon,1.441
Ancestral 4*,30,armor,1.441
Ancestral 4*,30,generator,1.081
Ancestral 4*,30,core,1.87
Ancestral 4*,31,cannon,1.448
Ancestral 4*,31,armor,1.448
Ancestral 4*,31,generator,1.084
Ancestral 4*,31,core,1.893
Ancestral 4*,32,cannon,1.455
Ancestral 4*,32,armor,1.455
Ancestral 4*,32,generator,1.086
Ancestral 4*,32,core,1.916
Ancestral 4*,33,cannon,1.462
Ancestral 4*,33,armor,1.462
Ancestral 4*,33,generator,1.088
Ancestral 4*,33,core,1.94
Ancestral 4*,34,cannon,1.469
Ancestral 4*,34,armor,1.469
Ancestral 4*,34,generator,1.09
Ancestral 4*,34,core,1.963
Ancestral 4*,35,cannon,1.476
Ancestral 4*,35,armor,1.476
Ancestral 4*,35,generator,1.093
Ancestral 4*,35,core,1.986
Ancestral 4*,36,cannon,1.483
Ancestral 4*,36,armor,1.483
Ancestral 4*,36,generator,1.095
Ancestral 4*,36,core,2.009
Ancestral 4*,37,cannon,1.49
Ancestral 4*,37,armor,1.49
Ancestral 4*,37,generator,1.097
Ancestral 4*,37,core,2.032
Ancestral 4*,38,cannon,1.496
Ancestral 4*,38,armor,1.496
Ancestral 4*,38,generator,1.1
Ancestral 4*,38,core,2.056
Ancestral 4*,39,cannon,1.503
Ancestral 4*,39,armor,1.503
Ancestral 4*,39,generator,1.102
Ancestral 4*,39,core,2.079
Ancestral 4*,40,cannon,1.51
Ancestral 4*,40,armor,1.51
Ancestral 4*,40,generator,1.104
Ancestral 4*,40,core,2.102
Ancestral 4*,41,cannon,1.52
Ancestral 4*,41,armor,1.52
Ancestral 4*,41,generator,1.108
Ancestral 4*,41,core,2.131
Ancestral 4*,42,cannon,1.529
Ancestral 4*,42,armor,1.529
Ancestral 4*,42,generator,1.111
Ancestral 4*,42,core,2.16
Ancestral 4*,43,cannon,1.538
Ancestral 4*,43,armor,1.538
Ancestral 4*,43,generator,1.115
Ancestral 4*,43,core,2.189
Ancestral 4*,44,cannon,1.548
Ancestral 4*,44,armor,1.548
Ancestral 4*,44,generator,1.118
Ancestral 4*,44,core,2.218
Ancestral 4*,45,cannon,1.557
Ancestral 4*,45,armor,1.557
Ancestral 4*,45,generator,1.122
Ancestral 4*,45,core,2.247
Ancestral 4*,46,cannon,1.566
Ancestral 4*,46,armor,1.566
Ancestral 4*,46,generator,1.125
Ancestral 4*,46,core,2.276
Ancestral 4*,47,cannon,1.575
Ancestral 4*,47,armor,1.575
Ancestral 4*,47,generator,1.129
Ancestral 4*,47,core,2.305
Ancestral 4*,48,cannon,1.585
Ancestral 4*,48,armor,1.585
Ancestral 4*,48,generator,1.132
Ancestral 4*,48,core,2.334
Ancestral 4*,49,cannon,1.594
Ancestral 4*,49,armor,1.594
Ancestral 4*,49,generator,1.136
Ancestral 4*,49,core,2.363
Ancestral 4*,50,cannon,1.603
Ancestral 4*,50,armor,1.603
Ancestral 4*,50,generator,1.139
Ancestral 4*,50,core,2.392
Ancestral 4*,51,cannon,1.612
Ancestral 4*,51,armor,1.612
Ancestral 4*,51,generator,1.143
Ancestral 4*,51,core,2.421
Ancestral 4*,52,cannon,1.622
Ancestral 4*,52,armor,1.622
Ancestral 4*,52,generator,1.146
Ancestral 4*,52,core,2.45
Ancestral 4*,53,cannon,1.631
Ancestral 4*,53,armor,1.631
Ancestral 4*,53,generator,1.15
Ancestral 4*,53,core,2.479
Ancestral 4*,54,cannon,1.64
Ancestral 4*,54,armor,1.64
Ancestral 4*,54,generator,1.153
Ancestral 4*,54,core,2.508
Ancestral 4*,55,cannon,1.65
Ancestral 4*,55,armor,1.65
Ancestral 4*,55,generator,1.157
Ancestral 4*,55,core,2.537
Ancestral 4*,56,cannon,1.659
Ancestral 4*,56,armor,1.659
Ancestral 4*,56,generator,1.16
Ancestral 4*,56,core,2.566
Ancestral 4*,57,cannon,1.668
Ancestral 4*,57,armor,1.668
Ancestral 4*,57,generator,1.164
Ancestral 4*,57,core,2.595
Ancestral 4*,58,cannon,1.677
Ancestral 4*,58,armor,1.677
Ancestral 4*,58,generator,1.167
Ancestral 4*,58,core,2.624
Ancestral 4*,59,cannon,1.687
Ancestral 4*,59,armor,1.687
Ancestral 4*,59,generator,1.171
Ancestral 4*,59,core,2.653
Ancestral 4*,60,cannon,1.696
Ancestral 4*,60,armor,1.696
Ancestral 4*,60,generator,1.174
Ancestral 4*,60,core,2.682
Ancestral 4*,61,cannon,1.71
Ancestral 4*,61,armor,1.71
Ancestral 4*,61,generator,1.177
Ancestral 4*,61,core,2.717
Ancestral 4*,62,cannon,1.724
Ancestral 4*,62,armor,1.724
Ancestral 4*,62,generator,1.181
Ancestral 4*,62,core,2.752
Ancestral 4*,63,cannon,1.738
Ancestral 4*,63,armor,1.738
Ancestral 4*,63,generator,1.184
Ancestral 4*,63,core,2.786
Ancestral 4*,64,cannon,1.752
Ancestral 4*,64,armor,1.752
Ancestral 4*,64,generator,1.188
Ancestral 4*,64,core,2.821
Ancestral 4*,65,cannon,1.766
Ancestral 4*,65,armor,1.766
Ancestral 4*,65,generator,1.191
Ancestral 4*,65,core,2.856
Ancestral 4*,66,cannon,1.78
Ancestral 4*,66,armor,1.78
Ancestral 4*,66,generator,1.195
Ancestral 4*,66,core,2.891
Ancestral 4*,67,cannon,1.793
Ancestral 4*,67,armor,1.793
Ancestral 4*,67,generator,1.198
Ancestral 4*,67,core,2.926
Ancestral 4*,68,cannon,1.807
Ancestral 4*,68,armor,1.807
Ancestral 4*,68,generator,1.202
Ancestral 4*,68,core,2.96
Ancestral 4*,69,cannon,1.821
Ancestral 4*,69,armor,1.821
Ancestral 4*,69,generator,1.205
Ancestral 4*,69,core,2.995
Ancestral 4*,70,cannon,1.835
Ancestral 4*,70,armor,1.835
Ancestral 4*,70,generator,1.209
Ancestral 4*,70,core,3.03
Ancestral 4*,71,cannon,1.849
Ancestral 4*,71,armor,1.849
Ancestral 4*,71,generator,1.212
Ancestral 4*,71,core,3.065
Ancestral 4*,72,cannon,1.863
Ancestral 4*,72,armor,1.863
Ancestral 4*,72,generator,1.216
Ancestral 4*,72,core,3.1
Ancestral 4*,73,cannon,1.877
Ancestral 4*,73,armor,1.877
Ancestral 4*,73,generator,1.219
Ancestral 4*,73,core,3.134
Ancestral 4*,74,cannon,1.891
Ancestral 4*,74,armor,1.891
Ancestral 4*,74,generator,1.223
Ancestral 4*,74,core,3.169
Ancestral 4*,75,cannon,1.905
Ancestral 4*,75,armor,1.905
Ancestral 4*,75,generator,1.226
Ancestral 4*,75,core,3.204
Ancestral 4*,76,cannon,1.919
Ancestral 4*,76,armor,1.919
Ancestral 4*,76,generator,1.23
Ancestral 4*,76,core,3.239
Ancestral 4*,77,cannon,1.933
Ancestral 4*,77,armor,1.933
Ancestral 4*,77,generator,1.233
Ancestral 4*,77,core,3.274
Ancestral 4*,78,cannon,1.947
Ancestral 4*,78,armor,1.947
Ancestral 4*,78,generator,1.237
Ancestral 4*,78,core,3.308
Ancestral 4*,79,cannon,1.96
Ancestral 4*,79,armor,1.96
Ancestral 4*,79,generator,1.24
Ancestral 4*,79,core,3.343
Ancestral 4*,80,cannon,1.974
Ancestral 4*,80,armor,1.974
Ancestral 4*,80,generator,1.244
Ancestral 4*,80,core,3.378
Ancestral 4*,81,cannon,2.009
Ancestral 4*,81,armor,2.009
Ancestral 4*,81,generator,1.248
Ancestral 4*,81,core,3.436
Ancestral 4*,82,cannon,2.044
Ancestral 4*,82,armor,2.044
Ancestral 4*,82,generator,1.253
Ancestral 4*,82,core,3.494
Ancestral 4*,83,cannon,2.079
Ancestral 4*,83,armor,2.079
Ancestral 4*,83,generator,1.258
Ancestral 4*,83,core,3.552
Ancestral 4*,84,cannon,2.114
Ancestral 4*,84,armor,2.114
Ancestral 4*,84,generator,1.262
Ancestral 4*,84,core,3.61
Ancestral 4*,85,cannon,2.148
Ancestral 4*,85,armor,2.148
Ancestral 4*,85,generator,1.267
Ancestral 4*,85,core,3.668
Ancestral 4*,86,cannon,2.183
Ancestral 4*,86,armor,2.183
Ancestral 4*,86,generator,1.271
Ancestral 4*,86,core,3.726
Ancestral 4*,87,cannon,2.218
Ancestral 4*,87,armor,2.218
Ancestral 4*,87,generator,1.276
Ancestral 4*,87,core,3.784
Ancestral 4*,88,cannon,2.253
Ancestral 4*,88,armor,2.253
Ancestral 4*,88,generator,1.281
Ancestral 4*,88,core,3.842
Ancestral 4*,89,cannon,2.288
Ancestral 4*,89,armor,2.288
Ancestral 4*,89,generator,1.285
Ancestral 4*,89,core,3.9
Ancestral 4*,90,cannon,2.322
Ancestral 4*,90,armor,2.322
Ancestral 4*,90,generator,1.29
Ancestral 4*,90,core,3.958
Ancestral 4*,91,cannon,2.357
Ancestral 4*,91,armor,2.357
Ancestral 4*,91,generator,1.295
Ancestral 4*,91,core,4.016
Ancestral 4*,92,cannon,2.392
Ancestral 4*,92,armor,2.392
Ancestral 4*,92,generator,1.299
Ancestral 4*,92,core,4.074
Ancestral 4*,93,cannon,2.427
Ancestral 4*,93,armor,2.427
Ancestral 4*,93,generator,1.304
Ancestral 4*,93,core,4.132
Ancestral 4*,94,cannon,2.462
Ancestral 4*,94,armor,2.462
Ancestral 4*,94,generator,1.309
Ancestral 4*,94,core,4.19
Ancestral 4*,95,cannon,2.496
Ancestral 4*,95,armor,2.496
Ancestral 4*,95,generator,1.313
Ancestral 4*,95,core,4.248
Ancestral 4*,96,cannon,2.531
Ancestral 4*,96,armor,2.531
Ancestral 4*,96,generator,1.318
Ancestral 4*,96,core,4.306
Ancestral 4*,97,cannon,2.566
Ancestral 4*,97,armor,2.566
Ancestral 4*,97,generator,1.322
Ancestral 4*,97,core,4.364
Ancestral 4*,98,cannon,2.601
Ancestral 4*,98,armor,2.601
Ancestral 4*,98,generator,1.327
Ancestral 4*,98,core,4.422
Ancestral 4*,99,cannon,2.636
Ancestral 4*,99,armor,2.636
Ancestral 4*,99,generator,1.332
Ancestral 4*,99,core,4.48
Ancestral 4*,100,cannon,2.67
Ancestral 4*,100,armor,2.67
Ancestral 4*,100,generator,1.336
Ancestral 4*,100,core,4.538
Ancestral 4*,101,cannon,2.752
Ancestral 4*,101,armor,2.752
Ancestral 4*,101,generator,1.342
Ancestral 4*,101,core,4.631
Ancestral 4*,102,cannon,2.833
Ancestral 4*,102,armor,2.833
Ancestral 4*,102,generator,1.348
Ancestral 4*,102,core,4.724
Ancestral 4*,103,cannon,2.914
Ancestral 4*,103,armor,2.914
Ancestral 4*,103,generator,1.354
Ancestral 4*,103,core,4.816
Ancestral 4*,104,cannon,2.995
Ancestral 4*,104,armor,2.995
Ancestral 4*,104,generator,1.36
Ancestral 4*,104,core,4.909
Ancestral 4*,105,cannon,3.076
Ancestral 4*,105,armor,3.076
Ancestral 4*,105,generator,1.365
Ancestral 4*,105,core,5.002
Ancestral 4*,106,cannon,3.158
Ancestral 4*,106,armor,3.158
Ancestral 4*,106,generator,1.371
Ancestral 4*,106,core,5.095
Ancestral 4*,107,cannon,3.239
Ancestral 4*,107,armor,3.239
Ancestral 4*,107,generator,1.377
Ancestral 4*,107,core,5.188
Ancestral 4*,108,cannon,3.32
Ancestral 4*,108,armor,3.32
Ancestral 4*,108,generator,1.383
Ancestral 4*,108,core,5.28
Ancestral 4*,109,cannon,3.401
Ancestral 4*,109,armor,3.401
Ancestral 4*,109,generator,1.389
Ancestral 4*,109,core,5.373
Ancestral 4*,110,cannon,3.482
Ancestral 4*,110,armor,3.482
Ancestral 4*,110,generator,1.394
Ancestral 4*,110,core,5.466
Ancestral 4*,111,cannon,3.564
Ancestral 4*,111,armor,3.564
Ancestral 4*,111,generator,1.4
Ancestral 4*,111,core,5.559
Ancestral 4*,112,cannon,3.645
Ancestral 4*,112,armor,3.645
Ancestral 4*,112,generator,1.406
Ancestral 4*,112,core,5.652
Ancestral 4*,113,cannon,3.726
Ancestral 4*,113,armor,3.726
Ancestral 4*,113,generator,1.412
Ancestral 4*,113,core,5.744
Ancestral 4*,114,cannon,3.807
Ancestral 4*,114,armor,3.807
Ancestral 4*,114,generator,1.418
Ancestral 4*,114,core,5.837
Ancestral 4*,115,cannon,3.888
Ancestral 4*,115,armor,3.888
Ancestral 4*,115,generator,1.423
Ancestral 4*,115,core,5.93
Ancestral 4*,116,cannon,3.97
Ancestral 4*,116,armor,3.97
Ancestral 4*,116,generator,1.429
Ancestral 4*,116,core,6.023
Ancestral 4*,117,cannon,4.051
Ancestral 4*,117,armor,4.051
Ancestral 4*,117,generator,1.435
Ancestral 4*,117,core,6.116
Ancestral 4*,118,cannon,4.132
Ancestral 4*,118,armor,4.132
Ancestral 4*,118,generator,1.441
Ancestral 4*,118,core,6.208
Ancestral 4*,119,cannon,4.213
Ancestral 4*,119,armor,4.213
Ancestral 4*,119,generator,1.447
Ancestral 4*,119,core,6.301
Ancestral 4*,120,cannon,4.294
Ancestral 4*,120,armor,4.294
Ancestral 4*,120,generator,1.452
Ancestral 4*,120,core,6.394
Ancestral 4*,121,cannon,4.41
Ancestral 4*,121,armor,4.41
Ancestral 4*,121,generator,1.459
Ancestral 4*,121,core,6.533
Ancestral 4*,122,cannon,4.526
Ancestral 4*,122,armor,4.526
Ancestral 4*,122,generator,1.466
Ancestral 4*,122,core,6.672
Ancestral 4*,123,cannon,4.642
Ancestral 4*,123,armor,4.642
Ancestral 4*,123,generator,1.473
Ancestral 4*,123,core,6.812
Ancestral 4*,124,cannon,4.758
Ancestral 4*,124,armor,4.758
Ancestral 4*,124,generator,1.48
Ancestral 4*,124,core,6.951
Ancestral 4*,125,cannon,4.874
Ancestral 4*,125,armor,4.874
Ancestral 4*,125,generator,1.487
Ancestral 4*,125,core,7.09
Ancestral 4*,126,cannon,4.99
Ancestral 4*,126,armor,4.99
Ancestral 4*,126,generator,1.494
Ancestral 4*,126,core,7.229
Ancestral 4*,127,cannon,5.106
Ancestral 4*,127,armor,5.106
Ancestral 4*,127,generator,1.501
Ancestral 4*,127,core,7.368
Ancestral 4*,128,cannon,5.222
Ancestral 4*,128,armor,5.222
Ancestral 4*,128,generator,1.508
Ancestral 4*,128,core,7.508
Ancestral 4*,129,cannon,5.338
Ancestral 4*,129,armor,5.338
Ancestral 4*,129,generator,1.515
Ancestral 4*,129,core,7.647
Ancestral 4*,130,cannon,5.454
Ancestral 4*,130,armor,5.454
Ancestral 4*,130,generator,1.522
Ancestral 4*,130,core,7.786
Ancestral 4*,131,cannon,5.57
Ancestral 4*,131,armor,5.57
Ancestral 4*,131,generator,1.529
Ancestral 4*,131,core,7.925
Ancestral 4*,132,cannon,5.686
Ancestral 4*,132,armor,5.686
Ancestral 4*,132,generator,1.536
Ancestral 4*,132,core,8.064
Ancestral 4*,133,cannon,5.802
Ancestral 4*,133,armor,5.802
Ancestral 4*,133,generator,1.543
Ancestral 4*,133,core,8.204
Ancestral 4*,134,cannon,5.918
Ancestral 4*,134,armor,5.918
Ancestral 4*,134,generator,1.55
Ancestral 4*,134,core,8.343
Ancestral 4*,135,cannon,6.034
Ancestral 4*,135,armor,6.034
Ancestral 4*,135,generator,1.557
Ancestral 4*,135,core,8.482
Ancestral 4*,136,cannon,6.15
Ancestral 4*,136,armor,6.15
Ancestral 4*,136,generator,1.564
Ancestral 4*,136,core,8.621
Ancestral 4*,137,cannon,6.266
Ancestral 4*,137,armor,6.266
Ancestral 4*,137,generator,1.571
Ancestral 4*,137,core,8.76
Ancestral 4*,138,cannon,6.382
Ancestral 4*,138,armor,6.382
Ancestral 4*,138,generator,1.578
Ancestral 4*,138,core,8.9
Ancestral 4*,139,cannon,6.498
Ancestral 4*,139,armor,6.498
Ancestral 4*,139,generator,1.585
Ancestral 4*,139,core,9.039
Ancestral 4*,140,cannon,6.614
Ancestral 4*,140,armor,6.614
Ancestral 4*,140,generator,1.592
Ancestral 4*,140,core,9.178
Ancestral 4*,141,cannon,6.754
Ancestral 4*,141,armor,6.754
Ancestral 4*,141,generator,1.601
Ancestral 4*,141,core,9.352
Ancestral 4*,142,cannon,6.893
Ancestral 4*,142,armor,6.893
Ancestral 4*,142,generator,1.61
Ancestral 4*,142,core,9.526
Ancestral 4*,143,cannon,7.032
Ancestral 4*,143,armor,7.032
Ancestral 4*,143,generator,1.619
Ancestral 4*,143,core,9.7
Ancestral 4*,144,cannon,7.171
Ancestral 4*,144,armor,7.171
Ancestral 4*,144,generator,1.629
Ancestral 4*,144,core,9.874
Ancestral 4*,145,cannon,7.31
Ancestral 4*,145,armor,7.31
Ancestral 4*,145,generator,1.638
Ancestral 4*,145,core,10.048
Ancestral 4*,146,cannon,7.45
Ancestral 4*,146,armor,7.45
Ancestral 4*,146,generator,1.647
Ancestral 4*,146,core,10.222
Ancestral 4*,147,cannon,7.589
Ancestral 4*,147,armor,7.589
Ancestral 4*,147,generator,1.657
Ancestral 4*,147,core,10.396
Ancestral 4*,148,cannon,7.728
Ancestral 4*,148,armor,7.728
Ancestral 4*,148,generator,1.666
Ancestral 4*,148,core,10.57
Ancestral 4*,149,cannon,7.867
Ancestral 4*,149,armor,7.867
Ancestral 4*,149,generator,1.675
Ancestral 4*,149,core,10.744
Ancestral 4*,150,cannon,8.006
Ancestral 4*,150,armor,8.006
Ancestral 4*,150,generator,1.684
Ancestral 4*,150,core,10.918
Ancestral 4*,151,cannon,8.146
Ancestral 4*,151,armor,8.146
Ancestral 4*,151,generator,1.694
Ancestral 4*,151,core,11.092
Ancestral 4*,152,cannon,8.285
Ancestral 4*,152,armor,8.285
Ancestral 4*,152,generator,1.703
Ancestral 4*,152,core,11.266
Ancestral 4*,153,cannon,8.424
Ancestral 4*,153,armor,8.424
Ancestral 4*,153,generator,1.712
Ancestral 4*,153,core,11.44
Ancestral 4*,154,cannon,8.563
Ancestral 4*,154,armor,8.563
Ancestral 4*,154,generator,1.722
Ancestral 4*,154,core,11.614
Ancestral 4*,155,cannon,8.702
Ancestral 4*,155,armor,8.702
Ancestral 4*,155,generator,1.731
Ancestral 4*,155,core,11.788
Ancestral 4*,156,cannon,8.842
Ancestral 4*,156,armor,8.842
Ancestral 4*,156,generator,1.74
Ancestral 4*,156,core,11.962
Ancestral 4*,157,cannon,8.981
Ancestral 4*,157,armor,8.981
Ancestral 4*,157,generator,1.749
Ancestral 4*,157,core,12.136
Ancestral 4*,158,cannon,9.12
Ancestral 4*,158,armor,9.12
Ancestral 4*,158,generator,1.759
Ancestral 4*,158,core,12.31
Ancestral 4*,159,cannon,9.259
Ancestral 4*,159,armor,9.259
Ancestral 4*,159,generator,1.768
Ancestral 4*,159,core,12.484
Ancestral 4*,160,cannon,9.398
Ancestral 4*,160,armor,9.398
Ancestral 4*,160,generator,1.777
Ancestral 4*,160,core,12.658
Ancestral 4*,161,cannon,9.63
Ancestral 4*,161,armor,9.63
Ancestral 4*,161,generator,1.789
Ancestral 4*,161,core,12.948
Ancestral 4*,162,cannon,9.862
Ancestral 4*,162,armor,9.862
Ancestral 4*,162,generator,1.8
Ancestral 4*,162,core,13.238
Ancestral 4*,163,cannon,10.094
Ancestral 4*,163,armor,10.094
Ancestral 4*,163,generator,1.812
Ancestral 4*,163,core,13.528
Ancestral 4*,164,cannon,10.326
Ancestral 4*,164,armor,10.326
Ancestral 4*,164,generator,1.824
Ancestral 4*,164,core,13.818
Ancestral 4*,165,cannon,10.558
Ancestral 4*,165,armor,10.558
Ancestral 4*,165,generator,1.835
Ancestral 4*,165,core,14.108
Ancestral 4*,166,cannon,10.79
Ancestral 4*,166,armor,10.79
Ancestral 4*,166,generator,1.847
Ancestral 4*,166,core,14.398
Ancestral 4*,167,cannon,11.022
Ancestral 4*,167,armor,11.022
Ancestral 4*,167,generator,1.858
Ancestral 4*,167,core,14.688
Ancestral 4*,168,cannon,11.254
Ancestral 4*,168,armor,11.254
Ancestral 4*,168,generator,1.87
Ancestral 4*,168,core,14.978
Ancestral 4*,169,cannon,11.486
Ancestral 4*,169,armor,11.486
Ancestral 4*,169,generator,1.882
Ancestral 4*,169,core,15.268
Ancestral 4*,170,cannon,11.718
Ancestral 4*,170,armor,11.718
Ancestral 4*,170,generator,1.893
Ancestral 4*,170,core,15.558
Ancestral 4*,171,cannon,11.95
Ancestral 4*,171,armor,11.95
Ancestral 4*,171,generator,1.905
Ancestral 4*,171,core,15.848
Ancestral 4*,172,cannon,12.182
Ancestral 4*,172,armor,12.182
Ancestral 4*,172,generator,1.916
Ancestral 4*,172,core,16.138
Ancestral 4*,173,cannon,12.414
Ancestral 4*,173,armor,12.414
Ancestral 4*,173,generator,1.928
Ancestral 4*,173,core,16.428
Ancestral 4*,174,cannon,12.646
Ancestral 4*,174,armor,12.646
Ancestral 4*,174,generator,1.94
Ancestral 4*,174,core,16.718
Ancestral 4*,175,cannon,12.878
Ancestral 4*,175,armor,12.878
Ancestral 4*,175,generator,1.951
Ancestral 4*,175,core,17.008
Ancestral 4*,176,cannon,13.11
Ancestral 4*,176,armor,13.11
Ancestral 4*,176,generator,1.963
Ancestral 4*,176,core,17.298
Ancestral 4*,177,cannon,13.342
Ancestral 4*,177,armor,13.342
Ancestral 4*,177,generator,1.974
Ancestral 4*,177,core,17.588
Ancestral 4*,178,cannon,13.574
Ancestral 4*,178,armor,13.574
Ancestral 4*,178,generator,1.986
Ancestral 4*,178,core,17.878
Ancestral 4*,179,cannon,13.806
Ancestral 4*,179,armor,13.806
Ancestral 4*,179,generator,1.998
Ancestral 4*,179,core,18.168
Ancestral 4*,180,cannon,14.038
Ancestral 4*,180,armor,14.038
Ancestral 4*,180,generator,2.009
Ancestral 4*,180,core,18.458
Ancestral 4*,181,cannon,14.27
Ancestral 4*,181,armor,14.27
Ancestral 4*,181,generator,2.021
Ancestral 4*,181,core,18.748
Ancestral 4*,182,cannon,14.502
Ancestral 4*,182,armor,14.502
Ancestral 4*,182,generator,2.032
Ancestral 4*,182,core,19.038
Ancestral 4*,183,cannon,14.734
Ancestral 4*,183,armor,14.734
Ancestral 4*,183,generator,2.044
Ancestral 4*,183,core,19.328
Ancestral 4*,184,cannon,14.966
Ancestral 4*,184,armor,14.966
Ancestral 4*,184,generator,2.056
Ancestral 4*,184,core,19.618
Ancestral 4*,185,cannon,15.198
Ancestral 4*,185,armor,15.198
Ancestral 4*,185,generator,2.067
Ancestral 4*,185,core,19.908
Ancestral 4*,186,cannon,15.43
Ancestral 4*,186,armor,15.43
Ancestral 4*,186,generator,2.079
Ancestral 4*,186,core,20.198
Ancestral 4*,187,cannon,15.662
Ancestral 4*,187,armor,15.662
Ancestral 4*,187,generator,2.09
Ancestral 4*,187,core,20.488
Ancestral 4*,188,cannon,15.894
Ancestral 4*,188,armor,15.894
Ancestral 4*,188,generator,2.102
Ancestral 4*,188,core,20.778
Ancestral 4*,189,cannon,16.126
Ancestral 4*,189,armor,16.126
Ancestral 4*,189,generator,2.114
Ancestral 4*,189,core,21.068
Ancestral 4*,190,cannon,16.358
Ancestral 4*,190,armor,16.358
Ancestral 4*,190,generator,2.125
Ancestral 4*,190,core,21.358
Ancestral 4*,191,cannon,16.59
Ancestral 4*,191,armor,16.59
Ancestral 4*,191,generator,2.137
Ancestral 4*,191,core,21.648
Ancestral 4*,192,cannon,16.822
Ancestral 4*,192,armor,16.822
Ancestral 4*,192,generator,2.148
Ancestral 4*,192,core,21.938
Ancestral 4*,193,cannon,17.054
Ancestral 4*,193,armor,17.054
Ancestral 4*,193,generator,2.16
Ancestral 4*,193,core,22.228
Ancestral 4*,194,cannon,17.286
Ancestral 4*,194,armor,17.286
Ancestral 4*,194,generator,2.172
Ancestral 4*,194,core,22.518
Ancestral 4*,195,cannon,17.518
Ancestral 4*,195,armor,17.518
Ancestral 4*,195,generator,2.183
Ancestral 4*,195,core,22.808
Ancestral 4*,196,cannon,17.75
Ancestral 4*,196,armor,17.75
Ancestral 4*,196,generator,2.195
Ancestral 4*,196,core,23.098
Ancestral 4*,197,cannon,17.982
Ancestral 4*,197,armor,17.982
Ancestral 4*,197,generator,2.206
Ancestral 4*,197,core,23.388
Ancestral 4*,198,cannon,18.214
Ancestral 4*,198,armor,18.214
Ancestral 4*,198,generator,2.218
Ancestral 4*,198,core,23.678
Ancestral 4*,199,cannon,18.446
Ancestral 4*,199,armor,18.446
Ancestral 4*,199,generator,2.23
Ancestral 4*,199,core,23.968
Ancestral 4*,200,cannon,18.678
Ancestral 4*,200,armor,18.678
Ancestral 4*,200,generator,2.241
Ancestral 4*,200,core,24.258
Ancestral 4*,201,cannon,18.91
Ancestral 4*,201,armor,18.91
Ancestral 4*,201,generator,2.253
Ancestral 4*,201,core,24.548
Ancestral 4*,202,cannon,19.142
Ancestral 4*,202,armor,19.142
Ancestral 4*,202,generator,2.264
Ancestral 4*,202,core,24.838
Ancestral 4*,203,cannon,19.374
Ancestral 4*,203,armor,19.374
Ancestral 4*,203,generator,2.276
Ancestral 4*,203,core,25.128
Ancestral 4*,204,cannon,19.606
Ancestral 4*,204,armor,19.606
Ancestral 4*,204,generator,2.288
Ancestral 4*,204,core,25.418
Ancestral 4*,205,cannon,19.838
Ancestral 4*,205,armor,19.838
Ancestral 4*,205,generator,2.299
Ancestral 4*,205,core,25.708
Ancestral 4*,206,cannon,20.07
Ancestral 4*,206,armor,20.07
Ancestral 4*,206,generator,2.311
Ancestral 4*,206,core,25.998
Ancestral 4*,207,cannon,20.302
Ancestral 4*,207,armor,20.302
Ancestral 4*,207,generator,2.322
Ancestral 4*,207,core,26.288
Ancestral 4*,208,cannon,20.534
Ancestral 4*,208,armor,20.534
Ancestral 4*,208,generator,2.334
Ancestral 4*,208,core,26.578
Ancestral 4*,209,cannon,20.766
Ancestral 4*,209,armor,20.766
Ancestral 4*,209,generator,2.346
Ancestral 4*,209,core,26.868
Ancestral 4*,210,cannon,20.998
Ancestral 4*,210,armor,20.998
Ancestral 4*,210,generator,2.357
Ancestral 4*,210,core,27.158
Ancestral 4*,211,cannon,21.23
Ancestral 4*,211,armor,21.23
Ancestral 4*,211,generator,2.369
Ancestral 4*,211,core,27.448
Ancestral 4*,212,cannon,21.462
Ancestral 4*,212,armor,21.462
Ancestral 4*,212,generator,2.38
Ancestral 4*,212,core,27.738
Ancestral 4*,213,cannon,21.694
Ancestral 4*,213,armor,21.694
Ancestral 4*,213,generator,2.392
Ancestral 4*,213,core,28.028
Ancestral 4*,214,cannon,21.926
Ancestral 4*,214,armor,21.926
Ancestral 4*,214,generator,2.404
Ancestral 4*,214,core,28.318
Ancestral 4*,215,cannon,22.158
Ancestral 4*,215,armor,22.158
Ancestral 4*,215,generator,2.415
Ancestral 4*,215,core,28.608
Ancestral 4*,216,cannon,22.39
Ancestral 4*,216,armor,22.39
Ancestral 4*,216,generator,2.427
Ancestral 4*,216,core,28.898
Ancestral 4*,217,cannon,22.622
Ancestral 4*,217,armor,22.622
Ancestral 4*,217,generator,2.438
Ancestral 4*,217,core,29.188
Ancestral 4*,218,cannon,22.854
Ancestral 4*,218,armor,22.854
Ancestral 4*,218,generator,2.45
Ancestral 4*,218,core,29.478
Ancestral 4*,219,cannon,23.086
Ancestral 4*,219,armor,23.086
Ancestral 4*,219,generator,2.462
Ancestral 4*,219,core,29.768
Ancestral 4*,220,cannon,23.318
Ancestral 4*,220,armor,23.318
Ancestral 4*,220,generator,2.473
Ancestral 4*,220,core,30.058
Ancestral 4*,221,cannon,23.55
Ancestral 4*,221,armor,23.55
Ancestral 4*,221,generator,2.485
Ancestral 4*,221,core,30.348
Ancestral 4*,222,cannon,23.782
Ancestral 4*,222,armor,23.782
Ancestral 4*,222,generator,2.496
Ancestral 4*,222,core,30.638
Ancestral 4*,223,cannon,24.014
Ancestral 4*,223,armor,24.014
Ancestral 4*,223,generator,2.508
Ancestral 4*,223,core,30.928
Ancestral 4*,224,cannon,24.246
Ancestral 4*,224,armor,24.246
Ancestral 4*,224,generator,2.52
Ancestral 4*,224,core,31.218
Ancestral 4*,225,cannon,24.478
Ancestral 4*,225,armor,24.478
Ancestral 4*,225,generator,2.531
Ancestral 4*,225,core,31.508
Ancestral 4*,226,cannon,24.71
Ancestral 4*,226,armor,24.71
Ancestral 4*,226,generator,2.543
Ancestral 4*,226,core,31.798
Ancestral 4*,227,cannon,24.942
Ancestral 4*,227,armor,24.942
Ancestral 4*,227,generator,2.554
Ancestral 4*,227,core,32.088
Ancestral 4*,228,cannon,25.174
Ancestral 4*,228,armor,25.174
Ancestral 4*,228,generator,2.566
Ancestral 4*,228,core,32.378
Ancestral 4*,229,cannon,25.406
Ancestral 4*,229,armor,25.406
Ancestral 4*,229,generator,2.578
Ancestral 4*,229,core,32.668
Ancestral 4*,230,cannon,25.638
Ancestral 4*,230,armor,25.638
Ancestral 4*,230,generator,2.589
Ancestral 4*,230,core,32.958
Ancestral 4*,231,cannon,25.87
Ancestral 4*,231,armor,25.87
Ancestral 4*,231,generator,2.601
Ancestral 4*,231,core,33.248
Ancestral 4*,232,cannon,26.102
Ancestral 4*,232,armor,26.102
Ancestral 4*,232,generator,2.612
Ancestral 4*,232,core,33.538
Ancestral 4*,233,cannon,26.334
Ancestral 4*,233,armor,26.334
Ancestral 4*,233,generator,2.624
Ancestral 4*,233,core,33.828
Ancestral 4*,234,cannon,26.566
Ancestral 4*,234,armor,26.566
Ancestral 4*,234,generator,2.636
Ancestral 4*,234,core,34.118
Ancestral 4*,235,cannon,26.798
Ancestral 4*,235,armor,26.798
Ancestral 4*,235,generator,2.647
Ancestral 4*,235,core,34.408
Ancestral 4*,236,cannon,27.03
Ancestral 4*,236,armor,27.03
Ancestral 4*,236,generator,2.659
Ancestral 4*,236,core,34.698
Ancestral 4*,237,cannon,27.262
Ancestral 4*,237,armor,27.262
Ancestral 4*,237,generator,2.67
Ancestral 4*,237,core,34.988
Ancestral 4*,238,cannon,27.494
Ancestral 4*,238,armor,27.494
Ancestral 4*,238,generator,2.682
Ancestral 4*,238,core,35.278
Ancestral 4*,239,cannon,27.726
Ancestral 4*,239,armor,27.726
Ancestral 4*,239,generator,2.694
Ancestral 4*,239,core,35.568
Ancestral 4*,240,cannon,27.958
Ancestral 4*,240,armor,27.958
Ancestral 4*,240,generator,2.705
Ancestral 4*,240,core,35.858
Ancestral 4*,241,cannon,28.19
Ancestral 4*,241,armor,28.19
Ancestral 4*,241,generator,2.717
Ancestral 4*,241,core,36.148
Ancestral 4*,242,cannon,28.422
Ancestral 4*,242,armor,28.422
Ancestral 4*,242,generator,2.728
Ancestral 4*,242,core,36.438
Ancestral 4*,243,cannon,28.654
Ancestral 4*,243,armor,28.654
Ancestral 4*,243,generator,2.74
Ancestral 4*,243,core,36.728
Ancestral 4*,244,cannon,28.886
Ancestral 4*,244,armor,28.886
Ancestral 4*,244,generator,2.752
Ancestral 4*,244,core,37.018
Ancestral 4*,245,cannon,29.118
Ancestral 4*,245,armor,29.118
Ancestral 4*,245,generator,2.763
Ancestral 4*,245,core,37.308
Ancestral 4*,246,cannon,29.35
Ancestral 4*,246,armor,29.35
Ancestral 4*,246,generator,2.775
Ancestral 4*,246,core,37.598
Ancestral 4*,247,cannon,29.582
Ancestral 4*,247,armor,29.582
Ancestral 4*,247,generator,2.786
Ancestral 4*,247,core,37.888
Ancestral 4*,248,cannon,29.814
Ancestral 4*,248,armor,29.814
Ancestral 4*,248,generator,2.798
Ancestral 4*,248,core,38.178
Ancestral 4*,249,cannon,30.046
Ancestral 4*,249,armor,30.046
Ancestral 4*,249,generator,2.81
Ancestral 4*,249,core,38.468
Ancestral 4*,250,cannon,30.278
Ancestral 4*,250,armor,30.278
Ancestral 4*,250,generator,2.821
Ancestral 4*,250,core,38.758
Ancestral 4*,251,cannon,30.51
Ancestral 4*,251,armor,30.51
Ancestral 4*,251,generator,2.833
Ancestral 4*,251,core,39.048
Ancestral 4*,252,cannon,30.742
Ancestral 4*,252,armor,30.742
Ancestral 4*,252,generator,2.844
Ancestral 4*,252,core,39.338
Ancestral 4*,253,cannon,30.974
Ancestral 4*,253,armor,30.974
Ancestral 4*,253,generator,2.856
Ancestral 4*,253,core,39.628
Ancestral 4*,254,cannon,31.206
Ancestral 4*,254,armor,31.206
Ancestral 4*,254,generator,2.868
Ancestral 4*,254,core,39.918
Ancestral 4*,255,cannon,31.438
Ancestral 4*,255,armor,31.438
Ancestral 4*,255,generator,2.879
Ancestral 4*,255,core,40.208
Ancestral 4*,256,cannon,31.67
Ancestral 4*,256,armor,31.67
Ancestral 4*,256,generator,2.891
Ancestral 4*,256,core,40.498
Ancestral 4*,257,cannon,31.902
Ancestral 4*,257,armor,31.902
Ancestral 4*,257,generator,2.902
Ancestral 4*,257,core,40.788
Ancestral 4*,258,cannon,32.134
Ancestral 4*,258,armor,32.134
Ancestral 4*,258,generator,2.914
Ancestral 4*,258,core,41.078
Ancestral 4*,259,cannon,32.366
Ancestral 4*,259,armor,32.366
Ancestral 4*,259,generator,2.926
Ancestral 4*,259,core,41.368
Ancestral 4*,260,cannon,32.598
Ancestral 4*,260,armor,32.598
Ancestral 4*,260,generator,2.937
Ancestral 4*,260,core,41.658
Ancestral 4*,261,cannon,32.83
Ancestral 4*,261,armor,32.83
Ancestral 4*,261,generator,2.949
Ancestral 4*,261,core,41.948
Ancestral 4*,262,cannon,33.062
Ancestral 4*,262,armor,33.062
Ancestral 4*,262,generator,2.96
Ancestral 4*,262,core,42.238
Ancestral 4*,263,cannon,33.294
Ancestral 4*,263,armor,33.294
Ancestral 4*,263,generator,2.972
Ancestral 4*,263,core,42.528
Ancestral 4*,264,cannon,33.526
Ancestral 4*,264,armor,33.526
Ancestral 4*,264,generator,2.984
Ancestral 4*,264,core,42.818
Ancestral 4*,265,cannon,33.758
Ancestral 4*,265,armor,33.758
Ancestral 4*,265,generator,2.995
Ancestral 4*,265,core,43.108
Ancestral 4*,266,cannon,33.99
Ancestral 4*,266,armor,33.99
Ancestral 4*,266,generator,3.007
Ancestral 4*,266,core,43.398
Ancestral 4*,267,cannon,34.222
Ancestral 4*,267,armor,34.222
Ancestral 4*,267,generator,3.018
Ancestral 4*,267,core,43.688
Ancestral 4*,268,cannon,34.454
Ancestral 4*,268,armor,34.454
Ancestral 4*,268,generator,3.03
Ancestral 4*,268,core,43.978
Ancestral 4*,269,cannon,34.686
Ancestral 4*,269,armor,34.686
Ancestral 4*,269,generator,3.042
Ancestral 4*,269,core,44.268
Ancestral 4*,270,cannon,34.918
Ancestral 4*,270,armor,34.918
Ancestral 4*,270,generator,3.053
Ancestral 4*,270,core,44.558
Ancestral 4*,271,cannon,35.15
Ancestral 4*,271,armor,35.15
Ancestral 4*,271,generator,3.065
Ancestral 4*,271,core,44.848
Ancestral 4*,272,cannon,35.382
Ancestral 4*,272,armor,35.382
Ancestral 4*,272,generator,3.076
Ancestral 4*,272,core,45.138
Ancestral 4*,273,cannon,35.614
Ancestral 4*,273,armor,35.614
Ancestral 4*,273,generator,3.088
Ancestral 4*,273,core,45.428
Ancestral 4*,274,cannon,35.846
Ancestral 4*,274,armor,35.846
Ancestral 4*,274,generator,3.1
Ancestral 4*,274,core,45.718
Ancestral 4*,275,cannon,36.078
Ancestral 4*,275,armor,36.078
Ancestral 4*,275,generator,3.111
Ancestral 4*,275,core,46.008
Ancestral 4*,276,cannon,36.31
Ancestral 4*,276,armor,36.31
Ancestral 4*,276,generator,3.123
Ancestral 4*,276,core,46.298
Ancestral 4*,277,cannon,36.542
Ancestral 4*,277,armor,36.542
Ancestral 4*,277,generator,3.134
Ancestral 4*,277,core,46.588
Ancestral 4*,278,cannon,36.774
Ancestral 4*,278,armor,36.774
Ancestral 4*,278,generator,3.146
Ancestral 4*,278,core,46.878
Ancestral 4*,279,cannon,37.006
Ancestral 4*,279,armor,37.006
Ancestral 4*,279,generator,3.158
Ancestral 4*,279,core,47.168
Ancestral 4*,280,cannon,37.238
Ancestral 4*,280,armor,37.238
Ancestral 4*,280,generator,3.169
Ancestral 4*,280,core,47.458
Ancestral 4*,281,cannon,37.47
Ancestral 4*,281,armor,37.47
Ancestral 4*,281,generator,3.181
Ancestral 4*,281,core,47.748
Ancestral 4*,282,cannon,37.702
Ancestral 4*,282,armor,37.702
Ancestral 4*,282,generator,3.192
Ancestral 4*,282,core,48.038
Ancestral 4*,283,cannon,37.934
Ancestral 4*,283,armor,37.934
Ancestral 4*,283,generator,3.204
Ancestral 4*,283,core,48.328
Ancestral 4*,284,cannon,38.166
Ancestral 4*,284,armor,38.166
Ancestral 4*,284,generator,3.216
Ancestral 4*,284,core,48.618
Ancestral 4*,285,cannon,38.398
Ancestral 4*,285,armor,38.398
Ancestral 4*,285,generator,3.227
Ancestral 4*,285,core,48.908
Ancestral 4*,286,cannon,38.63
Ancestral 4*,286,armor,38.63
Ancestral 4*,286,generator,3.239
Ancestral 4*,286,core,49.198
Ancestral 4*,287,cannon,38.862
Ancestral 4*,287,armor,38.862
Ancestral 4*,287,generator,3.25
Ancestral 4*,287,core,49.488
Ancestral 4*,288,cannon,39.094
Ancestral 4*,288,armor,39.094
Ancestral 4*,288,generator,3.262
Ancestral 4*,288,core,49.778
Ancestral 4*,289,cannon,39.326
Ancestral 4*,289,armor,39.326
Ancestral 4*,289,generator,3.274
Ancestral 4*,289,core,50.068
Ancestral 4*,290,cannon,39.558
Ancestral 4*,290,armor,39.558
Ancestral 4*,290,generator,3.285
Ancestral 4*,290,core,50.358
Ancestral 4*,291,cannon,39.79
Ancestral 4*,291,armor,39.79
Ancestral 4*,291,generator,3.297
Ancestral 4*,291,core,50.648
Ancestral 4*,292,cannon,40.022
Ancestral 4*,292,armor,40.022
Ancestral 4*,292,generator,3.308
Ancestral 4*,292,core,50.938
Ancestral 4*,293,cannon,40.254
Ancestral 4*,293,armor,40.254
Ancestral 4*,293,generator,3.32
Ancestral 4*,293,core,51.228
Ancestral 4*,294,cannon,40.486
Ancestral 4*,294,armor,40.486
Ancestral 4*,294,generator,3.332
Ancestral 4*,294,core,51.518
Ancestral 4*,295,cannon,40.718
Ancestral 4*,295,armor,40.718
Ancestral 4*,295,generator,3.343
Ancestral 4*,295,core,51.808
Ancestral 4*,296,cannon,40.95
Ancestral 4*,296,armor,40.95
Ancestral 4*,296,generator,3.355
Ancestral 4*,296,core,52.098
Ancestral 4*,297,cannon,41.182
Ancestral 4*,297,armor,41.182
Ancestral 4*,297,generator,3.366
Ancestral 4*,297,core,52.388
Ancestral 4*,298,cannon,41.414
Ancestral 4*,298,armor,41.414
Ancestral 4*,298,generator,3.378
Ancestral 4*,298,core,52.678
Ancestral 4*,299,cannon,41.646
Ancestral 4*,299,armor,41.646
Ancestral 4*,299,generator,3.39
Ancestral 4*,299,core,52.968
Ancestral 4*,300,cannon,41.878
Ancestral 4*,300,armor,41.878
Ancestral 4*,300,generator,3.401
Ancestral 4*,300,core,53.258
Ancestral 5*,1,cannon,1.362
Ancestral 5*,1,armor,1.362
Ancestral 5*,1,generator,1.049
Ancestral 5*,1,core,1.492
Ancestral 5*,2,cannon,1.365
Ancestral 5*,2,armor,1.365
Ancestral 5*,2,generator,1.05
Ancestral 5*,2,core,1.504
Ancestral 5*,3,cannon,1.367
Ancestral 5*,3,armor,1.367
Ancestral 5*,3,generator,1.052
Ancestral 5*,3,core,1.516
Ancestral 5*,4,cannon,1.37
Ancestral 5*,4,armor,1.37
Ancestral 5*,4,generator,1.053
Ancestral 5*,4,core,1.528
Ancestral 5*,5,cannon,1.372
Ancestral 5*,5,armor,1.372
Ancestral 5*,5,generator,1.054
Ancestral 5*,5,core,1.54
Ancestral 5*,6,cannon,1.374
Ancestral 5*,6,armor,1.374
Ancestral 5*,6,generator,1.055
Ancestral 5*,6,core,1.552
Ancestral 5*,7,cannon,1.377
Ancestral 5*,7,armor,1.377
Ancestral 5*,7,generator,1.056
Ancestral 5*,7,core,1.564
Ancestral 5*,8,cannon,1.379
Ancestral 5*,8,armor,1.379
Ancestral 5*,8,generator,1.058
Ancestral 5*,8,core,1.576
Ancestral 5*,9,cannon,1.382
Ancestral 5*,9,armor,1.382
Ancestral 5*,9,generator,1.059
Ancestral 5*,9,core,1.588
Ancestral 5*,10,cannon,1.384
Ancestral 5*,10,armor,1.384
Ancestral 5*,10,generator,1.06
Ancestral 5*,10,core,1.6
Ancestral 5*,11,cannon,1.386
Ancestral 5*,11,armor,1.386
Ancestral 5*,11,generator,1.061
Ancestral 5*,11,core,1.612
Ancestral 5*,12,cannon,1.389
Ancestral 5*,12,armor,1.389
Ancestral 5*,12,generator,1.062
Ancestral 5*,12,core,1.624
Ancestral 5*,13,cannon,1.391
Ancestral 5*,13,armor,1.391
Ancestral 5*,13,generator,1.064
Ancestral 5*,13,core,1.636
Ancestral 5*,14,cannon,1.394
Ancestral 5*,14,armor,1.394
Ancestral 5*,14,generator,1.065
Ancestral 5*,14,core,1.648
Ancestral 5*,15,cannon,1.396
Ancestral 5*,15,armor,1.396
Ancestral 5*,15,generator,1.066
Ancestral 5*,15,core,1.66
Ancestral 5*,16,cannon,1.398
Ancestral 5*,16,armor,1.398
Ancestral 5*,16,generator,1.067
Ancestral 5*,16,core,1.672
Ancestral 5*,17,cannon,1.401
Ancestral 5*,17,armor,1.401
Ancestral 5*,17,generator,1.068
Ancestral 5*,17,core,1.684
Ancestral 5*,18,cannon,1.403
Ancestral 5*,18,armor,1.403
Ancestral 5*,18,generator,1.07
Ancestral 5*,18,core,1.696
Ancestral 5*,19,cannon,1.406
Ancestral 5*,19,armor,1.406
Ancestral 5*,19,generator,1.071
Ancestral 5*,19,core,1.708
Ancestral 5*,20,cannon,1.408
Ancestral 5*,20,armor,1.408
Ancestral 5*,20,generator,1.072
Ancestral 5*,20,core,1.72
Ancestral 5*,21,cannon,1.413
Ancestral 5*,21,armor,1.413
Ancestral 5*,21,generator,1.073
Ancestral 5*,21,core,1.738
Ancestral 5*,22,cannon,1.418
Ancestral 5*,22,armor,1.418
Ancestral 5*,22,generator,1.074
Ancestral 5*,22,core,1.756
Ancestral 5*,23,cannon,1.422
Ancestral 5*,23,armor,1.422
Ancestral 5*,23,generator,1.076
Ancestral 5*,23,core,1.774
Ancestral 5*,24,cannon,1.427
Ancestral 5*,24,armor,1.427
Ancestral 5*,24,generator,1.077
Ancestral 5*,24,core,1.792
Ancestral 5*,25,cannon,1.432
Ancestral 5*,25,armor,1.432
Ancestral 5*,25,generator,1.078
Ancestral 5*,25,core,1.81
Ancestral 5*,26,cannon,1.437
Ancestral 5*,26,armor,1.437
Ancestral 5*,26,generator,1.079
Ancestral 5*,26,core,1.828
Ancestral 5*,27,cannon,1.442
Ancestral 5*,27,armor,1.442
Ancestral 5*,27,generator,1.08
Ancestral 5*,27,core,1.846
Ancestral 5*,28,cannon,1.446
Ancestral 5*,28,armor,1.446
Ancestral 5*,28,generator,1.082
Ancestral 5*,28,core,1.864
Ancestral 5*,29,cannon,1.451
Ancestral 5*,29,armor,1.451
Ancestral 5*,29,generator,1.083
Ancestral 5*,29,core,1.882
Ancestral 5*,30,cannon,1.456
Ancestral 5*,30,armor,1.456
Ancestral 5*,30,generator,1.084
Ancestral 5*,30,core,1.9
Ancestral 5*,31,cannon,1.463
Ancestral 5*,31,armor,1.463
Ancestral 5*,31,generator,1.086
Ancestral 5*,31,core,1.924
Ancestral 5*,32,cannon,1.47
Ancestral 5*,32,armor,1.47
Ancestral 5*,32,generator,1.089
Ancestral 5*,32,core,1.948
Ancestral 5*,33,cannon,1.478
Ancestral 5*,33,armor,1.478
Ancestral 5*,33,generator,1.091
Ancestral 5*,33,core,1.972
Ancestral 5*,34,cannon,1.485
Ancestral 5*,34,armor,1.485
Ancestral 5*,34,generator,1.094
Ancestral 5*,34,core,1.996
Ancestral 5*,35,cannon,1.492
Ancestral 5*,35,armor,1.492
Ancestral 5*,35,generator,1.096
Ancestral 5*,35,core,2.02
Ancestral 5*,36,cannon,1.499
Ancestral 5*,36,armor,1.499
Ancestral 5*,36,generator,1.098
Ancestral 5*,36,core,2.044
Ancestral 5*,37,cannon,1.506
Ancestral 5*,37,armor,1.506
Ancestral 5*,37,generator,1.101
Ancestral 5*,37,core,2.068
Ancestral 5*,38,cannon,1.514
Ancestral 5*,38,armor,1.514
Ancestral 5*,38,generator,1.103
Ancestral 5*,38,core,2.092
Ancestral 5*,39,cannon,1.521
Ancestral 5*,39,armor,1.521
Ancestral 5*,39,generator,1.106
Ancestral 5*,39,core,2.116
Ancestral 5*,40,cannon,1.528
Ancestral 5*,40,armor,1.528
Ancestral 5*,40,generator,1.108
Ancestral 5*,40,core,2.14
Ancestral 5*,41,cannon,1.538
Ancestral 5*,41,armor,1.538
Ancestral 5*,41,generator,1.112
Ancestral 5*,41,core,2.17
Ancestral 5*,42,cannon,1.547
Ancestral 5*,42,armor,1.547
Ancestral 5*,42,generator,1.115
Ancestral 5*,42,core,2.2
Ancestral 5*,43,cannon,1.557
Ancestral 5*,43,armor,1.557
Ancestral 5*,43,generator,1.119
Ancestral 5*,43,core,2.23
Ancestral 5*,44,cannon,1.566
Ancestral 5*,44,armor,1.566
Ancestral 5*,44,generator,1.122
Ancestral 5*,44,core,2.26
Ancestral 5*,45,cannon,1.576
Ancestral 5*,45,armor,1.576
Ancestral 5*,45,generator,1.126
Ancestral 5*,45,core,2.29
Ancestral 5*,46,cannon,1.586
Ancestral 5*,46,armor,1.586
Ancestral 5*,46,generator,1.13
Ancestral 5*,46,core,2.32
Ancestral 5*,47,cannon,1.595
Ancestral 5*,47,armor,1.595
Ancestral 5*,47,generator,1.133
Ancestral 5*,47,core,2.35
Ancestral 5*,48,cannon,1.605
Ancestral 5*,48,armor,1.605
Ancestral 5*,48,generator,1.137
Ancestral 5*,48,core,2.38
Ancestral 5*,49,cannon,1.614
Ancestral 5*,49,armor,1.614
Ancestral 5*,49,generator,1.14
Ancestral 5*,49,core,2.41
Ancestral 5*,50,cannon,1.624
Ancestral 5*,50,armor,1.624
Ancestral 5*,50,generator,1.144
Ancestral 5*,50,core,2.44
Ancestral 5*,51,cannon,1.634
Ancestral 5*,51,armor,1.634
Ancestral 5*,51,generator,1.148
Ancestral 5*,51,core,2.47
Ancestral 5*,52,cannon,1.643
Ancestral 5*,52,armor,1.643
Ancestral 5*,52,generator,1.151
Ancestral 5*,52,core,2.5
Ancestral 5*,53,cannon,1.653
Ancestral 5*,53,armor,1.653
Ancestral 5*,53,generator,1.155
Ancestral 5*,53,core,2.53
Ancestral 5*,54,cannon,1.662
Ancestral 5*,54,armor,1.662
Ancestral 5*,54,generator,1.158
Ancestral 5*,54,core,2.56
Ancestral 5*,55,cannon,1.672
Ancestral 5*,55,armor,1.672
Ancestral 5*,55,generator,1.162
Ancestral 5*,55,core,2.59
Ancestral 5*,56,cannon,1.682
Ancestral 5*,56,armor,1.682
Ancestral 5*,56,generator,1.166
Ancestral 5*,56,core,2.62
Ancestral 5*,57,cannon,1.691
Ancestral 5*,57,armor,1.691
Ancestral 5*,57,generator,1.169
Ancestral 5*,57,core,2.65
Ancestral 5*,58,cannon,1.701
Ancestral 5*,58,armor,1.701
Ancestral 5*,58,generator,1.173
Ancestral 5*,58,core,2.68
Ancestral 5*,59,cannon,1.71
Ancestral 5*,59,armor,1.71
Ancestral 5*,59,generator,1.176
Ancestral 5*,59,core,2.71
Ancestral 5*,60,cannon,1.72
Ancestral 5*,60,armor,1.72
Ancestral 5*,60,generator,1.18
Ancestral 5*,60,core,2.74
Ancestral 5*,61,cannon,1.734
Ancestral 5*,61,armor,1.734
Ancestral 5*,61,generator,1.184
Ancestral 5*,61,core,2.776
Ancestral 5*,62,cannon,1.749
Ancestral 5*,62,armor,1.749
Ancestral 5*,62,generator,1.187
Ancestral 5*,62,core,2.812
Ancestral 5*,63,cannon,1.763
Ancestral 5*,63,armor,1.763
Ancestral 5*,63,generator,1.191
Ancestral 5*,63,core,2.848
Ancestral 5*,64,cannon,1.778
Ancestral 5*,64,armor,1.778
Ancestral 5*,64,generator,1.194
Ancestral 5*,64,core,2.884
Ancestral 5*,65,cannon,1.792
Ancestral 5*,65,armor,1.792
Ancestral 5*,65,generator,1.198
Ancestral 5*,65,core,2.92
Ancestral 5*,66,cannon,1.806
Ancestral 5*,66,armor,1.806
Ancestral 5*,66,generator,1.202
Ancestral 5*,66,core,2.956
Ancestral 5*,67,cannon,1.821
Ancestral 5*,67,armor,1.821
Ancestral 5*,67,generator,1.205
Ancestral 5*,67,core,2.992
Ancestral 5*,68,cannon,1.835
Ancestral 5*,68,armor,1.835
Ancestral 5*,68,generator,1.209
Ancestral 5*,68,core,3.028
Ancestral 5*,69,cannon,1.85
Ancestral 5*,69,armor,1.85
Ancestral 5*,69,generator,1.212
Ancestral 5*,69,core,3.064
Ancestral 5*,70,cannon,1.864
Ancestral 5*,70,armor,1.864
Ancestral 5*,70,generator,1.216
Ancestral 5*,70,core,3.1
Ancestral 5*,71,cannon,1.878
Ancestral 5*,71,armor,1.878
Ancestral 5*,71,generator,1.22
Ancestral 5*,71,core,3.136
Ancestral 5*,72,cannon,1.893
Ancestral 5*,72,armor,1.893
Ancestral 5*,72,generator,1.223
Ancestral 5*,72,core,3.172
Ancestral 5*,73,cannon,1.907
Ancestral 5*,73,armor,1.907
Ancestral 5*,73,generator,1.227
Ancestral 5*,73,core,3.208
Ancestral 5*,74,cannon,1.922
Ancestral 5*,74,armor,1.922
Ancestral 5*,74,generator,1.23
Ancestral 5*,74,core,3.244
Ancestral 5*,75,cannon,1.936
Ancestral 5*,75,armor,1.936
Ancestral 5*,75,generator,1.234
Ancestral 5*,75,core,3.28
Ancestral 5*,76,cannon,1.95
Ancestral 5*,76,armor,1.95
Ancestral 5*,76,generator,1.238
Ancestral 5*,76,core,3.316
Ancestral 5*,77,cannon,1.965
Ancestral 5*,77,armor,1.965
Ancestral 5*,77,generator,1.241
Ancestral 5*,77,core,3.352
Ancestral 5*,78,cannon,1.979
Ancestral 5*,78,armor,1.979
Ancestral 5*,78,generator,1.245
Ancestral 5*,78,core,3.388
Ancestral 5*,79,cannon,1.994
Ancestral 5*,79,armor,1.994
Ancestral 5*,79,generator,1.248
Ancestral 5*,79,core,3.424
Ancestral 5*,80,cannon,2.008
Ancestral 5*,80,armor,2.008
Ancestral 5*,80,generator,1.252
Ancestral 5*,80,core,3.46
Ancestral 5*,81,cannon,2.044
Ancestral 5*,81,armor,2.044
Ancestral 5*,81,generator,1.257
Ancestral 5*,81,core,3.52
Ancestral 5*,82,cannon,2.08
Ancestral 5*,82,armor,2.08
Ancestral 5*,82,generator,1.262
Ancestral 5*,82,core,3.58
Ancestral 5*,83,cannon,2.116
Ancestral 5*,83,armor,2.116
Ancestral 5*,83,generator,1.266
Ancestral 5*,83,core,3.64
Ancestral 5*,84,cannon,2.152
Ancestral 5*,84,armor,2.152
Ancestral 5*,84,generator,1.271
Ancestral 5*,84,core,3.7
Ancestral 5*,85,cannon,2.188
Ancestral 5*,85,armor,2.188
Ancestral 5*,85,generator,1.276
Ancestral 5*,85,core,3.76
Ancestral 5*,86,cannon,2.224
Ancestral 5*,86,armor,2.224
Ancestral 5*,86,generator,1.281
Ancestral 5*,86,core,3.82
Ancestral 5*,87,cannon,2.26
Ancestral 5*,87,armor,2.26
Ancestral 5*,87,generator,1.286
Ancestral 5*,87,core,3.88
Ancestral 5*,88,cannon,2.296
Ancestral 5*,88,armor,2.296
Ancestral 5*,88,generator,1.29
Ancestral 5*,88,core,3.94
Ancestral 5*,89,cannon,2.332
Ancestral 5*,89,armor,2.332
Ancestral 5*,89,generator,1.295
Ancestral 5*,89,core,4.0
Ancestral 5*,90,cannon,2.368
Ancestral 5*,90,armor,2.368
Ancestral 5*,90,generator,1.3
Ancestral 5*,90,core,4.06
Ancestral 5*,91,cannon,2.404
Ancestral 5*,91,armor,2.404
Ancestral 5*,91,generator,1.305
Ancestral 5*,91,core,4.12
Ancestral 5*,92,cannon,2.44
Ancestral 5*,92,armor,2.44
Ancestral 5*,92,generator,1.31
Ancestral 5*,92,core,4.18
Ancestral 5*,93,cannon,2.476
Ancestral 5*,93,armor,2.476
Ancestral 5*,93,generator,1.314
Ancestral 5*,93,core,4.24
Ancestral 5*,94,cannon,2.512
Ancestral 5*,94,armor,2.512
Ancestral 5*,94,generator,1.319
Ancestral 5*,94,core,4.3
Ancestral 5*,95,cannon,2.548
Ancestral 5*,95,armor,2.548
Ancestral 5*,95,generator,1.324
Ancestral 5*,95,core,4.36
Ancestral 5*,96,cannon,2.584
Ancestral 5*,96,armor,2.584
Ancestral 5*,96,generator,1.329
Ancestral 5*,96,core,4.42
Ancestral 5*,97,cannon,2.62
Ancestral 5*,97,armor,2.62
Ancestral 5*,97,generator,1.334
Ancestral 5*,97,core,4.48
Ancestral 5*,98,cannon,2.656
Ancestral 5*,98,armor,2.656
Ancestral 5*,98,generator,1.338
Ancestral 5*,98,core,4.54
Ancestral 5*,99,cannon,2.692
Ancestral 5*,99,armor,2.692
Ancestral 5*,99,generator,1.343
Ancestral 5*,99,core,4.6
Ancestral 5*,100,cannon,2.728
Ancestral 5*,100,armor,2.728
Ancestral 5*,100,generator,1.348
Ancestral 5*,100,core,4.66
Ancestral 5*,101,cannon,2.812
Ancestral 5*,101,armor,2.812
Ancestral 5*,101,generator,1.354
Ancestral 5*,101,core,4.756
Ancestral 5*,102,cannon,2.896
Ancestral 5*,102,armor,2.896
Ancestral 5*,102,generator,1.36
Ancestral 5*,102,core,4.852
Ancestral 5*,103,cannon,2.98
Ancestral 5*,103,armor,2.98
Ancestral 5*,103,generator,1.366
Ancestral 5*,103,core,4.948
Ancestral 5*,104,cannon,3.064
Ancestral 5*,104,armor,3.064
Ancestral 5*,104,generator,1.372
Ancestral 5*,104,core,5.044
Ancestral 5*,105,cannon,3.148
Ancestral 5*,105,armor,3.148
Ancestral 5*,105,generator,1.378
Ancestral 5*,105,core,5.14
Ancestral 5*,106,cannon,3.232
Ancestral 5*,106,armor,3.232
Ancestral 5*,106,generator,1.384
Ancestral 5*,106,core,5.236
Ancestral 5*,107,cannon,3.316
Ancestral 5*,107,armor,3.316
Ancestral 5*,107,generator,1.39
Ancestral 5*,107,core,5.332
Ancestral 5*,108,cannon,3.4
Ancestral 5*,108,armor,3.4
Ancestral 5*,108,generator,1.396
Ancestral 5*,108,core,5.428
Ancestral 5*,109,cannon,3.484
Ancestral 5*,109,armor,3.484
Ancestral 5*,109,generator,1.402
Ancestral 5*,109,core,5.524
Ancestral 5*,110,cannon,3.568
Ancestral 5*,110,armor,3.568
Ancestral 5*,110,generator,1.408
Ancestral 5*,110,core,5.62
Ancestral 5*,111,cannon,3.652
Ancestral 5*,111,armor,3.652
Ancestral 5*,111,generator,1.414
Ancestral 5*,111,core,5.716
Ancestral 5*,112,cannon,3.736
Ancestral 5*,112,armor,3.736
Ancestral 5*,112,generator,1.42
Ancestral 5*,112,core,5.812
Ancestral 5*,113,cannon,3.82
Ancestral 5*,113,armor,3.82
Ancestral 5*,113,generator,1.426
Ancestral 5*,113,core,5.908
Ancestral 5*,114,cannon,3.904
Ancestral 5*,114,armor,3.904
Ancestral 5*,114,generator,1.432
Ancestral 5*,114,core,6.004
Ancestral 5*,115,cannon,3.988
Ancestral 5*,115,armor,3.988
Ancestral 5*,115,generator,1.438
Ancestral 5*,115,core,6.1
Ancestral 5*,116,cannon,4.072
Ancestral 5*,116,armor,4.072
Ancestral 5*,116,generator,1.444
Ancestral 5*,116,core,6.196
Ancestral 5*,117,cannon,4.156
Ancestral 5*,117,armor,4.156
Ancestral 5*,117,generator,1.45
Ancestral 5*,117,core,6.292
Ancestral 5*,118,cannon,4.24
Ancestral 5*,118,armor,4.24
Ancestral 5*,118,generator,1.456
Ancestral 5*,118,core,6.388
Ancestral 5*,119,cannon,4.324
Ancestral 5*,119,armor,4.324
Ancestral 5*,119,generator,1.462
Ancestral 5*,119,core,6.484
Ancestral 5*,120,cannon,4.408
Ancestral 5*,120,armor,4.408
Ancestral 5*,120,generator,1.468
Ancestral 5*,120,core,6.58
Ancestral 5*,121,cannon,4.528
Ancestral 5*,121,armor,4.528
Ancestral 5*,121,generator,1.475
Ancestral 5*,121,core,6.724
Ancestral 5*,122,cannon,4.648
Ancestral 5*,122,armor,4.648
Ancestral 5*,122,generator,1.482
Ancestral 5*,122,core,6.868
Ancestral 5*,123,cannon,4.768
Ancestral 5*,123,armor,4.768
Ancestral 5*,123,generator,1.49
Ancestral 5*,123,core,7.012
Ancestral 5*,124,cannon,4.888
Ancestral 5*,124,armor,4.888
Ancestral 5*,124,generator,1.497
Ancestral 5*,124,core,7.156
Ancestral 5*,125,cannon,5.008
Ancestral 5*,125,armor,5.008
Ancestral 5*,125,generator,1.504
Ancestral 5*,125,core,7.3
Ancestral 5*,126,cannon,5.128
Ancestral 5*,126,armor,5.128
Ancestral 5*,126,generator,1.511
Ancestral 5*,126,core,7.444
Ancestral 5*,127,cannon,5.248
Ancestral 5*,127,armor,5.248
Ancestral 5*,127,generator,1.518
Ancestral 5*,127,core,7.588
Ancestral 5*,128,cannon,5.368
Ancestral 5*,128,armor,5.368
Ancestral 5*,128,generator,1.526
Ancestral 5*,128,core,7.732
Ancestral 5*,129,cannon,5.488
Ancestral 5*,129,armor,5.488
Ancestral 5*,129,generator,1.533
Ancestral 5*,129,core,7.876
Ancestral 5*,130,cannon,5.608
Ancestral 5*,130,armor,5.608
Ancestral 5*,130,generator,1.54
Ancestral 5*,130,core,8.02
Ancestral 5*,131,cannon,5.728
Ancestral 5*,131,armor,5.728
Ancestral 5*,131,generator,1.547
Ancestral 5*,131,core,8.164
Ancestral 5*,132,cannon,5.848
Ancestral 5*,132,armor,5.848
Ancestral 5*,132,generator,1.554
Ancestral 5*,132,core,8.308
Ancestral 5*,133,cannon,5.968
Ancestral 5*,133,armor,5.968
Ancestral 5*,133,generator,1.562
Ancestral 5*,133,core,8.452
Ancestral 5*,134,cannon,6.088
Ancestral 5*,134,armor,6.088
Ancestral 5*,134,generator,1.569
Ancestral 5*,134,core,8.596
Ancestral 5*,135,cannon,6.208
Ancestral 5*,135,armor,6.208
Ancestral 5*,135,generator,1.576
Ancestral 5*,135,core,8.74
Ancestral 5*,136,cannon,6.328
Ancestral 5*,136,armor,6.328
Ancestral 5*,136,generator,1.583
Ancestral 5*,136,core,8.884
Ancestral 5*,137,cannon,6.448
Ancestral 5*,137,armor,6.448
Ancestral 5*,137,generator,1.59
Ancestral 5*,137,core,9.028
Ancestral 5*,138,cannon,6.568
Ancestral 5*,138,armor,6.568
Ancestral 5*,138,generator,1.598
Ancestral 5*,138,core,9.172
Ancestral 5*,139,cannon,6.688
Ancestral 5*,139,armor,6.688
Ancestral 5*,139,generator,1.605
Ancestral 5*,139,core,9.316
Ancestral 5*,140,cannon,6.808
Ancestral 5*,140,armor,6.808
Ancestral 5*,140,generator,1.612
Ancestral 5*,140,core,9.46
Ancestral 5*,141,cannon,6.952
Ancestral 5*,141,armor,6.952
Ancestral 5*,141,generator,1.622
Ancestral 5*,141,core,9.64
Ancestral 5*,142,cannon,7.096
Ancestral 5*,142,armor,7.096
Ancestral 5*,142,generator,1.631
Ancestral 5*,142,core,9.82
Ancestral 5*,143,cannon,7.24
Ancestral 5*,143,armor,7.24
Ancestral 5*,143,generator,1.641
Ancestral 5*,143,core,10.0
Ancestral 5*,144,cannon,7.384
Ancestral 5*,144,armor,7.384
Ancestral 5*,144,generator,1.65
Ancestral 5*,144,core,10.18
Ancestral 5*,145,cannon,7.528
Ancestral 5*,145,armor,7.528
Ancestral 5*,145,generator,1.66
Ancestral 5*,145,core,10.36
Ancestral 5*,146,cannon,7.672
Ancestral 5*,146,armor,7.672
Ancestral 5*,146,generator,1.67
Ancestral 5*,146,core,10.54
Ancestral 5*,147,cannon,7.816
Ancestral 5*,147,armor,7.816
Ancestral 5*,147,generator,1.679
Ancestral 5*,147,core,10.72
Ancestral 5*,148,cannon,7.96
Ancestral 5*,148,armor,7.96
Ancestral 5*,148,generator,1.689
Ancestral 5*,148,core,10.9
Ancestral 5*,149,cannon,8.104
Ancestral 5*,149,armor,8.104
Ancestral 5*,149,generator,1.698
Ancestral 5*,149,core,11.08
Ancestral 5*,150,cannon,8.248
Ancestral 5*,150,armor,8.248
Ancestral 5*,150,generator,1.708
Ancestral 5*,150,core,11.26
Ancestral 5*,151,cannon,8.392
Ancestral 5*,151,armor,8.392
Ancestral 5*,151,generator,1.718
Ancestral 5*,151,core,11.44
Ancestral 5*,152,cannon,8.536
Ancestral 5*,152,armor,8.536
Ancestral 5*,152,generator,1.727
Ancestral 5*,152,core,11.62
Ancestral 5*,153,cannon,8.68
Ancestral 5*,153,armor,8.68
Ancestral 5*,153,generator,1.737
Ancestral 5*,153,core,11.8
Ancestral 5*,154,cannon,8.824
Ancestral 5*,154,armor,8.824
Ancestral 5*,154,generator,1.746
Ancestral 5*,154,core,11.98
Ancestral 5*,155,cannon,8.968
Ancestral 5*,155,armor,8.968
Ancestral 5*,155,generator,1.756
Ancestral 5*,155,core,12.16
Ancestral 5*,156,cannon,9.112
Ancestral 5*,156,armor,9.112
Ancestral 5*,156,generator,1.766
Ancestral 5*,156,core,12.34
Ancestral 5*,157,cannon,9.256
Ancestral 5*,157,armor,9.256
Ancestral 5*,157,generator,1.775
Ancestral 5*,157,core,12.52
Ancestral 5*,158,cannon,9.4
Ancestral 5*,158,armor,9.4
Ancestral 5*,158,generator,1.785
Ancestral 5*,158,core,12.7
Ancestral 5*,159,cannon,9.544
Ancestral 5*,159,armor,9.544
Ancestral 5*,159,generator,1.794
Ancestral 5*,159,core,12.88
Ancestral 5*,160,cannon,9.688
Ancestral 5*,160,armor,9.688
Ancestral 5*,160,generator,1.804
Ancestral 5*,160,core,13.06
Ancestral 5*,161,cannon,9.928
Ancestral 5*,161,armor,9.928
Ancestral 5*,161,generator,1.816
Ancestral 5*,161,core,13.36
Ancestral 5*,162,cannon,10.168
Ancestral 5*,162,armor,10.168
Ancestral 5*,162,generator,1.828
Ancestral 5*,162,core,13.66
Ancestral 5*,163,cannon,10.408
Ancestral 5*,163,armor,10.408
Ancestral 5*,163,generator,1.84
Ancestral 5*,163,core,13.96
Ancestral 5*,164,cannon,10.648
Ancestral 5*,164,armor,10.648
Ancestral 5*,164,generator,1.852
Ancestral 5*,164,core,14.26
Ancestral 5*,165,cannon,10.888
Ancestral 5*,165,armor,10.888
Ancestral 5*,165,generator,1.864
Ancestral 5*,165,core,14.56
Ancestral 5*,166,cannon,11.128
Ancestral 5*,166,armor,11.128
Ancestral 5*,166,generator,1.876
Ancestral 5*,166,core,14.86
Ancestral 5*,167,cannon,11.368
Ancestral 5*,167,armor,11.368
Ancestral 5*,167,generator,1.888
Ancestral 5*,167,core,15.16
Ancestral 5*,168,cannon,11.608
Ancestral 5*,168,armor,11.608
Ancestral 5*,168,generator,1.9
Ancestral 5*,168,core,15.46
Ancestral 5*,169,cannon,11.848
Ancestral 5*,169,armor,11.848
Ancestral 5*,169,generator,1.912
Ancestral 5*,169,core,15.76
Ancestral 5*,170,cannon,12.088
Ancestral 5*,170,armor,12.088
Ancestral 5*,170,generator,1.924
Ancestral 5*,170,core,16.06
Ancestral 5*,171,cannon,12.328
Ancestral 5*,171,armor,12.328
Ancestral 5*,171,generator,1.936
Ancestral 5*,171,core,16.36
Ancestral 5*,172,cannon,12.568
Ancestral 5*,172,armor,12.568
Ancestral 5*,172,generator,1.948
Ancestral 5*,172,core,16.66
Ancestral 5*,173,cannon,12.808
Ancestral 5*,173,armor,12.808
Ancestral 5*,173,generator,1.96
Ancestral 5*,173,core,16.96
Ancestral 5*,174,cannon,13.048
Ancestral 5*,174,armor,13.048
Ancestral 5*,174,generator,1.972
Ancestral 5*,174,core,17.26
Ancestral 5*,175,cannon,13.288
Ancestral 5*,175,armor,13.288
Ancestral 5*,175,generator,1.984
Ancestral 5*,175,core,17.56
Ancestral 5*,176,cannon,13.528
Ancestral 5*,176,armor,13.528
Ancestral 5*,176,generator,1.996
Ancestral 5*,176,core,17.86
Ancestral 5*,177,cannon,13.768
Ancestral 5*,177,armor,13.768
Ancestral 5*,177,generator,2.008
Ancestral 5*,177,core,18.16
Ancestral 5*,178,cannon,14.008
Ancestral 5*,178,armor,14.008
Ancestral 5*,178,generator,2.02
Ancestral 5*,178,core,18.46
Ancestral 5*,179,cannon,14.248
Ancestral 5*,179,armor,14.248
Ancestral 5*,179,generator,2.032
Ancestral 5*,179,core,18.76
Ancestral 5*,180,cannon,14.488
Ancestral 5*,180,armor,14.488
Ancestral 5*,180,generator,2.044
Ancestral 5*,180,core,19.06
Ancestral 5*,181,cannon,14.728
Ancestral 5*,181,armor,14.728
Ancestral 5*,181,generator,2.056
Ancestral 5*,181,core,19.36
Ancestral 5*,182,cannon,14.968
Ancestral 5*,182,armor,14.968
Ancestral 5*,182,generator,2.068
Ancestral 5*,182,core,19.66
Ancestral 5*,183,cannon,15.208
Ancestral 5*,183,armor,15.208
Ancestral 5*,183,generator,2.08
Ancestral 5*,183,core,19.96
Ancestral 5*,184,cannon,15.448
Ancestral 5*,184,armor,15.448
Ancestral 5*,184,generator,2.092
Ancestral 5*,184,core,20.26
Ancestral 5*,185,cannon,15.688
Ancestral 5*,185,armor,15.688
Ancestral 5*,185,generator,2.104
Ancestral 5*,185,core,20.56
Ancestral 5*,186,cannon,15.928
Ancestral 5*,186,armor,15.928
Ancestral 5*,186,generator,2.116
Ancestral 5*,186,core,20.86
Ancestral 5*,187,cannon,16.168
Ancestral 5*,187,armor,16.168
Ancestral 5*,187,generator,2.128
Ancestral 5*,187,core,21.16
Ancestral 5*,188,cannon,16.408
Ancestral 5*,188,armor,16.408
Ancestral 5*,188,generator,2.14
Ancestral 5*,188,core,21.46
Ancestral 5*,189,cannon,16.648
Ancestral 5*,189,armor,16.648
Ancestral 5*,189,generator,2.152
Ancestral 5*,189,core,21.76
Ancestral 5*,190,cannon,16.888
Ancestral 5*,190,armor,16.888
Ancestral 5*,190,generator,2.164
Ancestral 5*,190,core,22.06
Ancestral 5*,191,cannon,17.128
Ancestral 5*,191,armor,17.128
Ancestral 5*,191,generator,2.176
Ancestral 5*,191,core,22.36
Ancestral 5*,192,cannon,17.368
Ancestral 5*,192,armor,17.368
Ancestral 5*,192,generator,2.188
Ancestral 5*,192,core,22.66
Ancestral 5*,193,cannon,17.608
Ancestral 5*,193,armor,17.608
Ancestral 5*,193,generator,2.2
Ancestral 5*,193,core,22.96
Ancestral 5*,194,cannon,17.848
Ancestral 5*,194,armor,17.848
Ancestral 5*,194,generator,2.212
Ancestral 5*,194,core,23.26
Ancestral 5*,195,cannon,18.088
Ancestral 5*,195,armor,18.088
Ancestral 5*,195,generator,2.224
Ancestral 5*,195,core,23.56
Ancestral 5*,196,cannon,18.328
Ancestral 5*,196,armor,18.328
Ancestral 5*,196,generator,2.236
Ancestral 5*,196,core,23.86
Ancestral 5*,197,cannon,18.568
Ancestral 5*,197,armor,18.568
Ancestral 5*,197,generator,2.248
Ancestral 5*,197,core,24.16
Ancestral 5*,198,cannon,18.808
Ancestral 5*,198,armor,18.808
Ancestral 5*,198,generator,2.26
Ancestral 5*,198,core,24.46
Ancestral 5*,199,cannon,19.048
Ancestral 5*,199,armor,19.048
Ancestral 5*,199,generator,2.272
Ancestral 5*,199,core,24.76
Ancestral 5*,200,cannon,19.288
Ancestral 5*,200,armor,19.288
Ancestral 5*,200,generator,2.284
Ancestral 5*,200,core,25.06
Ancestral 5*,201,cannon,19.528
Ancestral 5*,201,armor,19.528
Ancestral 5*,201,generator,2.296
Ancestral 5*,201,core,25.36
Ancestral 5*,202,cannon,19.768
Ancestral 5*,202,armor,19.768
Ancestral 5*,202,generator,2.308
Ancestral 5*,202,core,25.66
Ancestral 5*,203,cannon,20.008
Ancestral 5*,203,armor,20.008
Ancestral 5*,203,generator,2.32
Ancestral 5*,203,core,25.96
Ancestral 5*,204,cannon,20.248
Ancestral 5*,204,armor,20.248
Ancestral 5*,204,generator,2.332
Ancestral 5*,204,core,26.26
Ancestral 5*,205,cannon,20.488
Ancestral 5*,205,armor,20.488
Ancestral 5*,205,generator,2.344
Ancestral 5*,205,core,26.56
Ancestral 5*,206,cannon,20.728
Ancestral 5*,206,armor,20.728
Ancestral 5*,206,generator,2.356
Ancestral 5*,206,core,26.86
Ancestral 5*,207,cannon,20.968
Ancestral 5*,207,armor,20.968
Ancestral 5*,207,generator,2.368
Ancestral 5*,207,core,27.16
Ancestral 5*,208,cannon,21.208
Ancestral 5*,208,armor,21.208
Ancestral 5*,208,generator,2.38
Ancestral 5*,208,core,27.46
Ancestral 5*,209,cannon,21.448
Ancestral 5*,209,armor,21.448
Ancestral 5*,209,generator,2.392
Ancestral 5*,209,core,27.76
Ancestral 5*,210,cannon,21.688
Ancestral 5*,210,armor,21.688
Ancestral 5*,210,generator,2.404
Ancestral 5*,210,core,28.06
Ancestral 5*,211,cannon,21.928
Ancestral 5*,211,armor,21.928
Ancestral 5*,211,generator,2.416
Ancestral 5*,211,core,28.36
Ancestral 5*,212,cannon,22.168
Ancestral 5*,212,armor,22.168
Ancestral 5*,212,generator,2.428
Ancestral 5*,212,core,28.66
Ancestral 5*,213,cannon,22.408
Ancestral 5*,213,armor,22.408
Ancestral 5*,213,generator,2.44
Ancestral 5*,213,core,28.96
Ancestral 5*,214,cannon,22.648
Ancestral 5*,214,armor,22.648
Ancestral 5*,214,generator,2.452
Ancestral 5*,214,core,29.26
Ancestral 5*,215,cannon,22.888
Ancestral 5*,215,armor,22.888
Ancestral 5*,215,generator,2.464
Ancestral 5*,215,core,29.56
Ancestral 5*,216,cannon,23.128
Ancestral 5*,216,armor,23.128
Ancestral 5*,216,generator,2.476
Ancestral 5*,216,core,29.86
Ancestral 5*,217,cannon,23.368
Ancestral 5*,217,armor,23.368
Ancestral 5*,217,generator,2.488
Ancestral 5*,217,core,30.16
Ancestral 5*,218,cannon,23.608
Ancestral 5*,218,armor,23.608
Ancestral 5*,218,generator,2.5
Ancestral 5*,218,core,30.46
Ancestral 5*,219,cannon,23.848
Ancestral 5*,219,armor,23.848
Ancestral 5*,219,generator,2.512
Ancestral 5*,219,core,30.76
Ancestral 5*,220,cannon,24.088
Ancestral 5*,220,armor,24.088
Ancestral 5*,220,generator,2.524
Ancestral 5*,220,core,31.06
Ancestral 5*,221,cannon,24.328
Ancestral 5*,221,armor,24.328
Ancestral 5*,221,generator,2.536
Ancestral 5*,221,core,31.36
Ancestral 5*,222,cannon,24.568
Ancestral 5*,222,armor,24.568
Ancestral 5*,222,generator,2.548
Ancestral 5*,222,core,31.66
Ancestral 5*,223,cannon,24.808
Ancestral 5*,223,armor,24.808
Ancestral 5*,223,generator,2.56
Ancestral 5*,223,core,31.96
Ancestral 5*,224,cannon,25.048
Ancestral 5*,224,armor,25.048
Ancestral 5*,224,generator,2.572
Ancestral 5*,224,core,32.26
Ancestral 5*,225,cannon,25.288
Ancestral 5*,225,armor,25.288
Ancestral 5*,225,generator,2.584
Ancestral 5*,225,core,32.56
Ancestral 5*,226,cannon,25.528
Ancestral 5*,226,armor,25.528
Ancestral 5*,226,generator,2.596
Ancestral 5*,226,core,32.86
Ancestral 5*,227,cannon,25.768
Ancestral 5*,227,armor,25.768
Ancestral 5*,227,generator,2.608
Ancestral 5*,227,core,33.16
Ancestral 5*,228,cannon,26.008
Ancestral 5*,228,armor,26.008
Ancestral 5*,228,generator,2.62
Ancestral 5*,228,core,33.46
Ancestral 5*,229,cannon,26.248
Ancestral 5*,229,armor,26.248
Ancestral 5*,229,generator,2.632
Ancestral 5*,229,core,33.76
Ancestral 5*,230,cannon,26.488
Ancestral 5*,230,armor,26.488
Ancestral 5*,230,generator,2.644
Ancestral 5*,230,core,34.06
Ancestral 5*,231,cannon,26.728
Ancestral 5*,231,armor,26.728
Ancestral 5*,231,generator,2.656
Ancestral 5*,231,core,34.36
Ancestral 5*,232,cannon,26.968
Ancestral 5*,232,armor,26.968
Ancestral 5*,232,generator,2.668
Ancestral 5*,232,core,34.66
Ancestral 5*,233,cannon,27.208
Ancestral 5*,233,armor,27.208
Ancestral 5*,233,generator,2.68
Ancestral 5*,233,core,34.96
Ancestral 5*,234,cannon,27.448
Ancestral 5*,234,armor,27.448
Ancestral 5*,234,generator,2.692
Ancestral 5*,234,core,35.26
Ancestral 5*,235,cannon,27.688
Ancestral 5*,235,armor,27.688
Ancestral 5*,235,generator,2.704
Ancestral 5*,235,core,35.56
Ancestral 5*,236,cannon,27.928
Ancestral 5*,236,armor,27.928
Ancestral 5*,236,generator,2.716
Ancestral 5*,236,core,35.86
Ancestral 5*,237,cannon,28.168
Ancestral 5*,237,armor,28.168
Ancestral 5*,237,generator,2.728
Ancestral 5*,237,core,36.16
Ancestral 5*,238,cannon,28.408
Ancestral 5*,238,armor,28.408
Ancestral 5*,238,generator,2.74
Ancestral 5*,238,core,36.46
Ancestral 5*,239,cannon,28.648
Ancestral 5*,239,armor,28.648
Ancestral 5*,239,generator,2.752
Ancestral 5*,239,core,36.76
Ancestral 5*,240,cannon,28.888
Ancestral 5*,240,armor,28.888
Ancestral 5*,240,generator,2.764
Ancestral 5*,240,core,37.06
Ancestral 5*,241,cannon,29.128
Ancestral 5*,241,armor,29.128
Ancestral 5*,241,generator,2.776
Ancestral 5*,241,core,37.36
Ancestral 5*,242,cannon,29.368
Ancestral 5*,242,armor,29.368
Ancestral 5*,242,generator,2.788
Ancestral 5*,242,core,37.66
Ancestral 5*,243,cannon,29.608
Ancestral 5*,243,armor,29.608
Ancestral 5*,243,generator,2.8
Ancestral 5*,243,core,37.96
Ancestral 5*,244,cannon,29.848
Ancestral 5*,244,armor,29.848
Ancestral 5*,244,generator,2.812
Ancestral 5*,244,core,38.26
Ancestral 5*,245,cannon,30.088
Ancestral 5*,245,armor,30.088
Ancestral 5*,245,generator,2.824
Ancestral 5*,245,core,38.56
Ancestral 5*,246,cannon,30.328
Ancestral 5*,246,armor,30.328
Ancestral 5*,246,generator,2.836
Ancestral 5*,246,core,38.86
Ancestral 5*,247,cannon,30.568
Ancestral 5*,247,armor,30.568
Ancestral 5*,247,generator,2.848
Ancestral 5*,247,core,39.16
Ancestral 5*,248,cannon,30.808
Ancestral 5*,248,armor,30.808
Ancestral 5*,248,generator,2.86
Ancestral 5*,248,core,39.46
Ancestral 5*,249,cannon,31.048
Ancestral 5*,249,armor,31.048
Ancestral 5*,249,generator,2.872
Ancestral 5*,249,core,39.76
Ancestral 5*,250,cannon,31.288
Ancestral 5*,250,armor,31.288
Ancestral 5*,250,generator,2.884
Ancestral 5*,250,core,40.06
Ancestral 5*,251,cannon,31.528
Ancestral 5*,251,armor,31.528
Ancestral 5*,251,generator,2.896
Ancestral 5*,251,core,40.36
Ancestral 5*,252,cannon,31.768
Ancestral 5*,252,armor,31.768
Ancestral 5*,252,generator,2.908
Ancestral 5*,252,core,40.66
Ancestral 5*,253,cannon,32.008
Ancestral 5*,253,armor,32.008
Ancestral 5*,253,generator,2.92
Ancestral 5*,253,core,40.96
Ancestral 5*,254,cannon,32.248
Ancestral 5*,254,armor,32.248
Ancestral 5*,254,generator,2.932
Ancestral 5*,254,core,41.26
Ancestral 5*,255,cannon,32.488
Ancestral 5*,255,armor,32.488
Ancestral 5*,255,generator,2.944
Ancestral 5*,255,core,41.56
Ancestral 5*,256,cannon,32.728
Ancestral 5*,256,armor,32.728
Ancestral 5*,256,generator,2.956
Ancestral 5*,256,core,41.86
Ancestral 5*,257,cannon,32.968
Ancestral 5*,257,armor,32.968
Ancestral 5*,257,generator,2.968
Ancestral 5*,257,core,42.16
Ancestral 5*,258,cannon,33.208
Ancestral 5*,258,armor,33.208
Ancestral 5*,258,generator,2.98
Ancestral 5*,258,core,42.46
Ancestral 5*,259,cannon,33.448
Ancestral 5*,259,armor,33.448
Ancestral 5*,259,generator,2.992
Ancestral 5*,259,core,42.76
Ancestral 5*,260,cannon,33.688
Ancestral 5*,260,armor,33.688
Ancestral 5*,260,generator,3.004
Ancestral 5*,260,core,43.06
Ancestral 5*,261,cannon,33.928
Ancestral 5*,261,armor,33.928
Ancestral 5*,261,generator,3.016
Ancestral 5*,261,core,43.36
Ancestral 5*,262,cannon,34.168
Ancestral 5*,262,armor,34.168
Ancestral 5*,262,generator,3.028
Ancestral 5*,262,core,43.66
Ancestral 5*,263,cannon,34.408
Ancestral 5*,263,armor,34.408
Ancestral 5*,263,generator,3.04
Ancestral 5*,263,core,43.96
Ancestral 5*,264,cannon,34.648
Ancestral 5*,264,armor,34.648
Ancestral 5*,264,generator,3.052
Ancestral 5*,264,core,44.26
Ancestral 5*,265,cannon,34.888
Ancestral 5*,265,armor,34.888
Ancestral 5*,265,generator,3.064
Ancestral 5*,265,core,44.56
Ancestral 5*,266,cannon,35.128
Ancestral 5*,266,armor,35.128
Ancestral 5*,266,generator,3.076
Ancestral 5*,266,core,44.86
Ancestral 5*,267,cannon,35.368
Ancestral 5*,267,armor,35.368
Ancestral 5*,267,generator,3.088
Ancestral 5*,267,core,45.16
Ancestral 5*,268,cannon,35.608
Ancestral 5*,268,armor,35.608
Ancestral 5*,268,generator,3.1
Ancestral 5*,268,core,45.46
Ancestral 5*,269,cannon,35.848
Ancestral 5*,269,armor,35.848
Ancestral 5*,269,generator,3.112
Ancestral 5*,269,core,45.76
Ancestral 5*,270,cannon,36.088
Ancestral 5*,270,armor,36.088
Ancestral 5*,270,generator,3.124
Ancestral 5*,270,core,46.06
Ancestral 5*,271,cannon,36.328
Ancestral 5*,271,armor,36.328
Ancestral 5*,271,generator,3.136
Ancestral 5*,271,core,46.36
Ancestral 5*,272,cannon,36.568
Ancestral 5*,272,armor,36.568
Ancestral 5*,272,generator,3.148
Ancestral 5*,272,core,46.66
Ancestral 5*,273,cannon,36.808
Ancestral 5*,273,armor,36.808
Ancestral 5*,273,generator,3.16
Ancestral 5*,273,core,46.96
Ancestral 5*,274,cannon,37.048
Ancestral 5*,274,armor,37.048
Ancestral 5*,274,generator,3.172
Ancestral 5*,274,core,47.26
Ancestral 5*,275,cannon,37.288
Ancestral 5*,275,armor,37.288
Ancestral 5*,275,generator,3.184
Ancestral 5*,275,core,47.56
Ancestral 5*,276,cannon,37.528
Ancestral 5*,276,armor,37.528
Ancestral 5*,276,generator,3.196
Ancestral 5*,276,core,47.86
Ancestral 5*,277,cannon,37.768
Ancestral 5*,277,armor,37.768
Ancestral 5*,277,generator,3.208
Ancestral 5*,277,core,48.16
Ancestral 5*,278,cannon,38.008
Ancestral 5*,278,armor,38.008
Ancestral 5*,278,generator,3.22
Ancestral 5*,278,core,48.46
Ancestral 5*,279,cannon,38.248
Ancestral 5*,279,armor,38.248
Ancestral 5*,279,generator,3.232
Ancestral 5*,279,core,48.76
Ancestral 5*,280,cannon,38.488
Ancestral 5*,280,armor,38.488
Ancestral 5*,280,generator,3.244
Ancestral 5*,280,core,49.06
Ancestral 5*,281,cannon,38.728
Ancestral 5*,281,armor,38.728
Ancestral 5*,281,generator,3.256
Ancestral 5*,281,core,49.36
Ancestral 5*,282,cannon,38.968
Ancestral 5*,282,armor,38.968
Ancestral 5*,282,generator,3.268
Ancestral 5*,282,core,49.66
Ancestral 5*,283,cannon,39.208
Ancestral 5*,283,armor,39.208
Ancestral 5*,283,generator,3.28
Ancestral 5*,283,core,49.96
Ancestral 5*,284,cannon,39.448
Ancestral 5*,284,armor,39.448
Ancestral 5*,284,generator,3.292
Ancestral 5*,284,core,50.26
Ancestral 5*,285,cannon,39.688
Ancestral 5*,285,armor,39.688
Ancestral 5*,285,generator,3.304
Ancestral 5*,285,core,50.56
Ancestral 5*,286,cannon,39.928
Ancestral 5*,286,armor,39.928
Ancestral 5*,286,generator,3.316
Ancestral 5*,286,core,50.86
Ancestral 5*,287,cannon,40.168
Ancestral 5*,287,armor,40.168
Ancestral 5*,287,generator,3.328
Ancestral 5*,287,core,51.16
Ancestral 5*,288,cannon,40.408
Ancestral 5*,288,armor,40.408
Ancestral 5*,288,generator,3.34
Ancestral 5*,288,core,51.46
Ancestral 5*,289,cannon,40.648
Ancestral 5*,289,armor,40.648
Ancestral 5*,289,generator,3.352
Ancestral 5*,289,core,51.76
Ancestral 5*,290,cannon,40.888
Ancestral 5*,290,armor,40.888
Ancestral 5*,290,generator,3.364
Ancestral 5*,290,core,52.06
Ancestral 5*,291,cannon,41.128
Ancestral 5*,291,armor,41.128
Ancestral 5*,291,generator,3.376
Ancestral 5*,291,core,52.36
Ancestral 5*,292,cannon,41.368
Ancestral 5*,292,armor,41.368
Ancestral 5*,292,generator,3.388
Ancestral 5*,292,core,52.66
Ancestral 5*,293,cannon,41.608
Ancestral 5*,293,armor,41.608
Ancestral 5*,293,generator,3.4
Ancestral 5*,293,core,52.96
Ancestral 5*,294,cannon,41.848
Ancestral 5*,294,armor,41.848
Ancestral 5*,294,generator,3.412
Ancestral 5*,294,core,53.26
Ancestral 5*,295,cannon,42.088
Ancestral 5*,295,armor,42.088
Ancestral 5*,295,generator,3.424
Ancestral 5*,295,core,53.56
Ancestral 5*,296,cannon,42.328
Ancestral 5*,296,armor,42.328
Ancestral 5*,296,generator,3.436
Ancestral 5*,296,core,53.86
Ancestral 5*,297,cannon,42.568
Ancestral 5*,297,armor,42.568
Ancestral 5*,297,generator,3.448
Ancestral 5*,297,core,54.16
Ancestral 5*,298,cannon,42.808
Ancestral 5*,298,armor,42.808
Ancestral 5*,298,generator,3.46
Ancestral 5*,298,core,54.46
Ancestral 5*,299,cannon,43.048
Ancestral 5*,299,armor,43.048
Ancestral 5*,299,generator,3.472
Ancestral 5*,299,core,54.76
Ancestral 5*,300,cannon,43.288
Ancestral 5*,300,armor,43.288
Ancestral 5*,300,generator,3.484
Ancestral 5*,300,core,55.06
