guardian,attribute,level,value,cost,is_max,source_path,source_sha256,source_modified_utc,source_sheet
Attack,Percentage,0,0.01,0.0,False,tables/effective_paths/copy_of_guardians_v2_2_5.xlsx,9f5f64efaa063631ec996d2102d92af6a79053efdcc4d775e0ee18b98c763484,2026-01-28T23:44:19.093888+00:00,DVT_Guardians
Attack,Cooldown,0,120.0,0.0,False,tables/effective_paths/copy_of_guardians_v2_2_5.xlsx,9f5f64efaa063631ec996d2102d92af6a79053efdcc4d775e0ee18b98c763484,2026-01-28T23:44:19.093888+00:00,DVT_Guardians
Attack,Targets,0,1.0,0.0,False,tables/effective_paths/copy_of_guardians_v2_2_5.xlsx,9f5f64efaa063631ec996d2102d92af6a79053efdcc4d775e0ee18b98c763484,2026-01-28T23:44:19.093888+00:00,DVT_Guardians
Attack,Percentage,1,0.02,25.0,False,tables/effective_paths/copy_of_guardians_v2_2_5.xlsx,9f5f64efaa063631ec996d2102d92af6a79053efdcc4d775e0ee18b98c763484,2026-01-28T23:44:19.093888+00:00,DVT_Guardians
Attack,Cooldown,1,119.0,1.0,False,tables/effective_paths/copy_of_guardians_v2_2_5.xlsx,9f5f64efaa063631ec996d2102d92af6a79053efdcc4d775e0ee18b98c763484,2026-01-28T23:44:19.093888+00:00,DVT_Guardians
Attack,Targets,1,2.0,100.0,False,tables/effective_paths/copy_of_guardians_v2_2_5.xlsx,9f5f64efaa063631ec996d2102d92af6a79053efdcc4d775e0ee18b98c763484,2026-01-28T23:44:19.093888+00:00,DVT_Guardians
Attack,Percentage,2,0.03,50.0,False,tables/effective_paths/copy_of_guardians_v2_2_5.xlsx,9f5f64efaa063631ec996d2102d92af6a79053efdcc4d775e0ee18b98c763484,2026-01-28T23:44:19.093888+00:00,DVT_Guardians
Attack,Cooldown,2,118.0,2.0,False,tables/effective_paths/copy_of_guardians_v2_2_5.xlsx,9f5f64efaa063631ec996d2102d92af6a79053efdcc4d775e0ee18b98c763484,2026-01-28T23:44:19.093888+00:00,DVT_Guardians
Attack,Targets,2,3.0,200.0,False,tables/effective_paths/copy_of_guardians_v2_2_5.xlsx,9f5f64efaa063631ec996d2102d92af6a79053efdcc4d775e0ee18b98c763484,2026-01-28T23:44:19.093888+00:00,DVT_Guardians
Attack,Percentage,3,0.04,75.0,False,tables/effective_paths/copy_of_guardians_v2_2_5.xlsx,9f5f64efaa063631ec996d2102d92af6a79053efdcc4d775e0ee18b98c763484,2026-01-28T23:44:19.093888+00:00,DVT_Guardians
Attack,Cooldown,3,117.0,3.0,False,tables/effective_paths/copy_of_guardians_v2_2_5.xlsx,9f5f64efaa063631ec996d2102d92af6a79053efdcc4d775e0ee18b98c763484,2026-01-28T23:44:19.093888+00:00,DVT_Guardians
Attack,Targets,3,4.0,300.0,False,tables/effective_paths/copy_of_guardians_v2_2_5.xlsx,9f5f64efaa063631ec996d2102d92af6a79053efdcc4d775e0ee18b98c763484,2026-01-28T23:44:19.093888+00:00,DVT_Guardians
Attack,Percentage,4,0.05,100.0,False,tables/effective_paths/copy_of_guardians_v2_2_5.xlsx,9f5f64efaa063631ec996d2102d92af6a79053efdcc4d775e0ee18b98c763484,2026-01-28T23:44:19.093888+00:00,DVT_Guardians
Attack,Cooldown,4,116.0,4.0,False,tables/effective_paths/copy_of_guardians_v2_2_5.xlsx,9f5f64efaa063631ec996d2102d92af6a79053efdcc4d775e0ee18b98c763484,2026-01-28T23:44:19.093888+00:00,DVT_Guardians
Attack,Targets,4,5.0,400.0,False,tables/effective_paths/copy_of_guardians_v2_2_5.xlsx,9f5f64efaa063631ec996d2102d92af6a79053efdcc4d775e0ee18b98c763484,2026-01-28T23:44:19.093888+00:00,DVT_Guardians
Attack,Percentage,5,0.060000000000000005,125.0,False,tables/effective_paths/copy_of_guardians_v2_2_5.xlsx,9f5f64efaa063631ec996d2102d92af6a79053efdcc4d775e0ee18b98c763484,2026-01-28T23:44:19.093888+00:00,DVT_Guardians
Attack,Cooldown,5,115.0,5.0,False,tables/effective_paths/copy_of_guardians_v2_2_5.xlsx,9f5f64efaa063631ec996d2102d92af6a79053efdcc4d775e0ee18b98c763484,2026-01-28T23:44:19.093888+00:00,DVT_Guardians
Attack,Targets,5,6.0,500.0,False,tables/effective_paths/copy_of_guardians_v2_2_5.xlsx,9f5f64efaa063631ec996d2102d92af6a79053efdcc4d775e0ee18b98c763484,2026-01-28T23:44:19.093888+00:00,DVT_Guardians
Attack,Percentage,6,0.07,150.0,False,tables/effective_paths/copy_of_guardians_v2_2_5.xlsx,9f5f64efaa063631ec996d2102d92af6a79053efdcc4d775e0ee18b98c763484,2026-01-28T23:44:19.093888+00:00,DVT_Guardians
Attack,Cooldown,6,114.0,6.0,False,tables/effective_paths/copy_of_guardians_v2_2_5.xlsx,9f5f64efaa063631ec996d2102d92af6a79053efdcc4d775e0ee18b98c763484,2026-01-28T23:44:19.093888+00:00,DVT_Guardians
Attack,Targets,6,7.0,600.0,False,tables/effective_paths/copy_of_guardians_v2_2_5.xlsx,9f5f64efaa063631ec996d2102d92af6a79053efdcc4d775e0ee18b98c763484,2026-01-28T23:44:19.093888+00:00,DVT_Guardians
Attack,Percentage,7,0.08,175.0,False,tables/effective_paths/copy_of_guardians_v2_2_5.xlsx,9f5f64efaa063631ec996d2102d92af6a79053efdcc4d775e0ee18b98c763484,2026-01-28T23:44:19.093888+00:00,DVT_Guardians
Attack,Cooldown,7,113.0,7.0,False,tables/effective_paths/copy_of_guardians_v2_2_5.xlsx,9f5f64efaa063631ec996d2102d92af6a79053efdcc4d775e0ee18b98c763484,2026-01-28T23:44:19.093888+00:00,DVT_Guardians
Attack,Targets,7,8.0,700.0,False,tables/effective_paths/copy_of_guardians_v2_2_5.xlsx,9f5f64efaa063631ec996d2102d92af6a79053efdcc4d775e0ee18b98c763484,2026-01-28T23:44:19.093888+00:00,DVT_Guardians
Attack,Percentage,8,0.09,200.0,False,tables/effective_paths/copy_of_guardians_v2_2_5.xlsx,9f5f64efaa063631ec996d2102d92af6a79053efdcc4d775e0ee18b98c763484,2026-01-28T23:44:19.093888+00:00,DVT_Guardians
Attack,Cooldown,8,112.0,8.0,False,tables/effective_paths/copy_of_guardians_v2_2_5.xlsx,9f5f64efaa063631ec996d2102d92af6a79053efdcc4d775e0ee18b98c763484,2026-01-28T23:44:19.093888+00:00,DVT_Guardians
Attack,Targets,8,9.0,800.0,False,tables/effective_paths/copy_of_guardians_v2_2_5.xlsx,9f5f64efaa063631ec996d2102d92af6a79053efdcc4d775e0ee18b98c763484,2026-01-28T23:44:19.093888+00:00,DVT_Guardians
Attack,Percentage,9,0.09999999999999999,225.0,False,tables/effective_paths/copy_of_guardians_v2_2_5.xlsx,9f5f64efaa063631ec996d2102d92af6a79053efdcc4d775e0ee18b98c763484,2026-01-28T23:44:19.093888+00:00,DVT_Guardians
Attack,Cooldown,9,111.0,9.0,False,tables/effective_paths/copy_of_guardians_v2_2_5.xlsx,9f5f64efaa063631ec996d2102d92af6a79053efdcc4d775e0ee18b98c763484,2026-01-28T23:44:19.093888+00:00,DVT_Guardians
Attack,Targets,9,10.0,900.0,True,tables/effective_paths/copy_of_guardians_v2_2_5.xlsx,9f5f64efaa063631ec996d2102d92af6a79053efdcc4d775e0ee18b98c763484,2026-01-28T23:44:19.093888+00:00,DVT_Guardians
Attack,Percentage,10,0.10999999999999999,250.0,False,tables/effective_paths/copy_of_guardians_v2_2_5.xlsx,9f5f64efaa063631ec996d2102d92af6a79053efdcc4d775e0ee18b98c763484,2026-01-28T23:44:19.093888+00:00,DVT_Guardians
Attack,Cooldown,10,110.0,10.0,False,tables/effective_paths/copy_of_guardians_v2_2_5.xlsx,9f5f64efaa063631ec996d2102d92af6a79053efdcc4d775e0ee18b98c763484,2026-01-28T23:44:19.093888+00:00,DVT_Guardians
Attack,Percentage,11,0.11999999999999998,275.0,False,tables/effective_paths/copy_of_guardians_v2_2_5.xlsx,9f5f64efaa063631ec996d2102d92af6a79053efdcc4d775e0ee18b98c763484,2026-01-28T23:44:19.093888+00:00,DVT_Guardians
Attack,Cooldown,11,109.0,11.0,False,tables/effective_paths/copy_of_guardians_v2_2_5.xlsx,9f5f64efaa063631ec996d2102d92af6a79053efdcc4d775e0ee18b98c763484,2026-01-28T23:44:19.093888+00:00,DVT_Guardians
Attack,Percentage,12,0.12999999999999998,300.0,False,tables/effective_paths/copy_of_guardians_v2_2_5.xlsx,9f5f64efaa063631ec996d2102d92af6a79053efdcc4d775e0ee18b98c763484,2026-01-28T23:44:19.093888+00:00,DVT_Guardians
Attack,Cooldown,12,108.0,12.0,False,tables/effective_paths/copy_of_guardians_v2_2_5.xlsx,9f5f64efaa063631ec996d2102d92af6a79053efdcc4d775e0ee18b98c763484,2026-01-28T23:44:19.093888+00:00,DVT_Guardians
Attack,Percentage,13,0.13999999999999999,325.0,False,tables/effective_paths/copy_of_guardians_v2_2_5.xlsx,9f5f64efaa063631ec996d2102d92af6a79053efdcc4d775e0ee18b98c763484,2026-01-28T23:44:19.093888+00:00,DVT_Guardians
Attack,Cooldown,13,107.0,13.0,False,tables/effective_paths/copy_of_guardians_v2_2_5.xlsx,9f5f64efaa063631ec996d2102d92af6a79053efdcc4d775e0ee18b98c763484,2026-01-28T23:44:19.093888+00:00,DVT_Guardians
Attack,Percentage,14,0.15,350.0,False,tables/effective_paths/copy_of_guardians_v2_2_5.xlsx,9f5f64efaa063631ec996d2102d92af6a79053efdcc4d775e0ee18b98c763484,2026-01-28T23:44:19.093888+00:00,DVT_Guardians
Attack,Cooldown,14,106.0,14.0,False,tables/effective_paths/copy_of_guardians_v2_2_5.xlsx,9f5f64efaa063631ec996d2102d92af6a79053efdcc4d775e0ee18b98c763484,2026-01-28T23:44:19.093888+00:00,DVT_Guardians
Attack,Percentage,15,0.16,375.0,False,tables/effective_paths/copy_of_guardians_v2_2_5.xlsx,9f5f64efaa063631ec996d2102d92af6a79053efdcc4d775e0ee18b98c763484,2026-01-28T23:44:19.093888+00:00,DVT_Guardians
Attack,Cooldown,15,105.0,15.0,False,tables/effective_paths/copy_of_guardians_v2_2_5.xlsx,9f5f64efaa063631ec996d2102d92af6a79053efdcc4d775e0ee18b98c763484,2026-01-28T23:44:19.093888+00:00,DVT_Guardians
Attack,Percentage,16,0.17,400.0,False,tables/effective_paths/copy_of_guardians_v2_2_5.xlsx,9f5f64efaa063631ec996d2102d92af6a79053efdcc4d775e0ee18b98c763484,2026-01-28T23:44:19.093888+00:00,DVT_Guardians
Attack,Cooldown,16,104.0,16.0,False,tables/effective_paths/copy_of_guardians_v2_2_5.xlsx,9f5f64efaa063631ec996d2102d92af6a79053efdcc4d775e0ee18b98c763484,2026-01-28T23:44:19.093888+00:00,DVT_Guardians
Attack,Percentage,17,0.18000000000000002,425.0,False,tables/effective_paths/copy_of_guardians_v2_2_5.xlsx,9f5f64efaa063631ec996d2102d92af6a79053efdcc4d775e0ee18b98c763484,2026-01-28T23:44:19.093888+00:00,DVT_Guardians
Attack,Cooldown,17,103.0,17.0,False,tables/effective_paths/copy_of_guardians_v2_2_5.xlsx,9f5f64efaa063631ec996d2102d92af6a79053efdcc4d775e0ee18b98c763484,2026-01-28T23:44:19.093888+00:00,DVT_Guardians
Attack,Percentage,18,0.19000000000000003,450.0,False,tables/effective_paths/copy_of_guardians_v2_2_5.xlsx,9f5f64efaa063631ec996d2102d92af6a79053efdcc4d775e0ee18b98c763484,2026-01-28T23:44:19.093888+00:00,DVT_Guardians
Attack,Cooldown,18,102.0,18.0,False,tables/effective_paths/copy_of_guardians_v2_2_5.xlsx,9f5f64efaa063631ec996d2102d92af6a79053efdcc4d775e0ee18b98c763484,2026-01-28T23:44:19.093888+00:00,DVT_Guardians
Attack,Percentage,19,0.20000000000000004,475.0,True,tables/effective_paths/copy_of_guardians_v2_2_5.xlsx,9f5f64efaa063631ec996d2102d92af6a79053efdcc4d775e0ee18b98c763484,2026-01-28T23:44:19.093888+00:00,DVT_Guardians
Attack,Cooldown,19,101.0,19.0,False,tables/effective_paths/copy_of_guardians_v2_2_5.xlsx,9f5f64efaa063631ec996d2102d92af6a79053efdcc4d775e0ee18b98c763484,2026-01-28T23:44:19.093888+00:00,DVT_Guardians
Attack,Cooldown,20,100.0,20.0,False,tables/effective_paths/copy_of_guardians_v2_2_5.xlsx,9f5f64efaa063631ec996d2102d92af6a79053efdcc4d775e0ee18b98c763484,2026-01-28T23:44:19.093888+00:00,DVT_Guardians
Attack,Cooldown,21,99.0,21.0,False,tables/effective_paths/copy_of_guardians_v2_2_5.xlsx,9f5f64efaa063631ec996d2102d92af6a79053efdcc4d775e0ee18b98c763484,2026-01-28T23:44:19.093888+00:00,DVT_Guardians
Attack,Cooldown,22,98.0,22.0,False,tables/effective_paths/copy_of_guardians_v2_2_5.xlsx,9f5f64efaa063631ec996d2102d92af6a79053efdcc4d775e0ee18b98c763484,2026-01-28T23:44:19.093888+00:00,DVT_Guardians
Attack,Cooldown,23,97.0,23.0,False,tables/effective_paths/copy_of_guardians_v2_2_5.xlsx,9f5f64efaa063631ec996d2102d92af6a79053efdcc4d775e0ee18b98c763484,2026-01-28T23:44:19.093888+00:00,DVT_Guardians
Attack,Cooldown,24,96.0,24.0,False,tables/effective_paths/copy_of_guardians_v2_2_5.xlsx,9f5f64efaa063631ec996d2102d92af6a79053efdcc4d775e0ee18b98c763484,2026-01-28T23:44:19.093888+00:00,DVT_Guardians
Attack,Cooldown,25,95.0,25.0,False,tables/effective_paths/copy_of_guardians_v2_2_5.xlsx,9f5f64efaa063631ec996d2102d92af6a79053efdcc4d775e0ee18b98c763484,2026-01-28T23:44:19.093888+00:00,DVT_Guardians
Attack,Cooldown,26,94.0,26.0,False,tables/effective_paths/copy_of_guardians_v2_2_5.xlsx,9f5f64efaa063631ec996d2102d92af6a79053efdcc4d775e0ee18b98c763484,2026-01-28T23:44:19.093888+00:00,DVT_Guardians
Attack,Cooldown,27,93.0,27.0,False,tables/effective_paths/copy_of_guardians_v2_2_5.xlsx,9f5f64efaa063631ec996d2102d92af6a79053efdcc4d775e0ee18b98c763484,2026-01-28T23:44:19.093888+00:00,DVT_Guardians
Attack,Cooldown,28,92.0,28.0,False,tables/effective_paths/copy_of_guardians_v2_2_5.xlsx,9f5f64efaa063631ec996d2102d92af6a79053efdcc4d775e0ee18b98c763484,2026-01-28T23:44:19.093888+00:00,DVT_Guardians
Attack,Cooldown,29,91.0,29.0,False,tables/effective_paths/copy_of_guardians_v2_2_5.xlsx,9f5f64efaa063631ec996d2102d92af6a79053efdcc4d775e0ee18b98c763484,2026-01-28T23:44:19.093888+00:00,DVT_Guardians
Attack,Cooldown,30,90.0,30.0,False,tables/effective_paths/copy_of_guardians_v2_2_5.xlsx,9f5f64efaa063631ec996d2102d92af6a79053efdcc4d775e0ee18b98c763484,2026-01-28T23:44:19.093888+00:00,DVT_Guardians
Attack,Cooldown,31,89.0,31.0,False,tables/effective_paths/copy_of_guardians_v2_2_5.xlsx,9f5f64efaa063631ec996d2102d92af6a79053efdcc4d775e0ee18b98c763484,2026-01-28T23:44:19.093888+00:00,DVT_Guardians
Attack,Cooldown,32,88.0,32.0,False,tables/effective_paths/copy_of_guardians_v2_2_5.xlsx,9f5f64efaa063631ec996d2102d92af6a79053efdcc4d775e0ee18b98c763484,2026-01-28T23:44:19.093888+00:00,DVT_Guardians
Attack,Cooldown,33,87.0,33.0,False,tables/effective_paths/copy_of_guardians_v2_2_5.xlsx,9f5f64efaa063631ec996d2102d92af6a79053efdcc4d775e0ee18b98c763484,2026-01-28T23:44:19.093888+00:00,DVT_Guardians
Attack,Cooldown,34,86.0,34.0,False,tables/effective_paths/copy_of_guardians_v2_2_5.xlsx,9f5f64efaa063631ec996d2102d92af6a79053efdcc4d775e0ee18b98c763484,2026-01-28T23:44:19.093888+00:00,DVT_Guardians
Attack,Cooldown,35,85.0,35.0,False,tables/effective_paths/copy_of_guardians_v2_2_5.xlsx,9f5f64efaa063631ec996d2102d92af6a79053efdcc4d775e0ee18b98c763484,2026-01-28T23:44:19.093888+00:00,DVT_Guardians
Attack,Cooldown,36,84.0,36.0,False,tables/effective_paths/copy_of_guardians_v2_2_5.xlsx,9f5f64efaa063631ec996d2102d92af6a79053efdcc4d775e0ee18b98c763484,2026-01-28T23:44:19.093888+00:00,DVT_Guardians
Attack,Cooldown,37,83.0,37.0,False,tables/effective_paths/copy_of_guardians_v2_2_5.xlsx,9f5f64efaa063631ec996d2102d92af6a79053efdcc4d775e0ee18b98c763484,2026-01-28T23:44:19.093888+00:00,DVT_Guardians
Attack,Cooldown,38,82.0,38.0,False,tables/effective_paths/copy_of_guardians_v2_2_5.xlsx,9f5f64efaa063631ec996d2102d92af6a79053efdcc4d775e0ee18b98c763484,2026-01-28T23:44:19.093888+00:00,DVT_Guardians
Attack,Cooldown,39,81.0,39.0,False,tables/effective_paths/copy_of_guardians_v2_2_5.xlsx,9f5f64efaa063631ec996d2102d92af6a79053efdcc4d775e0ee18b98c763484,2026-01-28T23:44:19.093888+00:00,DVT_Guardians
Attack,Cooldown,40,80.0,40.0,False,tables/effective_paths/copy_of_guardians_v2_2_5.xlsx,9f5f64efaa063631ec996d2102d92af6a79053efdcc4d775e0ee18b98c763484,2026-01-28T23:44:19.093888+00:00,DVT_Guardians
Attack,Cooldown,41,79.0,41.0,False,tables/effective_paths/copy_of_guardians_v2_2_5.xlsx,9f5f64efaa063631ec996d2102d92af6a79053efdcc4d775e0ee18b98c763484,2026-01-28T23:44:19.093888+00:00,DVT_Guardians
Attack,Cooldown,42,78.0,42.0,False,tables/effective_paths/copy_of_guardians_v2_2_5.xlsx,9f5f64efaa063631ec996d2102d92af6a79053efdcc4d775e0ee18b98c763484,2026-01-28T23:44:19.093888+00:00,DVT_Guardians
Attack,Cooldown,43,77.0,43.0,False,tables/effective_paths/copy_of_guardians_v2_2_5.xlsx,9f5f64efaa063631ec996d2102d92af6a79053efdcc4d775e0ee18b98c763484,2026-01-28T23:44:19.093888+00:00,DVT_Guardians
Attack,Cooldown,44,76.0,44.0,False,tables/effective_paths/copy_of_guardians_v2_2_5.xlsx,9f5f64efaa063631ec996d2102d92af6a79053efdcc4d775e0ee18b98c763484,2026-01-28T23:44:19.093888+00:00,DVT_Guardians
Attack,Cooldown,45,75.0,45.0,False,tables/effective_paths/copy_of_guardians_v2_2_5.xlsx,9f5f64efaa063631ec996d2102d92af6a79053efdcc4d775e0ee18b98c763484,2026-01-28T23:44:19.093888+00:00,DVT_Guardians
Attack,Cooldown,46,74.0,46.0,False,tables/effective_paths/copy_of_guardians_v2_2_5.xlsx,9f5f64efaa063631ec996d2102d92af6a79053efdcc4d775e0ee18b98c763484,2026-01-28T23:44:19.093888+00:00,DVT_Guardians
Attack,Cooldown,47,73.0,47.0,False,tables/effective_paths/copy_of_guardians_v2_2_5.xlsx,9f5f64efaa063631ec996d2102d92af6a79053efdcc4d775e0ee18b98c763484,2026-01-28T23:44:19.093888+00:00,DVT_Guardians
Attack,Cooldown,48,72.0,48.0,False,tables/effective_paths/copy_of_guardians_v2_2_5.xlsx,9f5f64efaa063631ec996d2102d92af6a79053efdcc4d775e0ee18b98c763484,2026-01-28T23:44:19.093888+00:00,DVT_Guardians
Attack,Cooldown,49,71.0,49.0,False,tables/effective_paths/copy_of_guardians_v2_2_5.xlsx,9f5f64efaa063631ec996d2102d92af6a79053efdcc4d775e0ee18b98c763484,2026-01-28T23:44:19.093888+00:00,DVT_Guardians
Attack,Cooldown,50,70.0,50.0,False,tables/effective_paths/copy_of_guardians_v2_2_5.xlsx,9f5f64efaa063631ec996d2102d92af6a79053efdcc4d775e0ee18b98c763484,2026-01-28T23:44:19.093888+00:00,DVT_Guardians
Attack,Cooldown,51,69.0,51.0,False,tables/effective_paths/copy_of_guardians_v2_2_5.xlsx,9f5f64efaa063631ec996d2102d92af6a79053efdcc4d775e0ee18b98c763484,2026-01-28T23:44:19.093888+00:00,DVT_Guardians
Attack,Cooldown,52,68.0,52.0,False,tables/effective_paths/copy_of_guardians_v2_2_5.xlsx,9f5f64efaa063631ec996d2102d92af6a79053efdcc4d775e0ee18b98c763484,2026-01-28T23:44:19.093888+00:00,DVT_Guardians
Attack,Cooldown,53,67.0,53.0,False,tables/effective_paths/copy_of_guardians_v2_2_5.xlsx,9f5f64efaa063631ec996d2102d92af6a79053efdcc4d775e0ee18b98c763484,2026-01-28T23:44:19.093888+00:00,DVT_Guardians
Attack,Cooldown,54,66.0,54.0,False,tables/effective_paths/copy_of_guardians_v2_2_5.xlsx,9f5f64efaa063631ec996d2102d92af6a79053efdcc4d775e0ee18b98c763484,2026-01-28T23:44:19.093888+00:00,DVT_Guardians
Attack,Cooldown,55,65.0,55.0,False,tables/effective_paths/copy_of_guardians_v2_2_5.xlsx,9f5f64efaa063631ec996d2102d92af6a79053efdcc4d775e0ee18b98c763484,2026-01-28T23:44:19.093888+00:00,DVT_Guardians
Attack,Cooldown,56,64.0,56.0,False,tables/effective_paths/copy_of_guardians_v2_2_5.xlsx,9f5f64efaa063631ec996d2102d92af6a79053efdcc4d775e0ee18b98c763484,2026-01-28T23:44:19.093888+00:00,DVT_Guardians
Attack,Cooldown,57,63.0,57.0,False,tables/effective_paths/copy_of_guardians_v2_2_5.xlsx,9f5f64efaa063631ec996d2102d92af6a79053efdcc4d775e0ee18b98c763484,2026-01-28T23:44:19.093888+00:00,DVT_Guardians
Attack,Cooldown,58,62.0,58.0,False,tables/effective_paths/copy_of_guardians_v2_2_5.xlsx,9f5f64efaa063631ec996d2102d92af6a79053efdcc4d775e0ee18b98c763484,2026-01-28T23:44:19.093888+00:00,DVT_Guardians
Attack,Cooldown,59,61.0,59.0,False,tables/effective_paths/copy_of_guardians_v2_2_5.xlsx,9f5f64efaa063631ec996d2102d92af6a79053efdcc4d775e0ee18b98c763484,2026-01-28T23:44:19.093888+00:00,DVT_Guardians
Attack,Cooldown,60,60.0,60.0,False,tables/effective_paths/copy_of_guardians_v2_2_5.xlsx,9f5f64efaa063631ec996d2102d92af6a79053efdcc4d775e0ee18b98c763484,2026-01-28T23:44:19.093888+00:00,DVT_Guardians
Attack,Cooldown,61,59.0,61.0,False,tables/effective_paths/copy_of_guardians_v2_2_5.xlsx,9f5f64efaa063631ec996d2102d92af6a79053efdcc4d775e0ee18b98c763484,2026-01-28T23:44:19.093888+00:00,DVT_Guardians
Attack,Cooldown,62,58.0,62.0,False,tables/effective_paths/copy_of_guardians_v2_2_5.xlsx,9f5f64efaa063631ec996d2102d92af6a79053efdcc4d775e0ee18b98c763484,2026-01-28T23:44:19.093888+00:00,DVT_Guardians
Attack,Cooldown,63,57.0,63.0,False,tables/effective_paths/copy_of_guardians_v2_2_5.xlsx,9f5f64efaa063631ec996d2102d92af6a79053efdcc4d775e0ee18b98c763484,2026-01-28T23:44:19.093888+00:00,DVT_Guardians
Attack,Cooldown,64,56.0,64.0,False,tables/effective_paths/copy_of_guardians_v2_2_5.xlsx,9f5f64efaa063631ec996d2102d92af6a79053efdcc4d775e0ee18b98c763484,2026-01-28T23:44:19.093888+00:00,DVT_Guardians
Attack,Cooldown,65,55.0,65.0,False,tables/effective_paths/copy_of_guardians_v2_2_5.xlsx,9f5f64efaa063631ec996d2102d92af6a79053efdcc4d775e0ee18b98c763484,2026-01-28T23:44:19.093888+00:00,DVT_Guardians
Attack,Cooldown,66,54.0,66.0,False,tables/effective_paths/copy_of_guardians_v2_2_5.xlsx,9f5f64efaa063631ec996d2102d92af6a79053efdcc4d775e0ee18b98c763484,2026-01-28T23:44:19.093888+00:00,DVT_Guardians
Attack,Cooldown,67,53.0,67.0,False,tables/effective_paths/copy_of_guardians_v2_2_5.xlsx,9f5f64efaa063631ec996d2102d92af6a79053efdcc4d775e0ee18b98c763484,2026-01-28T23:44:19.093888+00:00,DVT_Guardians
Attack,Cooldown,68,52.0,68.0,False,tables/effective_paths/copy_of_guardians_v2_2_5.xlsx,9f5f64efaa063631ec996d2102d92af6a79053efdcc4d775e0ee18b98c763484,2026-01-28T23:44:19.093888+00:00,DVT_Guardians
Attack,Cooldown,69,51.0,69.0,False,tables/effective_paths/copy_of_guardians_v2_2_5.xlsx,9f5f64efaa063631ec996d2102d92af6a79053efdcc4d775e0ee18b98c763484,2026-01-28T23:44:19.093888+00:00,DVT_Guardians
Attack,Cooldown,70,50.0,70.0,False,tables/effective_paths/copy_of_guardians_v2_2_5.xlsx,9f5f64efaa063631ec996d2102d92af6a79053efdcc4d775e0ee18b98c763484,2026-01-28T23:44:19.093888+00:00,DVT_Guardians
Attack,Cooldown,71,49.0,71.0,False,tables/effective_paths/copy_of_guardians_v2_2_5.xlsx,9f5f64efaa063631ec996d2102d92af6a79053efdcc4d775e0ee18b98c763484,2026-01-28T23:44:19.093888+00:00,DVT_Guardians
Attack,Cooldown,72,48.0,72.0,False,tables/effective_paths/copy_of_guardians_v2_2_5.xlsx,9f5f64efaa063631ec996d2102d92af6a79053efdcc4d775e0ee18b98c763484,2026-01-28T23:44:19.093888+00:00,DVT_Guardians
Attack,Cooldown,73,47.0,73.0,False,tables/effective_paths/copy_of_guardians_v2_2_5.xlsx,9f5f64efaa063631ec996d2102d92af6a79053efdcc4d775e0ee18b98c763484,2026-01-28T23:44:19.093888+00:00,DVT_Guardians
Attack,Cooldown,74,46.0,74.0,False,tables/effective_paths/copy_of_guardians_v2_2_5.xlsx,9f5f64efaa063631ec996d2102d92af6a79053efdcc4d775e0ee18b98c763484,2026-01-28T23:44:19.093888+00:00,DVT_Guardians
Attack,Cooldown,75,45.0,75.0,False,tables/effective_paths/copy_of_guardians_v2_2_5.xlsx,9f5f64efaa063631ec996d2102d92af6a79053efdcc4d775e0ee18b98c763484,2026-01-28T23:44:19.093888+00:00,DVT_Guardians
Attack,Cooldown,76,44.0,76.0,False,tables/effective_paths/copy_of_guardians_v2_2_5.xlsx,9f5f64efaa063631ec996d2102d92af6a79053efdcc4d775e0ee18b98c763484,2026-01-28T23:44:19.093888+00:00,DVT_Guardians
Attack,Cooldown,77,43.0,77.0,False,tables/effective_paths/copy_of_guardians_v2_2_5.xlsx,9f5f64efaa063631ec996d2102d92af6a79053efdcc4d775e0ee18b98c763484,2026-01-28T23:44:19.093888+00:00,DVT_Guardians
Attack,Cooldown,78,42.0,78.0,False,tables/effective_paths/copy_of_guardians_v2_2_5.xlsx,9f5f64efaa063631ec996d2102d92af6a79053efdcc4d775e0ee18b98c763484,2026-01-28T23:44:19.093888+00:00,DVT_Guardians
Attack,Cooldown,79,41.0,79.0,False,tables/effective_paths/copy_of_guardians_v2_2_5.xlsx,9f5f64efaa063631ec996d2102d92af6a79053efdcc4d775e0ee18b98c763484,2026-01-28T23:44:19.093888+00:00,DVT_Guardians
Attack,Cooldown,80,40.0,80.0,False,tables/effective_paths/copy_of_guardians_v2_2_5.xlsx,9f5f64efaa063631ec996d2102d92af6a79053efdcc4d775e0ee18b98c763484,2026-01-28T23:44:19.093888+00:00,DVT_Guardians
Attack,Cooldown,81,39.0,81.0,False,tables/effective_paths/copy_of_guardians_v2_2_5.xlsx,9f5f64efaa063631ec996d2102d92af6a79053efdcc4d775e0ee18b98c763484,2026-01-28T23:44:19.093888+00:00,DVT_Guardians
Attack,Cooldown,82,38.0,82.0,False,tables/effective_paths/copy_of_guardians_v2_2_5.xlsx,9f5f64efaa063631ec996d2102d92af6a79053efdcc4d775e0ee18b98c763484,2026-01-28T23:44:19.093888+00:00,DVT_Guardians
Attack,Cooldown,83,37.0,83.0,False,tables/effective_paths/copy_of_guardians_v2_2_5.xlsx,9f5f64efaa063631ec996d2102d92af6a79053efdcc4d775e0ee18b98c763484,2026-01-28T23:44:19.093888+00:00,DVT_Guardians
Attack,Cooldown,84,36.0,84.0,False,tables/effective_paths/copy_of_guardians_v2_2_5.xlsx,9f5f64efaa063631ec996d2102d92af6a79053efdcc4d775e0ee18b98c763484,2026-01-28T23:44:19.093888+00:00,DVT_Guardians
Attack,Cooldown,85,35.0,85.0,False,tables/effective_paths/copy_of_guardians_v2_2_5.xlsx,9f5f64efaa063631ec996d2102d92af6a79053efdcc4d775e0ee18b98c763484,2026-01-28T23:44:19.093888+00:00,DVT_Guardians
Attack,Cooldown,86,34.0,86.0,False,tables/effective_paths/copy_of_guardians_v2_2_5.xlsx,9f5f64efaa063631ec996d2102d92af6a79053efdcc4d775e0ee18b98c763484,2026-01-28T23:44:19.093888+00:00,DVT_Guardians
Attack,Cooldown,87,33.0,87.0,False,tables/effective_paths/copy_of_guardians_v2_2_5.xlsx,9f5f64efaa063631ec996d2102d92af6a79053efdcc4d775e0ee18b98c763484,2026-01-28T23:44:19.093888+00:00,DVT_Guardians
Attack,Cooldown,88,32.0,88.0,False,tables/effective_paths/copy_of_guardians_v2_2_5.xlsx,9f5f64efaa063631ec996d2102d92af6a79053efdcc4d775e0ee18b98c763484,2026-01-28T23:44:19.093888+00:00,DVT_Guardians
Attack,Cooldown,89,31.0,89.0,False,tables/effective_paths/copy_of_guardians_v2_2_5.xlsx,9f5f64efaa063631ec996d2102d92af6a79053efdcc4d775e0ee18b98c763484,2026-01-28T23:44:19.093888+00:00,DVT_Guardians
Attack,Cooldown,90,30.0,90.0,True,tables/effective_paths/copy_of_guardians_v2_2_5.xlsx,9f5f64efaa063631ec996d2102d92af6a79053efdcc4d775e0ee18b98c763484,2026-01-28T23:44:19.093888+00:00,DVT_Guardians
Ally,Recovery Amount,0,0.01,0.0,False,tables/effective_paths/copy_of_guardians_v2_2_5.xlsx,9f5f64efaa063631ec996d2102d92af6a79053efdcc4d775e0ee18b98c763484,2026-01-28T23:44:19.093888+00:00,DVT_Guardians
Ally,Max Recovery,0,1.1,0.0,False,tables/effective_paths/copy_of_guardians_v2_2_5.xlsx,9f5f64efaa063631ec996d2102d92af6a79053efdcc4d775e0ee18b98c763484,2026-01-28T23:44:19.093888+00:00,DVT_Guardians
Ally,Cooldown,0,120.0,0.0,False,tables/effective_paths/copy_of_guardians_v2_2_5.xlsx,9f5f64efaa063631ec996d2102d92af6a79053efdcc4d775e0ee18b98c763484,2026-01-28T23:44:19.093888+00:00,DVT_Guardians
Ally,Recovery Amount,1,0.02,10.0,False,tables/effective_paths/copy_of_guardians_v2_2_5.xlsx,9f5f64efaa063631ec996d2102d92af6a79053efdcc4d775e0ee18b98c763484,2026-01-28T23:44:19.093888+00:00,DVT_Guardians
Ally,Max Recovery,1,1.2000000000000002,1.0,False,tables/effective_paths/copy_of_guardians_v2_2_5.xlsx,9f5f64efaa063631ec996d2102d92af6a79053efdcc4d775e0ee18b98c763484,2026-01-28T23:44:19.093888+00:00,DVT_Guardians
Ally,Cooldown,1,119.0,1.0,False,tables/effective_paths/copy_of_guardians_v2_2_5.xlsx,9f5f64efaa063631ec996d2102d92af6a79053efdcc4d775e0ee18b98c763484,2026-01-28T23:44:19.093888+00:00,DVT_Guardians
Ally,Recovery Amount,2,0.03,15.0,False,tables/effective_paths/copy_of_guardians_v2_2_5.xlsx,9f5f64efaa063631ec996d2102d92af6a79053efdcc4d775e0ee18b98c763484,2026-01-28T23:44:19.093888+00:00,DVT_Guardians
Ally,Max Recovery,2,1.3000000000000003,2.0,False,tables/effective_paths/copy_of_guardians_v2_2_5.xlsx,9f5f64efaa063631ec996d2102d92af6a79053efdcc4d775e0ee18b98c763484,2026-01-28T23:44:19.093888+00:00,DVT_Guardians
Ally,Cooldown,2,118.0,2.0,False,tables/effective_paths/copy_of_guardians_v2_2_5.xlsx,9f5f64efaa063631ec996d2102d92af6a79053efdcc4d775e0ee18b98c763484,2026-01-28T23:44:19.093888+00:00,DVT_Guardians
Ally,Recovery Amount,3,0.04,20.0,False,tables/effective_paths/copy_of_guardians_v2_2_5.xlsx,9f5f64efaa063631ec996d2102d92af6a79053efdcc4d775e0ee18b98c763484,2026-01-28T23:44:19.093888+00:00,DVT_Guardians
Ally,Max Recovery,3,1.4000000000000004,3.0,False,tables/effective_paths/copy_of_guardians_v2_2_5.xlsx,9f5f64efaa063631ec996d2102d92af6a79053efdcc4d775e0ee18b98c763484,2026-01-28T23:44:19.093888+00:00,DVT_Guardians
Ally,Cooldown,3,117.0,3.0,False,tables/effective_paths/copy_of_guardians_v2_2_5.xlsx,9f5f64efaa063631ec996d2102d92af6a79053efdcc4d775e0ee18b98c763484,2026-01-28T23:44:19.093888+00:00,DVT_Guardians
Ally,Recovery Amount,4,0.05,25.0,False,tables/effective_paths/copy_of_guardians_v2_2_5.xlsx,9f5f64efaa063631ec996d2102d92af6a79053efdcc4d775e0ee18b98c763484,2026-01-28T23:44:19.093888+00:00,DVT_Guardians
Ally,Max Recovery,4,1.5000000000000004,4.0,False,tables/effective_paths/copy_of_guardians_v2_2_5.xlsx,9f5f64efaa063631ec996d2102d92af6a79053efdcc4d775e0ee18b98c763484,2026-01-28T23:44:19.093888+00:00,DVT_Guardians
Ally,Cooldown,4,116.0,4.0,False,tables/effective_paths/copy_of_guardians_v2_2_5.xlsx,9f5f64efaa063631ec996d2102d92af6a79053efdcc4d775e0ee18b98c763484,2026-01-28T23:44:19.093888+00:00,DVT_Guardians
Ally,Recovery Amount,5,0.060000000000000005,30.0,False,tables/effective_paths/copy_of_guardians_v2_2_5.xlsx,9f5f64efaa063631ec996d2102d92af6a79053efdcc4d775e0ee18b98c763484,2026-01-28T23:44:19.093888+00:00,DVT_Guardians
Ally,Max Recovery,5,1.6000000000000005,5.0,False,tables/effective_paths/copy_of_guardians_v2_2_5.xlsx,9f5f64efaa063631ec996d2102d92af6a79053efdcc4d775e0ee18b98c763484,2026-01-28T23:44:19.093888+00:00,DVT_Guardians
Ally,Cooldown,5,115.0,5.0,False,tables/effective_paths/copy_of_guardians_v2_2_5.xlsx,9f5f64efaa063631ec996d2102d92af6a79053efdcc4d775e0ee18b98c763484,2026-01-28T23:44:19.093888+00:00,DVT_Guardians
Ally,Recovery Amount,6,0.07,35.0,False,tables/effective_paths/copy_of_guardians_v2_2_5.xlsx,9f5f64efaa063631ec996d2102d92af6a79053efdcc4d775e0ee18b98c763484,2026-01-28T23:44:19.093888+00:00,DVT_Guardians
Ally,Max Recovery,6,1.7000000000000006,6.0,False,tables/effective_paths/copy_of_guardians_v2_2_5.xlsx,9f5f64efaa063631ec996d2102d92af6a79053efdcc4d775e0ee18b98c763484,2026-01-28T23:44:19.093888+00:00,DVT_Guardians
Ally,Cooldown,6,114.0,6.0,False,tables/effective_paths/copy_of_guardians_v2_2_5.xlsx,9f5f64efaa063631ec996d2102d92af6a79053efdcc4d775e0ee18b98c763484,2026-01-28T23:44:19.093888+00:00,DVT_Guardians
Ally,Recovery Amount,7,0.08,40.0,False,tables/effective_paths/copy_of_guardians_v2_2_5.xlsx,9f5f64efaa063631ec996d2102d92af6a79053efdcc4d775e0ee18b98c763484,2026-01-28T23:44:19.093888+00:00,DVT_Guardians
Ally,Max Recovery,7,1.8000000000000007,7.0,False,tables/effective_paths/copy_of_guardians_v2_2_5.xlsx,9f5f64efaa063631ec996d2102d92af6a79053efdcc4d775e0ee18b98c763484,2026-01-28T23:44:19.093888+00:00,DVT_Guardians
Ally,Cooldown,7,113.0,7.0,False,tables/effective_paths/copy_of_guardians_v2_2_5.xlsx,9f5f64efaa063631ec996d2102d92af6a79053efdcc4d775e0ee18b98c763484,2026-01-28T23:44:19.093888+00:00,DVT_Guardians
Ally,Recovery Amount,8,0.09,45.0,False,tables/effective_paths/copy_of_guardians_v2_2_5.xlsx,9f5f64efaa063631ec996d2102d92af6a79053efdcc4d775e0ee18b98c763484,2026-01-28T23:44:19.093888+00:00,DVT_Guardians
Ally,Max Recovery,8,1.9000000000000008,8.0,False,tables/effective_paths/copy_of_guardians_v2_2_5.xlsx,9f5f64efaa063631ec996d2102d92af6a79053efdcc4d775e0ee18b98c763484,2026-01-28T23:44:19.093888+00:00,DVT_Guardians
Ally,Cooldown,8,112.0,8.0,False,tables/effective_paths/copy_of_guardians_v2_2_5.xlsx,9f5f64efaa063631ec996d2102d92af6a79053efdcc4d775e0ee18b98c763484,2026-01-28T23:44:19.093888+00:00,DVT_Guardians
Ally,Recovery Amount,9,0.09999999999999999,50.0,False,tables/effective_paths/copy_of_guardians_v2_2_5.xlsx,9f5f64efaa063631ec996d2102d92af6a79053efdcc4d775e0ee18b98c763484,2026-01-28T23:44:19.093888+00:00,DVT_Guardians
Ally,Max Recovery,9,2.000000000000001,9.0,False,tables/effective_paths/copy_of_guardians_v2_2_5.xlsx,9f5f64efaa063631ec996d2102d92af6a79053efdcc4d775e0ee18b98c763484,2026-01-28T23:44:19.093888+00:00,DVT_Guardians
Ally,Cooldown,9,111.0,9.0,False,tables/effective_paths/copy_of_guardians_v2_2_5.xlsx,9f5f64efaa063631ec996d2102d92af6a79053efdcc4d775e0ee18b98c763484,2026-01-28T23:44:19.093888+00:00,DVT_Guardians
Ally,Recovery Amount,10,0.10999999999999999,55.0,False,tables/effective_paths/copy_of_guardians_v2_2_5.xlsx,9f5f64efaa063631ec996d2102d92af6a79053efdcc4d775e0ee18b98c763484,2026-01-28T23:44:19.093888+00:00,DVT_Guardians
Ally,Max Recovery,10,2.100000000000001,10.0,False,tables/effective_paths/copy_of_guardians_v2_2_5.xlsx,9f5f64efaa063631ec996d2102d92af6a79053efdcc4d775e0ee18b98c763484,2026-01-28T23:44:19.093888+00:00,DVT_Guardians
Ally,Cooldown,10,110.0,10.0,False,tables/effective_paths/copy_of_guardians_v2_2_5.xlsx,9f5f64efaa063631ec996d2102d92af6a79053efdcc4d775e0ee18b98c763484,2026-01-28T23:44:19.093888+00:00,DVT_Guardians
Ally,Recovery Amount,11,0.11999999999999998,60.0,False,tables/effective_paths/copy_of_guardians_v2_2_5.xlsx,9f5f64efaa063631ec996d2102d92af6a79053efdcc4d775e0ee18b98c763484,2026-01-28T23:44:19.093888+00:00,DVT_Guardians
Ally,Max Recovery,11,2.200000000000001,11.0,False,tables/effective_paths/copy_of_guardians_v2_2_5.xlsx,9f5f64efaa063631ec996d2102d92af6a79053efdcc4d775e0ee18b98c763484,2026-01-28T23:44:19.093888+00:00,DVT_Guardians
Ally,Cooldown,11,109.0,11.0,False,tables/effective_paths/copy_of_guardians_v2_2_5.xlsx,9f5f64efaa063631ec996d2102d92af6a79053efdcc4d775e0ee18b98c763484,2026-01-28T23:44:19.093888+00:00,DVT_Guardians
Ally,Recovery Amount,12,0.12999999999999998,65.0,False,tables/effective_paths/copy_of_guardians_v2_2_5.xlsx,9f5f64efaa063631ec996d2102d92af6a79053efdcc4d775e0ee18b98c763484,2026-01-28T23:44:19.093888+00:00,DVT_Guardians
Ally,Max Recovery,12,2.300000000000001,12.0,False,tables/effective_paths/copy_of_guardians_v2_2_5.xlsx,9f5f64efaa063631ec996d2102d92af6a79053efdcc4d775e0ee18b98c763484,2026-01-28T23:44:19.093888+00:00,DVT_Guardians
Ally,Cooldown,12,108.0,12.0,False,tables/effective_paths/copy_of_guardians_v2_2_5.xlsx,9f5f64efaa063631ec996d2102d92af6a79053efdcc4d775e0ee18b98c763484,2026-01-28T23:44:19.093888+00:00,DVT_Guardians
Ally,Recovery Amount,13,0.13999999999999999,70.0,False,tables/effective_paths/copy_of_guardians_v2_2_5.xlsx,9f5f64efaa063631ec996d2102d92af6a79053efdcc4d775e0ee18b98c763484,2026-01-28T23:44:19.093888+00:00,DVT_Guardians
Ally,Max Recovery,13,2.4000000000000012,13.0,False,tables/effective_paths/copy_of_guardians_v2_2_5.xlsx,9f5f64efaa063631ec996d2102d92af6a79053efdcc4d775e0ee18b98c763484,2026-01-28T23:44:19.093888+00:00,DVT_Guardians
Ally,Cooldown,13,107.0,13.0,False,tables/effective_paths/copy_of_guardians_v2_2_5.xlsx,9f5f64efaa063631ec996d2102d92af6a79053efdcc4d775e0ee18b98c763484,2026-01-28T23:44:19.093888+00:00,DVT_Guardians
Ally,Recovery Amount,14,0.15,75.0,False,tables/effective_paths/copy_of_guardians_v2_2_5.xlsx,9f5f64efaa063631ec996d2102d92af6a79053efdcc4d775e0ee18b98c763484,2026-01-28T23:44:19.093888+00:00,DVT_Guardians
Ally,Max Recovery,14,2.5000000000000013,14.0,False,tables/effective_paths/copy_of_guardians_v2_2_5.xlsx,9f5f64efaa063631ec996d2102d92af6a79053efdcc4d775e0ee18b98c763484,2026-01-28T23:44:19.093888+00:00,DVT_Guardians
Ally,Cooldown,14,106.0,14.0,False,tables/effective_paths/copy_of_guardians_v2_2_5.xlsx,9f5f64efaa063631ec996d2102d92af6a79053efdcc4d775e0ee18b98c763484,2026-01-28T23:44:19.093888+00:00,DVT_Guardians
Ally,Recovery Amount,15,0.16,80.0,False,tables/effective_paths/copy_of_guardians_v2_2_5.xlsx,9f5f64efaa063631ec996d2102d92af6a79053efdcc4d775e0ee18b98c763484,2026-01-28T23:44:19.093888+00:00,DVT_Guardians
Ally,Max Recovery,15,2.6000000000000014,15.0,False,tables/effective_paths/copy_of_guardians_v2_2_5.xlsx,9f5f64efaa063631ec996d2102d92af6a79053efdcc4d775e0ee18b98c763484,2026-01-28T23:44:19.093888+00:00,DVT_Guardians
Ally,Cooldown,15,105.0,15.0,False,tables/effective_paths/copy_of_guardians_v2_2_5.xlsx,9f5f64efaa063631ec996d2102d92af6a79053efdcc4d775e0ee18b98c763484,2026-01-28T23:44:19.093888+00:00,DVT_Guardians
Ally,Recovery Amount,16,0.17,85.0,False,tables/effective_paths/copy_of_guardians_v2_2_5.xlsx,9f5f64efaa063631ec996d2102d92af6a79053efdcc4d775e0ee18b98c763484,2026-01-28T23:44:19.093888+00:00,DVT_Guardians
Ally,Max Recovery,16,2.7000000000000015,16.0,False,tables/effective_paths/copy_of_guardians_v2_2_5.xlsx,9f5f64efaa063631ec996d2102d92af6a79053efdcc4d775e0ee18b98c763484,2026-01-28T23:44:19.093888+00:00,DVT_Guardians
Ally,Cooldown,16,104.0,16.0,False,tables/effective_paths/copy_of_guardians_v2_2_5.xlsx,9f5f64efaa063631ec996d2102d92af6a79053efdcc4d775e0ee18b98c763484,2026-01-28T23:44:19.093888+00:00,DVT_Guardians
Ally,Recovery Amount,17,0.18000000000000002,90.0,False,tables/effective_paths/copy_of_guardians_v2_2_5.xlsx,9f5f64efaa063631ec996d2102d92af6a79053efdcc4d775e0ee18b98c763484,2026-01-28T23:44:19.093888+00:00,DVT_Guardians
Ally,Max Recovery,17,2.8000000000000016,17.0,False,tables/effective_paths/copy_of_guardians_v2_2_5.xlsx,9f5f64efaa063631ec996d2102d92af6a79053efdcc4d775e0ee18b98c763484,2026-01-28T23:44:19.093888+00:00,DVT_Guardians
Ally,Cooldown,17,103.0,17.0,False,tables/effective_paths/copy_of_guardians_v2_2_5.xlsx,9f5f64efaa063631ec996d2102d92af6a79053efdcc4d775e0ee18b98c763484,2026-01-28T23:44:19.093888+00:00,DVT_Guardians
Ally,Recovery Amount,18,0.19000000000000003,95.0,False,tables/effective_paths/copy_of_guardians_v2_2_5.xlsx,9f5f64efaa063631ec996d2102d92af6a79053efdcc4d775e0ee18b98c763484,2026-01-28T23:44:19.093888+00:00,DVT_Guardians
Ally,Max Recovery,18,2.9000000000000017,18.0,False,tables/effective_paths/copy_of_guardians_v2_2_5.xlsx,9f5f64efaa063631ec996d2102d92af6a79053efdcc4d775e0ee18b98c763484,2026-01-28T23:44:19.093888+00:00,DVT_Guardians
Ally,Cooldown,18,102.0,18.0,False,tables/effective_paths/copy_of_guardians_v2_2_5.xlsx,9f5f64efaa063631ec996d2102d92af6a79053efdcc4d775e0ee18b98c763484,2026-01-28T23:44:19.093888+00:00,DVT_Guardians
Ally,Recovery Amount,19,0.20000000000000004,100.0,False,tables/effective_paths/copy_of_guardians_v2_2_5.xlsx,9f5f64efaa063631ec996d2102d92af6a79053efdcc4d775e0ee18b98c763484,2026-01-28T23:44:19.093888+00:00,DVT_Guardians
Ally,Max Recovery,19,3.0000000000000018,19.0,False,tables/effective_paths/copy_of_guardians_v2_2_5.xlsx,9f5f64efaa063631ec996d2102d92af6a79053efdcc4d775e0ee18b98c763484,2026-01-28T23:44:19.093888+00:00,DVT_Guardians
Ally,Cooldown,19,101.0,19.0,False,tables/effective_paths/copy_of_guardians_v2_2_5.xlsx,9f5f64efaa063631ec996d2102d92af6a79053efdcc4d775e0ee18b98c763484,2026-01-28T23:44:19.093888+00:00,DVT_Guardians
Ally,Recovery Amount,20,0.21000000000000005,105.0,False,tables/effective_paths/copy_of_guardians_v2_2_5.xlsx,9f5f64efaa063631ec996d2102d92af6a79053efdcc4d775e0ee18b98c763484,2026-01-28T23:44:19.093888+00:00,DVT_Guardians
Ally,Max Recovery,20,3.100000000000002,20.0,False,tables/effective_paths/copy_of_guardians_v2_2_5.xlsx,9f5f64efaa063631ec996d2102d92af6a79053efdcc4d775e0ee18b98c763484,2026-01-28T23:44:19.093888+00:00,DVT_Guardians
Ally,Cooldown,20,100.0,20.0,False,tables/effective_paths/copy_of_guardians_v2_2_5.xlsx,9f5f64efaa063631ec996d2102d92af6a79053efdcc4d775e0ee18b98c763484,2026-01-28T23:44:19.093888+00:00,DVT_Guardians
Ally,Recovery Amount,21,0.22000000000000006,110.0,False,tables/effective_paths/copy_of_guardians_v2_2_5.xlsx,9f5f64efaa063631ec996d2102d92af6a79053efdcc4d775e0ee18b98c763484,2026-01-28T23:44:19.093888+00:00,DVT_Guardians
Ally,Max Recovery,21,3.200000000000002,21.0,False,tables/effective_paths/copy_of_guardians_v2_2_5.xlsx,9f5f64efaa063631ec996d2102d92af6a79053efdcc4d775e0ee18b98c763484,2026-01-28T23:44:19.093888+00:00,DVT_Guardians
Ally,Cooldown,21,99.0,21.0,False,tables/effective_paths/copy_of_guardians_v2_2_5.xlsx,9f5f64efaa063631ec996d2102d92af6a79053efdcc4d775e0ee18b98c763484,2026-01-28T23:44:19.093888+00:00,DVT_Guardians
Ally,Recovery Amount,22,0.23000000000000007,115.0,False,tables/effective_paths/copy_of_guardians_v2_2_5.xlsx,9f5f64efaa063631ec996d2102d92af6a79053efdcc4d775e0ee18b98c763484,2026-01-28T23:44:19.093888+00:00,DVT_Guardians
Ally,Max Recovery,22,3.300000000000002,22.0,False,tables/effective_paths/copy_of_guardians_v2_2_5.xlsx,9f5f64efaa063631ec996d2102d92af6a79053efdcc4d775e0ee18b98c763484,2026-01-28T23:44:19.093888+00:00,DVT_Guardians
Ally,Cooldown,22,98.0,22.0,False,tables/effective_paths/copy_of_guardians_v2_2_5.xlsx,9f5f64efaa063631ec996d2102d92af6a79053efdcc4d775e0ee18b98c763484,2026-01-28T23:44:19.093888+00:00,DVT_Guardians
Ally,Recovery Amount,23,0.24000000000000007,120.0,False,tables/effective_paths/copy_of_guardians_v2_2_5.xlsx,9f5f64efaa063631ec996d2102d92af6a79053efdcc4d775e0ee18b98c763484,2026-01-28T23:44:19.093888+00:00,DVT_Guardians
Ally,Max Recovery,23,3.400000000000002,23.0,False,tables/effective_paths/copy_of_guardians_v2_2_5.xlsx,9f5f64efaa063631ec996d2102d92af6a79053efdcc4d775e0ee18b98c763484,2026-01-28T23:44:19.093888+00:00,DVT_Guardians
Ally,Cooldown,23,97.0,23.0,False,tables/effective_paths/copy_of_guardians_v2_2_5.xlsx,9f5f64efaa063631ec996d2102d92af6a79053efdcc4d775e0ee18b98c763484,2026-01-28T23:44:19.093888+00:00,DVT_Guardians
Ally,Recovery Amount,24,0.25000000000000006,125.0,True,tables/effective_paths/copy_of_guardians_v2_2_5.xlsx,9f5f64efaa063631ec996d2102d92af6a79053efdcc4d775e0ee18b98c763484,2026-01-28T23:44:19.093888+00:00,DVT_Guardians
Ally,Max Recovery,24,3.500000000000002,24.0,False,tables/effective_paths/copy_of_guardians_v2_2_5.xlsx,9f5f64efaa063631ec996d2102d92af6a79053efdcc4d775e0ee18b98c763484,2026-01-28T23:44:19.093888+00:00,DVT_Guardians
Ally,Cooldown,24,96.0,24.0,False,tables/effective_paths/copy_of_guardians_v2_2_5.xlsx,9f5f64efaa063631ec996d2102d92af6a79053efdcc4d775e0ee18b98c763484,2026-01-28T23:44:19.093888+00:00,DVT_Guardians
Ally,Max Recovery,25,3.6000000000000023,25.0,False,tables/effective_paths/copy_of_guardians_v2_2_5.xlsx,9f5f64efaa063631ec996d2102d92af6a79053efdcc4d775e0ee18b98c763484,2026-01-28T23:44:19.093888+00:00,DVT_Guardians
Ally,Cooldown,25,95.0,25.0,False,tables/effective_paths/copy_of_guardians_v2_2_5.xlsx,9f5f64efaa063631ec996d2102d92af6a79053efdcc4d775e0ee18b98c763484,2026-01-28T23:44:19.093888+00:00,DVT_Guardians
Ally,Max Recovery,26,3.7000000000000024,26.0,False,tables/effective_paths/copy_of_guardians_v2_2_5.xlsx,9f5f64efaa063631ec996d2102d92af6a79053efdcc4d775e0ee18b98c763484,2026-01-28T23:44:19.093888+00:00,DVT_Guardians
Ally,Cooldown,26,94.0,26.0,False,tables/effective_paths/copy_of_guardians_v2_2_5.xlsx,9f5f64efaa063631ec996d2102d92af6a79053efdcc4d775e0ee18b98c763484,2026-01-28T23:44:19.093888+00:00,DVT_Guardians
Ally,Max Recovery,27,3.8000000000000025,27.0,False,tables/effective_paths/copy_of_guardians_v2_2_5.xlsx,9f5f64efaa063631ec996d2102d92af6a79053efdcc4d775e0ee18b98c763484,2026-01-28T23:44:19.093888+00:00,DVT_Guardians
Ally,Cooldown,27,93.0,27.0,False,tables/effective_paths/copy_of_guardians_v2_2_5.xlsx,9f5f64efaa063631ec996d2102d92af6a79053efdcc4d775e0ee18b98c763484,2026-01-28T23:44:19.093888+00:00,DVT_Guardians
Ally,Max Recovery,28,3.9000000000000026,28.0,False,tables/effective_paths/copy_of_guardians_v2_2_5.xlsx,9f5f64efaa063631ec996d2102d92af6a79053efdcc4d775e0ee18b98c763484,2026-01-28T23:44:19.093888+00:00,DVT_Guardians
Ally,Cooldown,28,92.0,28.0,False,tables/effective_paths/copy_of_guardians_v2_2_5.xlsx,9f5f64efaa063631ec996d2102d92af6a79053efdcc4d775e0ee18b98c763484,2026-01-28T23:44:19.093888+00:00,DVT_Guardians
Ally,Max Recovery,29,4.000000000000003,29.0,False,tables/effective_paths/copy_of_guardians_v2_2_5.xlsx,9f5f64efaa063631ec996d2102d92af6a79053efdcc4d775e0ee18b98c763484,2026-01-28T23:44:19.093888+00:00,DVT_Guardians
Ally,Cooldown,29,91.0,29.0,False,tables/effective_paths/copy_of_guardians_v2_2_5.xlsx,9f5f64efaa063631ec996d2102d92af6a79053efdcc4d775e0ee18b98c763484,2026-01-28T23:44:19.093888+00:00,DVT_Guardians
Ally,Max Recovery,30,4.100000000000002,30.0,False,tables/effective_paths/copy_of_guardians_v2_2_5.xlsx,9f5f64efaa063631ec996d2102d92af6a79053efdcc4d775e0ee18b98c763484,2026-01-28T23:44:19.093888+00:00,DVT_Guardians
Ally,Cooldown,30,90.0,30.0,False,tables/effective_paths/copy_of_guardians_v2_2_5.xlsx,9f5f64efaa063631ec996d2102d92af6a79053efdcc4d775e0ee18b98c763484,2026-01-28T23:44:19.093888+00:00,DVT_Guardians
Ally,Max Recovery,31,4.200000000000002,31.0,False,tables/effective_paths/copy_of_guardians_v2_2_5.xlsx,9f5f64efaa063631ec996d2102d92af6a79053efdcc4d775e0ee18b98c763484,2026-01-28T23:44:19.093888+00:00,DVT_Guardians
Ally,Cooldown,31,89.0,31.0,False,tables/effective_paths/copy_of_guardians_v2_2_5.xlsx,9f5f64efaa063631ec996d2102d92af6a79053efdcc4d775e0ee18b98c763484,2026-01-28T23:44:19.093888+00:00,DVT_Guardians
Ally,Max Recovery,32,4.300000000000002,32.0,False,tables/effective_paths/copy_of_guardians_v2_2_5.xlsx,9f5f64efaa063631ec996d2102d92af6a79053efdcc4d775e0ee18b98c763484,2026-01-28T23:44:19.093888+00:00,DVT_Guardians
Ally,Cooldown,32,88.0,32.0,False,tables/effective_paths/copy_of_guardians_v2_2_5.xlsx,9f5f64efaa063631ec996d2102d92af6a79053efdcc4d775e0ee18b98c763484,2026-01-28T23:44:19.093888+00:00,DVT_Guardians
Ally,Max Recovery,33,4.400000000000001,33.0,False,tables/effective_paths/copy_of_guardians_v2_2_5.xlsx,9f5f64efaa063631ec996d2102d92af6a79053efdcc4d775e0ee18b98c763484,2026-01-28T23:44:19.093888+00:00,DVT_Guardians
Ally,Cooldown,33,87.0,33.0,False,tables/effective_paths/copy_of_guardians_v2_2_5.xlsx,9f5f64efaa063631ec996d2102d92af6a79053efdcc4d775e0ee18b98c763484,2026-01-28T23:44:19.093888+00:00,DVT_Guardians
Ally,Max Recovery,34,4.500000000000001,34.0,False,tables/effective_paths/copy_of_guardians_v2_2_5.xlsx,9f5f64efaa063631ec996d2102d92af6a79053efdcc4d775e0ee18b98c763484,2026-01-28T23:44:19.093888+00:00,DVT_Guardians
Ally,Cooldown,34,86.0,34.0,False,tables/effective_paths/copy_of_guardians_v2_2_5.xlsx,9f5f64efaa063631ec996d2102d92af6a79053efdcc4d775e0ee18b98c763484,2026-01-28T23:44:19.093888+00:00,DVT_Guardians
Ally,Max Recovery,35,4.6000000000000005,35.0,False,tables/effective_paths/copy_of_guardians_v2_2_5.xlsx,9f5f64efaa063631ec996d2102d92af6a79053efdcc4d775e0ee18b98c763484,2026-01-28T23:44:19.093888+00:00,DVT_Guardians
Ally,Cooldown,35,85.0,35.0,False,tables/effective_paths/copy_of_guardians_v2_2_5.xlsx,9f5f64efaa063631ec996d2102d92af6a79053efdcc4d775e0ee18b98c763484,2026-01-28T23:44:19.093888+00:00,DVT_Guardians
Ally,Max Recovery,36,4.7,36.0,False,tables/effective_paths/copy_of_guardians_v2_2_5.xlsx,9f5f64efaa063631ec996d2102d92af6a79053efdcc4d775e0ee18b98c763484,2026-01-28T23:44:19.093888+00:00,DVT_Guardians
Ally,Cooldown,36,84.0,36.0,False,tables/effective_paths/copy_of_guardians_v2_2_5.xlsx,9f5f64efaa063631ec996d2102d92af6a79053efdcc4d775e0ee18b98c763484,2026-01-28T23:44:19.093888+00:00,DVT_Guardians
Ally,Max Recovery,37,4.8,37.0,False,tables/effective_paths/copy_of_guardians_v2_2_5.xlsx,9f5f64efaa063631ec996d2102d92af6a79053efdcc4d775e0ee18b98c763484,2026-01-28T23:44:19.093888+00:00,DVT_Guardians
Ally,Cooldown,37,83.0,37.0,False,tables/effective_paths/copy_of_guardians_v2_2_5.xlsx,9f5f64efaa063631ec996d2102d92af6a79053efdcc4d775e0ee18b98c763484,2026-01-28T23:44:19.093888+00:00,DVT_Guardians
Ally,Max Recovery,38,4.8999999999999995,38.0,False,tables/effective_paths/copy_of_guardians_v2_2_5.xlsx,9f5f64efaa063631ec996d2102d92af6a79053efdcc4d775e0ee18b98c763484,2026-01-28T23:44:19.093888+00:00,DVT_Guardians
Ally,Cooldown,38,82.0,38.0,False,tables/effective_paths/copy_of_guardians_v2_2_5.xlsx,9f5f64efaa063631ec996d2102d92af6a79053efdcc4d775e0ee18b98c763484,2026-01-28T23:44:19.093888+00:00,DVT_Guardians
Ally,Max Recovery,39,4.999999999999999,39.0,False,tables/effective_paths/copy_of_guardians_v2_2_5.xlsx,9f5f64efaa063631ec996d2102d92af6a79053efdcc4d775e0ee18b98c763484,2026-01-28T23:44:19.093888+00:00,DVT_Guardians
Ally,Cooldown,39,81.0,39.0,False,tables/effective_paths/copy_of_guardians_v2_2_5.xlsx,9f5f64efaa063631ec996d2102d92af6a79053efdcc4d775e0ee18b98c763484,2026-01-28T23:44:19.093888+00:00,DVT_Guardians
Ally,Max Recovery,40,5.099999999999999,40.0,False,tables/effective_paths/copy_of_guardians_v2_2_5.xlsx,9f5f64efaa063631ec996d2102d92af6a79053efdcc4d775e0ee18b98c763484,2026-01-28T23:44:19.093888+00:00,DVT_Guardians
Ally,Cooldown,40,80.0,40.0,False,tables/effective_paths/copy_of_guardians_v2_2_5.xlsx,9f5f64efaa063631ec996d2102d92af6a79053efdcc4d775e0ee18b98c763484,2026-01-28T23:44:19.093888+00:00,DVT_Guardians
Ally,Max Recovery,41,5.199999999999998,41.0,False,tables/effective_paths/copy_of_guardians_v2_2_5.xlsx,9f5f64efaa063631ec996d2102d92af6a79053efdcc4d775e0ee18b98c763484,2026-01-28T23:44:19.093888+00:00,DVT_Guardians
Ally,Cooldown,41,79.0,41.0,False,tables/effective_paths/copy_of_guardians_v2_2_5.xlsx,9f5f64efaa063631ec996d2102d92af6a79053efdcc4d775e0ee18b98c763484,2026-01-28T23:44:19.093888+00:00,DVT_Guardians
Ally,Max Recovery,42,5.299999999999998,42.0,False,tables/effective_paths/copy_of_guardians_v2_2_5.xlsx,9f5f64efaa063631ec996d2102d92af6a79053efdcc4d775e0ee18b98c763484,2026-01-28T23:44:19.093888+00:00,DVT_Guardians
Ally,Cooldown,42,78.0,42.0,False,tables/effective_paths/copy_of_guardians_v2_2_5.xlsx,9f5f64efaa063631ec996d2102d92af6a79053efdcc4d775e0ee18b98c763484,2026-01-28T23:44:19.093888+00:00,DVT_Guardians
Ally,Max Recovery,43,5.399999999999998,43.0,False,tables/effective_paths/copy_of_guardians_v2_2_5.xlsx,9f5f64efaa063631ec996d2102d92af6a79053efdcc4d775e0ee18b98c763484,2026-01-28T23:44:19.093888+00:00,DVT_Guardians
Ally,Cooldown,43,77.0,43.0,False,tables/effective_paths/copy_of_guardians_v2_2_5.xlsx,9f5f64efaa063631ec996d2102d92af6a79053efdcc4d775e0ee18b98c763484,2026-01-28T23:44:19.093888+00:00,DVT_Guardians
Ally,Max Recovery,44,5.499999999999997,44.0,False,tables/effective_paths/copy_of_guardians_v2_2_5.xlsx,9f5f64efaa063631ec996d2102d92af6a79053efdcc4d775e0ee18b98c763484,2026-01-28T23:44:19.093888+00:00,DVT_Guardians
Ally,Cooldown,44,76.0,44.0,False,tables/effective_paths/copy_of_guardians_v2_2_5.xlsx,9f5f64efaa063631ec996d2102d92af6a79053efdcc4d775e0ee18b98c763484,2026-01-28T23:44:19.093888+00:00,DVT_Guardians
Ally,Max Recovery,45,5.599999999999997,45.0,False,tables/effective_paths/copy_of_guardians_v2_2_5.xlsx,9f5f64efaa063631ec996d2102d92af6a79053efdcc4d775e0ee18b98c763484,2026-01-28T23:44:19.093888+00:00,DVT_Guardians
Ally,Cooldown,45,75.0,45.0,False,tables/effective_paths/copy_of_guardians_v2_2_5.xlsx,9f5f64efaa063631ec996d2102d92af6a79053efdcc4d775e0ee18b98c763484,2026-01-28T23:44:19.093888+00:00,DVT_Guardians
Ally,Max Recovery,46,5.699999999999997,46.0,False,tables/effective_paths/copy_of_guardians_v2_2_5.xlsx,9f5f64efaa063631ec996d2102d92af6a79053efdcc4d775e0ee18b98c763484,2026-01-28T23:44:19.093888+00:00,DVT_Guardians
Ally,Cooldown,46,74.0,46.0,False,tables/effective_paths/copy_of_guardians_v2_2_5.xlsx,9f5f64efaa063631ec996d2102d92af6a79053efdcc4d775e0ee18b98c763484,2026-01-28T23:44:19.093888+00:00,DVT_Guardians
Ally,Max Recovery,47,5.799999999999996,47.0,False,tables/effective_paths/copy_of_guardians_v2_2_5.xlsx,9f5f64efaa063631ec996d2102d92af6a79053efdcc4d775e0ee18b98c763484,2026-01-28T23:44:19.093888+00:00,DVT_Guardians
Ally,Cooldown,47,73.0,47.0,False,tables/effective_paths/copy_of_guardians_v2_2_5.xlsx,9f5f64efaa063631ec996d2102d92af6a79053efdcc4d775e0ee18b98c763484,2026-01-28T23:44:19.093888+00:00,DVT_Guardians
Ally,Max Recovery,48,5.899999999999996,48.0,False,tables/effective_paths/copy_of_guardians_v2_2_5.xlsx,9f5f64efaa063631ec996d2102d92af6a79053efdcc4d775e0ee18b98c763484,2026-01-28T23:44:19.093888+00:00,DVT_Guardians
Ally,Cooldown,48,72.0,48.0,False,tables/effective_paths/copy_of_guardians_v2_2_5.xlsx,9f5f64efaa063631ec996d2102d92af6a79053efdcc4d775e0ee18b98c763484,2026-01-28T23:44:19.093888+00:00,DVT_Guardians
Ally,Max Recovery,49,5.999999999999996,49.0,True,tables/effective_paths/copy_of_guardians_v2_2_5.xlsx,9f5f64efaa063631ec996d2102d92af6a79053efdcc4d775e0ee18b98c763484,2026-01-28T23:44:19.093888+00:00,DVT_Guardians
Ally,Cooldown,49,71.0,49.0,False,tables/effective_paths/copy_of_guardians_v2_2_5.xlsx,9f5f64efaa063631ec996d2102d92af6a79053efdcc4d775e0ee18b98c763484,2026-01-28T23:44:19.093888+00:00,DVT_Guardians
Ally,Cooldown,50,70.0,50.0,False,tables/effective_paths/copy_of_guardians_v2_2_5.xlsx,9f5f64efaa063631ec996d2102d92af6a79053efdcc4d775e0ee18b98c763484,2026-01-28T23:44:19.093888+00:00,DVT_Guardians
Ally,Cooldown,51,69.0,51.0,False,tables/effective_paths/copy_of_guardians_v2_2_5.xlsx,9f5f64efaa063631ec996d2102d92af6a79053efdcc4d775e0ee18b98c763484,2026-01-28T23:44:19.093888+00:00,DVT_Guardians
Ally,Cooldown,52,68.0,52.0,False,tables/effective_paths/copy_of_guardians_v2_2_5.xlsx,9f5f64efaa063631ec996d2102d92af6a79053efdcc4d775e0ee18b98c763484,2026-01-28T23:44:19.093888+00:00,DVT_Guardians
Ally,Cooldown,53,67.0,53.0,False,tables/effective_paths/copy_of_guardians_v2_2_5.xlsx,9f5f64efaa063631ec996d2102d92af6a79053efdcc4d775e0ee18b98c763484,2026-01-28T23:44:19.093888+00:00,DVT_Guardians
Ally,Cooldown,54,66.0,54.0,False,tables/effective_paths/copy_of_guardians_v2_2_5.xlsx,9f5f64efaa063631ec996d2102d92af6a79053efdcc4d775e0ee18b98c763484,2026-01-28T23:44:19.093888+00:00,DVT_Guardians
Ally,Cooldown,55,65.0,55.0,False,tables/effective_paths/copy_of_guardians_v2_2_5.xlsx,9f5f64efaa063631ec996d2102d92af6a79053efdcc4d775e0ee18b98c763484,2026-01-28T23:44:19.093888+00:00,DVT_Guardians
Ally,Cooldown,56,64.0,56.0,False,tables/effective_paths/copy_of_guardians_v2_2_5.xlsx,9f5f64efaa063631ec996d2102d92af6a79053efdcc4d775e0ee18b98c763484,2026-01-28T23:44:19.093888+00:00,DVT_Guardians
Ally,Cooldown,57,63.0,57.0,False,tables/effective_paths/copy_of_guardians_v2_2_5.xlsx,9f5f64efaa063631ec996d2102d92af6a79053efdcc4d775e0ee18b98c763484,2026-01-28T23:44:19.093888+00:00,DVT_Guardians
Ally,Cooldown,58,62.0,58.0,False,tables/effective_paths/copy_of_guardians_v2_2_5.xlsx,9f5f64efaa063631ec996d2102d92af6a79053efdcc4d775e0ee18b98c763484,2026-01-28T23:44:19.093888+00:00,DVT_Guardians
Ally,Cooldown,59,61.0,59.0,False,tables/effective_paths/copy_of_guardians_v2_2_5.xlsx,9f5f64efaa063631ec996d2102d92af6a79053efdcc4d775e0ee18b98c763484,2026-01-28T23:44:19.093888+00:00,DVT_Guardians
Ally,Cooldown,60,60.0,60.0,False,tables/effective_paths/copy_of_guardians_v2_2_5.xlsx,9f5f64efaa063631ec996d2102d92af6a79053efdcc4d775e0ee18b98c763484,2026-01-28T23:44:19.093888+00:00,DVT_Guardians
Ally,Cooldown,61,59.0,61.0,False,tables/effective_paths/copy_of_guardians_v2_2_5.xlsx,9f5f64efaa063631ec996d2102d92af6a79053efdcc4d775e0ee18b98c763484,2026-01-28T23:44:19.093888+00:00,DVT_Guardians
Ally,Cooldown,62,58.0,62.0,False,tables/effective_paths/copy_of_guardians_v2_2_5.xlsx,9f5f64efaa063631ec996d2102d92af6a79053efdcc4d775e0ee18b98c763484,2026-01-28T23:44:19.093888+00:00,DVT_Guardians
Ally,Cooldown,63,57.0,63.0,False,tables/effective_paths/copy_of_guardians_v2_2_5.xlsx,9f5f64efaa063631ec996d2102d92af6a79053efdcc4d775e0ee18b98c763484,2026-01-28T23:44:19.093888+00:00,DVT_Guardians
Ally,Cooldown,64,56.0,64.0,False,tables/effective_paths/copy_of_guardians_v2_2_5.xlsx,9f5f64efaa063631ec996d2102d92af6a79053efdcc4d775e0ee18b98c763484,2026-01-28T23:44:19.093888+00:00,DVT_Guardians
Ally,Cooldown,65,55.0,65.0,False,tables/effective_paths/copy_of_guardians_v2_2_5.xlsx,9f5f64efaa063631ec996d2102d92af6a79053efdcc4d775e0ee18b98c763484,2026-01-28T23:44:19.093888+00:00,DVT_Guardians
Ally,Cooldown,66,54.0,66.0,False,tables/effective_paths/copy_of_guardians_v2_2_5.xlsx,9f5f64efaa063631ec996d2102d92af6a79053efdcc4d775e0ee18b98c763484,2026-01-28T23:44:19.093888+00:00,DVT_Guardians
Ally,Cooldown,67,53.0,67.0,False,tables/effective_paths/copy_of_guardians_v2_2_5.xlsx,9f5f64efaa063631ec996d2102d92af6a79053efdcc4d775e0ee18b98c763484,2026-01-28T23:44:19.093888+00:00,DVT_Guardians
Ally,Cooldown,68,52.0,68.0,False,tables/effective_paths/copy_of_guardians_v2_2_5.xlsx,9f5f64efaa063631ec996d2102d92af6a79053efdcc4d775e0ee18b98c763484,2026-01-28T23:44:19.093888+00:00,DVT_Guardians
Ally,Cooldown,69,51.0,69.0,False,tables/effective_paths/copy_of_guardians_v2_2_5.xlsx,9f5f64efaa063631ec996d2102d92af6a79053efdcc4d775e0ee18b98c763484,2026-01-28T23:44:19.093888+00:00,DVT_Guardians
Ally,Cooldown,70,50.0,70.0,False,tables/effective_paths/copy_of_guardians_v2_2_5.xlsx,9f5f64efaa063631ec996d2102d92af6a79053efdcc4d775e0ee18b98c763484,2026-01-28T23:44:19.093888+00:00,DVT_Guardians
Ally,Cooldown,71,49.0,71.0,False,tables/effective_paths/copy_of_guardians_v2_2_5.xlsx,9f5f64efaa063631ec996d2102d92af6a79053efdcc4d775e0ee18b98c763484,2026-01-28T23:44:19.093888+00:00,DVT_Guardians
Ally,Cooldown,72,48.0,72.0,False,tables/effective_paths/copy_of_guardians_v2_2_5.xlsx,9f5f64efaa063631ec996d2102d92af6a79053efdcc4d775e0ee18b98c763484,2026-01-28T23:44:19.093888+00:00,DVT_Guardians
Ally,Cooldown,73,47.0,73.0,False,tables/effective_paths/copy_of_guardians_v2_2_5.xlsx,9f5f64efaa063631ec996d2102d92af6a79053efdcc4d775e0ee18b98c763484,2026-01-28T23:44:19.093888+00:00,DVT_Guardians
Ally,Cooldown,74,46.0,74.0,False,tables/effective_paths/copy_of_guardians_v2_2_5.xlsx,9f5f64efaa063631ec996d2102d92af6a79053efdcc4d775e0ee18b98c763484,2026-01-28T23:44:19.093888+00:00,DVT_Guardians
Ally,Cooldown,75,45.0,75.0,False,tables/effective_paths/copy_of_guardians_v2_2_5.xlsx,9f5f64efaa063631ec996d2102d92af6a79053efdcc4d775e0ee18b98c763484,2026-01-28T23:44:19.093888+00:00,DVT_Guardians
Ally,Cooldown,76,44.0,76.0,False,tables/effective_paths/copy_of_guardians_v2_2_5.xlsx,9f5f64efaa063631ec996d2102d92af6a79053efdcc4d775e0ee18b98c763484,2026-01-28T23:44:19.093888+00:00,DVT_Guardians
Ally,Cooldown,77,43.0,77.0,False,tables/effective_paths/copy_of_guardians_v2_2_5.xlsx,9f5f64efaa063631ec996d2102d92af6a79053efdcc4d775e0ee18b98c763484,2026-01-28T23:44:19.093888+00:00,DVT_Guardians
Ally,Cooldown,78,42.0,78.0,False,tables/effective_paths/copy_of_guardians_v2_2_5.xlsx,9f5f64efaa063631ec996d2102d92af6a79053efdcc4d775e0ee18b98c763484,2026-01-28T23:44:19.093888+00:00,DVT_Guardians
Ally,Cooldown,79,41.0,79.0,False,tables/effective_paths/copy_of_guardians_v2_2_5.xlsx,9f5f64efaa063631ec996d2102d92af6a79053efdcc4d775e0ee18b98c763484,2026-01-28T23:44:19.093888+00:00,DVT_Guardians
Ally,Cooldown,80,40.0,80.0,False,tables/effective_paths/copy_of_guardians_v2_2_5.xlsx,9f5f64efaa063631ec996d2102d92af6a79053efdcc4d775e0ee18b98c763484,2026-01-28T23:44:19.093888+00:00,DVT_Guardians
Ally,Cooldown,81,39.0,81.0,False,tables/effective_paths/copy_of_guardians_v2_2_5.xlsx,9f5f64efaa063631ec996d2102d92af6a79053efdcc4d775e0ee18b98c763484,2026-01-28T23:44:19.093888+00:00,DVT_Guardians
Ally,Cooldown,82,38.0,82.0,False,tables/effective_paths/copy_of_guardians_v2_2_5.xlsx,9f5f64efaa063631ec996d2102d92af6a79053efdcc4d775e0ee18b98c763484,2026-01-28T23:44:19.093888+00:00,DVT_Guardians
Ally,Cooldown,83,37.0,83.0,False,tables/effective_paths/copy_of_guardians_v2_2_5.xlsx,9f5f64efaa063631ec996d2102d92af6a79053efdcc4d775e0ee18b98c763484,2026-01-28T23:44:19.093888+00:00,DVT_Guardians
Ally,Cooldown,84,36.0,84.0,False,tables/effective_paths/copy_of_guardians_v2_2_5.xlsx,9f5f64efaa063631ec996d2102d92af6a79053efdcc4d775e0ee18b98c763484,2026-01-28T23:44:19.093888+00:00,DVT_Guardians
Ally,Cooldown,85,35.0,85.0,False,tables/effective_paths/copy_of_guardians_v2_2_5.xlsx,9f5f64efaa063631ec996d2102d92af6a79053efdcc4d775e0ee18b98c763484,2026-01-28T23:44:19.093888+00:00,DVT_Guardians
Ally,Cooldown,86,34.0,86.0,False,tables/effective_paths/copy_of_guardians_v2_2_5.xlsx,9f5f64efaa063631ec996d2102d92af6a79053efdcc4d775e0ee18b98c763484,2026-01-28T23:44:19.093888+00:00,DVT_Guardians
Ally,Cooldown,87,33.0,87.0,False,tables/effective_paths/copy_of_guardians_v2_2_5.xlsx,9f5f64efaa063631ec996d2102d92af6a79053efdcc4d775e0ee18b98c763484,2026-01-28T23:44:19.093888+00:00,DVT_Guardians
Ally,Cooldown,88,32.0,88.0,False,tables/effective_paths/copy_of_guardians_v2_2_5.xlsx,9f5f64efaa063631ec996d2102d92af6a79053efdcc4d775e0ee18b98c763484,2026-01-28T23:44:19.093888+00:00,DVT_Guardians
Ally,Cooldown,89,31.0,89.0,False,tables/effective_paths/copy_of_guardians_v2_2_5.xlsx,9f5f64efaa063631ec996d2102d92af6a79053efdcc4d775e0ee18b98c763484,2026-01-28T23:44:19.093888+00:00,DVT_Guardians
Ally,Cooldown,90,30.0,90.0,True,tables/effective_paths/copy_of_guardians_v2_2_5.xlsx,9f5f64efaa063631ec996d2102d92af6a79053efdcc4d775e0ee18b98c763484,2026-01-28T23:44:19.093888+00:00,DVT_Guardians
Bounty,Multiplier,0,0.01,0.0,False,tables/effective_paths/copy_of_guardians_v2_2_5.xlsx,9f5f64efaa063631ec996d2102d92af6a79053efdcc4d775e0ee18b98c763484,2026-01-28T23:44:19.093888+00:00,DVT_Guardians
Bounty,Cooldown,0,120.0,0.0,False,tables/effective_paths/copy_of_guardians_v2_2_5.xlsx,9f5f64efaa063631ec996d2102d92af6a79053efdcc4d775e0ee18b98c763484,2026-01-28T23:44:19.093888+00:00,DVT_Guardians
Bounty,Targets,0,1.0,0.0,False,tables/effective_paths/copy_of_guardians_v2_2_5.xlsx,9f5f64efaa063631ec996d2102d92af6a79053efdcc4d775e0ee18b98c763484,2026-01-28T23:44:19.093888+00:00,DVT_Guardians
Bounty,Multiplier,1,0.02,1.0,False,tables/effective_paths/copy_of_guardians_v2_2_5.xlsx,9f5f64efaa063631ec996d2102d92af6a79053efdcc4d775e0ee18b98c763484,2026-01-28T23:44:19.093888+00:00,DVT_Guardians
Bounty,Cooldown,1,119.0,2.0,False,tables/effective_paths/copy_of_guardians_v2_2_5.xlsx,9f5f64efaa063631ec996d2102d92af6a79053efdcc4d775e0ee18b98c763484,2026-01-28T23:44:19.093888+00:00,DVT_Guardians
Bounty,Targets,1,2.0,100.0,False,tables/effective_paths/copy_of_guardians_v2_2_5.xlsx,9f5f64efaa063631ec996d2102d92af6a79053efdcc4d775e0ee18b98c763484,2026-01-28T23:44:19.093888+00:00,DVT_Guardians
Bounty,Multiplier,2,0.03,2.0,False,tables/effective_paths/copy_of_guardians_v2_2_5.xlsx,9f5f64efaa063631ec996d2102d92af6a79053efdcc4d775e0ee18b98c763484,2026-01-28T23:44:19.093888+00:00,DVT_Guardians
Bounty,Cooldown,2,118.0,4.0,False,tables/effective_paths/copy_of_guardians_v2_2_5.xlsx,9f5f64efaa063631ec996d2102d92af6a79053efdcc4d775e0ee18b98c763484,2026-01-28T23:44:19.093888+00:00,DVT_Guardians
Bounty,Targets,2,3.0,200.0,False,tables/effective_paths/copy_of_guardians_v2_2_5.xlsx,9f5f64efaa063631ec996d2102d92af6a79053efdcc4d775e0ee18b98c763484,2026-01-28T23:44:19.093888+00:00,DVT_Guardians
Bounty,Multiplier,3,0.04,3.0,False,tables/effective_paths/copy_of_guardians_v2_2_5.xlsx,9f5f64efaa063631ec996d2102d92af6a79053efdcc4d775e0ee18b98c763484,2026-01-28T23:44:19.093888+00:00,DVT_Guardians
Bounty,Cooldown,3,117.0,6.0,False,tables/effective_paths/copy_of_guardians_v2_2_5.xlsx,9f5f64efaa063631ec996d2102d92af6a79053efdcc4d775e0ee18b98c763484,2026-01-28T23:44:19.093888+00:00,DVT_Guardians
Bounty,Targets,3,4.0,300.0,False,tables/effective_paths/copy_of_guardians_v2_2_5.xlsx,9f5f64efaa063631ec996d2102d92af6a79053efdcc4d775e0ee18b98c763484,2026-01-28T23:44:19.093888+00:00,DVT_Guardians
Bounty,Multiplier,4,0.05,4.0,False,tables/effective_paths/copy_of_guardians_v2_2_5.xlsx,9f5f64efaa063631ec996d2102d92af6a79053efdcc4d775e0ee18b98c763484,2026-01-28T23:44:19.093888+00:00,DVT_Guardians
Bounty,Cooldown,4,116.0,8.0,False,tables/effective_paths/copy_of_guardians_v2_2_5.xlsx,9f5f64efaa063631ec996d2102d92af6a79053efdcc4d775e0ee18b98c763484,2026-01-28T23:44:19.093888+00:00,DVT_Guardians
Bounty,Targets,4,5.0,400.0,False,tables/effective_paths/copy_of_guardians_v2_2_5.xlsx,9f5f64efaa063631ec996d2102d92af6a79053efdcc4d775e0ee18b98c763484,2026-01-28T23:44:19.093888+00:00,DVT_Guardians
Bounty,Multiplier,5,0.060000000000000005,5.0,False,tables/effective_paths/copy_of_guardians_v2_2_5.xlsx,9f5f64efaa063631ec996d2102d92af6a79053efdcc4d775e0ee18b98c763484,2026-01-28T23:44:19.093888+00:00,DVT_Guardians
Bounty,Cooldown,5,115.0,10.0,False,tables/effective_paths/copy_of_guardians_v2_2_5.xlsx,9f5f64efaa063631ec996d2102d92af6a79053efdcc4d775e0ee18b98c763484,2026-01-28T23:44:19.093888+00:00,DVT_Guardians
Bounty,Targets,5,6.0,500.0,False,tables/effective_paths/copy_of_guardians_v2_2_5.xlsx,9f5f64efaa063631ec996d2102d92af6a79053efdcc4d775e0ee18b98c763484,2026-01-28T23:44:19.093888+00:00,DVT_Guardians
Bounty,Multiplier,6,0.07,6.0,False,tables/effective_paths/copy_of_guardians_v2_2_5.xlsx,9f5f64efaa063631ec996d2102d92af6a79053efdcc4d775e0ee18b98c763484,2026-01-28T23:44:19.093888+00:00,DVT_Guardians
Bounty,Cooldown,6,114.0,12.0,False,tables/effective_paths/copy_of_guardians_v2_2_5.xlsx,9f5f64efaa063631ec996d2102d92af6a79053efdcc4d775e0ee18b98c763484,2026-01-28T23:44:19.093888+00:00,DVT_Guardians
Bounty,Targets,6,7.0,600.0,False,tables/effective_paths/copy_of_guardians_v2_2_5.xlsx,9f5f64efaa063631ec996d2102d92af6a79053efdcc4d775e0ee18b98c763484,2026-01-28T23:44:19.093888+00:00,DVT_Guardians
Bounty,Multiplier,7,0.08,7.0,False,tables/effective_paths/copy_of_guardians_v2_2_5.xlsx,9f5f64efaa063631ec996d2102d92af6a79053efdcc4d775e0ee18b98c763484,2026-01-28T23:44:19.093888+00:00,DVT_Guardians
Bounty,Cooldown,7,113.0,14.0,False,tables/effective_paths/copy_of_guardians_v2_2_5.xlsx,9f5f64efaa063631ec996d2102d92af6a79053efdcc4d775e0ee18b98c763484,2026-01-28T23:44:19.093888+00:00,DVT_Guardians
Bounty,Targets,7,8.0,700.0,False,tables/effective_paths/copy_of_guardians_v2_2_5.xlsx,9f5f64efaa063631ec996d2102d92af6a79053efdcc4d775e0ee18b98c763484,2026-01-28T23:44:19.093888+00:00,DVT_Guardians
Bounty,Multiplier,8,0.09,8.0,False,tables/effective_paths/copy_of_guardians_v2_2_5.xlsx,9f5f64efaa063631ec996d2102d92af6a79053efdcc4d775e0ee18b98c763484,2026-01-28T23:44:19.093888+00:00,DVT_Guardians
Bounty,Cooldown,8,112.0,16.0,False,tables/effective_paths/copy_of_guardians_v2_2_5.xlsx,9f5f64efaa063631ec996d2102d92af6a79053efdcc4d775e0ee18b98c763484,2026-01-28T23:44:19.093888+00:00,DVT_Guardians
Bounty,Targets,8,9.0,800.0,False,tables/effective_paths/copy_of_guardians_v2_2_5.xlsx,9f5f64efaa063631ec996d2102d92af6a79053efdcc4d775e0ee18b98c763484,2026-01-28T23:44:19.093888+00:00,DVT_Guardians
Bounty,Multiplier,9,0.09999999999999999,9.0,False,tables/effective_paths/copy_of_guardians_v2_2_5.xlsx,9f5f64efaa063631ec996d2102d92af6a79053efdcc4d775e0ee18b98c763484,2026-01-28T23:44:19.093888+00:00,DVT_Guardians
Bounty,Cooldown,9,111.0,18.0,False,tables/effective_paths/copy_of_guardians_v2_2_5.xlsx,9f5f64efaa063631ec996d2102d92af6a79053efdcc4d775e0ee18b98c763484,2026-01-28T23:44:19.093888+00:00,DVT_Guardians
Bounty,Targets,9,10.0,900.0,True,tables/effective_paths/copy_of_guardians_v2_2_5.xlsx,9f5f64efaa063631ec996d2102d92af6a79053efdcc4d775e0ee18b98c763484,2026-01-28T23:44:19.093888+00:00,DVT_Guardians
Bounty,Multiplier,10,0.10999999999999999,10.0,False,tables/effective_paths/copy_of_guardians_v2_2_5.xlsx,9f5f64efaa063631ec996d2102d92af6a79053efdcc4d775e0ee18b98c763484,2026-01-28T23:44:19.093888+00:00,DVT_Guardians
Bounty,Cooldown,10,110.0,20.0,False,tables/effective_paths/copy_of_guardians_v2_2_5.xlsx,9f5f64efaa063631ec996d2102d92af6a79053efdcc4d775e0ee18b98c763484,2026-01-28T23:44:19.093888+00:00,DVT_Guardians
Bounty,Multiplier,11,0.11999999999999998,11.0,False,tables/effective_paths/copy_of_guardians_v2_2_5.xlsx,9f5f64efaa063631ec996d2102d92af6a79053efdcc4d775e0ee18b98c763484,2026-01-28T23:44:19.093888+00:00,DVT_Guardians
Bounty,Cooldown,11,109.0,22.0,False,tables/effective_paths/copy_of_guardians_v2_2_5.xlsx,9f5f64efaa063631ec996d2102d92af6a79053efdcc4d775e0ee18b98c763484,2026-01-28T23:44:19.093888+00:00,DVT_Guardians
Bounty,Multiplier,12,0.12999999999999998,12.0,False,tables/effective_paths/copy_of_guardians_v2_2_5.xlsx,9f5f64efaa063631ec996d2102d92af6a79053efdcc4d775e0ee18b98c763484,2026-01-28T23:44:19.093888+00:00,DVT_Guardians
Bounty,Cooldown,12,108.0,24.0,False,tables/effective_paths/copy_of_guardians_v2_2_5.xlsx,9f5f64efaa063631ec996d2102d92af6a79053efdcc4d775e0ee18b98c763484,2026-01-28T23:44:19.093888+00:00,DVT_Guardians
Bounty,Multiplier,13,0.13999999999999999,13.0,False,tables/effective_paths/copy_of_guardians_v2_2_5.xlsx,9f5f64efaa063631ec996d2102d92af6a79053efdcc4d775e0ee18b98c763484,2026-01-28T23:44:19.093888+00:00,DVT_Guardians
Bounty,Cooldown,13,107.0,26.0,False,tables/effective_paths/copy_of_guardians_v2_2_5.xlsx,9f5f64efaa063631ec996d2102d92af6a79053efdcc4d775e0ee18b98c763484,2026-01-28T23:44:19.093888+00:00,DVT_Guardians
Bounty,Multiplier,14,0.15,14.0,False,tables/effective_paths/copy_of_guardians_v2_2_5.xlsx,9f5f64efaa063631ec996d2102d92af6a79053efdcc4d775e0ee18b98c763484,2026-01-28T23:44:19.093888+00:00,DVT_Guardians
Bounty,Cooldown,14,106.0,28.0,False,tables/effective_paths/copy_of_guardians_v2_2_5.xlsx,9f5f64efaa063631ec996d2102d92af6a79053efdcc4d775e0ee18b98c763484,2026-01-28T23:44:19.093888+00:00,DVT_Guardians
Bounty,Multiplier,15,0.16,15.0,False,tables/effective_paths/copy_of_guardians_v2_2_5.xlsx,9f5f64efaa063631ec996d2102d92af6a79053efdcc4d775e0ee18b98c763484,2026-01-28T23:44:19.093888+00:00,DVT_Guardians
Bounty,Cooldown,15,105.0,30.0,False,tables/effective_paths/copy_of_guardians_v2_2_5.xlsx,9f5f64efaa063631ec996d2102d92af6a79053efdcc4d775e0ee18b98c763484,2026-01-28T23:44:19.093888+00:00,DVT_Guardians
Bounty,Multiplier,16,0.17,16.0,False,tables/effective_paths/copy_of_guardians_v2_2_5.xlsx,9f5f64efaa063631ec996d2102d92af6a79053efdcc4d775e0ee18b98c763484,2026-01-28T23:44:19.093888+00:00,DVT_Guardians
Bounty,Cooldown,16,104.0,32.0,False,tables/effective_paths/copy_of_guardians_v2_2_5.xlsx,9f5f64efaa063631ec996d2102d92af6a79053efdcc4d775e0ee18b98c763484,2026-01-28T23:44:19.093888+00:00,DVT_Guardians
Bounty,Multiplier,17,0.18000000000000002,17.0,False,tables/effective_paths/copy_of_guardians_v2_2_5.xlsx,9f5f64efaa063631ec996d2102d92af6a79053efdcc4d775e0ee18b98c763484,2026-01-28T23:44:19.093888+00:00,DVT_Guardians
Bounty,Cooldown,17,103.0,34.0,False,tables/effective_paths/copy_of_guardians_v2_2_5.xlsx,9f5f64efaa063631ec996d2102d92af6a79053efdcc4d775e0ee18b98c763484,2026-01-28T23:44:19.093888+00:00,DVT_Guardians
Bounty,Multiplier,18,0.19000000000000003,18.0,False,tables/effective_paths/copy_of_guardians_v2_2_5.xlsx,9f5f64efaa063631ec996d2102d92af6a79053efdcc4d775e0ee18b98c763484,2026-01-28T23:44:19.093888+00:00,DVT_Guardians
Bounty,Cooldown,18,102.0,36.0,False,tables/effective_paths/copy_of_guardians_v2_2_5.xlsx,9f5f64efaa063631ec996d2102d92af6a79053efdcc4d775e0ee18b98c763484,2026-01-28T23:44:19.093888+00:00,DVT_Guardians
Bounty,Multiplier,19,0.20000000000000004,19.0,False,tables/effective_paths/copy_of_guardians_v2_2_5.xlsx,9f5f64efaa063631ec996d2102d92af6a79053efdcc4d775e0ee18b98c763484,2026-01-28T23:44:19.093888+00:00,DVT_Guardians
Bounty,Cooldown,19,101.0,38.0,False,tables/effective_paths/copy_of_guardians_v2_2_5.xlsx,9f5f64efaa063631ec996d2102d92af6a79053efdcc4d775e0ee18b98c763484,2026-01-28T23:44:19.093888+00:00,DVT_Guardians
Bounty,Multiplier,20,0.21000000000000005,20.0,False,tables/effective_paths/copy_of_guardians_v2_2_5.xlsx,9f5f64efaa063631ec996d2102d92af6a79053efdcc4d775e0ee18b98c763484,2026-01-28T23:44:19.093888+00:00,DVT_Guardians
Bounty,Cooldown,20,100.0,40.0,False,tables/effective_paths/copy_of_guardians_v2_2_5.xlsx,9f5f64efaa063631ec996d2102d92af6a79053efdcc4d775e0ee18b98c763484,2026-01-28T23:44:19.093888+00:00,DVT_Guardians
Bounty,Multiplier,21,0.22000000000000006,21.0,False,tables/effective_paths/copy_of_guardians_v2_2_5.xlsx,9f5f64efaa063631ec996d2102d92af6a79053efdcc4d775e0ee18b98c763484,2026-01-28T23:44:19.093888+00:00,DVT_Guardians
Bounty,Cooldown,21,99.0,42.0,False,tables/effective_paths/copy_of_guardians_v2_2_5.xlsx,9f5f64efaa063631ec996d2102d92af6a79053efdcc4d775e0ee18b98c763484,2026-01-28T23:44:19.093888+00:00,DVT_Guardians
Bounty,Multiplier,22,0.23000000000000007,22.0,False,tables/effective_paths/copy_of_guardians_v2_2_5.xlsx,9f5f64efaa063631ec996d2102d92af6a79053efdcc4d775e0ee18b98c763484,2026-01-28T23:44:19.093888+00:00,DVT_Guardians
Bounty,Cooldown,22,98.0,44.0,False,tables/effective_paths/copy_of_guardians_v2_2_5.xlsx,9f5f64efaa063631ec996d2102d92af6a79053efdcc4d775e0ee18b98c763484,2026-01-28T23:44:19.093888+00:00,DVT_Guardians
Bounty,Multiplier,23,0.24000000000000007,23.0,False,tables/effective_paths/copy_of_guardians_v2_2_5.xlsx,9f5f64efaa063631ec996d2102d92af6a79053efdcc4d775e0ee18b98c763484,2026-01-28T23:44:19.093888+00:00,DVT_Guardians
Bounty,Cooldown,23,97.0,46.0,False,tables/effective_paths/copy_of_guardians_v2_2_5.xlsx,9f5f64efaa063631ec996d2102d92af6a79053efdcc4d775e0ee18b98c763484,2026-01-28T23:44:19.093888+00:00,DVT_Guardians
Bounty,Multiplier,24,0.25000000000000006,24.0,False,tables/effective_paths/copy_of_guardians_v2_2_5.xlsx,9f5f64efaa063631ec996d2102d92af6a79053efdcc4d775e0ee18b98c763484,2026-01-28T23:44:19.093888+00:00,DVT_Guardians
Bounty,Cooldown,24,96.0,48.0,False,tables/effective_paths/copy_of_guardians_v2_2_5.xlsx,9f5f64efaa063631ec996d2102d92af6a79053efdcc4d775e0ee18b98c763484,2026-01-28T23:44:19.093888+00:00,DVT_Guardians
Bounty,Multiplier,25,0.26000000000000006,25.0,False,tables/effective_paths/copy_of_guardians_v2_2_5.xlsx,9f5f64efaa063631ec996d2102d92af6a79053efdcc4d775e0ee18b98c763484,2026-01-28T23:44:19.093888+00:00,DVT_Guardians
Bounty,Cooldown,25,95.0,50.0,False,tables/effective_paths/copy_of_guardians_v2_2_5.xlsx,9f5f64efaa063631ec996d2102d92af6a79053efdcc4d775e0ee18b98c763484,2026-01-28T23:44:19.093888+00:00,DVT_Guardians
Bounty,Multiplier,26,0.2700000000000001,26.0,False,tables/effective_paths/copy_of_guardians_v2_2_5.xlsx,9f5f64efaa063631ec996d2102d92af6a79053efdcc4d775e0ee18b98c763484,2026-01-28T23:44:19.093888+00:00,DVT_Guardians
Bounty,Cooldown,26,94.0,52.0,False,tables/effective_paths/copy_of_guardians_v2_2_5.xlsx,9f5f64efaa063631ec996d2102d92af6a79053efdcc4d775e0ee18b98c763484,2026-01-28T23:44:19.093888+00:00,DVT_Guardians
Bounty,Multiplier,27,0.2800000000000001,27.0,False,tables/effective_paths/copy_of_guardians_v2_2_5.xlsx,9f5f64efaa063631ec996d2102d92af6a79053efdcc4d775e0ee18b98c763484,2026-01-28T23:44:19.093888+00:00,DVT_Guardians
Bounty,Cooldown,27,93.0,54.0,False,tables/effective_paths/copy_of_guardians_v2_2_5.xlsx,9f5f64efaa063631ec996d2102d92af6a79053efdcc4d775e0ee18b98c763484,2026-01-28T23:44:19.093888+00:00,DVT_Guardians
Bounty,Multiplier,28,0.2900000000000001,28.0,False,tables/effective_paths/copy_of_guardians_v2_2_5.xlsx,9f5f64efaa063631ec996d2102d92af6a79053efdcc4d775e0ee18b98c763484,2026-01-28T23:44:19.093888+00:00,DVT_Guardians
Bounty,Cooldown,28,92.0,56.0,False,tables/effective_paths/copy_of_guardians_v2_2_5.xlsx,9f5f64efaa063631ec996d2102d92af6a79053efdcc4d775e0ee18b98c763484,2026-01-28T23:44:19.093888+00:00,DVT_Guardians
Bounty,Multiplier,29,0.3000000000000001,29.0,False,tables/effective_paths/copy_of_guardians_v2_2_5.xlsx,9f5f64efaa063631ec996d2102d92af6a79053efdcc4d775e0ee18b98c763484,2026-01-28T23:44:19.093888+00:00,DVT_Guardians
Bounty,Cooldown,29,91.0,58.0,False,tables/effective_paths/copy_of_guardians_v2_2_5.xlsx,9f5f64efaa063631ec996d2102d92af6a79053efdcc4d775e0ee18b98c763484,2026-01-28T23:44:19.093888+00:00,DVT_Guardians
Bounty,Multiplier,30,0.3100000000000001,30.0,False,tables/effective_paths/copy_of_guardians_v2_2_5.xlsx,9f5f64efaa063631ec996d2102d92af6a79053efdcc4d775e0ee18b98c763484,2026-01-28T23:44:19.093888+00:00,DVT_Guardians
Bounty,Cooldown,30,90.0,60.0,False,tables/effective_paths/copy_of_guardians_v2_2_5.xlsx,9f5f64efaa063631ec996d2102d92af6a79053efdcc4d775e0ee18b98c763484,2026-01-28T23:44:19.093888+00:00,DVT_Guardians
Bounty,Multiplier,31,0.3200000000000001,31.0,False,tables/effective_paths/copy_of_guardians_v2_2_5.xlsx,9f5f64efaa063631ec996d2102d92af6a79053efdcc4d775e0ee18b98c763484,2026-01-28T23:44:19.093888+00:00,DVT_Guardians
Bounty,Cooldown,31,89.0,62.0,False,tables/effective_paths/copy_of_guardians_v2_2_5.xlsx,9f5f64efaa063631ec996d2102d92af6a79053efdcc4d775e0ee18b98c763484,2026-01-28T23:44:19.093888+00:00,DVT_Guardians
Bounty,Multiplier,32,0.3300000000000001,32.0,False,tables/effective_paths/copy_of_guardians_v2_2_5.xlsx,9f5f64efaa063631ec996d2102d92af6a79053efdcc4d775e0ee18b98c763484,2026-01-28T23:44:19.093888+00:00,DVT_Guardians
Bounty,Cooldown,32,88.0,64.0,False,tables/effective_paths/copy_of_guardians_v2_2_5.xlsx,9f5f64efaa063631ec996d2102d92af6a79053efdcc4d775e0ee18b98c763484,2026-01-28T23:44:19.093888+00:00,DVT_Guardians
Bounty,Multiplier,33,0.34000000000000014,33.0,False,tables/effective_paths/copy_of_guardians_v2_2_5.xlsx,9f5f64efaa063631ec996d2102d92af6a79053efdcc4d775e0ee18b98c763484,2026-01-28T23:44:19.093888+00:00,DVT_Guardians
Bounty,Cooldown,33,87.0,66.0,False,tables/effective_paths/copy_of_guardians_v2_2_5.xlsx,9f5f64efaa063631ec996d2102d92af6a79053efdcc4d775e0ee18b98c763484,2026-01-28T23:44:19.093888+00:00,DVT_Guardians
Bounty,Multiplier,34,0.35000000000000014,34.0,False,tables/effective_paths/copy_of_guardians_v2_2_5.xlsx,9f5f64efaa063631ec996d2102d92af6a79053efdcc4d775e0ee18b98c763484,2026-01-28T23:44:19.093888+00:00,DVT_Guardians
Bounty,Cooldown,34,86.0,68.0,False,tables/effective_paths/copy_of_guardians_v2_2_5.xlsx,9f5f64efaa063631ec996d2102d92af6a79053efdcc4d775e0ee18b98c763484,2026-01-28T23:44:19.093888+00:00,DVT_Guardians
Bounty,Multiplier,35,0.36000000000000015,35.0,False,tables/effective_paths/copy_of_guardians_v2_2_5.xlsx,9f5f64efaa063631ec996d2102d92af6a79053efdcc4d775e0ee18b98c763484,2026-01-28T23:44:19.093888+00:00,DVT_Guardians
Bounty,Cooldown,35,85.0,70.0,False,tables/effective_paths/copy_of_guardians_v2_2_5.xlsx,9f5f64efaa063631ec996d2102d92af6a79053efdcc4d775e0ee18b98c763484,2026-01-28T23:44:19.093888+00:00,DVT_Guardians
Bounty,Multiplier,36,0.37000000000000016,36.0,False,tables/effective_paths/copy_of_guardians_v2_2_5.xlsx,9f5f64efaa063631ec996d2102d92af6a79053efdcc4d775e0ee18b98c763484,2026-01-28T23:44:19.093888+00:00,DVT_Guardians
Bounty,Cooldown,36,84.0,72.0,False,tables/effective_paths/copy_of_guardians_v2_2_5.xlsx,9f5f64efaa063631ec996d2102d92af6a79053efdcc4d775e0ee18b98c763484,2026-01-28T23:44:19.093888+00:00,DVT_Guardians
Bounty,Multiplier,37,0.38000000000000017,37.0,False,tables/effective_paths/copy_of_guardians_v2_2_5.xlsx,9f5f64efaa063631ec996d2102d92af6a79053efdcc4d775e0ee18b98c763484,2026-01-28T23:44:19.093888+00:00,DVT_Guardians
Bounty,Cooldown,37,83.0,74.0,False,tables/effective_paths/copy_of_guardians_v2_2_5.xlsx,9f5f64efaa063631ec996d2102d92af6a79053efdcc4d775e0ee18b98c763484,2026-01-28T23:44:19.093888+00:00,DVT_Guardians
Bounty,Multiplier,38,0.3900000000000002,38.0,False,tables/effective_paths/copy_of_guardians_v2_2_5.xlsx,9f5f64efaa063631ec996d2102d92af6a79053efdcc4d775e0ee18b98c763484,2026-01-28T23:44:19.093888+00:00,DVT_Guardians
Bounty,Cooldown,38,82.0,76.0,False,tables/effective_paths/copy_of_guardians_v2_2_5.xlsx,9f5f64efaa063631ec996d2102d92af6a79053efdcc4d775e0ee18b98c763484,2026-01-28T23:44:19.093888+00:00,DVT_Guardians
Bounty,Multiplier,39,0.4000000000000002,39.0,False,tables/effective_paths/copy_of_guardians_v2_2_5.xlsx,9f5f64efaa063631ec996d2102d92af6a79053efdcc4d775e0ee18b98c763484,2026-01-28T23:44:19.093888+00:00,DVT_Guardians
Bounty,Cooldown,39,81.0,78.0,False,tables/effective_paths/copy_of_guardians_v2_2_5.xlsx,9f5f64efaa063631ec996d2102d92af6a79053efdcc4d775e0ee18b98c763484,2026-01-28T23:44:19.093888+00:00,DVT_Guardians
Bounty,Multiplier,40,0.4100000000000002,40.0,False,tables/effective_paths/copy_of_guardians_v2_2_5.xlsx,9f5f64efaa063631ec996d2102d92af6a79053efdcc4d775e0ee18b98c763484,2026-01-28T23:44:19.093888+00:00,DVT_Guardians
Bounty,Cooldown,40,80.0,80.0,False,tables/effective_paths/copy_of_guardians_v2_2_5.xlsx,9f5f64efaa063631ec996d2102d92af6a79053efdcc4d775e0ee18b98c763484,2026-01-28T23:44:19.093888+00:00,DVT_Guardians
Bounty,Multiplier,41,0.4200000000000002,41.0,False,tables/effective_paths/copy_of_guardians_v2_2_5.xlsx,9f5f64efaa063631ec996d2102d92af6a79053efdcc4d775e0ee18b98c763484,2026-01-28T23:44:19.093888+00:00,DVT_Guardians
Bounty,Cooldown,41,79.0,82.0,False,tables/effective_paths/copy_of_guardians_v2_2_5.xlsx,9f5f64efaa063631ec996d2102d92af6a79053efdcc4d775e0ee18b98c763484,2026-01-28T23:44:19.093888+00:00,DVT_Guardians
Bounty,Multiplier,42,0.4300000000000002,42.0,False,tables/effective_paths/copy_of_guardians_v2_2_5.xlsx,9f5f64efaa063631ec996d2102d92af6a79053efdcc4d775e0ee18b98c763484,2026-01-28T23:44:19.093888+00:00,DVT_Guardians
Bounty,Cooldown,42,78.0,84.0,False,tables/effective_paths/copy_of_guardians_v2_2_5.xlsx,9f5f64efaa063631ec996d2102d92af6a79053efdcc4d775e0ee18b98c763484,2026-01-28T23:44:19.093888+00:00,DVT_Guardians
Bounty,Multiplier,43,0.4400000000000002,43.0,False,tables/effective_paths/copy_of_guardians_v2_2_5.xlsx,9f5f64efaa063631ec996d2102d92af6a79053efdcc4d775e0ee18b98c763484,2026-01-28T23:44:19.093888+00:00,DVT_Guardians
Bounty,Cooldown,43,77.0,86.0,False,tables/effective_paths/copy_of_guardians_v2_2_5.xlsx,9f5f64efaa063631ec996d2102d92af6a79053efdcc4d775e0ee18b98c763484,2026-01-28T23:44:19.093888+00:00,DVT_Guardians
Bounty,Multiplier,44,0.45000000000000023,44.0,False,tables/effective_paths/copy_of_guardians_v2_2_5.xlsx,9f5f64efaa063631ec996d2102d92af6a79053efdcc4d775e0ee18b98c763484,2026-01-28T23:44:19.093888+00:00,DVT_Guardians
Bounty,Cooldown,44,76.0,88.0,False,tables/effective_paths/copy_of_guardians_v2_2_5.xlsx,9f5f64efaa063631ec996d2102d92af6a79053efdcc4d775e0ee18b98c763484,2026-01-28T23:44:19.093888+00:00,DVT_Guardians
Bounty,Multiplier,45,0.46000000000000024,45.0,False,tables/effective_paths/copy_of_guardians_v2_2_5.xlsx,9f5f64efaa063631ec996d2102d92af6a79053efdcc4d775e0ee18b98c763484,2026-01-28T23:44:19.093888+00:00,DVT_Guardians
Bounty,Cooldown,45,75.0,90.0,False,tables/effective_paths/copy_of_guardians_v2_2_5.xlsx,9f5f64efaa063631ec996d2102d92af6a79053efdcc4d775e0ee18b98c763484,2026-01-28T23:44:19.093888+00:00,DVT_Guardians
Bounty,Multiplier,46,0.47000000000000025,46.0,False,tables/effective_paths/copy_of_guardians_v2_2_5.xlsx,9f5f64efaa063631ec996d2102d92af6a79053efdcc4d775e0ee18b98c763484,2026-01-28T23:44:19.093888+00:00,DVT_Guardians
Bounty,Cooldown,46,74.0,92.0,False,tables/effective_paths/copy_of_guardians_v2_2_5.xlsx,9f5f64efaa063631ec996d2102d92af6a79053efdcc4d775e0ee18b98c763484,2026-01-28T23:44:19.093888+00:00,DVT_Guardians
Bounty,Multiplier,47,0.48000000000000026,47.0,False,tables/effective_paths/copy_of_guardians_v2_2_5.xlsx,9f5f64efaa063631ec996d2102d92af6a79053efdcc4d775e0ee18b98c763484,2026-01-28T23:44:19.093888+00:00,DVT_Guardians
Bounty,Cooldown,47,73.0,94.0,False,tables/effective_paths/copy_of_guardians_v2_2_5.xlsx,9f5f64efaa063631ec996d2102d92af6a79053efdcc4d775e0ee18b98c763484,2026-01-28T23:44:19.093888+00:00,DVT_Guardians
Bounty,Multiplier,48,0.49000000000000027,48.0,False,tables/effective_paths/copy_of_guardians_v2_2_5.xlsx,9f5f64efaa063631ec996d2102d92af6a79053efdcc4d775e0ee18b98c763484,2026-01-28T23:44:19.093888+00:00,DVT_Guardians
Bounty,Cooldown,48,72.0,96.0,False,tables/effective_paths/copy_of_guardians_v2_2_5.xlsx,9f5f64efaa063631ec996d2102d92af6a79053efdcc4d775e0ee18b98c763484,2026-01-28T23:44:19.093888+00:00,DVT_Guardians
Bounty,Multiplier,49,0.5000000000000002,49.0,False,tables/effective_paths/copy_of_guardians_v2_2_5.xlsx,9f5f64efaa063631ec996d2102d92af6a79053efdcc4d775e0ee18b98c763484,2026-01-28T23:44:19.093888+00:00,DVT_Guardians
Bounty,Cooldown,49,71.0,98.0,False,tables/effective_paths/copy_of_guardians_v2_2_5.xlsx,9f5f64efaa063631ec996d2102d92af6a79053efdcc4d775e0ee18b98c763484,2026-01-28T23:44:19.093888+00:00,DVT_Guardians
Bounty,Multiplier,50,0.5100000000000002,50.0,False,tables/effective_paths/copy_of_guardians_v2_2_5.xlsx,9f5f64efaa063631ec996d2102d92af6a79053efdcc4d775e0ee18b98c763484,2026-01-28T23:44:19.093888+00:00,DVT_Guardians
Bounty,Cooldown,50,70.0,100.0,False,tables/effective_paths/copy_of_guardians_v2_2_5.xlsx,9f5f64efaa063631ec996d2102d92af6a79053efdcc4d775e0ee18b98c763484,2026-01-28T23:44:19.093888+00:00,DVT_Guardians
Bounty,Multiplier,51,0.5200000000000002,51.0,False,tables/effective_paths/copy_of_guardians_v2_2_5.xlsx,9f5f64efaa063631ec996d2102d92af6a79053efdcc4d775e0ee18b98c763484,2026-01-28T23:44:19.093888+00:00,DVT_Guardians
Bounty,Cooldown,51,69.0,102.0,False,tables/effective_paths/copy_of_guardians_v2_2_5.xlsx,9f5f64efaa063631ec996d2102d92af6a79053efdcc4d775e0ee18b98c763484,2026-01-28T23:44:19.093888+00:00,DVT_Guardians
Bounty,Multiplier,52,0.5300000000000002,52.0,False,tables/effective_paths/copy_of_guardians_v2_2_5.xlsx,9f5f64efaa063631ec996d2102d92af6a79053efdcc4d775e0ee18b98c763484,2026-01-28T23:44:19.093888+00:00,DVT_Guardians
Bounty,Cooldown,52,68.0,104.0,False,tables/effective_paths/copy_of_guardians_v2_2_5.xlsx,9f5f64efaa063631ec996d2102d92af6a79053efdcc4d775e0ee18b98c763484,2026-01-28T23:44:19.093888+00:00,DVT_Guardians
Bounty,Multiplier,53,0.5400000000000003,53.0,False,tables/effective_paths/copy_of_guardians_v2_2_5.xlsx,9f5f64efaa063631ec996d2102d92af6a79053efdcc4d775e0ee18b98c763484,2026-01-28T23:44:19.093888+00:00,DVT_Guardians
Bounty,Cooldown,53,67.0,106.0,False,tables/effective_paths/copy_of_guardians_v2_2_5.xlsx,9f5f64efaa063631ec996d2102d92af6a79053efdcc4d775e0ee18b98c763484,2026-01-28T23:44:19.093888+00:00,DVT_Guardians
Bounty,Multiplier,54,0.5500000000000003,54.0,False,tables/effective_paths/copy_of_guardians_v2_2_5.xlsx,9f5f64efaa063631ec996d2102d92af6a79053efdcc4d775e0ee18b98c763484,2026-01-28T23:44:19.093888+00:00,DVT_Guardians
Bounty,Cooldown,54,66.0,108.0,False,tables/effective_paths/copy_of_guardians_v2_2_5.xlsx,9f5f64efaa063631ec996d2102d92af6a79053efdcc4d775e0ee18b98c763484,2026-01-28T23:44:19.093888+00:00,DVT_Guardians
Bounty,Multiplier,55,0.5600000000000003,55.0,False,tables/effective_paths/copy_of_guardians_v2_2_5.xlsx,9f5f64efaa063631ec996d2102d92af6a79053efdcc4d775e0ee18b98c763484,2026-01-28T23:44:19.093888+00:00,DVT_Guardians
Bounty,Cooldown,55,65.0,110.0,False,tables/effective_paths/copy_of_guardians_v2_2_5.xlsx,9f5f64efaa063631ec996d2102d92af6a79053efdcc4d775e0ee18b98c763484,2026-01-28T23:44:19.093888+00:00,DVT_Guardians
Bounty,Multiplier,56,0.5700000000000003,56.0,False,tables/effective_paths/copy_of_guardians_v2_2_5.xlsx,9f5f64efaa063631ec996d2102d92af6a79053efdcc4d775e0ee18b98c763484,2026-01-28T23:44:19.093888+00:00,DVT_Guardians
Bounty,Cooldown,56,64.0,112.0,False,tables/effective_paths/copy_of_guardians_v2_2_5.xlsx,9f5f64efaa063631ec996d2102d92af6a79053efdcc4d775e0ee18b98c763484,2026-01-28T23:44:19.093888+00:00,DVT_Guardians
Bounty,Multiplier,57,0.5800000000000003,57.0,False,tables/effective_paths/copy_of_guardians_v2_2_5.xlsx,9f5f64efaa063631ec996d2102d92af6a79053efdcc4d775e0ee18b98c763484,2026-01-28T23:44:19.093888+00:00,DVT_Guardians
Bounty,Cooldown,57,63.0,114.0,False,tables/effective_paths/copy_of_guardians_v2_2_5.xlsx,9f5f64efaa063631ec996d2102d92af6a79053efdcc4d775e0ee18b98c763484,2026-01-28T23:44:19.093888+00:00,DVT_Guardians
Bounty,Multiplier,58,0.5900000000000003,58.0,False,tables/effective_paths/copy_of_guardians_v2_2_5.xlsx,9f5f64efaa063631ec996d2102d92af6a79053efdcc4d775e0ee18b98c763484,2026-01-28T23:44:19.093888+00:00,DVT_Guardians
Bounty,Cooldown,58,62.0,116.0,False,tables/effective_paths/copy_of_guardians_v2_2_5.xlsx,9f5f64efaa063631ec996d2102d92af6a79053efdcc4d775e0ee18b98c763484,2026-01-28T23:44:19.093888+00:00,DVT_Guardians
Bounty,Multiplier,59,0.6000000000000003,59.0,False,tables/effective_paths/copy_of_guardians_v2_2_5.xlsx,9f5f64efaa063631ec996d2102d92af6a79053efdcc4d775e0ee18b98c763484,2026-01-28T23:44:19.093888+00:00,DVT_Guardians
Bounty,Cooldown,59,61.0,118.0,False,tables/effective_paths/copy_of_guardians_v2_2_5.xlsx,9f5f64efaa063631ec996d2102d92af6a79053efdcc4d775e0ee18b98c763484,2026-01-28T23:44:19.093888+00:00,DVT_Guardians
Bounty,Multiplier,60,0.6100000000000003,60.0,False,tables/effective_paths/copy_of_guardians_v2_2_5.xlsx,9f5f64efaa063631ec996d2102d92af6a79053efdcc4d775e0ee18b98c763484,2026-01-28T23:44:19.093888+00:00,DVT_Guardians
Bounty,Cooldown,60,60.0,120.0,True,tables/effective_paths/copy_of_guardians_v2_2_5.xlsx,9f5f64efaa063631ec996d2102d92af6a79053efdcc4d775e0ee18b98c763484,2026-01-28T23:44:19.093888+00:00,DVT_Guardians
Bounty,Multiplier,61,0.6200000000000003,61.0,False,tables/effective_paths/copy_of_guardians_v2_2_5.xlsx,9f5f64efaa063631ec996d2102d92af6a79053efdcc4d775e0ee18b98c763484,2026-01-28T23:44:19.093888+00:00,DVT_Guardians
Bounty,Multiplier,62,0.6300000000000003,62.0,False,tables/effective_paths/copy_of_guardians_v2_2_5.xlsx,9f5f64efaa063631ec996d2102d92af6a79053efdcc4d775e0ee18b98c763484,2026-01-28T23:44:19.093888+00:00,DVT_Guardians
Bounty,Multiplier,63,0.6400000000000003,63.0,False,tables/effective_paths/copy_of_guardians_v2_2_5.xlsx,9f5f64efaa063631ec996d2102d92af6a79053efdcc4d775e0ee18b98c763484,2026-01-28T23:44:19.093888+00:00,DVT_Guardians
Bounty,Multiplier,64,0.6500000000000004,64.0,False,tables/effective_paths/copy_of_guardians_v2_2_5.xlsx,9f5f64efaa063631ec996d2102d92af6a79053efdcc4d775e0ee18b98c763484,2026-01-28T23:44:19.093888+00:00,DVT_Guardians
Bounty,Multiplier,65,0.6600000000000004,65.0,False,tables/effective_paths/copy_of_guardians_v2_2_5.xlsx,9f5f64efaa063631ec996d2102d92af6a79053efdcc4d775e0ee18b98c763484,2026-01-28T23:44:19.093888+00:00,DVT_Guardians
Bounty,Multiplier,66,0.6700000000000004,66.0,False,tables/effective_paths/copy_of_guardians_v2_2_5.xlsx,9f5f64efaa063631ec996d2102d92af6a79053efdcc4d775e0ee18b98c763484,2026-01-28T23:44:19.093888+00:00,DVT_Guardians
Bounty,Multiplier,67,0.6800000000000004,67.0,False,tables/effective_paths/copy_of_guardians_v2_2_5.xlsx,9f5f64efaa063631ec996d2102d92af6a79053efdcc4d775e0ee18b98c763484,2026-01-28T23:44:19.093888+00:00,DVT_Guardians
Bounty,Multiplier,68,0.6900000000000004,68.0,False,tables/effective_paths/copy_of_guardians_v2_2_5.xlsx,9f5f64efaa063631ec996d2102d92af6a79053efdcc4d775e0ee18b98c763484,2026-01-28T23:44:19.093888+00:00,DVT_Guardians
Bounty,Multiplier,69,0.7000000000000004,69.0,False,tables/effective_paths/copy_of_guardians_v2_2_5.xlsx,9f5f64efaa063631ec996d2102d92af6a79053efdcc4d775e0ee18b98c763484,2026-01-28T23:44:19.093888+00:00,DVT_Guardians
Bounty,Multiplier,70,0.7100000000000004,70.0,False,tables/effective_paths/copy_of_guardians_v2_2_5.xlsx,9f5f64efaa063631ec996d2102d92af6a79053efdcc4d775e0ee18b98c763484,2026-01-28T23:44:19.093888+00:00,DVT_Guardians
Bounty,Multiplier,71,0.7200000000000004,71.0,False,tables/effective_paths/copy_of_guardians_v2_2_5.xlsx,9f5f64efaa063631ec996d2102d92af6a79053efdcc4d775e0ee18b98c763484,2026-01-28T23:44:19.093888+00:00,DVT_Guardians
Bounty,Multiplier,72,0.7300000000000004,72.0,False,tables/effective_paths/copy_of_guardians_v2_2_5.xlsx,9f5f64efaa063631ec996d2102d92af6a79053efdcc4d775e0ee18b98c763484,2026-01-28T23:44:19.093888+00:00,DVT_Guardians
Bounty,Multiplier,73,0.7400000000000004,73.0,False,tables/effective_paths/copy_of_guardians_v2_2_5.xlsx,9f5f64efaa063631ec996d2102d92af6a79053efdcc4d775e0ee18b98c763484,2026-01-28T23:44:19.093888+00:00,DVT_Guardians
Bounty,Multiplier,74,0.7500000000000004,74.0,False,tables/effective_paths/copy_of_guardians_v2_2_5.xlsx,9f5f64efaa063631ec996d2102d92af6a79053efdcc4d775e0ee18b98c763484,2026-01-28T23:44:19.093888+00:00,DVT_Guardians
Bounty,Multiplier,75,0.7600000000000005,75.0,False,tables/effective_paths/copy_of_guardians_v2_2_5.xlsx,9f5f64efaa063631ec996d2102d92af6a79053efdcc4d775e0ee18b98c763484,2026-01-28T23:44:19.093888+00:00,DVT_Guardians
Bounty,Multiplier,76,0.7700000000000005,76.0,False,tables/effective_paths/copy_of_guardians_v2_2_5.xlsx,9f5f64efaa063631ec996d2102d92af6a79053efdcc4d775e0ee18b98c763484,2026-01-28T23:44:19.093888+00:00,DVT_Guardians
Bounty,Multiplier,77,0.7800000000000005,77.0,False,tables/effective_paths/copy_of_guardians_v2_2_5.xlsx,9f5f64efaa063631ec996d2102d92af6a79053efdcc4d775e0ee18b98c763484,2026-01-28T23:44:19.093888+00:00,DVT_Guardians
Bounty,Multiplier,78,0.7900000000000005,78.0,False,tables/effective_paths/copy_of_guardians_v2_2_5.xlsx,9f5f64efaa063631ec996d2102d92af6a79053efdcc4d775e0ee18b98c763484,2026-01-28T23:44:19.093888+00:00,DVT_Guardians
Bounty,Multiplier,79,0.8000000000000005,79.0,False,tables/effective_paths/copy_of_guardians_v2_2_5.xlsx,9f5f64efaa063631ec996d2102d92af6a79053efdcc4d775e0ee18b98c763484,2026-01-28T23:44:19.093888+00:00,DVT_Guardians
Bounty,Multiplier,80,0.8100000000000005,80.0,False,tables/effective_paths/copy_of_guardians_v2_2_5.xlsx,9f5f64efaa063631ec996d2102d92af6a79053efdcc4d775e0ee18b98c763484,2026-01-28T23:44:19.093888+00:00,DVT_Guardians
Bounty,Multiplier,81,0.8200000000000005,81.0,False,tables/effective_paths/copy_of_guardians_v2_2_5.xlsx,9f5f64efaa063631ec996d2102d92af6a79053efdcc4d775e0ee18b98c763484,2026-01-28T23:44:19.093888+00:00,DVT_Guardians
Bounty,Multiplier,82,0.8300000000000005,82.0,False,tables/effective_paths/copy_of_guardians_v2_2_5.xlsx,9f5f64efaa063631ec996d2102d92af6a79053efdcc4d775e0ee18b98c763484,2026-01-28T23:44:19.093888+00:00,DVT_Guardians
Bounty,Multiplier,83,0.8400000000000005,83.0,False,tables/effective_paths/copy_of_guardians_v2_2_5.xlsx,9f5f64efaa063631ec996d2102d92af6a79053efdcc4d775e0ee18b98c763484,2026-01-28T23:44:19.093888+00:00,DVT_Guardians
Bounty,Multiplier,84,0.8500000000000005,84.0,False,tables/effective_paths/copy_of_guardians_v2_2_5.xlsx,9f5f64efaa063631ec996d2102d92af6a79053efdcc4d775e0ee18b98c763484,2026-01-28T23:44:19.093888+00:00,DVT_Guardians
Bounty,Multiplier,85,0.8600000000000005,85.0,False,tables/effective_paths/copy_of_guardians_v2_2_5.xlsx,9f5f64efaa063631ec996d2102d92af6a79053efdcc4d775e0ee18b98c763484,2026-01-28T23:44:19.093888+00:00,DVT_Guardians
Bounty,Multiplier,86,0.8700000000000006,86.0,False,tables/effective_paths/copy_of_guardians_v2_2_5.xlsx,9f5f64efaa063631ec996d2102d92af6a79053efdcc4d775e0ee18b98c763484,2026-01-28T23:44:19.093888+00:00,DVT_Guardians
Bounty,Multiplier,87,0.8800000000000006,87.0,False,tables/effective_paths/copy_of_guardians_v2_2_5.xlsx,9f5f64efaa063631ec996d2102d92af6a79053efdcc4d775e0ee18b98c763484,2026-01-28T23:44:19.093888+00:00,DVT_Guardians
Bounty,Multiplier,88,0.8900000000000006,88.0,False,tables/effective_paths/copy_of_guardians_v2_2_5.xlsx,9f5f64efaa063631ec996d2102d92af6a79053efdcc4d775e0ee18b98c763484,2026-01-28T23:44:19.093888+00:00,DVT_Guardians
Bounty,Multiplier,89,0.9000000000000006,89.0,False,tables/effective_paths/copy_of_guardians_v2_2_5.xlsx,9f5f64efaa063631ec996d2102d92af6a79053efdcc4d775e0ee18b98c763484,2026-01-28T23:44:19.093888+00:00,DVT_Guardians
Bounty,Multiplier,90,0.9100000000000006,90.0,False,tables/effective_paths/copy_of_guardians_v2_2_5.xlsx,9f5f64efaa063631ec996d2102d92af6a79053efdcc4d775e0ee18b98c763484,2026-01-28T23:44:19.093888+00:00,DVT_Guardians
Bounty,Multiplier,91,0.9200000000000006,91.0,False,tables/effective_paths/copy_of_guardians_v2_2_5.xlsx,9f5f64efaa063631ec996d2102d92af6a79053efdcc4d775e0ee18b98c763484,2026-01-28T23:44:19.093888+00:00,DVT_Guardians
Bounty,Multiplier,92,0.9300000000000006,92.0,False,tables/effective_paths/copy_of_guardians_v2_2_5.xlsx,9f5f64efaa063631ec996d2102d92af6a79053efdcc4d775e0ee18b98c763484,2026-01-28T23:44:19.093888+00:00,DVT_Guardians
Bounty,Multiplier,93,0.9400000000000006,93.0,False,tables/effective_paths/copy_of_guardians_v2_2_5.xlsx,9f5f64efaa063631ec996d2102d92af6a79053efdcc4d775e0ee18b98c763484,2026-01-28T23:44:19.093888+00:00,DVT_Guardians
Bounty,Multiplier,94,0.9500000000000006,94.0,False,tables/effective_paths/copy_of_guardians_v2_2_5.xlsx,9f5f64efaa063631ec996d2102d92af6a79053efdcc4d775e0ee18b98c763484,2026-01-28T23:44:19.093888+00:00,DVT_Guardians
Bounty,Multiplier,95,0.9600000000000006,95.0,False,tables/effective_paths/copy_of_guardians_v2_2_5.xlsx,9f5f64efaa063631ec996d2102d92af6a79053efdcc4d775e0ee18b98c763484,2026-01-28T23:44:19.093888+00:00,DVT_Guardians
Bounty,Multiplier,96,0.9700000000000006,96.0,False,tables/effective_paths/copy_of_guardians_v2_2_5.xlsx,9f5f64efaa063631ec996d2102d92af6a79053efdcc4d775e0ee18b98c763484,2026-01-28T23:44:19.093888+00:00,DVT_Guardians
Bounty,Multiplier,97,0.9800000000000006,97.0,False,tables/effective_paths/copy_of_guardians_v2_2_5.xlsx,9f5f64efaa063631ec996d2102d92af6a79053efdcc4d775e0ee18b98c763484,2026-01-28T23:44:19.093888+00:00,DVT_Guardians
Bounty,Multiplier,98,0.9900000000000007,98.0,False,tables/effective_paths/copy_of_guardians_v2_2_5.xlsx,9f5f64efaa063631ec996d2102d92af6a79053efdcc4d775e0ee18b98c763484,2026-01-28T23:44:19.093888+00:00,DVT_Guardians
Bounty,Multiplier,99,1.0000000000000007,99.0,True,tables/effective_paths/copy_of_guardians_v2_2_5.xlsx,9f5f64efaa063631ec996d2102d92af6a79053efdcc4d775e0ee18b98c763484,2026-01-28T23:44:19.093888+00:00,DVT_Guardians
Fetch,Cooldown,0,120.0,0.0,False,tables/effective_paths/copy_of_guardians_v2_2_5.xlsx,9f5f64efaa063631ec996d2102d92af6a79053efdcc4d775e0ee18b98c763484,2026-01-28T23:44:19.093888+00:00,DVT_Guardians
Fetch,Find Chance,0,0.1,0.0,False,tables/effective_paths/copy_of_guardians_v2_2_5.xlsx,9f5f64efaa063631ec996d2102d92af6a79053efdcc4d775e0ee18b98c763484,2026-01-28T23:44:19.093888+00:00,DVT_Guardians
Fetch,Double Find Chance,0,0.02,0.0,False,tables/effective_paths/copy_of_guardians_v2_2_5.xlsx,9f5f64efaa063631ec996d2102d92af6a79053efdcc4d775e0ee18b98c763484,2026-01-28T23:44:19.093888+00:00,DVT_Guardians
Fetch,Cooldown,1,119.0,2.0,False,tables/effective_paths/copy_of_guardians_v2_2_5.xlsx,9f5f64efaa063631ec996d2102d92af6a79053efdcc4d775e0ee18b98c763484,2026-01-28T23:44:19.093888+00:00,DVT_Guardians
Fetch,Find Chance,1,0.11,20.0,False,tables/effective_paths/copy_of_guardians_v2_2_5.xlsx,9f5f64efaa063631ec996d2102d92af6a79053efdcc4d775e0ee18b98c763484,2026-01-28T23:44:19.093888+00:00,DVT_Guardians
Fetch,Double Find Chance,1,0.03,10.0,False,tables/effective_paths/copy_of_guardians_v2_2_5.xlsx,9f5f64efaa063631ec996d2102d92af6a79053efdcc4d775e0ee18b98c763484,2026-01-28T23:44:19.093888+00:00,DVT_Guardians
Fetch,Cooldown,2,118.0,4.0,False,tables/effective_paths/copy_of_guardians_v2_2_5.xlsx,9f5f64efaa063631ec996d2102d92af6a79053efdcc4d775e0ee18b98c763484,2026-01-28T23:44:19.093888+00:00,DVT_Guardians
Fetch,Find Chance,2,0.12,25.0,False,tables/effective_paths/copy_of_guardians_v2_2_5.xlsx,9f5f64efaa063631ec996d2102d92af6a79053efdcc4d775e0ee18b98c763484,2026-01-28T23:44:19.093888+00:00,DVT_Guardians
Fetch,Double Find Chance,2,0.04,15.0,False,tables/effective_paths/copy_of_guardians_v2_2_5.xlsx,9f5f64efaa063631ec996d2102d92af6a79053efdcc4d775e0ee18b98c763484,2026-01-28T23:44:19.093888+00:00,DVT_Guardians
Fetch,Cooldown,3,117.0,6.0,False,tables/effective_paths/copy_of_guardians_v2_2_5.xlsx,9f5f64efaa063631ec996d2102d92af6a79053efdcc4d775e0ee18b98c763484,2026-01-28T23:44:19.093888+00:00,DVT_Guardians
Fetch,Find Chance,3,0.13,30.0,False,tables/effective_paths/copy_of_guardians_v2_2_5.xlsx,9f5f64efaa063631ec996d2102d92af6a79053efdcc4d775e0ee18b98c763484,2026-01-28T23:44:19.093888+00:00,DVT_Guardians
Fetch,Double Find Chance,3,0.05,20.0,False,tables/effective_paths/copy_of_guardians_v2_2_5.xlsx,9f5f64efaa063631ec996d2102d92af6a79053efdcc4d775e0ee18b98c763484,2026-01-28T23:44:19.093888+00:00,DVT_Guardians
Fetch,Cooldown,4,116.0,8.0,False,tables/effective_paths/copy_of_guardians_v2_2_5.xlsx,9f5f64efaa063631ec996d2102d92af6a79053efdcc4d775e0ee18b98c763484,2026-01-28T23:44:19.093888+00:00,DVT_Guardians
Fetch,Find Chance,4,0.14,35.0,False,tables/effective_paths/copy_of_guardians_v2_2_5.xlsx,9f5f64efaa063631ec996d2102d92af6a79053efdcc4d775e0ee18b98c763484,2026-01-28T23:44:19.093888+00:00,DVT_Guardians
Fetch,Double Find Chance,4,0.060000000000000005,25.0,False,tables/effective_paths/copy_of_guardians_v2_2_5.xlsx,9f5f64efaa063631ec996d2102d92af6a79053efdcc4d775e0ee18b98c763484,2026-01-28T23:44:19.093888+00:00,DVT_Guardians
Fetch,Cooldown,5,115.0,10.0,False,tables/effective_paths/copy_of_guardians_v2_2_5.xlsx,9f5f64efaa063631ec996d2102d92af6a79053efdcc4d775e0ee18b98c763484,2026-01-28T23:44:19.093888+00:00,DVT_Guardians
Fetch,Find Chance,5,0.15000000000000002,40.0,False,tables/effective_paths/copy_of_guardians_v2_2_5.xlsx,9f5f64efaa063631ec996d2102d92af6a79053efdcc4d775e0ee18b98c763484,2026-01-28T23:44:19.093888+00:00,DVT_Guardians
Fetch,Double Find Chance,5,0.07,30.0,False,tables/effective_paths/copy_of_guardians_v2_2_5.xlsx,9f5f64efaa063631ec996d2102d92af6a79053efdcc4d775e0ee18b98c763484,2026-01-28T23:44:19.093888+00:00,DVT_Guardians
Fetch,Cooldown,6,114.0,12.0,False,tables/effective_paths/copy_of_guardians_v2_2_5.xlsx,9f5f64efaa063631ec996d2102d92af6a79053efdcc4d775e0ee18b98c763484,2026-01-28T23:44:19.093888+00:00,DVT_Guardians
Fetch,Find Chance,6,0.16000000000000003,45.0,False,tables/effective_paths/copy_of_guardians_v2_2_5.xlsx,9f5f64efaa063631ec996d2102d92af6a79053efdcc4d775e0ee18b98c763484,2026-01-28T23:44:19.093888+00:00,DVT_Guardians
Fetch,Double Find Chance,6,0.08,35.0,False,tables/effective_paths/copy_of_guardians_v2_2_5.xlsx,9f5f64efaa063631ec996d2102d92af6a79053efdcc4d775e0ee18b98c763484,2026-01-28T23:44:19.093888+00:00,DVT_Guardians
Fetch,Cooldown,7,113.0,14.0,False,tables/effective_paths/copy_of_guardians_v2_2_5.xlsx,9f5f64efaa063631ec996d2102d92af6a79053efdcc4d775e0ee18b98c763484,2026-01-28T23:44:19.093888+00:00,DVT_Guardians
Fetch,Find Chance,7,0.17000000000000004,50.0,False,tables/effective_paths/copy_of_guardians_v2_2_5.xlsx,9f5f64efaa063631ec996d2102d92af6a79053efdcc4d775e0ee18b98c763484,2026-01-28T23:44:19.093888+00:00,DVT_Guardians
Fetch,Double Find Chance,7,0.09,40.0,False,tables/effective_paths/copy_of_guardians_v2_2_5.xlsx,9f5f64efaa063631ec996d2102d92af6a79053efdcc4d775e0ee18b98c763484,2026-01-28T23:44:19.093888+00:00,DVT_Guardians
Fetch,Cooldown,8,112.0,16.0,False,tables/effective_paths/copy_of_guardians_v2_2_5.xlsx,9f5f64efaa063631ec996d2102d92af6a79053efdcc4d775e0ee18b98c763484,2026-01-28T23:44:19.093888+00:00,DVT_Guardians
Fetch,Find Chance,8,0.18000000000000005,55.0,False,tables/effective_paths/copy_of_guardians_v2_2_5.xlsx,9f5f64efaa063631ec996d2102d92af6a79053efdcc4d775e0ee18b98c763484,2026-01-28T23:44:19.093888+00:00,DVT_Guardians
Fetch,Double Find Chance,8,0.09999999999999999,45.0,False,tables/effective_paths/copy_of_guardians_v2_2_5.xlsx,9f5f64efaa063631ec996d2102d92af6a79053efdcc4d775e0ee18b98c763484,2026-01-28T23:44:19.093888+00:00,DVT_Guardians
Fetch,Cooldown,9,111.0,18.0,False,tables/effective_paths/copy_of_guardians_v2_2_5.xlsx,9f5f64efaa063631ec996d2102d92af6a79053efdcc4d775e0ee18b98c763484,2026-01-28T23:44:19.093888+00:00,DVT_Guardians
Fetch,Find Chance,9,0.19000000000000006,60.0,False,tables/effective_paths/copy_of_guardians_v2_2_5.xlsx,9f5f64efaa063631ec996d2102d92af6a79053efdcc4d775e0ee18b98c763484,2026-01-28T23:44:19.093888+00:00,DVT_Guardians
Fetch,Double Find Chance,9,0.10999999999999999,50.0,False,tables/effective_paths/copy_of_guardians_v2_2_5.xlsx,9f5f64efaa063631ec996d2102d92af6a79053efdcc4d775e0ee18b98c763484,2026-01-28T23:44:19.093888+00:00,DVT_Guardians
Fetch,Cooldown,10,110.0,20.0,False,tables/effective_paths/copy_of_guardians_v2_2_5.xlsx,9f5f64efaa063631ec996d2102d92af6a79053efdcc4d775e0ee18b98c763484,2026-01-28T23:44:19.093888+00:00,DVT_Guardians
Fetch,Find Chance,10,0.20000000000000007,65.0,False,tables/effective_paths/copy_of_guardians_v2_2_5.xlsx,9f5f64efaa063631ec996d2102d92af6a79053efdcc4d775e0ee18b98c763484,2026-01-28T23:44:19.093888+00:00,DVT_Guardians
Fetch,Double Find Chance,10,0.11999999999999998,55.0,False,tables/effective_paths/copy_of_guardians_v2_2_5.xlsx,9f5f64efaa063631ec996d2102d92af6a79053efdcc4d775e0ee18b98c763484,2026-01-28T23:44:19.093888+00:00,DVT_Guardians
Fetch,Cooldown,11,109.0,22.0,False,tables/effective_paths/copy_of_guardians_v2_2_5.xlsx,9f5f64efaa063631ec996d2102d92af6a79053efdcc4d775e0ee18b98c763484,2026-01-28T23:44:19.093888+00:00,DVT_Guardians
Fetch,Find Chance,11,0.21000000000000008,70.0,False,tables/effective_paths/copy_of_guardians_v2_2_5.xlsx,9f5f64efaa063631ec996d2102d92af6a79053efdcc4d775e0ee18b98c763484,2026-01-28T23:44:19.093888+00:00,DVT_Guardians
Fetch,Double Find Chance,11,0.12999999999999998,60.0,False,tables/effective_paths/copy_of_guardians_v2_2_5.xlsx,9f5f64efaa063631ec996d2102d92af6a79053efdcc4d775e0ee18b98c763484,2026-01-28T23:44:19.093888+00:00,DVT_Guardians
Fetch,Cooldown,12,108.0,24.0,False,tables/effective_paths/copy_of_guardians_v2_2_5.xlsx,9f5f64efaa063631ec996d2102d92af6a79053efdcc4d775e0ee18b98c763484,2026-01-28T23:44:19.093888+00:00,DVT_Guardians
Fetch,Find Chance,12,0.22000000000000008,75.0,False,tables/effective_paths/copy_of_guardians_v2_2_5.xlsx,9f5f64efaa063631ec996d2102d92af6a79053efdcc4d775e0ee18b98c763484,2026-01-28T23:44:19.093888+00:00,DVT_Guardians
Fetch,Double Find Chance,12,0.13999999999999999,65.0,False,tables/effective_paths/copy_of_guardians_v2_2_5.xlsx,9f5f64efaa063631ec996d2102d92af6a79053efdcc4d775e0ee18b98c763484,2026-01-28T23:44:19.093888+00:00,DVT_Guardians
Fetch,Cooldown,13,107.0,26.0,False,tables/effective_paths/copy_of_guardians_v2_2_5.xlsx,9f5f64efaa063631ec996d2102d92af6a79053efdcc4d775e0ee18b98c763484,2026-01-28T23:44:19.093888+00:00,DVT_Guardians
Fetch,Find Chance,13,0.2300000000000001,80.0,False,tables/effective_paths/copy_of_guardians_v2_2_5.xlsx,9f5f64efaa063631ec996d2102d92af6a79053efdcc4d775e0ee18b98c763484,2026-01-28T23:44:19.093888+00:00,DVT_Guardians
Fetch,Double Find Chance,13,0.15,70.0,False,tables/effective_paths/copy_of_guardians_v2_2_5.xlsx,9f5f64efaa063631ec996d2102d92af6a79053efdcc4d775e0ee18b98c763484,2026-01-28T23:44:19.093888+00:00,DVT_Guardians
Fetch,Cooldown,14,106.0,28.0,False,tables/effective_paths/copy_of_guardians_v2_2_5.xlsx,9f5f64efaa063631ec996d2102d92af6a79053efdcc4d775e0ee18b98c763484,2026-01-28T23:44:19.093888+00:00,DVT_Guardians
Fetch,Find Chance,14,0.2400000000000001,85.0,False,tables/effective_paths/copy_of_guardians_v2_2_5.xlsx,9f5f64efaa063631ec996d2102d92af6a79053efdcc4d775e0ee18b98c763484,2026-01-28T23:44:19.093888+00:00,DVT_Guardians
Fetch,Double Find Chance,14,0.16,75.0,False,tables/effective_paths/copy_of_guardians_v2_2_5.xlsx,9f5f64efaa063631ec996d2102d92af6a79053efdcc4d775e0ee18b98c763484,2026-01-28T23:44:19.093888+00:00,DVT_Guardians
Fetch,Cooldown,15,105.0,30.0,False,tables/effective_paths/copy_of_guardians_v2_2_5.xlsx,9f5f64efaa063631ec996d2102d92af6a79053efdcc4d775e0ee18b98c763484,2026-01-28T23:44:19.093888+00:00,DVT_Guardians
Fetch,Find Chance,15,0.2500000000000001,90.0,False,tables/effective_paths/copy_of_guardians_v2_2_5.xlsx,9f5f64efaa063631ec996d2102d92af6a79053efdcc4d775e0ee18b98c763484,2026-01-28T23:44:19.093888+00:00,DVT_Guardians
Fetch,Double Find Chance,15,0.17,80.0,False,tables/effective_paths/copy_of_guardians_v2_2_5.xlsx,9f5f64efaa063631ec996d2102d92af6a79053efdcc4d775e0ee18b98c763484,2026-01-28T23:44:19.093888+00:00,DVT_Guardians
Fetch,Cooldown,16,104.0,32.0,False,tables/effective_paths/copy_of_guardians_v2_2_5.xlsx,9f5f64efaa063631ec996d2102d92af6a79053efdcc4d775e0ee18b98c763484,2026-01-28T23:44:19.093888+00:00,DVT_Guardians
Fetch,Find Chance,16,0.2600000000000001,95.0,False,tables/effective_paths/copy_of_guardians_v2_2_5.xlsx,9f5f64efaa063631ec996d2102d92af6a79053efdcc4d775e0ee18b98c763484,2026-01-28T23:44:19.093888+00:00,DVT_Guardians
Fetch,Double Find Chance,16,0.18000000000000002,85.0,False,tables/effective_paths/copy_of_guardians_v2_2_5.xlsx,9f5f64efaa063631ec996d2102d92af6a79053efdcc4d775e0ee18b98c763484,2026-01-28T23:44:19.093888+00:00,DVT_Guardians
Fetch,Cooldown,17,103.0,34.0,False,tables/effective_paths/copy_of_guardians_v2_2_5.xlsx,9f5f64efaa063631ec996d2102d92af6a79053efdcc4d775e0ee18b98c763484,2026-01-28T23:44:19.093888+00:00,DVT_Guardians
Fetch,Find Chance,17,0.27000000000000013,100.0,False,tables/effective_paths/copy_of_guardians_v2_2_5.xlsx,9f5f64efaa063631ec996d2102d92af6a79053efdcc4d775e0ee18b98c763484,2026-01-28T23:44:19.093888+00:00,DVT_Guardians
Fetch,Double Find Chance,17,0.19000000000000003,90.0,False,tables/effective_paths/copy_of_guardians_v2_2_5.xlsx,9f5f64efaa063631ec996d2102d92af6a79053efdcc4d775e0ee18b98c763484,2026-01-28T23:44:19.093888+00:00,DVT_Guardians
Fetch,Cooldown,18,102.0,36.0,False,tables/effective_paths/copy_of_guardians_v2_2_5.xlsx,9f5f64efaa063631ec996d2102d92af6a79053efdcc4d775e0ee18b98c763484,2026-01-28T23:44:19.093888+00:00,DVT_Guardians
Fetch,Find Chance,18,0.28000000000000014,105.0,False,tables/effective_paths/copy_of_guardians_v2_2_5.xlsx,9f5f64efaa063631ec996d2102d92af6a79053efdcc4d775e0ee18b98c763484,2026-01-28T23:44:19.093888+00:00,DVT_Guardians
Fetch,Double Find Chance,18,0.20000000000000004,95.0,False,tables/effective_paths/copy_of_guardians_v2_2_5.xlsx,9f5f64efaa063631ec996d2102d92af6a79053efdcc4d775e0ee18b98c763484,2026-01-28T23:44:19.093888+00:00,DVT_Guardians
Fetch,Cooldown,19,101.0,38.0,False,tables/effective_paths/copy_of_guardians_v2_2_5.xlsx,9f5f64efaa063631ec996d2102d92af6a79053efdcc4d775e0ee18b98c763484,2026-01-28T23:44:19.093888+00:00,DVT_Guardians
Fetch,Find Chance,19,0.29000000000000015,110.0,False,tables/effective_paths/copy_of_guardians_v2_2_5.xlsx,9f5f64efaa063631ec996d2102d92af6a79053efdcc4d775e0ee18b98c763484,2026-01-28T23:44:19.093888+00:00,DVT_Guardians
Fetch,Double Find Chance,19,0.21000000000000005,100.0,False,tables/effective_paths/copy_of_guardians_v2_2_5.xlsx,9f5f64efaa063631ec996d2102d92af6a79053efdcc4d775e0ee18b98c763484,2026-01-28T23:44:19.093888+00:00,DVT_Guardians
Fetch,Cooldown,20,100.0,40.0,False,tables/effective_paths/copy_of_guardians_v2_2_5.xlsx,9f5f64efaa063631ec996d2102d92af6a79053efdcc4d775e0ee18b98c763484,2026-01-28T23:44:19.093888+00:00,DVT_Guardians
Fetch,Find Chance,20,0.30000000000000016,115.0,False,tables/effective_paths/copy_of_guardians_v2_2_5.xlsx,9f5f64efaa063631ec996d2102d92af6a79053efdcc4d775e0ee18b98c763484,2026-01-28T23:44:19.093888+00:00,DVT_Guardians
Fetch,Double Find Chance,20,0.22000000000000006,105.0,False,tables/effective_paths/copy_of_guardians_v2_2_5.xlsx,9f5f64efaa063631ec996d2102d92af6a79053efdcc4d775e0ee18b98c763484,2026-01-28T23:44:19.093888+00:00,DVT_Guardians
Fetch,Cooldown,21,99.0,42.0,False,tables/effective_paths/copy_of_guardians_v2_2_5.xlsx,9f5f64efaa063631ec996d2102d92af6a79053efdcc4d775e0ee18b98c763484,2026-01-28T23:44:19.093888+00:00,DVT_Guardians
Fetch,Find Chance,21,0.31000000000000016,120.0,False,tables/effective_paths/copy_of_guardians_v2_2_5.xlsx,9f5f64efaa063631ec996d2102d92af6a79053efdcc4d775e0ee18b98c763484,2026-01-28T23:44:19.093888+00:00,DVT_Guardians
Fetch,Double Find Chance,21,0.23000000000000007,110.0,False,tables/effective_paths/copy_of_guardians_v2_2_5.xlsx,9f5f64efaa063631ec996d2102d92af6a79053efdcc4d775e0ee18b98c763484,2026-01-28T23:44:19.093888+00:00,DVT_Guardians
Fetch,Cooldown,22,98.0,44.0,False,tables/effective_paths/copy_of_guardians_v2_2_5.xlsx,9f5f64efaa063631ec996d2102d92af6a79053efdcc4d775e0ee18b98c763484,2026-01-28T23:44:19.093888+00:00,DVT_Guardians
Fetch,Find Chance,22,0.3200000000000002,125.0,False,tables/effective_paths/copy_of_guardians_v2_2_5.xlsx,9f5f64efaa063631ec996d2102d92af6a79053efdcc4d775e0ee18b98c763484,2026-01-28T23:44:19.093888+00:00,DVT_Guardians
Fetch,Double Find Chance,22,0.24000000000000007,115.0,False,tables/effective_paths/copy_of_guardians_v2_2_5.xlsx,9f5f64efaa063631ec996d2102d92af6a79053efdcc4d775e0ee18b98c763484,2026-01-28T23:44:19.093888+00:00,DVT_Guardians
Fetch,Cooldown,23,97.0,46.0,False,tables/effective_paths/copy_of_guardians_v2_2_5.xlsx,9f5f64efaa063631ec996d2102d92af6a79053efdcc4d775e0ee18b98c763484,2026-01-28T23:44:19.093888+00:00,DVT_Guardians
Fetch,Find Chance,23,0.3300000000000002,130.0,False,tables/effective_paths/copy_of_guardians_v2_2_5.xlsx,9f5f64efaa063631ec996d2102d92af6a79053efdcc4d775e0ee18b98c763484,2026-01-28T23:44:19.093888+00:00,DVT_Guardians
Fetch,Double Find Chance,23,0.25000000000000006,120.0,False,tables/effective_paths/copy_of_guardians_v2_2_5.xlsx,9f5f64efaa063631ec996d2102d92af6a79053efdcc4d775e0ee18b98c763484,2026-01-28T23:44:19.093888+00:00,DVT_Guardians
Fetch,Cooldown,24,96.0,48.0,False,tables/effective_paths/copy_of_guardians_v2_2_5.xlsx,9f5f64efaa063631ec996d2102d92af6a79053efdcc4d775e0ee18b98c763484,2026-01-28T23:44:19.093888+00:00,DVT_Guardians
Fetch,Find Chance,24,0.3400000000000002,135.0,False,tables/effective_paths/copy_of_guardians_v2_2_5.xlsx,9f5f64efaa063631ec996d2102d92af6a79053efdcc4d775e0ee18b98c763484,2026-01-28T23:44:19.093888+00:00,DVT_Guardians
Fetch,Double Find Chance,24,0.26000000000000006,125.0,False,tables/effective_paths/copy_of_guardians_v2_2_5.xlsx,9f5f64efaa063631ec996d2102d92af6a79053efdcc4d775e0ee18b98c763484,2026-01-28T23:44:19.093888+00:00,DVT_Guardians
Fetch,Cooldown,25,95.0,50.0,False,tables/effective_paths/copy_of_guardians_v2_2_5.xlsx,9f5f64efaa063631ec996d2102d92af6a79053efdcc4d775e0ee18b98c763484,2026-01-28T23:44:19.093888+00:00,DVT_Guardians
Fetch,Find Chance,25,0.3500000000000002,140.0,False,tables/effective_paths/copy_of_guardians_v2_2_5.xlsx,9f5f64efaa063631ec996d2102d92af6a79053efdcc4d775e0ee18b98c763484,2026-01-28T23:44:19.093888+00:00,DVT_Guardians
Fetch,Double Find Chance,25,0.2700000000000001,130.0,False,tables/effective_paths/copy_of_guardians_v2_2_5.xlsx,9f5f64efaa063631ec996d2102d92af6a79053efdcc4d775e0ee18b98c763484,2026-01-28T23:44:19.093888+00:00,DVT_Guardians
Fetch,Cooldown,26,94.0,52.0,False,tables/effective_paths/copy_of_guardians_v2_2_5.xlsx,9f5f64efaa063631ec996d2102d92af6a79053efdcc4d775e0ee18b98c763484,2026-01-28T23:44:19.093888+00:00,DVT_Guardians
Fetch,Find Chance,26,0.3600000000000002,145.0,False,tables/effective_paths/copy_of_guardians_v2_2_5.xlsx,9f5f64efaa063631ec996d2102d92af6a79053efdcc4d775e0ee18b98c763484,2026-01-28T23:44:19.093888+00:00,DVT_Guardians
Fetch,Double Find Chance,26,0.2800000000000001,135.0,False,tables/effective_paths/copy_of_guardians_v2_2_5.xlsx,9f5f64efaa063631ec996d2102d92af6a79053efdcc4d775e0ee18b98c763484,2026-01-28T23:44:19.093888+00:00,DVT_Guardians
Fetch,Cooldown,27,93.0,54.0,False,tables/effective_paths/copy_of_guardians_v2_2_5.xlsx,9f5f64efaa063631ec996d2102d92af6a79053efdcc4d775e0ee18b98c763484,2026-01-28T23:44:19.093888+00:00,DVT_Guardians
Fetch,Find Chance,27,0.3700000000000002,150.0,False,tables/effective_paths/copy_of_guardians_v2_2_5.xlsx,9f5f64efaa063631ec996d2102d92af6a79053efdcc4d775e0ee18b98c763484,2026-01-28T23:44:19.093888+00:00,DVT_Guardians
Fetch,Double Find Chance,27,0.2900000000000001,140.0,False,tables/effective_paths/copy_of_guardians_v2_2_5.xlsx,9f5f64efaa063631ec996d2102d92af6a79053efdcc4d775e0ee18b98c763484,2026-01-28T23:44:19.093888+00:00,DVT_Guardians
Fetch,Cooldown,28,92.0,56.0,False,tables/effective_paths/copy_of_guardians_v2_2_5.xlsx,9f5f64efaa063631ec996d2102d92af6a79053efdcc4d775e0ee18b98c763484,2026-01-28T23:44:19.093888+00:00,DVT_Guardians
Fetch,Find Chance,28,0.3800000000000002,155.0,False,tables/effective_paths/copy_of_guardians_v2_2_5.xlsx,9f5f64efaa063631ec996d2102d92af6a79053efdcc4d775e0ee18b98c763484,2026-01-28T23:44:19.093888+00:00,DVT_Guardians
Fetch,Double Find Chance,28,0.3000000000000001,145.0,False,tables/effective_paths/copy_of_guardians_v2_2_5.xlsx,9f5f64efaa063631ec996d2102d92af6a79053efdcc4d775e0ee18b98c763484,2026-01-28T23:44:19.093888+00:00,DVT_Guardians
Fetch,Cooldown,29,91.0,58.0,False,tables/effective_paths/copy_of_guardians_v2_2_5.xlsx,9f5f64efaa063631ec996d2102d92af6a79053efdcc4d775e0ee18b98c763484,2026-01-28T23:44:19.093888+00:00,DVT_Guardians
Fetch,Find Chance,29,0.39000000000000024,160.0,False,tables/effective_paths/copy_of_guardians_v2_2_5.xlsx,9f5f64efaa063631ec996d2102d92af6a79053efdcc4d775e0ee18b98c763484,2026-01-28T23:44:19.093888+00:00,DVT_Guardians
Fetch,Double Find Chance,29,0.3100000000000001,150.0,False,tables/effective_paths/copy_of_guardians_v2_2_5.xlsx,9f5f64efaa063631ec996d2102d92af6a79053efdcc4d775e0ee18b98c763484,2026-01-28T23:44:19.093888+00:00,DVT_Guardians
Fetch,Cooldown,30,90.0,60.0,False,tables/effective_paths/copy_of_guardians_v2_2_5.xlsx,9f5f64efaa063631ec996d2102d92af6a79053efdcc4d775e0ee18b98c763484,2026-01-28T23:44:19.093888+00:00,DVT_Guardians
Fetch,Find Chance,30,0.40000000000000024,165.0,False,tables/effective_paths/copy_of_guardians_v2_2_5.xlsx,9f5f64efaa063631ec996d2102d92af6a79053efdcc4d775e0ee18b98c763484,2026-01-28T23:44:19.093888+00:00,DVT_Guardians
Fetch,Double Find Chance,30,0.3200000000000001,155.0,False,tables/effective_paths/copy_of_guardians_v2_2_5.xlsx,9f5f64efaa063631ec996d2102d92af6a79053efdcc4d775e0ee18b98c763484,2026-01-28T23:44:19.093888+00:00,DVT_Guardians
Fetch,Cooldown,31,89.0,62.0,False,tables/effective_paths/copy_of_guardians_v2_2_5.xlsx,9f5f64efaa063631ec996d2102d92af6a79053efdcc4d775e0ee18b98c763484,2026-01-28T23:44:19.093888+00:00,DVT_Guardians
Fetch,Find Chance,31,0.41000000000000025,170.0,False,tables/effective_paths/copy_of_guardians_v2_2_5.xlsx,9f5f64efaa063631ec996d2102d92af6a79053efdcc4d775e0ee18b98c763484,2026-01-28T23:44:19.093888+00:00,DVT_Guardians
Fetch,Double Find Chance,31,0.3300000000000001,160.0,False,tables/effective_paths/copy_of_guardians_v2_2_5.xlsx,9f5f64efaa063631ec996d2102d92af6a79053efdcc4d775e0ee18b98c763484,2026-01-28T23:44:19.093888+00:00,DVT_Guardians
Fetch,Cooldown,32,88.0,64.0,False,tables/effective_paths/copy_of_guardians_v2_2_5.xlsx,9f5f64efaa063631ec996d2102d92af6a79053efdcc4d775e0ee18b98c763484,2026-01-28T23:44:19.093888+00:00,DVT_Guardians
Fetch,Find Chance,32,0.42000000000000026,175.0,False,tables/effective_paths/copy_of_guardians_v2_2_5.xlsx,9f5f64efaa063631ec996d2102d92af6a79053efdcc4d775e0ee18b98c763484,2026-01-28T23:44:19.093888+00:00,DVT_Guardians
Fetch,Double Find Chance,32,0.34000000000000014,165.0,False,tables/effective_paths/copy_of_guardians_v2_2_5.xlsx,9f5f64efaa063631ec996d2102d92af6a79053efdcc4d775e0ee18b98c763484,2026-01-28T23:44:19.093888+00:00,DVT_Guardians
Fetch,Cooldown,33,87.0,66.0,False,tables/effective_paths/copy_of_guardians_v2_2_5.xlsx,9f5f64efaa063631ec996d2102d92af6a79053efdcc4d775e0ee18b98c763484,2026-01-28T23:44:19.093888+00:00,DVT_Guardians
Fetch,Find Chance,33,0.43000000000000027,180.0,False,tables/effective_paths/copy_of_guardians_v2_2_5.xlsx,9f5f64efaa063631ec996d2102d92af6a79053efdcc4d775e0ee18b98c763484,2026-01-28T23:44:19.093888+00:00,DVT_Guardians
Fetch,Double Find Chance,33,0.35000000000000014,170.0,False,tables/effective_paths/copy_of_guardians_v2_2_5.xlsx,9f5f64efaa063631ec996d2102d92af6a79053efdcc4d775e0ee18b98c763484,2026-01-28T23:44:19.093888+00:00,DVT_Guardians
Fetch,Cooldown,34,86.0,68.0,False,tables/effective_paths/copy_of_guardians_v2_2_5.xlsx,9f5f64efaa063631ec996d2102d92af6a79053efdcc4d775e0ee18b98c763484,2026-01-28T23:44:19.093888+00:00,DVT_Guardians
Fetch,Find Chance,34,0.4400000000000003,185.0,False,tables/effective_paths/copy_of_guardians_v2_2_5.xlsx,9f5f64efaa063631ec996d2102d92af6a79053efdcc4d775e0ee18b98c763484,2026-01-28T23:44:19.093888+00:00,DVT_Guardians
Fetch,Double Find Chance,34,0.36000000000000015,175.0,False,tables/effective_paths/copy_of_guardians_v2_2_5.xlsx,9f5f64efaa063631ec996d2102d92af6a79053efdcc4d775e0ee18b98c763484,2026-01-28T23:44:19.093888+00:00,DVT_Guardians
Fetch,Cooldown,35,85.0,70.0,False,tables/effective_paths/copy_of_guardians_v2_2_5.xlsx,9f5f64efaa063631ec996d2102d92af6a79053efdcc4d775e0ee18b98c763484,2026-01-28T23:44:19.093888+00:00,DVT_Guardians
Fetch,Find Chance,35,0.4500000000000003,190.0,False,tables/effective_paths/copy_of_guardians_v2_2_5.xlsx,9f5f64efaa063631ec996d2102d92af6a79053efdcc4d775e0ee18b98c763484,2026-01-28T23:44:19.093888+00:00,DVT_Guardians
Fetch,Double Find Chance,35,0.37000000000000016,180.0,False,tables/effective_paths/copy_of_guardians_v2_2_5.xlsx,9f5f64efaa063631ec996d2102d92af6a79053efdcc4d775e0ee18b98c763484,2026-01-28T23:44:19.093888+00:00,DVT_Guardians
Fetch,Cooldown,36,84.0,72.0,False,tables/effective_paths/copy_of_guardians_v2_2_5.xlsx,9f5f64efaa063631ec996d2102d92af6a79053efdcc4d775e0ee18b98c763484,2026-01-28T23:44:19.093888+00:00,DVT_Guardians
Fetch,Find Chance,36,0.4600000000000003,195.0,False,tables/effective_paths/copy_of_guardians_v2_2_5.xlsx,9f5f64efaa063631ec996d2102d92af6a79053efdcc4d775e0ee18b98c763484,2026-01-28T23:44:19.093888+00:00,DVT_Guardians
Fetch,Double Find Chance,36,0.38000000000000017,185.0,False,tables/effective_paths/copy_of_guardians_v2_2_5.xlsx,9f5f64efaa063631ec996d2102d92af6a79053efdcc4d775e0ee18b98c763484,2026-01-28T23:44:19.093888+00:00,DVT_Guardians
Fetch,Cooldown,37,83.0,74.0,False,tables/effective_paths/copy_of_guardians_v2_2_5.xlsx,9f5f64efaa063631ec996d2102d92af6a79053efdcc4d775e0ee18b98c763484,2026-01-28T23:44:19.093888+00:00,DVT_Guardians
Fetch,Find Chance,37,0.4700000000000003,200.0,False,tables/effective_paths/copy_of_guardians_v2_2_5.xlsx,9f5f64efaa063631ec996d2102d92af6a79053efdcc4d775e0ee18b98c763484,2026-01-28T23:44:19.093888+00:00,DVT_Guardians
Fetch,Double Find Chance,37,0.3900000000000002,190.0,False,tables/effective_paths/copy_of_guardians_v2_2_5.xlsx,9f5f64efaa063631ec996d2102d92af6a79053efdcc4d775e0ee18b98c763484,2026-01-28T23:44:19.093888+00:00,DVT_Guardians
Fetch,Cooldown,38,82.0,76.0,False,tables/effective_paths/copy_of_guardians_v2_2_5.xlsx,9f5f64efaa063631ec996d2102d92af6a79053efdcc4d775e0ee18b98c763484,2026-01-28T23:44:19.093888+00:00,DVT_Guardians
Fetch,Find Chance,38,0.4800000000000003,205.0,False,tables/effective_paths/copy_of_guardians_v2_2_5.xlsx,9f5f64efaa063631ec996d2102d92af6a79053efdcc4d775e0ee18b98c763484,2026-01-28T23:44:19.093888+00:00,DVT_Guardians
Fetch,Double Find Chance,38,0.4000000000000002,195.0,False,tables/effective_paths/copy_of_guardians_v2_2_5.xlsx,9f5f64efaa063631ec996d2102d92af6a79053efdcc4d775e0ee18b98c763484,2026-01-28T23:44:19.093888+00:00,DVT_Guardians
Fetch,Cooldown,39,81.0,78.0,False,tables/effective_paths/copy_of_guardians_v2_2_5.xlsx,9f5f64efaa063631ec996d2102d92af6a79053efdcc4d775e0ee18b98c763484,2026-01-28T23:44:19.093888+00:00,DVT_Guardians
Fetch,Find Chance,39,0.4900000000000003,210.0,False,tables/effective_paths/copy_of_guardians_v2_2_5.xlsx,9f5f64efaa063631ec996d2102d92af6a79053efdcc4d775e0ee18b98c763484,2026-01-28T23:44:19.093888+00:00,DVT_Guardians
Fetch,Double Find Chance,39,0.4100000000000002,200.0,False,tables/effective_paths/copy_of_guardians_v2_2_5.xlsx,9f5f64efaa063631ec996d2102d92af6a79053efdcc4d775e0ee18b98c763484,2026-01-28T23:44:19.093888+00:00,DVT_Guardians
Fetch,Cooldown,40,80.0,80.0,False,tables/effective_paths/copy_of_guardians_v2_2_5.xlsx,9f5f64efaa063631ec996d2102d92af6a79053efdcc4d775e0ee18b98c763484,2026-01-28T23:44:19.093888+00:00,DVT_Guardians
Fetch,Find Chance,40,0.5000000000000003,215.0,True,tables/effective_paths/copy_of_guardians_v2_2_5.xlsx,9f5f64efaa063631ec996d2102d92af6a79053efdcc4d775e0ee18b98c763484,2026-01-28T23:44:19.093888+00:00,DVT_Guardians
Fetch,Double Find Chance,40,0.4200000000000002,205.0,False,tables/effective_paths/copy_of_guardians_v2_2_5.xlsx,9f5f64efaa063631ec996d2102d92af6a79053efdcc4d775e0ee18b98c763484,2026-01-28T23:44:19.093888+00:00,DVT_Guardians
Fetch,Cooldown,41,79.0,82.0,False,tables/effective_paths/copy_of_guardians_v2_2_5.xlsx,9f5f64efaa063631ec996d2102d92af6a79053efdcc4d775e0ee18b98c763484,2026-01-28T23:44:19.093888+00:00,DVT_Guardians
Fetch,Double Find Chance,41,0.4300000000000002,210.0,False,tables/effective_paths/copy_of_guardians_v2_2_5.xlsx,9f5f64efaa063631ec996d2102d92af6a79053efdcc4d775e0ee18b98c763484,2026-01-28T23:44:19.093888+00:00,DVT_Guardians
Fetch,Cooldown,42,78.0,84.0,False,tables/effective_paths/copy_of_guardians_v2_2_5.xlsx,9f5f64efaa063631ec996d2102d92af6a79053efdcc4d775e0ee18b98c763484,2026-01-28T23:44:19.093888+00:00,DVT_Guardians
Fetch,Double Find Chance,42,0.4400000000000002,215.0,False,tables/effective_paths/copy_of_guardians_v2_2_5.xlsx,9f5f64efaa063631ec996d2102d92af6a79053efdcc4d775e0ee18b98c763484,2026-01-28T23:44:19.093888+00:00,DVT_Guardians
Fetch,Cooldown,43,77.0,86.0,False,tables/effective_paths/copy_of_guardians_v2_2_5.xlsx,9f5f64efaa063631ec996d2102d92af6a79053efdcc4d775e0ee18b98c763484,2026-01-28T23:44:19.093888+00:00,DVT_Guardians
Fetch,Double Find Chance,43,0.45000000000000023,220.0,False,tables/effective_paths/copy_of_guardians_v2_2_5.xlsx,9f5f64efaa063631ec996d2102d92af6a79053efdcc4d775e0ee18b98c763484,2026-01-28T23:44:19.093888+00:00,DVT_Guardians
Fetch,Cooldown,44,76.0,88.0,False,tables/effective_paths/copy_of_guardians_v2_2_5.xlsx,9f5f64efaa063631ec996d2102d92af6a79053efdcc4d775e0ee18b98c763484,2026-01-28T23:44:19.093888+00:00,DVT_Guardians
Fetch,Double Find Chance,44,0.46000000000000024,225.0,False,tables/effective_paths/copy_of_guardians_v2_2_5.xlsx,9f5f64efaa063631ec996d2102d92af6a79053efdcc4d775e0ee18b98c763484,2026-01-28T23:44:19.093888+00:00,DVT_Guardians
Fetch,Cooldown,45,75.0,90.0,False,tables/effective_paths/copy_of_guardians_v2_2_5.xlsx,9f5f64efaa063631ec996d2102d92af6a79053efdcc4d775e0ee18b98c763484,2026-01-28T23:44:19.093888+00:00,DVT_Guardians
Fetch,Double Find Chance,45,0.47000000000000025,230.0,False,tables/effective_paths/copy_of_guardians_v2_2_5.xlsx,9f5f64efaa063631ec996d2102d92af6a79053efdcc4d775e0ee18b98c763484,2026-01-28T23:44:19.093888+00:00,DVT_Guardians
Fetch,Cooldown,46,74.0,92.0,False,tables/effective_paths/copy_of_guardians_v2_2_5.xlsx,9f5f64efaa063631ec996d2102d92af6a79053efdcc4d775e0ee18b98c763484,2026-01-28T23:44:19.093888+00:00,DVT_Guardians
Fetch,Double Find Chance,46,0.48000000000000026,235.0,False,tables/effective_paths/copy_of_guardians_v2_2_5.xlsx,9f5f64efaa063631ec996d2102d92af6a79053efdcc4d775e0ee18b98c763484,2026-01-28T23:44:19.093888+00:00,DVT_Guardians
Fetch,Cooldown,47,73.0,94.0,False,tables/effective_paths/copy_of_guardians_v2_2_5.xlsx,9f5f64efaa063631ec996d2102d92af6a79053efdcc4d775e0ee18b98c763484,2026-01-28T23:44:19.093888+00:00,DVT_Guardians
Fetch,Double Find Chance,47,0.49000000000000027,240.0,False,tables/effective_paths/copy_of_guardians_v2_2_5.xlsx,9f5f64efaa063631ec996d2102d92af6a79053efdcc4d775e0ee18b98c763484,2026-01-28T23:44:19.093888+00:00,DVT_Guardians
Fetch,Cooldown,48,72.0,96.0,False,tables/effective_paths/copy_of_guardians_v2_2_5.xlsx,9f5f64efaa063631ec996d2102d92af6a79053efdcc4d775e0ee18b98c763484,2026-01-28T23:44:19.093888+00:00,DVT_Guardians
Fetch,Double Find Chance,48,0.5000000000000002,245.0,True,tables/effective_paths/copy_of_guardians_v2_2_5.xlsx,9f5f64efaa063631ec996d2102d92af6a79053efdcc4d775e0ee18b98c763484,2026-01-28T23:44:19.093888+00:00,DVT_Guardians
Fetch,Cooldown,49,71.0,98.0,False,tables/effective_paths/copy_of_guardians_v2_2_5.xlsx,9f5f64efaa063631ec996d2102d92af6a79053efdcc4d775e0ee18b98c763484,2026-01-28T23:44:19.093888+00:00,DVT_Guardians
Fetch,Cooldown,50,70.0,100.0,False,tables/effective_paths/copy_of_guardians_v2_2_5.xlsx,9f5f64efaa063631ec996d2102d92af6a79053efdcc4d775e0ee18b98c763484,2026-01-28T23:44:19.093888+00:00,DVT_Guardians
Fetch,Cooldown,51,69.0,102.0,False,tables/effective_paths/copy_of_guardians_v2_2_5.xlsx,9f5f64efaa063631ec996d2102d92af6a79053efdcc4d775e0ee18b98c763484,2026-01-28T23:44:19.093888+00:00,DVT_Guardians
Fetch,Cooldown,52,68.0,104.0,False,tables/effective_paths/copy_of_guardians_v2_2_5.xlsx,9f5f64efaa063631ec996d2102d92af6a79053efdcc4d775e0ee18b98c763484,2026-01-28T23:44:19.093888+00:00,DVT_Guardians
Fetch,Cooldown,53,67.0,106.0,False,tables/effective_paths/copy_of_guardians_v2_2_5.xlsx,9f5f64efaa063631ec996d2102d92af6a79053efdcc4d775e0ee18b98c763484,2026-01-28T23:44:19.093888+00:00,DVT_Guardians
Fetch,Cooldown,54,66.0,108.0,False,tables/effective_paths/copy_of_guardians_v2_2_5.xlsx,9f5f64efaa063631ec996d2102d92af6a79053efdcc4d775e0ee18b98c763484,2026-01-28T23:44:19.093888+00:00,DVT_Guardians
Fetch,Cooldown,55,65.0,110.0,False,tables/effective_paths/copy_of_guardians_v2_2_5.xlsx,9f5f64efaa063631ec996d2102d92af6a79053efdcc4d775e0ee18b98c763484,2026-01-28T23:44:19.093888+00:00,DVT_Guardians
Fetch,Cooldown,56,64.0,112.0,False,tables/effective_paths/copy_of_guardians_v2_2_5.xlsx,9f5f64efaa063631ec996d2102d92af6a79053efdcc4d775e0ee18b98c763484,2026-01-28T23:44:19.093888+00:00,DVT_Guardians
Fetch,Cooldown,57,63.0,114.0,False,tables/effective_paths/copy_of_guardians_v2_2_5.xlsx,9f5f64efaa063631ec996d2102d92af6a79053efdcc4d775e0ee18b98c763484,2026-01-28T23:44:19.093888+00:00,DVT_Guardians
Fetch,Cooldown,58,62.0,116.0,False,tables/effective_paths/copy_of_guardians_v2_2_5.xlsx,9f5f64efaa063631ec996d2102d92af6a79053efdcc4d775e0ee18b98c763484,2026-01-28T23:44:19.093888+00:00,DVT_Guardians
Fetch,Cooldown,59,61.0,118.0,False,tables/effective_paths/copy_of_guardians_v2_2_5.xlsx,9f5f64efaa063631ec996d2102d92af6a79053efdcc4d775e0ee18b98c763484,2026-01-28T23:44:19.093888+00:00,DVT_Guardians
Fetch,Cooldown,60,60.0,120.0,True,tables/effective_paths/copy_of_guardians_v2_2_5.xlsx,9f5f64efaa063631ec996d2102d92af6a79053efdcc4d775e0ee18b98c763484,2026-01-28T23:44:19.093888+00:00,DVT_Guardians
Summon,Cooldown,0,140.0,0.0,False,tables/effective_paths/copy_of_guardians_v2_2_5.xlsx,9f5f64efaa063631ec996d2102d92af6a79053efdcc4d775e0ee18b98c763484,2026-01-28T23:44:19.093888+00:00,DVT_Guardians
Summon,Duration,0,5.0,0.0,False,tables/effective_paths/copy_of_guardians_v2_2_5.xlsx,9f5f64efaa063631ec996d2102d92af6a79053efdcc4d775e0ee18b98c763484,2026-01-28T23:44:19.093888+00:00,DVT_Guardians
Summon,Cash Bonus,0,1.0,0.0,False,tables/effective_paths/copy_of_guardians_v2_2_5.xlsx,9f5f64efaa063631ec996d2102d92af6a79053efdcc4d775e0ee18b98c763484,2026-01-28T23:44:19.093888+00:00,DVT_Guardians
Summon,Cooldown,1,139.0,1.0,False,tables/effective_paths/copy_of_guardians_v2_2_5.xlsx,9f5f64efaa063631ec996d2102d92af6a79053efdcc4d775e0ee18b98c763484,2026-01-28T23:44:19.093888+00:00,DVT_Guardians
Summon,Duration,1,6.0,15.0,False,tables/effective_paths/copy_of_guardians_v2_2_5.xlsx,9f5f64efaa063631ec996d2102d92af6a79053efdcc4d775e0ee18b98c763484,2026-01-28T23:44:19.093888+00:00,DVT_Guardians
Summon,Cash Bonus,1,2.0,100.0,False,tables/effective_paths/copy_of_guardians_v2_2_5.xlsx,9f5f64efaa063631ec996d2102d92af6a79053efdcc4d775e0ee18b98c763484,2026-01-28T23:44:19.093888+00:00,DVT_Guardians
Summon,Cooldown,2,138.0,3.0,False,tables/effective_paths/copy_of_guardians_v2_2_5.xlsx,9f5f64efaa063631ec996d2102d92af6a79053efdcc4d775e0ee18b98c763484,2026-01-28T23:44:19.093888+00:00,DVT_Guardians
Summon,Duration,2,7.0,25.0,False,tables/effective_paths/copy_of_guardians_v2_2_5.xlsx,9f5f64efaa063631ec996d2102d92af6a79053efdcc4d775e0ee18b98c763484,2026-01-28T23:44:19.093888+00:00,DVT_Guardians
Summon,Cash Bonus,2,3.0,200.0,False,tables/effective_paths/copy_of_guardians_v2_2_5.xlsx,9f5f64efaa063631ec996d2102d92af6a79053efdcc4d775e0ee18b98c763484,2026-01-28T23:44:19.093888+00:00,DVT_Guardians
Summon,Cooldown,3,137.0,5.0,False,tables/effective_paths/copy_of_guardians_v2_2_5.xlsx,9f5f64efaa063631ec996d2102d92af6a79053efdcc4d775e0ee18b98c763484,2026-01-28T23:44:19.093888+00:00,DVT_Guardians
Summon,Duration,3,8.0,35.0,False,tables/effective_paths/copy_of_guardians_v2_2_5.xlsx,9f5f64efaa063631ec996d2102d92af6a79053efdcc4d775e0ee18b98c763484,2026-01-28T23:44:19.093888+00:00,DVT_Guardians
Summon,Cash Bonus,3,4.0,300.0,False,tables/effective_paths/copy_of_guardians_v2_2_5.xlsx,9f5f64efaa063631ec996d2102d92af6a79053efdcc4d775e0ee18b98c763484,2026-01-28T23:44:19.093888+00:00,DVT_Guardians
Summon,Cooldown,4,136.0,7.0,False,tables/effective_paths/copy_of_guardians_v2_2_5.xlsx,9f5f64efaa063631ec996d2102d92af6a79053efdcc4d775e0ee18b98c763484,2026-01-28T23:44:19.093888+00:00,DVT_Guardians
Summon,Duration,4,9.0,45.0,False,tables/effective_paths/copy_of_guardians_v2_2_5.xlsx,9f5f64efaa063631ec996d2102d92af6a79053efdcc4d775e0ee18b98c763484,2026-01-28T23:44:19.093888+00:00,DVT_Guardians
Summon,Cash Bonus,4,5.0,400.0,False,tables/effective_paths/copy_of_guardians_v2_2_5.xlsx,9f5f64efaa063631ec996d2102d92af6a79053efdcc4d775e0ee18b98c763484,2026-01-28T23:44:19.093888+00:00,DVT_Guardians
Summon,Cooldown,5,135.0,9.0,False,tables/effective_paths/copy_of_guardians_v2_2_5.xlsx,9f5f64efaa063631ec996d2102d92af6a79053efdcc4d775e0ee18b98c763484,2026-01-28T23:44:19.093888+00:00,DVT_Guardians
Summon,Duration,5,10.0,55.0,False,tables/effective_paths/copy_of_guardians_v2_2_5.xlsx,9f5f64efaa063631ec996d2102d92af6a79053efdcc4d775e0ee18b98c763484,2026-01-28T23:44:19.093888+00:00,DVT_Guardians
Summon,Cash Bonus,5,6.0,500.0,False,tables/effective_paths/copy_of_guardians_v2_2_5.xlsx,9f5f64efaa063631ec996d2102d92af6a79053efdcc4d775e0ee18b98c763484,2026-01-28T23:44:19.093888+00:00,DVT_Guardians
Summon,Cooldown,6,134.0,11.0,False,tables/effective_paths/copy_of_guardians_v2_2_5.xlsx,9f5f64efaa063631ec996d2102d92af6a79053efdcc4d775e0ee18b98c763484,2026-01-28T23:44:19.093888+00:00,DVT_Guardians
Summon,Duration,6,11.0,65.0,False,tables/effective_paths/copy_of_guardians_v2_2_5.xlsx,9f5f64efaa063631ec996d2102d92af6a79053efdcc4d775e0ee18b98c763484,2026-01-28T23:44:19.093888+00:00,DVT_Guardians
Summon,Cash Bonus,6,7.0,600.0,False,tables/effective_paths/copy_of_guardians_v2_2_5.xlsx,9f5f64efaa063631ec996d2102d92af6a79053efdcc4d775e0ee18b98c763484,2026-01-28T23:44:19.093888+00:00,DVT_Guardians
Summon,Cooldown,7,133.0,13.0,False,tables/effective_paths/copy_of_guardians_v2_2_5.xlsx,9f5f64efaa063631ec996d2102d92af6a79053efdcc4d775e0ee18b98c763484,2026-01-28T23:44:19.093888+00:00,DVT_Guardians
Summon,Duration,7,12.0,75.0,False,tables/effective_paths/copy_of_guardians_v2_2_5.xlsx,9f5f64efaa063631ec996d2102d92af6a79053efdcc4d775e0ee18b98c763484,2026-01-28T23:44:19.093888+00:00,DVT_Guardians
Summon,Cash Bonus,7,8.0,700.0,False,tables/effective_paths/copy_of_guardians_v2_2_5.xlsx,9f5f64efaa063631ec996d2102d92af6a79053efdcc4d775e0ee18b98c763484,2026-01-28T23:44:19.093888+00:00,DVT_Guardians
Summon,Cooldown,8,132.0,15.0,False,tables/effective_paths/copy_of_guardians_v2_2_5.xlsx,9f5f64efaa063631ec996d2102d92af6a79053efdcc4d775e0ee18b98c763484,2026-01-28T23:44:19.093888+00:00,DVT_Guardians
Summon,Duration,8,13.0,85.0,False,tables/effective_paths/copy_of_guardians_v2_2_5.xlsx,9f5f64efaa063631ec996d2102d92af6a79053efdcc4d775e0ee18b98c763484,2026-01-28T23:44:19.093888+00:00,DVT_Guardians
Summon,Cash Bonus,8,9.0,800.0,False,tables/effective_paths/copy_of_guardians_v2_2_5.xlsx,9f5f64efaa063631ec996d2102d92af6a79053efdcc4d775e0ee18b98c763484,2026-01-28T23:44:19.093888+00:00,DVT_Guardians
Summon,Cooldown,9,131.0,17.0,False,tables/effective_paths/copy_of_guardians_v2_2_5.xlsx,9f5f64efaa063631ec996d2102d92af6a79053efdcc4d775e0ee18b98c763484,2026-01-28T23:44:19.093888+00:00,DVT_Guardians
Summon,Duration,9,14.0,95.0,False,tables/effective_paths/copy_of_guardians_v2_2_5.xlsx,9f5f64efaa063631ec996d2102d92af6a79053efdcc4d775e0ee18b98c763484,2026-01-28T23:44:19.093888+00:00,DVT_Guardians
Summon,Cash Bonus,9,10.0,900.0,True,tables/effective_paths/copy_of_guardians_v2_2_5.xlsx,9f5f64efaa063631ec996d2102d92af6a79053efdcc4d775e0ee18b98c763484,2026-01-28T23:44:19.093888+00:00,DVT_Guardians
Summon,Cooldown,10,130.0,19.0,False,tables/effective_paths/copy_of_guardians_v2_2_5.xlsx,9f5f64efaa063631ec996d2102d92af6a79053efdcc4d775e0ee18b98c763484,2026-01-28T23:44:19.093888+00:00,DVT_Guardians
Summon,Duration,10,15.0,105.0,False,tables/effective_paths/copy_of_guardians_v2_2_5.xlsx,9f5f64efaa063631ec996d2102d92af6a79053efdcc4d775e0ee18b98c763484,2026-01-28T23:44:19.093888+00:00,DVT_Guardians
Summon,Cooldown,11,129.0,21.0,False,tables/effective_paths/copy_of_guardians_v2_2_5.xlsx,9f5f64efaa063631ec996d2102d92af6a79053efdcc4d775e0ee18b98c763484,2026-01-28T23:44:19.093888+00:00,DVT_Guardians
Summon,Duration,11,16.0,115.0,False,tables/effective_paths/copy_of_guardians_v2_2_5.xlsx,9f5f64efaa063631ec996d2102d92af6a79053efdcc4d775e0ee18b98c763484,2026-01-28T23:44:19.093888+00:00,DVT_Guardians
Summon,Cooldown,12,128.0,23.0,False,tables/effective_paths/copy_of_guardians_v2_2_5.xlsx,9f5f64efaa063631ec996d2102d92af6a79053efdcc4d775e0ee18b98c763484,2026-01-28T23:44:19.093888+00:00,DVT_Guardians
Summon,Duration,12,17.0,125.0,False,tables/effective_paths/copy_of_guardians_v2_2_5.xlsx,9f5f64efaa063631ec996d2102d92af6a79053efdcc4d775e0ee18b98c763484,2026-01-28T23:44:19.093888+00:00,DVT_Guardians
Summon,Cooldown,13,127.0,25.0,False,tables/effective_paths/copy_of_guardians_v2_2_5.xlsx,9f5f64efaa063631ec996d2102d92af6a79053efdcc4d775e0ee18b98c763484,2026-01-28T23:44:19.093888+00:00,DVT_Guardians
Summon,Duration,13,18.0,135.0,False,tables/effective_paths/copy_of_guardians_v2_2_5.xlsx,9f5f64efaa063631ec996d2102d92af6a79053efdcc4d775e0ee18b98c763484,2026-01-28T23:44:19.093888+00:00,DVT_Guardians
Summon,Cooldown,14,126.0,27.0,False,tables/effective_paths/copy_of_guardians_v2_2_5.xlsx,9f5f64efaa063631ec996d2102d92af6a79053efdcc4d775e0ee18b98c763484,2026-01-28T23:44:19.093888+00:00,DVT_Guardians
Summon,Duration,14,19.0,145.0,False,tables/effective_paths/copy_of_guardians_v2_2_5.xlsx,9f5f64efaa063631ec996d2102d92af6a79053efdcc4d775e0ee18b98c763484,2026-01-28T23:44:19.093888+00:00,DVT_Guardians
Summon,Cooldown,15,125.0,29.0,False,tables/effective_paths/copy_of_guardians_v2_2_5.xlsx,9f5f64efaa063631ec996d2102d92af6a79053efdcc4d775e0ee18b98c763484,2026-01-28T23:44:19.093888+00:00,DVT_Guardians
Summon,Duration,15,20.0,155.0,False,tables/effective_paths/copy_of_guardians_v2_2_5.xlsx,9f5f64efaa063631ec996d2102d92af6a79053efdcc4d775e0ee18b98c763484,2026-01-28T23:44:19.093888+00:00,DVT_Guardians
Summon,Cooldown,16,124.0,31.0,False,tables/effective_paths/copy_of_guardians_v2_2_5.xlsx,9f5f64efaa063631ec996d2102d92af6a79053efdcc4d775e0ee18b98c763484,2026-01-28T23:44:19.093888+00:00,DVT_Guardians
Summon,Duration,16,21.0,165.0,False,tables/effective_paths/copy_of_guardians_v2_2_5.xlsx,9f5f64efaa063631ec996d2102d92af6a79053efdcc4d775e0ee18b98c763484,2026-01-28T23:44:19.093888+00:00,DVT_Guardians
Summon,Cooldown,17,123.0,33.0,False,tables/effective_paths/copy_of_guardians_v2_2_5.xlsx,9f5f64efaa063631ec996d2102d92af6a79053efdcc4d775e0ee18b98c763484,2026-01-28T23:44:19.093888+00:00,DVT_Guardians
Summon,Duration,17,22.0,175.0,False,tables/effective_paths/copy_of_guardians_v2_2_5.xlsx,9f5f64efaa063631ec996d2102d92af6a79053efdcc4d775e0ee18b98c763484,2026-01-28T23:44:19.093888+00:00,DVT_Guardians
Summon,Cooldown,18,122.0,35.0,False,tables/effective_paths/copy_of_guardians_v2_2_5.xlsx,9f5f64efaa063631ec996d2102d92af6a79053efdcc4d775e0ee18b98c763484,2026-01-28T23:44:19.093888+00:00,DVT_Guardians
Summon,Duration,18,23.0,185.0,False,tables/effective_paths/copy_of_guardians_v2_2_5.xlsx,9f5f64efaa063631ec996d2102d92af6a79053efdcc4d775e0ee18b98c763484,2026-01-28T23:44:19.093888+00:00,DVT_Guardians
Summon,Cooldown,19,121.0,37.0,False,tables/effective_paths/copy_of_guardians_v2_2_5.xlsx,9f5f64efaa063631ec996d2102d92af6a79053efdcc4d775e0ee18b98c763484,2026-01-28T23:44:19.093888+00:00,DVT_Guardians
Summon,Duration,19,24.0,195.0,False,tables/effective_paths/copy_of_guardians_v2_2_5.xlsx,9f5f64efaa063631ec996d2102d92af6a79053efdcc4d775e0ee18b98c763484,2026-01-28T23:44:19.093888+00:00,DVT_Guardians
Summon,Cooldown,20,120.0,39.0,False,tables/effective_paths/copy_of_guardians_v2_2_5.xlsx,9f5f64efaa063631ec996d2102d92af6a79053efdcc4d775e0ee18b98c763484,2026-01-28T23:44:19.093888+00:00,DVT_Guardians
Summon,Duration,20,25.0,205.0,False,tables/effective_paths/copy_of_guardians_v2_2_5.xlsx,9f5f64efaa063631ec996d2102d92af6a79053efdcc4d775e0ee18b98c763484,2026-01-28T23:44:19.093888+00:00,DVT_Guardians
Summon,Cooldown,21,119.0,41.0,False,tables/effective_paths/copy_of_guardians_v2_2_5.xlsx,9f5f64efaa063631ec996d2102d92af6a79053efdcc4d775e0ee18b98c763484,2026-01-28T23:44:19.093888+00:00,DVT_Guardians
Summon,Duration,21,26.0,215.0,False,tables/effective_paths/copy_of_guardians_v2_2_5.xlsx,9f5f64efaa063631ec996d2102d92af6a79053efdcc4d775e0ee18b98c763484,2026-01-28T23:44:19.093888+00:00,DVT_Guardians
Summon,Cooldown,22,118.0,43.0,False,tables/effective_paths/copy_of_guardians_v2_2_5.xlsx,9f5f64efaa063631ec996d2102d92af6a79053efdcc4d775e0ee18b98c763484,2026-01-28T23:44:19.093888+00:00,DVT_Guardians
Summon,Duration,22,27.0,225.0,False,tables/effective_paths/copy_of_guardians_v2_2_5.xlsx,9f5f64efaa063631ec996d2102d92af6a79053efdcc4d775e0ee18b98c763484,2026-01-28T23:44:19.093888+00:00,DVT_Guardians
Summon,Cooldown,23,117.0,45.0,False,tables/effective_paths/copy_of_guardians_v2_2_5.xlsx,9f5f64efaa063631ec996d2102d92af6a79053efdcc4d775e0ee18b98c763484,2026-01-28T23:44:19.093888+00:00,DVT_Guardians
Summon,Duration,23,28.0,235.0,False,tables/effective_paths/copy_of_guardians_v2_2_5.xlsx,9f5f64efaa063631ec996d2102d92af6a79053efdcc4d775e0ee18b98c763484,2026-01-28T23:44:19.093888+00:00,DVT_Guardians
Summon,Cooldown,24,116.0,47.0,False,tables/effective_paths/copy_of_guardians_v2_2_5.xlsx,9f5f64efaa063631ec996d2102d92af6a79053efdcc4d775e0ee18b98c763484,2026-01-28T23:44:19.093888+00:00,DVT_Guardians
Summon,Duration,24,29.0,245.0,False,tables/effective_paths/copy_of_guardians_v2_2_5.xlsx,9f5f64efaa063631ec996d2102d92af6a79053efdcc4d775e0ee18b98c763484,2026-01-28T23:44:19.093888+00:00,DVT_Guardians
Summon,Cooldown,25,115.0,49.0,False,tables/effective_paths/copy_of_guardians_v2_2_5.xlsx,9f5f64efaa063631ec996d2102d92af6a79053efdcc4d775e0ee18b98c763484,2026-01-28T23:44:19.093888+00:00,DVT_Guardians
Summon,Duration,25,30.0,255.0,False,tables/effective_paths/copy_of_guardians_v2_2_5.xlsx,9f5f64efaa063631ec996d2102d92af6a79053efdcc4d775e0ee18b98c763484,2026-01-28T23:44:19.093888+00:00,DVT_Guardians
Summon,Cooldown,26,114.0,51.0,False,tables/effective_paths/copy_of_guardians_v2_2_5.xlsx,9f5f64efaa063631ec996d2102d92af6a79053efdcc4d775e0ee18b98c763484,2026-01-28T23:44:19.093888+00:00,DVT_Guardians
Summon,Duration,26,31.0,265.0,False,tables/effective_paths/copy_of_guardians_v2_2_5.xlsx,9f5f64efaa063631ec996d2102d92af6a79053efdcc4d775e0ee18b98c763484,2026-01-28T23:44:19.093888+00:00,DVT_Guardians
Summon,Cooldown,27,113.0,53.0,False,tables/effective_paths/copy_of_guardians_v2_2_5.xlsx,9f5f64efaa063631ec996d2102d92af6a79053efdcc4d775e0ee18b98c763484,2026-01-28T23:44:19.093888+00:00,DVT_Guardians
Summon,Duration,27,32.0,275.0,False,tables/effective_paths/copy_of_guardians_v2_2_5.xlsx,9f5f64efaa063631ec996d2102d92af6a79053efdcc4d775e0ee18b98c763484,2026-01-28T23:44:19.093888+00:00,DVT_Guardians
Summon,Cooldown,28,112.0,55.0,False,tables/effective_paths/copy_of_guardians_v2_2_5.xlsx,9f5f64efaa063631ec996d2102d92af6a79053efdcc4d775e0ee18b98c763484,2026-01-28T23:44:19.093888+00:00,DVT_Guardians
Summon,Duration,28,33.0,285.0,False,tables/effective_paths/copy_of_guardians_v2_2_5.xlsx,9f5f64efaa063631ec996d2102d92af6a79053efdcc4d775e0ee18b98c763484,2026-01-28T23:44:19.093888+00:00,DVT_Guardians
Summon,Cooldown,29,111.0,57.0,False,tables/effective_paths/copy_of_guardians_v2_2_5.xlsx,9f5f64efaa063631ec996d2102d92af6a79053efdcc4d775e0ee18b98c763484,2026-01-28T23:44:19.093888+00:00,DVT_Guardians
Summon,Duration,29,34.0,295.0,False,tables/effective_paths/copy_of_guardians_v2_2_5.xlsx,9f5f64efaa063631ec996d2102d92af6a79053efdcc4d775e0ee18b98c763484,2026-01-28T23:44:19.093888+00:00,DVT_Guardians
Summon,Cooldown,30,110.0,59.0,False,tables/effective_paths/copy_of_guardians_v2_2_5.xlsx,9f5f64efaa063631ec996d2102d92af6a79053efdcc4d775e0ee18b98c763484,2026-01-28T23:44:19.093888+00:00,DVT_Guardians
Summon,Duration,30,35.0,305.0,True,tables/effective_paths/copy_of_guardians_v2_2_5.xlsx,9f5f64efaa063631ec996d2102d92af6a79053efdcc4d775e0ee18b98c763484,2026-01-28T23:44:19.093888+00:00,DVT_Guardians
Summon,Cooldown,31,109.0,61.0,False,tables/effective_paths/copy_of_guardians_v2_2_5.xlsx,9f5f64efaa063631ec996d2102d92af6a79053efdcc4d775e0ee18b98c763484,2026-01-28T23:44:19.093888+00:00,DVT_Guardians
Summon,Cooldown,32,108.0,63.0,False,tables/effective_paths/copy_of_guardians_v2_2_5.xlsx,9f5f64efaa063631ec996d2102d92af6a79053efdcc4d775e0ee18b98c763484,2026-01-28T23:44:19.093888+00:00,DVT_Guardians
Summon,Cooldown,33,107.0,65.0,False,tables/effective_paths/copy_of_guardians_v2_2_5.xlsx,9f5f64efaa063631ec996d2102d92af6a79053efdcc4d775e0ee18b98c763484,2026-01-28T23:44:19.093888+00:00,DVT_Guardians
Summon,Cooldown,34,106.0,67.0,False,tables/effective_paths/copy_of_guardians_v2_2_5.xlsx,9f5f64efaa063631ec996d2102d92af6a79053efdcc4d775e0ee18b98c763484,2026-01-28T23:44:19.093888+00:00,DVT_Guardians
Summon,Cooldown,35,105.0,69.0,False,tables/effective_paths/copy_of_guardians_v2_2_5.xlsx,9f5f64efaa063631ec996d2102d92af6a79053efdcc4d775e0ee18b98c763484,2026-01-28T23:44:19.093888+00:00,DVT_Guardians
Summon,Cooldown,36,104.0,71.0,False,tables/effective_paths/copy_of_guardians_v2_2_5.xlsx,9f5f64efaa063631ec996d2102d92af6a79053efdcc4d775e0ee18b98c763484,2026-01-28T23:44:19.093888+00:00,DVT_Guardians
Summon,Cooldown,37,103.0,73.0,False,tables/effective_paths/copy_of_guardians_v2_2_5.xlsx,9f5f64efaa063631ec996d2102d92af6a79053efdcc4d775e0ee18b98c763484,2026-01-28T23:44:19.093888+00:00,DVT_Guardians
Summon,Cooldown,38,102.0,75.0,False,tables/effective_paths/copy_of_guardians_v2_2_5.xlsx,9f5f64efaa063631ec996d2102d92af6a79053efdcc4d775e0ee18b98c763484,2026-01-28T23:44:19.093888+00:00,DVT_Guardians
Summon,Cooldown,39,101.0,77.0,False,tables/effective_paths/copy_of_guardians_v2_2_5.xlsx,9f5f64efaa063631ec996d2102d92af6a79053efdcc4d775e0ee18b98c763484,2026-01-28T23:44:19.093888+00:00,DVT_Guardians
Summon,Cooldown,40,100.0,79.0,False,tables/effective_paths/copy_of_guardians_v2_2_5.xlsx,9f5f64efaa063631ec996d2102d92af6a79053efdcc4d775e0ee18b98c763484,2026-01-28T23:44:19.093888+00:00,DVT_Guardians
Summon,Cooldown,41,99.0,81.0,False,tables/effective_paths/copy_of_guardians_v2_2_5.xlsx,9f5f64efaa063631ec996d2102d92af6a79053efdcc4d775e0ee18b98c763484,2026-01-28T23:44:19.093888+00:00,DVT_Guardians
Summon,Cooldown,42,98.0,83.0,False,tables/effective_paths/copy_of_guardians_v2_2_5.xlsx,9f5f64efaa063631ec996d2102d92af6a79053efdcc4d775e0ee18b98c763484,2026-01-28T23:44:19.093888+00:00,DVT_Guardians
Summon,Cooldown,43,97.0,85.0,False,tables/effective_paths/copy_of_guardians_v2_2_5.xlsx,9f5f64efaa063631ec996d2102d92af6a79053efdcc4d775e0ee18b98c763484,2026-01-28T23:44:19.093888+00:00,DVT_Guardians
Summon,Cooldown,44,96.0,87.0,False,tables/effective_paths/copy_of_guardians_v2_2_5.xlsx,9f5f64efaa063631ec996d2102d92af6a79053efdcc4d775e0ee18b98c763484,2026-01-28T23:44:19.093888+00:00,DVT_Guardians
Summon,Cooldown,45,95.0,89.0,False,tables/effective_paths/copy_of_guardians_v2_2_5.xlsx,9f5f64efaa063631ec996d2102d92af6a79053efdcc4d775e0ee18b98c763484,2026-01-28T23:44:19.093888+00:00,DVT_Guardians
Summon,Cooldown,46,94.0,91.0,False,tables/effective_paths/copy_of_guardians_v2_2_5.xlsx,9f5f64efaa063631ec996d2102d92af6a79053efdcc4d775e0ee18b98c763484,2026-01-28T23:44:19.093888+00:00,DVT_Guardians
Summon,Cooldown,47,93.0,93.0,False,tables/effective_paths/copy_of_guardians_v2_2_5.xlsx,9f5f64efaa063631ec996d2102d92af6a79053efdcc4d775e0ee18b98c763484,2026-01-28T23:44:19.093888+00:00,DVT_Guardians
Summon,Cooldown,48,92.0,95.0,False,tables/effective_paths/copy_of_guardians_v2_2_5.xlsx,9f5f64efaa063631ec996d2102d92af6a79053efdcc4d775e0ee18b98c763484,2026-01-28T23:44:19.093888+00:00,DVT_Guardians
Summon,Cooldown,49,91.0,97.0,False,tables/effective_paths/copy_of_guardians_v2_2_5.xlsx,9f5f64efaa063631ec996d2102d92af6a79053efdcc4d775e0ee18b98c763484,2026-01-28T23:44:19.093888+00:00,DVT_Guardians
Summon,Cooldown,50,90.0,99.0,False,tables/effective_paths/copy_of_guardians_v2_2_5.xlsx,9f5f64efaa063631ec996d2102d92af6a79053efdcc4d775e0ee18b98c763484,2026-01-28T23:44:19.093888+00:00,DVT_Guardians
Summon,Cooldown,51,89.0,101.0,False,tables/effective_paths/copy_of_guardians_v2_2_5.xlsx,9f5f64efaa063631ec996d2102d92af6a79053efdcc4d775e0ee18b98c763484,2026-01-28T23:44:19.093888+00:00,DVT_Guardians
Summon,Cooldown,52,88.0,103.0,False,tables/effective_paths/copy_of_guardians_v2_2_5.xlsx,9f5f64efaa063631ec996d2102d92af6a79053efdcc4d775e0ee18b98c763484,2026-01-28T23:44:19.093888+00:00,DVT_Guardians
Summon,Cooldown,53,87.0,105.0,False,tables/effective_paths/copy_of_guardians_v2_2_5.xlsx,9f5f64efaa063631ec996d2102d92af6a79053efdcc4d775e0ee18b98c763484,2026-01-28T23:44:19.093888+00:00,DVT_Guardians
Summon,Cooldown,54,86.0,107.0,False,tables/effective_paths/copy_of_guardians_v2_2_5.xlsx,9f5f64efaa063631ec996d2102d92af6a79053efdcc4d775e0ee18b98c763484,2026-01-28T23:44:19.093888+00:00,DVT_Guardians
Summon,Cooldown,55,85.0,109.0,False,tables/effective_paths/copy_of_guardians_v2_2_5.xlsx,9f5f64efaa063631ec996d2102d92af6a79053efdcc4d775e0ee18b98c763484,2026-01-28T23:44:19.093888+00:00,DVT_Guardians
Summon,Cooldown,56,84.0,111.0,False,tables/effective_paths/copy_of_guardians_v2_2_5.xlsx,9f5f64efaa063631ec996d2102d92af6a79053efdcc4d775e0ee18b98c763484,2026-01-28T23:44:19.093888+00:00,DVT_Guardians
Summon,Cooldown,57,83.0,113.0,False,tables/effective_paths/copy_of_guardians_v2_2_5.xlsx,9f5f64efaa063631ec996d2102d92af6a79053efdcc4d775e0ee18b98c763484,2026-01-28T23:44:19.093888+00:00,DVT_Guardians
Summon,Cooldown,58,82.0,115.0,False,tables/effective_paths/copy_of_guardians_v2_2_5.xlsx,9f5f64efaa063631ec996d2102d92af6a79053efdcc4d775e0ee18b98c763484,2026-01-28T23:44:19.093888+00:00,DVT_Guardians
Summon,Cooldown,59,81.0,117.0,False,tables/effective_paths/copy_of_guardians_v2_2_5.xlsx,9f5f64efaa063631ec996d2102d92af6a79053efdcc4d775e0ee18b98c763484,2026-01-28T23:44:19.093888+00:00,DVT_Guardians
Summon,Cooldown,60,80.0,119.0,False,tables/effective_paths/copy_of_guardians_v2_2_5.xlsx,9f5f64efaa063631ec996d2102d92af6a79053efdcc4d775e0ee18b98c763484,2026-01-28T23:44:19.093888+00:00,DVT_Guardians
Summon,Cooldown,61,79.0,121.0,False,tables/effective_paths/copy_of_guardians_v2_2_5.xlsx,9f5f64efaa063631ec996d2102d92af6a79053efdcc4d775e0ee18b98c763484,2026-01-28T23:44:19.093888+00:00,DVT_Guardians
Summon,Cooldown,62,78.0,123.0,False,tables/effective_paths/copy_of_guardians_v2_2_5.xlsx,9f5f64efaa063631ec996d2102d92af6a79053efdcc4d775e0ee18b98c763484,2026-01-28T23:44:19.093888+00:00,DVT_Guardians
Summon,Cooldown,63,77.0,125.0,False,tables/effective_paths/copy_of_guardians_v2_2_5.xlsx,9f5f64efaa063631ec996d2102d92af6a79053efdcc4d775e0ee18b98c763484,2026-01-28T23:44:19.093888+00:00,DVT_Guardians
Summon,Cooldown,64,76.0,127.0,False,tables/effective_paths/copy_of_guardians_v2_2_5.xlsx,9f5f64efaa063631ec996d2102d92af6a79053efdcc4d775e0ee18b98c763484,2026-01-28T23:44:19.093888+00:00,DVT_Guardians
Summon,Cooldown,65,75.0,129.0,False,tables/effective_paths/copy_of_guardians_v2_2_5.xlsx,9f5f64efaa063631ec996d2102d92af6a79053efdcc4d775e0ee18b98c763484,2026-01-28T23:44:19.093888+00:00,DVT_Guardians
Summon,Cooldown,66,74.0,131.0,False,tables/effective_paths/copy_of_guardians_v2_2_5.xlsx,9f5f64efaa063631ec996d2102d92af6a79053efdcc4d775e0ee18b98c763484,2026-01-28T23:44:19.093888+00:00,DVT_Guardians
Summon,Cooldown,67,73.0,133.0,False,tables/effective_paths/copy_of_guardians_v2_2_5.xlsx,9f5f64efaa063631ec996d2102d92af6a79053efdcc4d775e0ee18b98c763484,2026-01-28T23:44:19.093888+00:00,DVT_Guardians
Summon,Cooldown,68,72.0,135.0,False,tables/effective_paths/copy_of_guardians_v2_2_5.xlsx,9f5f64efaa063631ec996d2102d92af6a79053efdcc4d775e0ee18b98c763484,2026-01-28T23:44:19.093888+00:00,DVT_Guardians
Summon,Cooldown,69,71.0,137.0,False,tables/effective_paths/copy_of_guardians_v2_2_5.xlsx,9f5f64efaa063631ec996d2102d92af6a79053efdcc4d775e0ee18b98c763484,2026-01-28T23:44:19.093888+00:00,DVT_Guardians
Summon,Cooldown,70,70.0,139.0,True,tables/effective_paths/copy_of_guardians_v2_2_5.xlsx,9f5f64efaa063631ec996d2102d92af6a79053efdcc4d775e0ee18b98c763484,2026-01-28T23:44:19.093888+00:00,DVT_Guardians
