Level,Damage,Level,Health,Level,HPregen,Level,DefAbs,Level,Damage / Meter,Level,Lifesteal
0.0,3.0,0.0,5.0,0.0,0.0005,0.0,0.0,0.0,0.0,0.0,0.0
1.0,5.877,1.0,10.0,1.0,0.0399999991059303,1.0,0.504999995231628,1.0,0.7939773798,1.0,0.09927235544
2.0,8.908,2.0,15.0769996643066,2.0,0.0884999982118607,2.0,1.51994898564816,2.0,1.576000094,2.0,0.1970999986
3.0,12.093,3.0,20.097185602328,3.0,0.151587081611156,3.0,2.55563557463949,3.0,2.346203089,3.0,0.2934987247
4.0,15.432,4.0,25.9979132943818,4.0,0.234163052797318,4.0,3.62399103538218,4.0,3.104720116,4.0,0.3884840906
5.0,18.925,5.0,32.6758214062247,5.0,0.33963343000412,5.0,4.73464229221187,5.0,3.851683378,5.0,0.4820716083
6.0,22.572,6.0,40.310564520516,6.0,0.470741903662682,6.0,5.89604257541594,6.0,4.587224007,6.0,0.5742766261
7.0,26.373,7.0,49.0693445982124,7.0,0.62983224606514,7.0,7.1158777927034,7.0,5.311471462,7.0,0.6651141644
8.0,30.328,8.0,59.1100979674611,8.0,0.81897399187088,8.0,8.40127638510422,8.0,6.024554729,8.0,0.754599452
9.0,34.437,9.0,70.5834860234063,9.0,1.04003383612633,9.0,9.75893539106834,9.0,6.726599693,9.0,0.8427472115
10.0,38.7,10.0,83.634214884587,10.0,1.29472118282318,10.0,11.1952039480022,10.0,7.417732716,10.0,0.9295721054
11.0,43.117,11.0,98.4019699937853,11.0,1.58461926031113,11.0,12.7161425721298,11.0,8.098078728,11.0,1.015088916
12.0,47.688,12.0,115.022163798705,12.0,1.91120656275749,12.0,14.3275659759206,12.0,8.767760277,12.0,1.099311948
13.0,52.413,13.0,133.62641800601,13.0,2.27587385177612,13.0,16.0350774277543,13.0,9.42689991,13.0,1.182255745
14.0,57.292,14.0,154.343064527377,14.0,2.67993676996231,14.0,17.8440935210856,14.0,10.07561779,14.0,1.263933897
15.0,62.325,15.0,176.392881510634,15.0,3.12464492273331,15.0,19.7598662250421,15.0,10.71403408,15.0,1.344360948
16.0,67.512,16.0,201.578517502479,16.0,3.61119126987457,16.0,21.7875007061407,16.0,11.34226704,16.0,1.423550725
17.0,72.853,17.0,229.232181813954,17.0,4.14071723127365,17.0,23.9319659004916,17.0,11.96043396,17.0,1.501516819
18.0,78.348,18.0,259.471256497487,18.0,4.71431890821457,18.0,26.1981129396408,18.0,12.56865025,18.0,1.578272939
19.0,83.997,19.0,292.411100290032,19.0,5.33305110740662,19.0,28.5906793794517,19.0,13.16703033,19.0,1.653832316
20.0,89.8,20.0,328.165256895536,20.0,5.99793159294128,20.0,31.1143024908768,20.0,13.75568962,20.0,1.728208661
21.0,95.757,21.0,366.845395475666,21.0,6.70994376039505,21.0,33.7735228847129,21.0,14.33473969,21.0,1.801415205
22.0,101.868,22.0,408.561637950839,22.0,7.47004088878631,22.0,36.5727941776172,22.0,14.90428925,22.0,1.873464584
23.0,108.133,23.0,453.422529245585,23.0,8.27914577007294,23.0,39.5164902416187,23.0,15.46445179,23.0,1.944370151
24.0,114.552,24.0,501.535215816381,24.0,9.13815720510483,24.0,42.6089064123703,24.0,16.01533699,24.0,2.014144897
25.0,121.125,25.0,553.005445651652,25.0,10.0479474487305,25.0,45.8542679469121,25.0,16.5570488,25.0,2.082800865
26.0,127.852,26.0,607.937746799609,26.0,11.0093667831421,26.0,49.2567300236717,26.0,17.08969879,26.0,2.150351286
27.0,134.733,27.0,666.435367858969,27.0,12.0232430877686,27.0,52.8203874084796,27.0,17.61338997,27.0,2.216808319
28.0,141.768,28.0,728.600426752149,28.0,13.0903867235184,28.0,56.5492684133093,28.0,18.12822723,28.0,2.282184124
29.0,148.957,29.0,794.533910725273,29.0,14.2115851716995,29.0,60.4473578530648,29.0,18.63431549,29.0,2.346491575
30.0,156.3,30.0,873.20082933185,30.0,15.3876130876541,30.0,65.157365147801,30.0,19.13175583,30.0,2.409741879
31.0,163.797,31.0,947.726865875615,31.0,16.6192242527008,31.0,69.4476335851533,31.0,19.62064934,31.0,2.471947908
32.0,171.448,32.0,1026.36003504739,32.0,17.9071600055695,32.0,73.9205071704581,32.0,20.10109711,32.0,2.533120871
33.0,179.253,33.0,1109.19851220259,33.0,19.2521444644928,33.0,78.5798027356754,33.0,20.57320023,33.0,2.593272448
34.0,187.212,34.0,1196.33951078259,34.0,20.6548896627426,34.0,83.4292809828832,34.0,21.03705406,34.0,2.652414799
35.0,195.325,35.0,1287.87958291281,35.0,22.1160907964706,35.0,88.4726708885743,35.0,21.4927578,35.0,2.710558891
36.0,203.592,36.0,1383.91395808681,36.0,23.6364335317612,36.0,93.7136477397894,36.0,21.94041252,36.0,2.767716885
37.0,212.013,37.0,1484.53786579816,37.0,25.2165925483704,37.0,99.1558526575542,37.0,22.38010406,37.0,2.823899031
38.0,220.588,38.0,1589.84485219081,38.0,26.8572245903015,38.0,104.802897477739,38.0,22.81193352,38.0,2.87911725
39.0,229.317,39.0,1699.92870388721,39.0,28.5589823646545,39.0,110.65834034676,39.0,23.23599243,39.0,2.933382511
40.0,238.2,40.0,1814.8817646387,40.0,30.3225030784607,40.0,116.725715006741,40.0,23.65237236,40.0,2.986705303
41.0,247.237,41.0,1934.79613771811,41.0,32.1484174661636,41.0,123.008521033787,41.0,24.06116676,41.0,3.039096832
42.0,256.428,42.0,2059.76272400565,42.0,34.037344918251,42.0,129.51021895713,42.0,24.4624691,42.0,3.090568066
43.0,265.773,43.0,2189.87242438155,43.0,35.9898919992447,43.0,136.234244901707,43.0,24.85636139,43.0,3.141129017
44.0,275.272,44.0,2325.21565876901,44.0,38.0066630764007,44.0,143.184000826437,44.0,25.24293709,44.0,3.190790653
45.0,284.925,45.0,2465.88116374158,45.0,40.0882489757538,45.0,150.362844762509,45.0,25.62228394,45.0,3.239562988
46.0,294.732,46.0,2611.95767587281,46.0,42.2352342891693,46.0,157.774134741109,46.0,25.99448776,46.0,3.287456989
47.0,304.693,47.0,2763.53417221477,47.0,44.4481904249191,47.0,165.421179984832,47.0,26.35963821,47.0,3.334482431
48.0,314.808,48.0,2920.69818694843,48.0,46.7276928281784,48.0,173.307260431116,48.0,26.7178154,48.0,3.380649328
49.0,325.077,49.0,3083.53629234066,49.0,49.0742953290939,49.0,181.435646255682,49.0,27.06910324,49.0,3.425967455
50.0,335.5,50.0,3301.66088867188,50.0,51.4885517578125,50.0,191.670444970907,50.0,27.41358948,50.0,3.47044754
51.0,346.077,51.0,3478.76416015625,51.0,53.971015586853,51.0,200.377651320844,51.0,27.75135612,51.0,3.514098883
52.0,356.808,52.0,3661.89135742188,52.0,56.5222186737061,52.0,209.339267864887,52.0,28.08248329,52.0,3.556931019
53.0,367.693,53.0,3851.1279296875,53.0,59.1426971511841,53.0,218.558478550212,53.0,28.40705109,53.0,3.598953962
54.0,378.732,54.0,4046.56103515625,54.0,61.8329739685059,54.0,228.038457466575,54.0,28.72514153,54.0,3.640177011
55.0,389.925,55.0,4248.275390625,55.0,64.59357670784,55.0,237.782358988888,55.0,29.0368309,55.0,3.680609226
56.0,401.272,56.0,4456.3564453125,56.0,67.4250146579742,56.0,247.793298062377,56.0,29.34219933,56.0,3.72026062
57.0,412.773,57.0,4670.888671875,57.0,70.327793428421,57.0,258.074389632269,57.0,29.6413269,57.0,3.759140015
58.0,424.428,58.0,4891.95654296875,58.0,73.3024227848053,58.0,268.628709214102,58.0,29.93428421,58.0,3.797256947
59.0,436.237,59.0,5119.6435546875,59.0,76.3493993091583,59.0,279.459332323417,59.0,30.22114944,59.0,3.834619522
60.0,448.2,60.0,5354.033203125,60.0,79.4692107944489,60.0,290.569275331223,60.0,30.50200081,60.0,3.871237755
61.0,460.317,61.0,5595.208984375,61.0,82.662358455658,61.0,301.961613753061,61.0,30.77691078,61.0,3.907119513
62.0,472.588,62.0,5843.25341796875,62.0,85.9292988471985,62.0,313.639304815409,62.0,31.04595566,62.0,3.942274809
63.0,485.013,63.0,6098.248046875,63.0,89.2705331840515,63.0,325.605345174435,63.0,31.3092041,63.0,3.976711273
64.0,497.592,64.0,6360.27490234375,64.0,92.6865272865295,64.0,337.862731486307,64.0,31.56672668,64.0,4.010437965
65.0,510.325,65.0,6629.41650390625,65.0,96.1777381858826,65.0,350.414381547817,65.0,31.81859779,65.0,4.043462753
66.0,523.212,66.0,6905.75244140625,66.0,99.7446492805481,66.0,363.263272300289,66.0,32.064888,66.0,4.07579565
67.0,536.253,67.0,7189.36474609375,67.0,103.387700023651,67.0,376.412262395988,67.0,32.30567169,67.0,4.107442856
68.0,549.448,68.0,7480.3330078125,68.0,107.107356473923,68.0,389.864309061394,68.0,32.54100418,68.0,4.138414383
69.0,562.797,69.0,7778.7373046875,69.0,110.904066396713,69.0,403.622251233928,69.0,32.77096558,69.0,4.168717384
70.0,576.3,70.0,8084.658203125,70.0,114.778278272629,70.0,421.744236030513,70.0,33.0,70.0,4.198360443
71.0,589.957,71.0,8398.1748046875,71.0,118.730431554794,71.0,436.262199997997,71.0,33.20000076,71.0,4.227351189
72.0,603.768,72.0,8719.3662109375,72.0,122.760965696335,72.0,451.097708453834,72.0,33.40000153,72.0,4.255698204
73.0,617.733,73.0,9048.310546875,73.0,126.870320150375,73.0,466.253548272921,73.0,33.59999847,73.0,4.283408165
74.0,631.852,74.0,9385.0859375,74.0,131.058908241272,74.0,481.73266558015,74.0,33.79999924,74.0,4.310489655
75.0,646.125,75.0,9827.07009275653,75.0,135.327186523437,75.0,497.537767625423,75.0,34.0,75.0,4.336950302
76.0,660.552,76.0,10183.2706557994,76.0,139.675550743103,76.0,513.671760721131,76.0,34.20000076,76.0,4.362798214
77.0,675.133,77.0,10547.6182890779,77.0,144.104440353394,77.0,530.137352117177,77.0,34.40000153,77.0,4.388040066
78.0,689.868,78.0,10920.1899261849,78.0,148.614268440247,78.0,546.937368500956,78.0,34.59999847,78.0,4.41268301
79.0,704.757,79.0,11301.0625007136,79.0,153.205439300537,79.0,564.074556934868,79.0,34.79999924,79.0,4.43673563
80.0,719.8,80.0,11690.3159052413,80.0,157.878374809265,80.0,581.55170429381,80.0,35.0,80.0,4.460204124
81.0,734.997,81.0,12088.0260870329,81.0,162.633488290787,81.0,599.371478015184,81.0,35.20000076,,
82.0,750.348,82.0,12494.2680070251,82.0,167.47114840889,82.0,617.536704786388,82.0,35.40000153,,
83.0,765.853,83.0,12909.1225441236,83.0,172.391794855118,83.0,636.050012232324,83.0,35.59999847,,
84.0,781.512,84.0,13332.6607139525,84.0,177.395814348221,84.0,654.914107602893,84.0,35.79999924,,
85.0,797.325,85.0,13764.9643817456,85.0,182.483593606949,85.0,674.131737960494,85.0,36.0,,
86.0,813.292,86.0,14206.1065357833,86.0,187.655536928177,86.0,693.705530930032,86.0,36.20000076,,
87.0,829.413,87.0,14656.1621370025,87.0,192.912031269073,87.0,713.638193761406,87.0,36.40000153,,
88.0,845.688,88.0,15115.2081189961,88.0,198.253445293427,88.0,733.932314267022,88.0,36.59999847,,
89.0,862.117,89.0,15583.3194427011,89.0,203.68018353653,89.0,754.590599696781,89.0,36.79999924,,
90.0,878.7,90.0,16060.5690963978,90.0,209.192615139008,90.0,783.073513891357,90.0,37.0,,
91.0,895.437,91.0,16547.0340136795,91.0,214.791126819611,91.0,804.673687988552,91.0,37.20000076,,
92.0,912.328,92.0,17042.7871828265,92.0,220.476087718964,92.0,826.649366678069,92.0,37.40000153,,
93.0,929.373,93.0,17547.9055374321,93.0,226.24786721611,93.0,849.003363631655,93.0,37.59999847,,
94.0,946.572,94.0,18062.457134136,94.0,232.106869131088,94.0,871.738090567952,94.0,37.79999924,,
95.0,963.925,95.0,18586.5228518439,95.0,238.053410108566,95.0,894.856280768084,95.0,38.0,,
96.0,981.432,96.0,19120.1717335237,96.0,244.087894445419,96.0,918.360426341313,96.0,38.20000076,,
97.0,999.093,97.0,19663.4787401124,97.0,250.210691282272,97.0,942.253180178145,97.0,38.40000153,,
98.0,1016.908,98.0,20216.5168598904,98.0,256.422117025375,98.0,966.537195169084,98.0,38.59999847,,
99.0,1034.877,99.0,20779.3571084822,99.0,262.722575971603,99.0,991.214802642148,99.0,38.79999924,,
100.0,1053.0,100.0,21563.4809248988,100.0,269.11240234375,100.0,1016.28873587846,100.0,39.0,,
101.0,1071.277,101.0,22151.9153279578,101.0,275.591947227478,101.0,1041.76156737791,101.0,39.20000076,,
102.0,1089.708,102.0,22750.4700433277,102.0,282.161580001831,102.0,1067.63570885914,102.0,39.40000153,,
103.0,1108.293,103.0,23359.2167897569,103.0,288.821634651184,103.0,1093.9136524314,103.0,39.59999847,,
104.0,1127.032,104.0,23978.2312703691,104.0,295.572462738037,104.0,1120.59805098521,104.0,39.79999924,,
105.0,1145.925,105.0,24607.5812195381,105.0,302.414433403015,105.0,1147.6913162392,105.0,40.0,,
106.0,1164.972,106.0,25247.3423403874,106.0,309.347863052368,106.0,1175.19602069325,106.0,40.20000076,,
107.0,1184.173,107.0,25897.5863516657,107.0,316.373085670471,107.0,1203.114576066,107.0,40.40000153,,
108.0,1203.528,108.0,26558.3829799341,108.0,323.490487976074,108.0,1231.44955485735,108.0,40.59999847,,
109.0,1223.037,109.0,27229.8059361288,109.0,330.700351696014,109.0,1260.20328839531,109.0,40.79999924,,
110.0,1242.7,110.0,27911.9249468111,110.0,338.003062595367,110.0,1301.6581318282,110.0,41.0,,
111.0,1262.517,111.0,28604.809738542,111.0,345.39893755722,111.0,1331.5388246527,111.0,41.20000076,,
112.0,1282.488,112.0,29308.5380066326,112.0,352.888257831573,112.0,1361.84980789146,112.0,41.40000153,,
113.0,1302.613,113.0,30023.1735010818,113.0,360.471445293426,113.0,1392.59343507562,113.0,41.59999847,,
114.0,1322.892,114.0,30748.7899328256,114.0,368.14874603653,114.0,1423.77222204879,114.0,41.79999924,,
115.0,1343.325,115.0,31485.4570284253,115.0,375.920546779633,115.0,1455.38868465459,115.0,42.0,,
116.0,1363.912,116.0,32233.2465066295,116.0,383.787163928986,116.0,1487.44509526788,116.0,42.20000076,,
117.0,1384.653,117.0,32992.2280939994,117.0,391.748878734589,117.0,1519.94405088854,117.0,42.40000153,,
118.0,1405.548,118.0,33762.4695249088,118.0,399.806042758942,118.0,1552.88790504768,118.0,42.59999847,,
119.0,1426.597,119.0,34544.0445102938,119.0,407.958972408295,119.0,1586.27909243267,119.0,42.79999924,,
120.0,1447.8,120.0,35337.0148079656,120.0,416.208019245148,120.0,1620.11988541839,120.0,43.0,,
121.0,1469.157,121.0,36141.4640897978,121.0,424.553429363251,121.0,1654.4128810047,121.0,43.20000076,,
122.0,1490.668,122.0,36957.4481370393,122.0,432.995554801941,122.0,1689.16035156648,122.0,43.40000153,,
123.0,1512.333,123.0,37785.0386684388,123.0,441.534746170044,123.0,1724.36473179109,123.0,43.59999847,,
124.0,1534.152,124.0,38624.3113871198,124.0,450.171250038147,124.0,1760.02829405341,124.0,43.79999924,,
125.0,1556.125,125.0,39475.3300430812,125.0,458.905453125,125.0,1796.15347304082,125.0,44.0,,
126.0,1578.252,126.0,40338.1663550716,126.0,467.737566368103,126.0,1832.74254112818,126.0,44.20000076,,
127.0,1600.533,127.0,41212.8840730898,127.0,476.667976486206,127.0,1869.79809531537,127.0,44.40000153,,
128.0,1622.968,128.0,42099.5549158845,128.0,485.696964729309,128.0,1907.32224566475,128.0,44.59999847,,
129.0,1645.557,129.0,42998.2426334545,129.0,494.824812347412,129.0,1945.31742686371,129.0,44.79999924,,
130.0,1668.3,130.0,44339.5031433851,130.0,504.051870903015,130.0,1983.78607359962,130.0,45.0,,
131.0,1691.197,131.0,45271.4881565599,131.0,513.378386489868,131.0,2022.73029593485,131.0,45.20000076,,
132.0,1714.248,132.0,46215.8170756418,132.0,522.804710670471,132.0,2062.15252855677,132.0,45.40000153,,
133.0,1737.453,133.0,47172.5582990665,133.0,532.331089538574,133.0,2102.05520615276,133.0,45.59999847,,
134.0,1760.812,134.0,48141.7802252695,134.0,541.957874656677,134.0,2142.44027647271,134.0,45.79999924,,
135.0,1784.325,135.0,49123.5512526864,135.0,551.685312595367,135.0,2183.31049882898,135.0,46.0,,
136.0,1807.992,136.0,50117.9397797529,136.0,561.51375396347,136.0,2224.66782097144,136.0,46.20000076,,
137.0,1831.813,137.0,51125.010181467,137.0,571.443445331573,137.0,2266.51467758748,137.0,46.40000153,,
138.0,1855.788,138.0,52144.834879702,138.0,581.474667949676,138.0,2308.85334105198,138.0,46.59999847,,
139.0,1879.917,139.0,53177.4742260184,139.0,591.607773380279,139.0,2351.68592142731,139.0,46.79999924,,
140.0,1904.2,140.0,54223.0046657268,140.0,601.843007717133,140.0,2395.01501571333,140.0,47.0,,
141.0,1928.637,141.0,55281.4905738253,141.0,612.180617053986,141.0,2438.84257165995,141.0,47.20000076,,
142.0,1953.228,142.0,56352.9923018748,142.0,622.621023265839,142.0,2483.17102395453,142.0,47.40000153,,
143.0,1977.973,143.0,57437.5822717482,143.0,633.164366977692,143.0,2528.00248265946,143.0,47.59999847,,
144.0,2002.872,144.0,58535.3288818812,144.0,643.810999752045,144.0,2573.3393824621,144.0,47.79999924,,
145.0,2027.925,145.0,59646.2965072719,145.0,654.561202838898,145.0,2619.18399573734,145.0,48.0,,
146.0,2053.132,146.0,60770.5495229186,146.0,665.415187175751,146.0,2665.53827023506,146.0,48.20000076,,
147.0,2078.493,147.0,61908.1603506943,147.0,676.373374637604,147.0,2712.40447833015,147.0,48.40000153,,
148.0,2104.008,148.0,63059.1853187224,148.0,687.435976638794,148.0,2759.78505470998,148.0,48.59999847,,
149.0,2129.677,149.0,64223.7048957506,149.0,698.603203163147,149.0,2807.68227174941,149.0,48.79999924,,
150.0,2155.5,150.0,65401.7713864651,150.0,709.87540625,150.0,2856.09791488586,150.0,49.0,,
151.0,2181.477,151.0,66593.4572127387,151.0,721.252937461853,151.0,2905.03474343167,151.0,49.20000076,,
152.0,2207.608,152.0,67798.8307730071,152.0,732.735867111206,152.0,2954.49438051176,152.0,49.40000153,,
153.0,2233.893,153.0,69017.940348519,153.0,744.324617073059,153.0,3004.47958543848,153.0,49.59999847,,
154.0,2260.332,154.0,70250.8744548969,154.0,756.019468597412,154.0,3054.99198133674,154.0,49.80000305,,
155.0,2286.925,155.0,71497.697467139,155.0,767.820562309265,155.0,3106.03416520641,155.0,50.0,,
156.0,2313.672,156.0,72758.4496196192,156.0,779.728320083618,156.0,3157.60808479736,156.0,50.20000076,,
157.0,2340.573,157.0,74033.2274748348,157.0,791.742952857971,157.0,3209.71633710948,157.0,50.40000153,,
158.0,2367.628,158.0,75322.0712671597,158.0,803.864671569824,158.0,3262.36054526766,158.0,50.59999847,,
159.0,2394.837,159.0,76625.0614653416,159.0,816.093827781677,159.0,3315.54330627177,159.0,50.80000305,,
160.0,2422.2,160.0,77942.254397504,160.0,828.43063243103,160.0,3369.26624324673,160.0,51.0,,
161.0,2449.717,161.0,79273.7144386452,161.0,840.87543755722,161.0,3423.53195319238,161.0,51.20000076,,
162.0,2477.388,162.0,80619.514010638,162.0,853.428382831573,162.0,3478.34270848361,162.0,51.40000153,,
163.0,2505.213,163.0,81979.7174884807,163.0,866.089820293426,163.0,3533.70013224533,163.0,51.59999847,,
164.0,2533.192,164.0,83354.373153422,164.0,878.85996088028,164.0,3589.6068214774,164.0,51.80000305,,
165.0,2561.325,165.0,84743.5614742097,165.0,891.739156154633,165.0,3646.06439930473,165.0,52.0,,
166.0,2589.612,166.0,86147.3468258418,166.0,904.727476428985,166.0,3703.07578735216,166.0,52.20000076,,
167.0,2618.053,167.0,87565.7774895672,167.0,917.825413890838,167.0,3760.64228411963,167.0,52.40000153,,
168.0,2646.648,168.0,88998.9339341335,168.0,931.033038852692,168.0,3818.766486607,168.0,52.59999847,,
169.0,2675.397,169.0,90446.8724876642,169.0,944.350702877045,169.0,3877.45034256415,169.0,52.80000305,,
170.0,2704.3,170.0,91909.6575251576,170.0,957.778687213898,170.0,3936.69612436597,170.0,53.0,,
171.0,2733.357,171.0,93387.3614684865,171.0,971.317202800751,171.0,3996.50577976235,171.0,53.20000076,,
172.0,2762.568,172.0,94880.0406457745,172.0,984.966530887604,172.0,4056.88125650319,172.0,53.40000153,,
173.0,2791.933,173.0,96387.7433382701,173.0,998.726812576294,173.0,4117.82515158834,173.0,53.59999847,,
174.0,2821.452,174.0,97910.5500147212,174.0,1012.59846878815,174.0,4179.33908814272,174.0,53.80000305,,
175.0,2851.125,175.0,99448.5330970008,175.0,1026.581640625,175.0,4241.42533854121,175.0,54.0,,
176.0,2880.952,176.0,101001.740866357,176.0,1040.67660933685,176.0,4304.08617515868,176.0,54.20000076,,
177.0,2910.933,177.0,102570.229650915,177.0,1054.88365617371,177.0,4367.32289649506,177.0,54.40000153,,
178.0,2941.068,178.0,104154.071872545,178.0,1069.20299207306,178.0,4431.13874880018,178.0,54.59999847,,
179.0,2971.357,179.0,105753.331906248,179.0,1083.63489828491,179.0,4495.53470594899,179.0,54.80000305,,
180.0,3001.8,180.0,107368.082173895,180.0,1098.17951543426,180.0,4560.51368956632,180.0,55.0,,
181.0,3032.397,181.0,108998.362909861,181.0,1112.83726539612,181.0,4626.07732277709,181.0,55.20000076,,
182.0,3063.148,182.0,110644.238489144,182.0,1127.60828879547,182.0,4692.2275533312,182.0,55.40000153,,
183.0,3094.053,183.0,112305.797427366,183.0,1142.49279656982,183.0,4758.96665360352,183.0,55.59999847,,
184.0,3125.112,184.0,113983.071912026,184.0,1157.49114028168,184.0,4826.29657134394,184.0,55.80000305,,
185.0,3156.325,185.0,115676.142411873,185.0,1172.60346055603,185.0,4894.21957892735,185.0,56.0,,
186.0,3187.692,186.0,117385.057208154,186.0,1187.82996880722,186.0,4962.73729947866,186.0,56.20000076,,
187.0,3219.213,187.0,119109.896769619,187.0,1203.17115626907,187.0,5031.85232999772,187.0,56.40000153,,
188.0,3250.888,188.0,120850.709377514,188.0,1218.62695310593,188.0,5101.56629360945,188.0,56.59999847,,
189.0,3282.717,189.0,122607.559406839,189.0,1234.19778119278,189.0,5171.88113806375,189.0,56.80000305,,
190.0,3314.7,190.0,124380.511232592,190.0,1249.88378115463,190.0,5242.79913573548,190.0,57.0,,
191.0,3346.837,191.0,126169.621182896,191.0,1265.68537486649,191.0,5314.32223437455,191.0,57.20000076,,
192.0,3379.128,192.0,127974.95363275,192.0,1281.60256232834,192.0,5386.45238173085,192.0,57.40000153,,
193.0,3411.573,193.0,129796.572957151,193.0,1297.63576541519,193.0,5459.19152555428,193.0,57.59999847,,
194.0,3444.172,194.0,131634.535484223,194.0,1313.78512475204,194.0,5532.54193821971,194.0,57.80000305,,
195.0,3476.925,195.0,133488.905588964,195.0,1330.0507809639,195.0,5606.50524285206,195.0,58.0,,
196.0,3509.832,196.0,135359.747646373,196.0,1346.43315592575,196.0,5681.08371182619,196.0,58.20000076,,
197.0,3542.893,197.0,137247.109937698,197.0,1362.9325308876,197.0,5756.279617517,197.0,58.40000153,,
198.0,3576.108,198.0,139151.064884812,198.0,1379.54890584946,198.0,5832.09490767437,198.0,58.59999847,,
199.0,3609.477,199.0,141071.692956463,199.0,1396.28256253815,199.0,5908.53023154827,199.0,58.80000305,,
200.0,3643.0,200.0,143009.0102464,200.0,1413.133921875,200.0,5985.58948463849,200.0,59.0,,
201.0,3676.677,201.0,144963.097223371,201.0,1430.10298433685,201.0,6063.27396544496,,,,
202.0,3710.508,202.0,146934.034356125,202.0,1447.19017179871,202.0,6141.58497246761,,,,
203.0,3744.493,203.0,148921.83773841,203.0,1464.39562488556,203.0,6220.5251027063,,,,
204.0,3778.632,204.0,150926.620026473,204.0,1481.71948422241,204.0,6300.09630391092,,,,
205.0,3812.925,205.0,152948.413407814,205.0,1499.16217168427,205.0,6380.29987458141,,,,
206.0,3847.372,206.0,154987.28225743,206.0,1516.72368727112,206.0,6461.13906096758,,,,
207.0,3881.973,207.0,157043.274856571,207.0,1534.40459348297,207.0,6542.61516156937,,,,
208.0,3916.728,208.0,159116.471673984,208.0,1552.20474969482,208.0,6624.72947488672,,,,
209.0,3951.637,209.0,161206.920990918,209.0,1570.12443715668,209.0,6707.48524716943,,,,
210.0,3986.7,210.0,163314.687182371,210.0,1588.16421836853,210.0,6790.88312766748,,,,
211.0,4021.917,211.0,165439.818529591,211.0,1606.32395270538,211.0,6874.92636263069,,,,
212.0,4057.288,212.0,167582.395501327,212.0,1624.60406204224,212.0,6959.61560130904,,,,
213.0,4092.813,213.0,169742.482472576,213.0,1643.00468700409,213.0,7044.95344070237,,,,
214.0,4128.492,214.0,171920.079443339,214.0,1661.52596821594,214.0,7130.94182856058,,,,
215.0,4164.325,215.0,174115.347351111,215.0,1680.1683275528,215.0,7217.58336188353,,,,
216.0,4200.312,216.0,176328.237914644,216.0,1698.93190563965,216.0,7304.87804067123,,,,
217.0,4236.453,217.0,178558.895977683,217.0,1717.8168431015,217.0,7392.82976042346,,,,
218.0,4272.748,218.0,180807.321540229,218.0,1736.82328151703,218.0,7481.43981964015,,,,
219.0,4309.197,219.0,183073.627258528,219.0,1755.95178147888,219.0,7570.70951682123,,,,
220.0,4345.8,220.0,185357.82922633,220.0,1775.20234394073,220.0,7660.64144896656,,,,
221.0,4382.557,221.0,187659.991818633,221.0,1794.57510952759,221.0,7751.23691457608,,,,
222.0,4419.468,222.0,189980.179410435,222.0,1814.07050011444,222.0,7842.49851064963,,,,
223.0,4456.533,223.0,192318.472470485,223.0,1833.68837507629,223.0,7934.42818493713,,,,
224.0,4493.752,224.0,194674.90318628,224.0,1853.42943753815,224.0,8027.02658668852,,,,
225.0,4531.125,225.0,197049.53593282,225.0,1873.293546875,225.0,8120.2976114036,,,,
226.0,4568.652,226.0,199442.451178852,226.0,1893.28112496185,226.0,8214.24125908238,,,,
227.0,4606.333,227.0,201853.681111876,227.0,1913.39217179871,227.0,8308.86077597467,,,,
228.0,4644.168,228.0,204283.290106889,228.0,1933.62710926056,228.0,8404.1574605804,,,,
229.0,4682.157,229.0,206731.32644514,229.0,1953.98593734741,229.0,8500.13326064948,,,,
230.0,4720.3,230.0,209197.886689126,230.0,1974.46921855926,230.0,8596.79012393179,,,,
231.0,4758.597,231.0,211682.970838849,231.0,1995.07667164612,231.0,8694.12934892726,,,,
232.0,4797.048,232.0,214186.707644302,232.0,2015.80899973297,232.0,8792.15353263577,,,,
233.0,4835.653,233.0,216709.097105488,233.0,2036.66606219482,233.0,8890.86462280719,,,,
234.0,4874.412,234.0,219250.203597404,234.0,2057.64828090668,234.0,8990.26391794146,,,,
235.0,4913.325,235.0,221810.123682547,235.0,2078.75565586853,235.0,9090.35401503844,,,,
236.0,4952.392,236.0,224388.889548417,236.0,2099.98860895538,236.0,9191.13621259806,,,,
237.0,4991.613,237.0,226986.565570012,237.0,2121.34728079224,237.0,9292.61245837021,,,,
238.0,5030.988,238.0,229603.20002858,238.0,2142.83181200409,238.0,9394.78405085483,,,,
239.0,5070.517,239.0,232238.84120537,239.0,2164.44248384094,239.0,9497.65423630173,,,,
240.0,5110.2,240.0,234893.56956913,240.0,2186.1795775528,240.0,9601.22366396089,,,,
241.0,5150.037,241.0,237567.449494857,241.0,2208.04309313965,241.0,9705.49493083216,,,,
242.0,5190.028,242.0,240260.497076303,242.0,2230.0333118515,242.0,9810.46933541548,,,,
243.0,5230.173,243.0,242972.808875963,243.0,2252.15051493835,243.0,9916.14882546074,,,,
244.0,5270.472,244.0,245704.433175087,244.0,2274.39498460388,244.0,10022.5353487178,,,,
245.0,5310.925,245.0,248455.434348673,245.0,2296.76671894073,245.0,10129.6308529366,,,,
246.0,5351.532,246.0,251225.860677969,246.0,2319.26585952759,246.0,10237.4372858671,,,,
247.0,5392.293,247.0,254015.760444224,247.0,2341.89296886444,247.0,10345.9559460091,,,,
248.0,5433.208,248.0,256825.181928687,248.0,2364.64790632629,248.0,10455.1894303625,,,,
249.0,5474.277,249.0,259654.205600105,249.0,2387.53109378815,249.0,10565.1390374272,,,,
250.0,5515.5,250.0,262502.895833477,250.0,2410.5628125,250.0,10675.8060657032,,,,
251.0,5556.877,251.0,265371.300910052,251.0,2433.77791777801,251.0,10787.1937614404,,,,
252.0,5598.408,252.0,268259.469111077,252.0,2457.18845573425,252.0,10899.3027738885,,,,
253.0,5640.093,253.0,271167.448717803,253.0,2480.80198571777,253.0,11012.1350507977,,,,
254.0,5681.932,254.0,274095.320198976,254.0,2504.62436175537,254.0,11125.6931891676,,,,
255.0,5723.925,255.0,277043.147929594,255.0,2528.65989194489,255.0,11239.9778382484,,,,
256.0,5766.072,256.0,280010.931909658,256.0,2552.9130761261,256.0,11354.9915950397,,,,
257.0,5808.373,257.0,282998.768701665,257.0,2577.38738208771,257.0,11470.7364072917,,,,
258.0,5850.828,258.0,286006.722680613,258.0,2602.08648443603,258.0,11587.213573504,,,,
259.0,5893.437,259.0,289034.858221501,259.0,2627.01293349457,259.0,11704.4256906767,,,,
260.0,5936.2,260.0,292083.207511827,260.0,2652.16989506531,260.0,11822.3727588098,,,,
261.0,5979.117,261.0,295151.802739091,261.0,2677.55978339386,261.0,11941.0586734029,,,,
262.0,6022.188,262.0,298240.772653289,262.0,2703.18485403442,262.0,12060.4847329561,,,,
263.0,6065.413,263.0,301350.117254421,263.0,2729.04806713104,263.0,12180.6509374694,,,,
264.0,6108.792,264.0,304479.900917485,264.0,2755.15114033508,264.0,12301.5611824424,,,,
265.0,6152.325,265.0,307630.18801748,265.0,2781.4962494278,265.0,12423.2167663753,,,,
266.0,6196.012,266.0,310801.042929403,266.0,2808.08519494629,266.0,12545.6189877678,,,,
267.0,6239.853,267.0,313992.497840755,267.0,2834.92025936127,267.0,12668.7704436199,,,,
268.0,6283.848,268.0,317204.617126532,268.0,2862.00308573914,268.0,12792.6711339316,,,,
269.0,6327.997,269.0,320437.497349232,269.0,2889.33525218201,269.0,12917.3249542025,,,,
270.0,6372.3,270.0,323691.106321357,270.0,2916.91911908722,270.0,13042.7332029328,,,,
271.0,6416.757,271.0,326965.604980402,271.0,2944.75558120728,271.0,13168.8958801224,,,,
272.0,6461.368,272.0,330260.961138867,272.0,2972.84661339569,272.0,13295.816881271,,,,
273.0,6506.133,273.0,333577.303546749,273.0,3001.19357673645,273.0,13423.4975048786,,,,
274.0,6551.052,274.0,336914.632204048,274.0,3029.79834964752,274.0,13551.9390494451,,,,
275.0,6596.125,275.0,340273.011485763,275.0,3058.66221142578,275.0,13681.1428134705,,,,
276.0,6641.352,276.0,343652.473579392,276.0,3087.7863998642,276.0,13811.1113939546,,,,
277.0,6686.733,277.0,347053.179422431,277.0,3117.17240226746,277.0,13941.8460893973,,,,
278.0,6732.268,278.0,350475.064639881,278.0,3146.82167176056,278.0,14073.3494967985,,,,
279.0,6777.957,279.0,353918.225794241,279.0,3176.73562484741,279.0,14205.6229146582,,,,
280.0,6823.8,280.0,357382.759448007,280.0,3206.91537969208,280.0,14338.6676414762,,,,
281.0,6869.797,281.0,360868.665601179,281.0,3237.36229664612,281.0,14472.4849757526,,,,
282.0,6915.948,282.0,364376.040816255,282.0,3268.07743527985,282.0,14607.0775144871,,,,
283.0,6962.253,283.0,367904.885093234,283.0,3299.06239324951,283.0,14742.4478546795,,,,
284.0,7008.712,284.0,371455.327182114,284.0,3330.31789516449,284.0,14878.59729483,,,,
285.0,7055.325,285.0,375027.334895395,285.0,3361.8454898529,285.0,15015.5258349384,,,,
286.0,7102.092,286.0,378621.036983073,286.0,3393.64615387726,286.0,15153.2360720046,,,,
287.0,7149.013,287.0,382236.465632647,287.0,3425.72138723755,287.0,15291.7306030284,,,,
288.0,7196.088,288.0,385873.653031617,288.0,3458.07156005096,288.0,15431.0107265098,,,,
289.0,7243.317,289.0,389532.69574248,289.0,3490.69842427063,289.0,15571.0790394487,,,,
290.0,7290.7,290.0,393213.593765236,290.0,3523.60259708405,290.0,15711.9355418451,,,,
291.0,7338.237,291.0,396916.443662383,291.0,3556.78550524902,291.0,15853.5815321988,,,,
292.0,7385.928,292.0,400641.309808917,292.0,3590.248022789,292.0,15996.0222045096,,,,
293.0,7433.773,293.0,404388.22439234,293.0,3623.9915422821,293.0,16139.2549617777,,,,
294.0,7481.772,294.0,408157.219600149,294.0,3658.01634107208,294.0,16283.2849980027,,,,
295.0,7529.925,295.0,411948.391994841,295.0,3692.32408417511,295.0,16428.1123131847,,,,
296.0,7578.232,296.0,415761.773763917,296.0,3726.91527944946,296.0,16573.7382058236,,,,
297.0,7626.693,297.0,419597.429282375,297.0,3761.79100011444,297.0,16720.1652729193,,,,
298.0,7675.308,298.0,423455.390737712,298.0,3796.95259968567,298.0,16867.3948129716,,,,
299.0,7724.077,299.0,427335.786879927,299.0,3832.4005586319,299.0,17015.4294229804,,,,
300.0,7773.0,300.0,431238.55333402,300.0,3868.136171875,300.0,17164.3552014412,,,,
301.0,7822.077,301.0,435163.818849988,301.0,3904.16021089935,301.0,17314.3033210678,,,,
302.0,7871.308,302.0,439111.64780283,302.0,3940.47337882996,302.0,17465.3067374988,,,,
303.0,7920.693,303.0,443082.040192544,303.0,3977.07670886993,303.0,17617.3871834455,,,,
304.0,7970.232,304.0,447075.124769129,304.0,4013.97145687866,304.0,17770.5602387219,,,,
305.0,8019.925,305.0,451090.837157585,305.0,4051.15775371551,305.0,17924.8400471717,,,,
306.0,8069.772,306.0,455129.402670406,306.0,4088.63741773987,306.0,18080.2363735527,,,,
307.0,8119.773,307.0,459190.692557596,307.0,4126.41030832672,307.0,18236.7603131736,,,,
308.0,8169.928,308.0,463274.899944149,308.0,4164.47793328857,308.0,18394.4207140579,,,,
309.0,8220.237,309.0,467381.960455067,309.0,4202.84121840668,309.0,18553.2269806513,,,,
310.0,8270.7,310.0,471512.067215346,310.0,4241.50058555603,310.0,18713.1866243319,,,,
311.0,8321.317,311.0,475665.188037485,311.0,4280.45690192413,311.0,18874.3066615435,,,,
312.0,8372.088,312.0,479841.322921485,312.0,4319.71113235474,312.0,19036.5936972557,,,,
313.0,8423.013,313.0,484040.66499234,313.0,4359.26418309784,313.0,19200.0552855724,,,,
314.0,8474.092,314.0,488263.149875052,314.0,4399.11639790344,314.0,19364.6973754328,,,,
315.0,8525.325,315.0,492508.84194462,315.0,4439.2692259903,315.0,19530.5256518112,,,,
316.0,8576.712,316.0,496777.902138539,316.0,4479.7230111084,316.0,19697.5468626838,,,,
317.0,8628.253,317.0,501070.26608181,317.0,4520.4786399765,317.0,19865.7662530835,,,,
318.0,8679.948,318.0,505386.06252443,318.0,4561.5369797821,318.0,20035.1888765394,,,,
319.0,8731.797,319.0,509725.2914664,319.0,4602.89861646271,319.0,20205.8209220433,,,,
320.0,8783.8,320.0,514088.017282717,320.0,4644.56443673706,320.0,20377.6658314895,,,,
321.0,8835.957,321.0,518474.27216088,321.0,4686.53500796509,321.0,20550.7294936746,,,,
322.0,8888.268,322.0,522884.184850886,322.0,4728.81145714569,322.0,20725.0176887037,,,,
323.0,8940.733,323.0,527317.787540235,323.0,4771.39407038879,323.0,20900.5334702877,,,,
324.0,8993.352,324.0,531775.015853927,324.0,4814.28397660065,324.0,21077.2823856215,,,,
325.0,9046.125,325.0,536256.127291955,325.0,4857.4817421875,325.0,21255.2685850604,,,,
326.0,9099.052,326.0,540760.993104324,326.0,4900.98787496185,326.0,21434.4974294713,,,,
327.0,9152.133,327.0,545289.774228528,327.0,4944.80328117371,327.0,21614.9715792056,,,,
328.0,9205.368,328.0,549842.438477069,328.0,4988.92867176056,328.0,21796.6962295052,,,,
329.0,9258.757,329.0,554419.114599943,329.0,5033.36495297241,329.0,21979.6765135026,,,,
330.0,9312.3,330.0,559019.80259715,330.0,5078.11259355926,330.0,22163.9148534634,,,,
331.0,9365.997,331.0,563644.631218687,331.0,5123.17214039612,331.0,22349.4149494498,,,,
332.0,9419.848,332.0,568293.536089554,332.0,5168.54470285797,332.0,22536.1843038599,,,,
333.0,9473.853,333.0,572966.64595975,333.0,5214.23046844482,333.0,22724.219989686,,,,
334.0,9528.012,334.0,577664.025204271,334.0,5260.23050746918,334.0,22913.5345791071,,,,
335.0,9582.325,335.0,582385.673823118,335.0,5306.54476524353,335.0,23104.1250623031,,,,
336.0,9636.792,336.0,587131.720566288,336.0,5353.17551520538,336.0,23295.9987449923,,,,
337.0,9691.413,337.0,591902.165433779,337.0,5400.12142141724,337.0,23489.155038378,,,,
338.0,9746.188,338.0,596697.072800592,338.0,5447.38479637909,338.0,23683.6037830688,,,,
339.0,9801.117,339.0,601516.442666724,339.0,5494.96546821594,339.0,23879.3443488618,,,,
340.0,9856.2,340.0,606360.339407176,340.0,5542.86394474029,340.0,24076.3812374442,,,,
341.0,9911.437,341.0,611228.956146941,341.0,5591.08185876465,341.0,24274.7189298001,,,,
342.0,9966.828,342.0,616122.164136022,342.0,5639.6185149765,342.0,24474.3593099138,,,,
343.0,10022.373,343.0,621040.156499416,343.0,5688.47502275085,343.0,24675.306775957,,,,
344.0,10078.072,344.0,625982.868862122,344.0,5737.65289771271,344.0,24877.5630876951,,,,
345.0,10133.925,345.0,630950.429974139,345.0,5787.15152267456,345.0,25081.1351988935,,,,
346.0,10189.932,346.0,635942.839835465,346.0,5836.97245327759,346.0,25286.0222516146,,,,
347.0,10246.093,347.0,640960.162821099,347.0,5887.11563292694,347.0,25492.2310961081,,,,
348.0,10302.408,348.0,646002.46330604,348.0,5937.58201570129,348.0,25699.763388624,,,,
349.0,10358.877,349.0,651069.805665284,349.0,5988.37210941315,349.0,25908.6233824119,,,,
350.0,10415.5,350.0,656162.254273832,350.0,6039.4868671875,350.0,26118.8100539094,,,,
351.0,10472.277,351.0,661279.809131682,351.0,6090.92615621185,351.0,26330.3328089598,,,,
352.0,10529.208,352.0,666422.598988831,352.0,6142.69112492371,352.0,26543.190499782,,,,
353.0,10586.293,353.0,671590.559470281,353.0,6194.78260926056,353.0,26757.3873796255,,,,
354.0,10643.532,354.0,676783.819326028,354.0,6247.20107797241,354.0,26972.9300503027,,,,
355.0,10700.925,355.0,682002.442931071,355.0,6299.94643730927,355.0,27189.8148498449,,,,
356.0,10758.472,356.0,687246.494660407,356.0,6353.01964039612,356.0,27408.0510184704,,,,
357.0,10816.173,357.0,692515.910139039,357.0,6406.42171848297,357.0,27627.634769992,,,,
358.0,10874.028,358.0,697810.882491961,358.0,6460.15306219482,358.0,27848.5779416276,,,,
359.0,10932.037,359.0,703131.411719173,359.0,6514.21406215668,359.0,28070.8767057838,,,,
360.0,10990.2,360.0,708477.497820675,360.0,6568.60518711853,360.0,28294.5350672729,,,,
361.0,11048.517,361.0,713849.269546464,361.0,6623.32690583038,361.0,28519.5595865007,,,,
362.0,11106.988,362.0,719246.726896539,362.0,6678.38057766724,362.0,28745.9489500611,,,,
363.0,11165.613,363.0,724669.934245899,363.0,6733.76618700409,363.0,28973.7070799539,,,,
364.0,11224.392,364.0,730118.891594544,364.0,6789.48412446594,364.0,29202.8406193974,,,,
365.0,11283.325,365.0,735593.72769247,365.0,6845.53526505279,365.0,29433.3454509544,,,,
366.0,11342.412,366.0,741094.506914675,366.0,6901.92007751465,366.0,29665.2307734368,,,,
367.0,11401.653,367.0,746621.293636158,367.0,6958.6395149765,367.0,29898.4978290322,,,,
368.0,11461.048,368.0,752174.02348192,368.0,7015.69284306335,368.0,30133.1477771154,,,,
369.0,11520.597,369.0,757752.76082696,369.0,7073.08278052521,369.0,30369.1819426864,,,,
370.0,11580.3,370.0,763357.698796272,370.0,7130.80787423706,370.0,30606.6092761197,,,,
371.0,11640.157,371.0,768988.773014858,371.0,7188.86915544891,371.0,30845.425825603,,,,
372.0,11700.168,372.0,774646.112232715,372.0,7247.26821886444,372.0,31085.6405415109,,,,
373.0,11760.333,373.0,780329.587699845,373.0,7306.00409382629,373.0,31327.2493892185,,,,
374.0,11820.652,374.0,786039.521291241,374.0,7365.07853128815,374.0,31570.2613191003,,,,
375.0,11881.125,375.0,791775.784256905,375.0,7424.491203125,375.0,31814.6748935315,,,,
376.0,11941.752,376.0,797538.376596838,376.0,7484.24306246185,376.0,32060.4937860743,,,,
377.0,12002.533,377.0,803327.491436034,377.0,7544.33514054871,377.0,32307.721835916,,,,
378.0,12063.468,378.0,809143.128774494,378.0,7604.76654676056,378.0,32556.3626338065,,,,
379.0,12124.557,379.0,814985.352987215,379.0,7665.53943734741,379.0,32806.4148249333,,,,
380.0,12185.8,380.0,820854.228449196,380.0,7726.65292168426,380.0,33057.8844314211,,,,
381.0,12247.197,381.0,826749.690785438,381.0,7788.10867164612,381.0,33310.7753752696,,,,
382.0,12308.748,382.0,832671.933120936,382.0,7849.90635910797,382.0,33565.0834562292,,,,
383.0,12370.453,383.0,838620.955455691,383.0,7912.04693719482,383.0,33820.8199732366,,,,
384.0,12432.312,384.0,844596.757789701,384.0,7974.53079653168,384.0,34077.9809744797,,,,
385.0,12494.325,385.0,850599.468872964,385.0,8037.35824961853,385.0,34336.572647708,,,,
386.0,12556.492,386.0,856629.08870548,386.0,8100.53081208038,386.0,34596.5958210465,,,,
387.0,12618.813,387.0,862685.681662247,387.0,8164.04767141724,387.0,34858.0517366827,,,,
388.0,12681.288,388.0,868769.312118262,388.0,8227.90978075409,388.0,35120.9465823662,,,,
389.0,12743.917,389.0,874879.980073527,389.0,8292.11809321594,389.0,35385.2837832219,,,,
390.0,12806.7,390.0,881017.749903038,390.0,8356.67228067779,390.0,35651.0619016248,,,,
391.0,12869.637,391.0,887182.750356793,391.0,8421.57321813965,391.0,35918.2819313248,,,,
392.0,12932.728,392.0,893375.04580979,392.0,8486.8219368515,392.0,36186.9523258216,,,,
393.0,12995.973,393.0,899594.507512033,393.0,8552.41818681335,393.0,36457.0718131151,,,,
394.0,13059.372,394.0,905841.328588516,394.0,8618.36340552521,394.0,36728.6436527052,,,,
395.0,13122.925,395.0,912115.573414236,395.0,8684.65693673706,395.0,37001.6690039669,,,,
396.0,13186.632,396.0,918417.177614197,396.0,8751.30006169891,396.0,37276.1512920249,,,,
397.0,13250.493,397.0,924746.334313393,397.0,8818.29253136444,397.0,37552.0967046289,,,,
398.0,13314.508,398.0,931102.914761826,398.0,8885.63537507629,398.0,37829.5008759042,,,,
399.0,13378.677,399.0,937487.176459491,399.0,8953.32875003814,399.0,38108.3699936004,,,,
400.0,13443.0,400.0,943898.990656391,400.0,9021.37384375,400.0,38388.7074828424,,,,
401.0,13507.477,401.0,950338.55047752,401.0,9089.77009275818,401.0,38670.51433738,,,,
402.0,13572.108,402.0,956805.727172881,402.0,9158.51924992371,402.0,38953.7912197133,,,,
403.0,13636.893,403.0,963300.778242469,403.0,9227.62074893188,403.0,39238.5446488418,,,,
404.0,13701.832,404.0,969823.639311284,404.0,9297.07537484741,404.0,39524.7749560157,,,,
405.0,13766.925,405.0,976374.310379326,405.0,9366.88337385559,405.0,39812.4834662347,,,,
406.0,13832.172,406.0,982952.984571591,406.0,9437.04568727112,406.0,40101.6732733738,,,,
407.0,13897.573,407.0,989559.661888078,407.0,9507.5623112793,407.0,40392.3481338077,,,,
408.0,13963.128,408.0,996194.277953789,408.0,9578.43412469482,408.0,40684.5087100364,,,,
409.0,14028.837,409.0,1002857.02589372,409.0,9649.661436203,409.0,40978.1558301849,,,,
410.0,14094.7,410.0,1009547.90570787,410.0,9721.24471836853,410.0,41273.2956820028,,,,
411.0,14160.717,411.0,1016266.91739623,411.0,9793.18412553406,411.0,41569.9290936151,,,,
412.0,14226.888,412.0,1023014.12533382,412.0,9865.48053079224,412.0,41868.0565618967,,,,
413.0,14293.213,413.0,1029789.72264561,413.0,9938.13440670776,413.0,42167.6846058473,,,,
414.0,14359.692,414.0,1036593.58058162,414.0,10011.1459057159,414.0,42468.810959717,,,,
415.0,14426.325,415.0,1043425.82789184,415.0,10084.5153441315,415.0,42771.4392142556,,,,
416.0,14493.112,416.0,1050286.40020128,416.0,10158.2437493896,416.0,43075.572960213,,,,
417.0,14560.053,417.0,1057175.55500992,417.0,10232.3311253052,417.0,43381.215291464,,,,
418.0,14627.148,418.0,1064093.16356777,418.0,10306.7786555634,418.0,43688.3670361334,,,,
419.0,14694.397,419.0,1071039.35462482,419.0,10381.5859377289,419.0,43997.0291879714,,,,
420.0,14761.8,420.0,1078014.32130608,420.0,10456.7531242371,420.0,44307.2050064776,,,,
421.0,14829.357,421.0,1085017.80611154,421.0,10532.2819689026,421.0,44618.9003481518,,,,
422.0,14897.068,422.0,1092050.00216621,422.0,10608.1719054108,422.0,44932.1110127442,,,,
423.0,14964.933,423.0,1099110.90947008,423.0,10684.4234063263,423.0,45246.8425255045,,,,
424.0,15032.952,424.0,1106200.78552315,424.0,10761.0371865845,424.0,45563.0988084325,,,,
425.0,15101.125,425.0,1113319.50157541,425.0,10838.01371875,425.0,45880.8801927781,,,,
426.0,15169.452,426.0,1120467.05762687,426.0,10915.3537177582,426.0,46200.1902692913,,,,
427.0,15237.933,427.0,1127643.58242753,427.0,10993.0569374237,427.0,46521.027103472,,,,
428.0,15306.568,428.0,1134849.20472738,428.0,11071.1236864319,428.0,46843.3991488199,,,,
429.0,15375.357,429.0,1142083.79577643,429.0,11149.5552498474,429.0,47167.3044708349,,,,
430.0,15444.3,430.0,1149347.61307466,430.0,11228.3522488556,430.0,47492.7466602671,,,,
431.0,15513.397,431.0,1156640.52787209,431.0,11307.5139685211,431.0,47819.7237826163,,,,
432.0,15582.648,432.0,1163962.5401687,432.0,11387.0410300293,432.0,48148.249154132,,,,
433.0,15652.053,433.0,1171313.9074645,433.0,11466.9348746948,433.0,48478.3137118146,,,,
434.0,15721.612,434.0,1178694.62975949,434.0,11547.194936203,434.0,48809.9229809138,,,,
435.0,15791.325,435.0,1186104.57830366,435.0,11627.8220933685,435.0,49143.0776239296,,,,
436.0,15861.192,436.0,1193544.13934702,436.0,11708.8168130341,436.0,49477.7838286116,,,,
437.0,15931.213,437.0,1201012.92663956,437.0,11790.1794057922,437.0,49814.0471202096,,,,
438.0,16001.388,438.0,1208511.32643127,438.0,11871.9098754578,438.0,50151.8581044741,,,,
439.0,16071.717,439.0,1216039.33872217,439.0,11954.0092494659,439.0,50491.2278319044,,,,
440.0,16142.2,440.0,1223596.83476225,440.0,12036.4774378815,440.0,50832.1566337505,,,,
441.0,16212.837,441.0,1231184.0720515,441.0,12119.3152493896,441.0,51174.6458350124,,,,
442.0,16283.628,442.0,1238800.92183992,442.0,12202.5236253052,442.0,51518.6951044401,,,,
443.0,16354.573,443.0,1246447.64162752,443.0,12286.1016868134,443.0,51864.3116235331,,,,
444.0,16425.672,444.0,1254123.9739143,444.0,12370.0509377289,444.0,52211.4950610416,,,,
445.0,16496.925,445.0,1261830.30495024,445.0,12454.3710617371,445.0,52560.2464107155,,,,
446.0,16568.332,446.0,1269566.37723535,446.0,12539.0623751526,446.0,52910.5663350547,,,,
447.0,16639.893,447.0,1277332.57701963,447.0,12624.1254991608,447.0,53262.4658845586,,,,
448.0,16711.608,448.0,1285128.64680308,448.0,12709.5615625763,448.0,53615.9353337277,,,,
449.0,16783.477,449.0,1292954.84408569,449.0,12795.3708740845,449.0,53970.9857330616,,,,
450.0,16855.5,450.0,1300811.04011747,450.0,12881.552625,450.0,54327.61741381,,,,
451.0,16927.677,451.0,1308697.36364841,451.0,12968.1082490082,451.0,54685.8265069733,,,,
452.0,17000.008,452.0,1316613.94342852,452.0,13055.0377499237,452.0,55045.6234005509,,,,
453.0,17072.493,453.0,1324560.65070778,453.0,13142.3417489319,453.0,55407.003894293,,,,
454.0,17145.132,454.0,1332537.61423621,454.0,13230.0213748474,454.0,55769.9735134494,,,,
455.0,17217.925,455.0,1340545.09151378,455.0,13318.0746863556,455.0,56134.5384457696,,,,
456.0,17290.872,456.0,1348582.69629052,456.0,13406.5042497711,456.0,56500.6886345042,,,,
457.0,17363.973,457.0,1356650.94356641,457.0,13495.3103737793,457.0,56868.4351301527,,,,
458.0,17437.228,458.0,1364749.57584146,458.0,13584.4930621948,458.0,57237.7789264649,,,,
459.0,17510.637,459.0,1372878.72186565,459.0,13674.051811203,459.0,57608.720023441,,,,
460.0,17584.2,460.0,1381038.381639,460.0,13763.9877496185,460.0,57981.2646088304,,,,
461.0,17657.917,461.0,1389228.8126615,461.0,13854.3011880341,461.0,58355.4084823836,,,,
462.0,17731.788,462.0,1397449.62868315,462.0,13944.9921245422,462.0,58731.1561756001,,,,
463.0,17805.813,463.0,1405701.47345394,463.0,14036.0626254578,463.0,59108.5145387297,,,,
464.0,17879.992,464.0,1413983.96072388,464.0,14127.5112494659,464.0,59487.4790402726,,,,
465.0,17954.325,465.0,1422297.09049296,465.0,14219.3394378815,465.0,59868.0555367285,,,,
466.0,18028.812,466.0,1430641.24901119,466.0,14311.5474993896,466.0,60250.2485595971,,,,
467.0,18103.453,467.0,1439016.30752856,467.0,14404.1349378052,467.0,60634.0497083789,,,,
468.0,18178.248,468.0,1447422.26604506,468.0,14497.1022493134,468.0,61019.4745650731,,,,
469.0,18253.197,469.0,1455859.38206071,469.0,14590.4506877289,469.0,61406.5134041801,,,,
470.0,18328.3,470.0,1464327.26932549,470.0,14684.1807492371,470.0,61795.1772761994,,,,
471.0,18403.557,471.0,1472826.44283941,471.0,14778.2911251526,471.0,62185.4616496313,,,,
472.0,18478.968,472.0,1481356.64510247,472.0,14872.7837491608,472.0,62577.3665244756,,,,
473.0,18554.533,473.0,1489918.00486466,473.0,14967.6592500763,473.0,62970.9036137319,,,,
474.0,18630.252,474.0,1498510.65087599,474.0,15062.9164990845,474.0,63366.0735799,,,,
475.0,18706.125,475.0,1507134.58313644,475.0,15158.55725,475.0,63762.8705664803,,,,
476.0,18782.152,476.0,1515789.93039602,476.0,15254.5811865082,476.0,64161.3017549723,,,,
477.0,18858.333,477.0,1524476.69265473,477.0,15350.9889374237,477.0,64561.3664828762,,,,
478.0,18934.668,478.0,1533194.86991256,478.0,15447.7804989319,478.0,64963.0667376918,,,,
479.0,19011.157,479.0,1541944.46216953,479.0,15544.9576248474,479.0,65366.4122449186,,,,
480.0,19087.8,480.0,1550725.34067562,480.0,15642.5188738556,480.0,65771.393941557,,,,
481.0,19164.597,481.0,1559538.02043083,481.0,15740.4648747711,481.0,66178.0222156066,,,,
482.0,19241.548,482.0,1568382.50143516,482.0,15838.7973737793,482.0,66586.2925355675,,,,
483.0,19318.653,483.0,1577258.26868862,483.0,15937.5157496948,483.0,66996.2107579395,,,,
484.0,19395.912,484.0,1586165.96594119,484.0,16036.619498703,484.0,67407.7775452225,,,,
485.0,19473.325,485.0,1595105.33569288,485.0,16136.1097496185,485.0,67820.9980914162,,,,
486.0,19550.892,486.0,1604076.63544369,486.0,16235.9885611267,486.0,68235.8685275208,,,,
487.0,19628.613,487.0,1613079.73644361,487.0,16336.2541870422,487.0,68652.3940475361,,,,
488.0,19706.488,488.0,1622114.63869265,488.0,16436.9075629578,488.0,69070.575976462,,,,
489.0,19784.517,489.0,1631181.59969079,489.0,16537.9494994659,489.0,69490.4240397979,,,,
490.0,19862.7,490.0,1640280.61943805,490.0,16639.3795003815,490.0,69911.9233180447,,,,
491.0,19941.037,491.0,1649411.44043443,491.0,16741.1986868896,491.0,70335.0913807015,,,,
492.0,20019.528,492.0,1658574.5776799,492.0,16843.4062503052,492.0,70759.9223712684,,,,
493.0,20098.173,493.0,1667769.77367449,493.0,16946.0047493134,493.0,71186.4221462453,,,,
494.0,20176.972,494.0,1676997.15716818,494.0,17048.9930627289,494.0,71614.5855116324,,,,
495.0,20255.925,495.0,1686256.72816098,495.0,17152.3714992371,495.0,72044.4189864293,,,,
496.0,20335.032,496.0,1695548.61540288,496.0,17256.1403751526,496.0,72475.9284271357,,,,
497.0,20414.293,497.0,1704872.94764388,497.0,17360.2999991608,497.0,72909.1138337517,,,,
498.0,20493.708,498.0,1714229.33863398,498.0,17464.8526250763,498.0,73343.9758687772,,,,
499.0,20573.277,499.0,1723618.43212318,499.0,17569.7951865845,499.0,73780.5093382124,,,,
500.0,20653.0,500.0,1733039.97061148,500.0,17675.1510625,500.0,74218.7318115565,,,,
501.0,20732.877,501.0,1742493.95409888,501.0,17781.0039490757,501.0,74658.63157581,,,,
502.0,20812.908,502.0,1751980.38258538,502.0,17887.4383953018,502.0,75100.2106184729,,,,
503.0,20893.093,503.0,1761499.51357096,503.0,17994.5336193542,503.0,75543.4838590443,,,,
504.0,20973.432,504.0,1771051.21830565,504.0,18102.3657870789,504.0,75988.4422345247,,,,
505.0,21053.925,505.0,1780635.75428942,505.0,18211.0053766022,505.0,76435.0864074142,,,,
506.0,21134.572,506.0,1790252.99277228,506.0,18320.5221622467,506.0,76883.4261032121,,,,
507.0,21215.373,507.0,1799903.19125423,507.0,18430.9861157227,507.0,77333.4581154187,,,,
508.0,21296.328,508.0,1809586.09223527,508.0,18542.4613954468,508.0,77785.1915070334,,,,
509.0,21377.437,509.0,1819301.82446539,509.0,18655.0151610565,509.0,78238.613346057,,,,
510.0,21458.7,510.0,1829050.51669461,510.0,18768.7108787689,510.0,78693.7378894886,,,,
511.0,21540.117,511.0,1838832.1689229,511.0,18883.6116714783,511.0,79150.5612683286,,,,
512.0,21621.688,512.0,1848646.90990028,512.0,18999.7806963196,512.0,79609.0945330762,,,,
513.0,21703.413,513.0,1858494.73962674,513.0,19117.2783222351,513.0,80069.3272957322,,,,
514.0,21785.292,514.0,1868375.52935228,514.0,19236.1679662628,514.0,80531.2706067957,,,,
515.0,21867.325,515.0,1878289.66532689,515.0,19356.5086566315,515.0,80994.9147407675,,,,
516.0,21949.512,516.0,1888237.01880059,516.0,19478.3591810303,516.0,81460.2752796466,,,,
517.0,22031.853,517.0,1898217.58977336,517.0,19601.7812952271,517.0,81927.3483544333,,,,
518.0,22114.348,518.0,1908231.3782452,518.0,19726.8305852509,518.0,82396.1333026275,,,,
519.0,22196.997,519.0,1918278.51296613,519.0,19853.5681760101,519.0,82866.636643229,,,,
520.0,22279.8,520.0,1928359.12268612,520.0,19982.0499757996,520.0,83338.853182238,,,,
521.0,22362.757,521.0,1938473.20740518,521.0,20112.3328458557,521.0,83812.7946326539,,,,
522.0,22445.868,522.0,1948620.76712331,522.0,20244.4757198639,522.0,84288.455137977,,,,
523.0,22529.133,523.0,1958801.93059051,523.0,20378.533668045,523.0,84765.8464112067,,,,
524.0,22612.552,524.0,1969016.56905678,524.0,20514.5625264282,524.0,85244.9515453438,,,,
525.0,22696.125,525.0,1979264.94002211,525.0,20652.6206328125,525.0,85725.7900973874,,,,
526.0,22779.852,526.0,1989546.91473651,526.0,20792.7602646332,526.0,86208.3594173376,,,,
527.0,22863.733,527.0,1999862.62194997,527.0,20935.0374803925,527.0,86692.6556361945,,,,
528.0,22947.768,528.0,2010212.0616625,528.0,21079.5084520569,528.0,87178.6839479579,,,,
529.0,23031.957,529.0,2020595.36262408,529.0,21226.2269021912,529.0,87666.4521966274,,,,
530.0,23116.3,530.0,2031012.52483472,530.0,21375.2467722931,530.0,88155.9538632034,,,,
531.0,23200.797,531.0,2041463.54829443,531.0,21526.6235075836,531.0,88647.1941416855,,,,
532.0,23285.448,532.0,2051948.56175318,532.0,21680.4087722168,532.0,89140.1743570736,,,,
533.0,23370.253,533.0,2062467.565211,533.0,21836.6569840698,533.0,89634.8945093678,,,,
534.0,23455.212,534.0,2073020.55866787,534.0,21995.421608078,534.0,90131.3597925679,,,,
535.0,23540.325,535.0,2083607.79962379,535.0,22156.7553433685,535.0,90629.5728566735,,,,
536.0,23625.592,536.0,2094229.15932876,536.0,22320.7124439392,536.0,91129.5271826852,,,,
537.0,23711.013,537.0,2104884.50903279,537.0,22487.3434214172,537.0,91631.2383526021,,,,
538.0,23796.588,538.0,2115574.36373585,538.0,22656.7014379578,538.0,92134.6921094248,,,,
539.0,23882.317,539.0,2126298.20843798,539.0,22828.8384838409,539.0,92639.9040351527,,,,
540.0,23968.2,540.0,2137056.55813915,540.0,23003.8067503815,540.0,93146.8702607859,,,,
541.0,24054.237,541.0,2147849.28408936,541.0,23181.6580618896,541.0,93655.5959803241,,,,
542.0,24140.428,542.0,2158676.51503861,542.0,23362.4445315552,542.0,94166.0746747676,,,,
543.0,24226.773,543.0,2169538.12223691,543.0,23546.2165930634,543.0,94678.3155131161,,,,
544.0,24313.272,544.0,2180433.97693425,544.0,23733.0262346039,544.0,95192.3158453695,,,,
545.0,24399.925,545.0,2191364.59413064,545.0,23922.9236867371,545.0,95708.0821905277,,,,
546.0,24486.732,546.0,2202329.97382605,546.0,24115.9594689026,546.0,96225.6158735904,,,,
547.0,24573.693,547.0,2213329.85852051,547.0,24312.1857491608,547.0,96744.9168945577,,,,
548.0,24660.808,548.0,2224364.24821401,548.0,24511.6533125763,548.0,97265.9800594299,,,,
549.0,24748.077,549.0,2235433.65790653,549.0,24714.4106865845,549.0,97788.8209502061,,,,
550.0,24835.5,550.0,2246537.5725981,550.0,24920.5091875,550.0,98313.4305038869,,,,
551.0,24923.077,551.0,2257676.50728869,551.0,25129.9988115082,551.0,98839.8191084716,,,,
552.0,25010.808,552.0,2268850.46197832,552.0,25342.9293749237,552.0,99367.9777009608,,,,
553.0,25098.693,553.0,2280058.92166698,553.0,25559.3510614319,553.0,99897.9205383536,,,,
554.0,25186.732,554.0,2291302.65885466,554.0,25779.3137185974,554.0,100429.639882651,,,,
555.0,25274.925,555.0,2302581.41604137,555.0,26002.8656238556,555.0,100963.138277851,,,,
556.0,25363.272,556.0,2313895.19322711,556.0,26230.0572497711,556.0,101498.424892956,,,,
557.0,25451.773,557.0,2325243.99041188,557.0,26460.9374987793,557.0,102035.491883964,,,,
558.0,25540.428,558.0,2336627.80759567,558.0,26695.5556246948,558.0,102574.347094876,,,,
559.0,25629.237,559.0,2348046.90227848,559.0,26933.960342453,559.0,103114.994394691,,,,
560.0,25718.2,560.0,2359501.27446032,560.0,27176.2005621185,560.0,103657.42472041,,,,
561.0,25807.317,561.0,2370990.92414117,561.0,27422.3258736267,561.0,104201.649785032,,,,
562.0,25896.588,562.0,2382516.10882103,562.0,27672.3838745422,562.0,104747.673457556,,,,
563.0,25986.013,563.0,2394076.31349993,563.0,27926.4241235504,563.0,105295.486674985,,,,
564.0,26075.592,564.0,2405672.31067783,564.0,28184.4934994659,564.0,105845.099825316,,,,
565.0,26165.325,565.0,2417303.58535475,565.0,28446.6413753815,565.0,106396.514233549,,,,
566.0,26255.212,566.0,2428970.39503068,566.0,28712.9152493896,566.0,106949.728574686,,,,
567.0,26345.253,567.0,2440672.73970562,567.0,28983.3638753052,567.0,107504.745498725,,,,
568.0,26435.448,568.0,2452410.61937958,568.0,29258.0352493134,568.0,108061.562355667,,,,
569.0,26525.797,569.0,2464184.03405255,569.0,29536.9768752289,569.0,108620.193508512,,,,
570.0,26616.3,570.0,2475993.49872452,570.0,29820.2366867371,570.0,109180.627244259,,,,
571.0,26706.957,571.0,2487838.4983955,571.0,30107.8623751526,571.0,109742.872625908,,,,
572.0,26797.768,572.0,2499719.0330655,572.0,30399.9003116608,572.0,110306.932303459,,,,
573.0,26888.733,573.0,2511635.87523448,573.0,30696.3999375763,573.0,110872.797213913,,,,
574.0,26979.852,574.0,2523588.25240248,574.0,30997.4079365845,574.0,111440.475095268,,,,
575.0,27071.125,575.0,2535576.67956948,575.0,31302.9705625,575.0,112009.978985526,,,,
576.0,27162.552,576.0,2547601.15673548,576.0,31613.1356240082,576.0,112581.298496685,,,,
577.0,27254.133,577.0,2559661.42640048,577.0,31927.9514374237,577.0,113154.433628746,,,,
578.0,27345.868,578.0,2571757.74606448,578.0,32247.4621864319,578.0,113729.394769709,,,,
579.0,27437.757,579.0,2583890.11572748,579.0,32571.7177498474,579.0,114306.183244573,,,,
580.0,27529.8,580.0,2596059.05038947,580.0,32900.7619988556,580.0,114884.787340339,,,,
581.0,27621.997,581.0,2608263.77755046,581.0,33234.6438747711,581.0,115465.220095006,,,,
582.0,27714.348,582.0,2620504.81221044,582.0,33573.4101237793,582.0,116047.481508575,,,,
583.0,27806.853,583.0,2632782.41186941,583.0,33917.1053746948,583.0,116631.580644044,,,,
584.0,27899.512,584.0,2645095.80402738,584.0,34265.776998703,584.0,117217.509763415,,,,
585.0,27992.325,585.0,2657446.01868433,585.0,34619.4729996185,585.0,117805.266216687,,,,
586.0,28085.292,586.0,2669832.54084027,586.0,34978.2372486267,586.0,118394.86436686,,,,
587.0,28178.413,587.0,2682255.3704952,587.0,35342.1166245422,587.0,118986.292500933,,,,
588.0,28271.688,588.0,2694714.76514912,588.0,35711.1572485504,588.0,119579.559681908,,,,
589.0,28365.117,589.0,2707210.46730202,589.0,36085.4066244659,589.0,120174.680272782,,,,
590.0,28458.7,590.0,2719743.2494539,590.0,36464.9097503815,590.0,120771.630847558,,,,
591.0,28552.437,591.0,2732312.33910477,591.0,36849.7111243897,591.0,121370.423119234,,,,
592.0,28646.328,592.0,2744918.25125462,592.0,37239.8581253052,592.0,121971.067475811,,,,
593.0,28740.373,593.0,2757560.98590344,593.0,37635.3968743134,593.0,122573.556179287,,,,
594.0,28834.572,594.0,2770240.28555125,594.0,38036.3725002289,594.0,123177.896967664,,,,
595.0,28928.925,595.0,2782956.40769804,595.0,38442.8299992371,595.0,123784.092490941,,,,
596.0,29023.432,596.0,2795709.3523438,596.0,38854.8143751526,596.0,124392.141424117,,,,
597.0,29118.093,597.0,2808499.63448852,597.0,39272.3718741608,597.0,125002.033379194,,,,
598.0,29212.908,598.0,2821326.22413224,598.0,39695.5497500763,598.0,125613.781394171,,,,
599.0,29307.877,599.0,2834190.15127492,599.0,40124.3894990845,599.0,126227.394532047,,,,
600.0,29403.0,600.0,2847091.15841657,600.0,40558.940875,600.0,126842.863729823,,,,
601.0,29498.277,601.0,2860029.24555719,601.0,40999.2459990082,601.0,127460.199375499,,,,
602.0,29593.708,602.0,2873004.41269678,602.0,41445.3514999237,602.0,128079.391081074,,,,
603.0,29689.293,603.0,2886016.65983534,603.0,41897.2994989319,603.0,128700.449234548,,,,
604.0,29785.032,604.0,2899065.98697287,604.0,42355.1362498474,604.0,129323.364772922,,,,
605.0,29880.925,605.0,2912152.90910935,605.0,42818.9112488556,605.0,129948.159797195,,,,
606.0,29976.972,606.0,2925276.91124481,606.0,43288.6637497711,606.0,130574.821269366,,,,
607.0,30073.173,607.0,2938438.25087923,607.0,43764.4384987793,607.0,131203.351839437,,,,
608.0,30169.528,608.0,2951637.1855126,608.0,44246.2854996948,608.0,131833.751507407,,,,
609.0,30266.037,609.0,2964873.45764494,609.0,44734.244748703,609.0,132466.028011276,,,,
610.0,30362.7,610.0,2978147.06727624,610.0,45228.3602496185,610.0,133100.186651043,,,,
611.0,30459.517,611.0,2991458.52940649,611.0,45728.6802486267,611.0,133736.217038709,,,,
612.0,30556.488,612.0,3004807.58653569,612.0,46235.2487495422,612.0,134374.126912274,,,,
613.0,30653.613,613.0,3018193.72366387,613.0,46748.1059985504,613.0,135013.916271737,,,,
614.0,30750.892,614.0,3031617.97079098,614.0,47267.3002494659,614.0,135655.587767099,,,,
615.0,30848.325,615.0,3045079.81291705,615.0,47792.8742503815,615.0,136299.141398359,,,,
616.0,30945.912,616.0,3058579.25004208,616.0,48324.8739993896,616.0,136944.597941516,,,,
617.0,31043.653,617.0,3072116.79716605,617.0,48863.3400003052,617.0,137591.926232572,,,,
618.0,31141.548,618.0,3085692.19678897,618.0,49408.3217493134,618.0,138241.136659527,,,,
619.0,31239.597,619.0,3099304.93391085,619.0,49959.8605002289,619.0,138892.249998379,,,,
620.0,31337.8,620.0,3112956.03853166,620.0,50517.9989992371,620.0,139545.258511128,,,,
621.0,31436.157,621.0,3126645.25315142,621.0,51082.7810001526,621.0,140200.151809776,,,,
622.0,31534.668,622.0,3140372.06277013,622.0,51654.2537491608,622.0,140856.950670321,,,,
623.0,31633.333,623.0,3154136.98238778,623.0,52232.4562500763,623.0,141515.642054764,,,,
624.0,31732.152,624.0,3167940.26950437,624.0,52817.4392490845,624.0,142176.228613104,,,,
625.0,31831.125,625.0,3181781.4091199,625.0,53409.24075,625.0,142838.723383342,,,,
626.0,31930.252,626.0,3195661.17373437,626.0,54007.9032490082,626.0,143503.110677477,,,,
627.0,32029.533,627.0,3209578.79084778,627.0,54613.4774999237,627.0,144169.408833509,,,,
628.0,32128.968,628.0,3223534.77546012,628.0,55226.0014989319,628.0,144837.609901439,,,,
629.0,32228.557,629.0,3237529.1275714,629.0,55845.5187498474,629.0,145507.721831265,,,,
630.0,32328.3,630.0,3251561.84718162,630.0,56472.0777488556,630.0,146179.739322988,,,,
631.0,32428.197,631.0,3265633.19179076,631.0,57105.7139997711,631.0,146853.665026609,,,,
632.0,32528.248,632.0,3279742.38889885,632.0,57746.4782487793,632.0,147529.509330126,,,,
633.0,32628.453,633.0,3293890.72600585,633.0,58394.4097496948,633.0,148207.26184554,,,,
634.0,32728.812,634.0,3308077.1731118,634.0,59049.554248703,634.0,148886.93561085,,,,
635.0,32829.325,635.0,3322302.24521667,635.0,59711.9519996185,635.0,149568.517588057,,,,
636.0,32929.992,636.0,3336566.19982046,636.0,60381.6479986267,636.0,150252.02855316,,,,
637.0,33030.813,637.0,3350868.77942318,637.0,61058.6834995422,637.0,150937.45303016,,,,
638.0,33131.788,638.0,3365209.98402482,638.0,61743.1057485504,638.0,151624.796107056,,,,
639.0,33232.917,639.0,3379589.8136254,639.0,62434.9549994659,639.0,152314.070821848,,,,
640.0,33334.2,640.0,3394008.78322488,640.0,63134.2747484741,640.0,153005.274524535,,,,
641.0,33435.637,641.0,3408466.37782329,641.0,63841.1052493897,641.0,153698.39438912,,,,
642.0,33537.228,642.0,3422963.11242062,642.0,64555.4950003052,642.0,154393.4432416,,,,
643.0,33638.973,643.0,3437498.47201687,643.0,65277.4842493134,643.0,155090.426381976,,,,
644.0,33740.872,644.0,3452072.97161204,644.0,66007.1137502289,644.0,155789.341160247,,,,
645.0,33842.925,645.0,3466686.35370612,645.0,66744.4314992371,645.0,156490.192876414,,,,
646.0,33945.132,646.0,3481339.13329911,646.0,67489.4712501526,646.0,157192.963192477,,,,
647.0,34047.493,647.0,3496030.53789103,647.0,68242.2862491608,647.0,157897.680834436,,,,
648.0,34150.008,648.0,3510761.59748185,648.0,69002.9095000763,648.0,158604.343152289,,,,
649.0,34252.677,649.0,3525531.53957158,649.0,69771.3907490845,649.0,159312.929370038,,,,
650.0,34355.5,650.0,3540340.62166023,650.0,70547.771,650.0,160023.470651682,,,,
651.0,34458.477,651.0,3555189.35874778,651.0,71332.0882490082,651.0,160735.948871221,,,,
652.0,34561.608,652.0,3570076.97833425,652.0,72124.3897499237,652.0,161450.371766656,,,,
653.0,34664.893,653.0,3585004.51041961,653.0,72924.7202489319,653.0,162166.739337985,,,,
654.0,34768.332,654.0,3599970.92500389,654.0,73733.1152498474,654.0,162885.056885209,,,,
655.0,34871.925,655.0,3614976.99458706,655.0,74549.6217488556,655.0,163605.319108328,,,,
656.0,34975.672,656.0,3630022.97666913,656.0,75374.2787497711,656.0,164327.541695342,,,,
657.0,35079.573,657.0,3645108.09875011,657.0,76207.1322487793,657.0,165051.70895825,,,,
658.0,35183.628,658.0,3660232.61833,658.0,77048.2212496948,658.0,165777.828847053,,,,
659.0,35287.837,659.0,3675397.05040878,659.0,77897.590748703,659.0,166505.91418775,,,,
660.0,35392.2,660.0,3690601.13748646,660.0,78755.2842496185,660.0,167235.946854341,,,,
661.0,35496.717,661.0,3705844.87956303,661.0,79621.3369986267,661.0,167967.939884827,,,,
662.0,35601.388,662.0,3721128.27663851,662.0,80495.7949995422,662.0,168701.895929207,,,,
663.0,35706.213,663.0,3736451.58621287,663.0,81378.7009985504,663.0,169437.807037482,,,,
664.0,35811.192,664.0,3751815.06578612,664.0,82270.0994994659,664.0,170175.691547649,,,,
665.0,35916.325,665.0,3767218.45785826,665.0,83170.0262484741,665.0,170915.536421711,,,,
666.0,36021.612,666.0,3782660.98992932,666.0,84078.5279993897,666.0,171657.339009668,,,,
667.0,36127.053,667.0,3798144.46449924,667.0,84995.6487503052,667.0,172401.128037517,,,,
668.0,36232.648,668.0,3813667.33656806,668.0,85921.4199993134,668.0,173146.867041261,,,,
669.0,36338.397,669.0,3829230.63613576,669.0,86855.8890002289,669.0,173894.587184898,,,,
670.0,36444.3,670.0,3844833.84820235,670.0,87799.1032492371,670.0,174644.291118427,,,,
671.0,36550.357,671.0,3860477.23026782,671.0,88751.1025001526,671.0,175395.955415851,,,,
672.0,36656.568,672.0,3876160.78233218,672.0,89711.9247491608,672.0,176149.595765169,,,,
673.0,36762.933,673.0,3891884.50439543,673.0,90681.6097500763,673.0,176905.217254379,,,,
674.0,36869.452,674.0,3907648.65395755,674.0,91660.2009990845,674.0,177662.814795483,,,,
675.0,36976.125,675.0,3923452.97351855,675.0,92647.7425,675.0,178422.396126479,,,,
676.0,37082.952,676.0,3939297.72057843,676.0,93644.2779990082,676.0,179183.961247369,,,,
677.0,37189.933,677.0,3955183.15263718,677.0,94649.8387499237,677.0,179947.512808151,,,,
678.0,37297.068,678.0,3971109.01219481,678.0,95664.4807489319,678.0,180713.048158826,,,,
679.0,37404.357,679.0,3987075.04175133,679.0,96688.2342498474,679.0,181480.569949394,,,,
680.0,37511.8,680.0,4003081.75630671,680.0,97721.1439988556,680.0,182250.078179855,,,,
681.0,37619.397,681.0,4019129.15586096,681.0,98763.2467497711,681.0,183021.570200209,,,,
682.0,37727.148,682.0,4035216.98291409,682.0,99814.5954987793,682.0,183795.061698454,,,,
683.0,37835.053,683.0,4051345.49496609,683.0,100875.218249695,683.0,184570.539636593,,,,
684.0,37943.112,684.0,4067514.69201696,684.0,101945.169748703,684.0,185348.024790623,,,,
685.0,38051.325,685.0,4083725.08906668,685.0,103024.479999619,685.0,186127.496384546,,,,
686.0,38159.692,686.0,4099975.91361529,686.0,104113.200498627,686.0,186908.970106361,,,,
687.0,38268.213,687.0,4116267.68066275,687.0,105211.359749542,687.0,187692.448394067,,,,
688.0,38376.888,688.0,4132600.39020908,688.0,106319.00774855,688.0,188477.915771667,,,,
689.0,38485.717,689.0,4148973.78475428,689.0,107436.178249466,689.0,189265.393015157,,,,
690.0,38594.7,690.0,4165388.12179834,690.0,108562.923748474,690.0,190054.86973654,,,,
691.0,38703.837,691.0,4181843.91634125,691.0,109699.27299939,691.0,190846.356323814,,,,
692.0,38813.128,692.0,4198340.39588302,692.0,110845.282250305,692.0,191639.842388981,,,,
693.0,38922.573,693.0,4214878.07542366,693.0,112000.972999313,693.0,192435.348708038,,,,
694.0,39032.172,694.0,4231456.95496315,694.0,113166.399750229,694.0,193232.857154987,,,,
695.0,39141.925,695.0,4248076.7770015,695.0,114341.604999237,695.0,194032.378117828,,,,
696.0,39251.832,696.0,4264738.0565387,696.0,115526.615500153,696.0,194833.91668456,,,,
697.0,39361.893,697.0,4281440.79357475,697.0,116721.489499161,697.0,195637.470417183,,,,
698.0,39472.108,698.0,4298184.47310966,698.0,117926.251250076,698.0,196443.034015697,,,,
699.0,39582.477,699.0,4314969.86764342,699.0,119140.957499084,699.0,197250.623168102,,,,
700.0,39693.0,700.0,4331796.71967602,700.0,120365.63875,700.0,198060.222186399,,,,
701.0,39803.677,701.0,4348664.51420748,701.0,121600.336249008,701.0,198871.854496585,,,,
702.0,39914.508,702.0,4365574.02373779,702.0,122845.095999924,702.0,199685.501972663,,,,
703.0,40025.493,703.0,4382525.24826694,703.0,124099.951998932,703.0,200501.172352632,,,,
704.0,40136.632,704.0,4399517.67279494,704.0,125364.950249847,704.0,201318.865636492,,,,
705.0,40247.925,705.0,4416551.81232178,705.0,126640.128248856,705.0,202138.594862242,,,,
706.0,40359.372,706.0,4433627.66684747,706.0,127925.526249771,706.0,202960.349641882,,,,
707.0,40470.973,707.0,4450745.23637199,707.0,129221.187748779,707.0,203784.127325413,,,,
708.0,40582.728,708.0,4467904.52089536,708.0,130527.153999695,708.0,204609.943600834,,,,
709.0,40694.637,709.0,4485105.52041757,709.0,131843.463748703,709.0,205437.793168146,,,,
710.0,40806.7,710.0,4502348.74993861,710.0,133170.149749619,710.0,206267.678677347,,,,
711.0,40918.917,711.0,4519633.1794585,711.0,134507.266498627,711.0,207099.592390439,,,,
712.0,41031.288,712.0,4536960.3539772,712.0,135854.846999542,712.0,207933.552433421,,,,
713.0,41143.813,713.0,4554328.72849476,713.0,137212.92324855,713.0,208769.548418292,,,,
714.0,41256.492,714.0,4571739.33301115,714.0,138581.554249466,714.0,209607.582995054,,,,
715.0,41369.325,715.0,4589192.16752636,715.0,139960.766498474,715.0,210447.666551705,,,,
716.0,41482.312,716.0,4606686.71704042,716.0,141350.60699939,716.0,211289.786050246,,,,
717.0,41595.453,717.0,4624224.01155329,717.0,142751.113500305,717.0,212133.954528677,,,,
718.0,41708.748,718.0,4641803.021065,718.0,144162.325749313,718.0,212980.174636996,,,,
719.0,41822.197,719.0,4659424.26057553,719.0,145584.274000229,719.0,213828.441075205,,,,
720.0,41935.8,720.0,4677087.7300849,720.0,147017.016999237,720.0,214678.748755305,,,,
721.0,42049.557,721.0,4694793.42959309,721.0,148460.586000153,721.0,215531.113153293,,,,
722.0,42163.468,722.0,4712541.87410009,722.0,149915.023249161,722.0,216385.536919169,,,,
723.0,42277.533,723.0,4730332.03360593,723.0,151380.366500076,723.0,217242.004576936,,,,
724.0,42391.752,724.0,4748165.45311058,724.0,152856.657999084,724.0,218100.531602591,,,,
725.0,42506.125,725.0,4766040.58761406,725.0,154343.93525,725.0,218961.117996136,,,,
726.0,42620.652,726.0,4783958.46711636,726.0,155842.230999008,726.0,219823.758669569,,,,
727.0,42735.333,727.0,4801919.09161747,727.0,157351.607499924,727.0,220688.46909889,,,,
728.0,42850.168,728.0,4819921.9461174,728.0,158872.079748932,728.0,221555.233808101,,,,
729.0,42965.157,729.0,4837967.54561615,729.0,160403.700249847,729.0,222424.0682732,,,,
730.0,43080.3,730.0,4856056.4051137,730.0,161946.519248856,730.0,223294.967406188,,,,
731.0,43195.597,731.0,4874186.97961009,731.0,163500.556499771,731.0,224167.925907064,,,,
732.0,43311.048,732.0,4892361.32910526,732.0,165065.854498779,732.0,225042.949075829,,,,
733.0,43426.653,733.0,4910577.90859926,733.0,166642.462999695,733.0,225920.036912482,,,,
734.0,43542.412,734.0,4928837.23309207,734.0,168230.419998703,734.0,226799.210193023,,,,
735.0,43658.325,735.0,4947139.81758368,735.0,169829.755249619,735.0,227680.468917451,,,,
736.0,43774.392,736.0,4965485.1470741,736.0,171440.521248627,736.0,228563.76623377,,,,
737.0,43890.613,737.0,4983873.22156334,737.0,173062.757999542,737.0,229449.175069974,,,,
738.0,44006.988,738.0,5002304.55605137,738.0,174696.49524855,738.0,230336.622498068,,,,
739.0,44123.517,739.0,5020779.15053821,739.0,176341.773249466,739.0,231226.181446048,,,,
740.0,44240.2,740.0,5039296.49002385,740.0,177998.631998474,740.0,232117.799761917,,,,
741.0,44357.037,741.0,5057857.0895083,741.0,179667.12374939,741.0,233011.508821673,,,,
742.0,44474.028,742.0,5076460.43399155,742.0,181347.273998398,742.0,233907.303325317,,,,
743.0,44591.173,743.0,5095107.55347359,743.0,183039.129499313,743.0,234805.183272848,,,,
744.0,44708.472,744.0,5113797.41795444,744.0,184742.725750229,744.0,235705.133188267,,,,
745.0,44825.925,745.0,5132531.57243407,745.0,186458.102749237,745.0,236607.184023573,,,,
746.0,44943.532,746.0,5151308.4719125,746.0,188185.305250153,746.0,237511.310126767,,,,
747.0,45061.293,747.0,5170128.63138974,747.0,189924.365999161,747.0,238417.537149848,,,,
748.0,45179.208,748.0,5188992.05086577,748.0,191675.334500076,748.0,239325.860216815,,,,
749.0,45297.277,749.0,5207899.24534059,749.0,193438.233749084,749.0,240236.26872767,,,,
750.0,45415.5,750.0,5226850.21481419,750.0,195213.11625,750.0,241148.783458411,,,,
751.0,45533.877,751.0,5245844.44428658,751.0,197000.013999008,751.0,242063.36815704,,,,
752.0,45652.408,752.0,5264882.44875777,752.0,198798.972499924,752.0,242980.085151554,,,,
753.0,45771.093,753.0,5283963.71322775,753.0,200610.026498932,753.0,243898.866813957,,,,
754.0,45889.932,754.0,5303088.75269651,754.0,202433.215999847,754.0,244819.765296245,,,,
755.0,46008.925,755.0,5322257.56716406,755.0,204268.578498856,755.0,245742.76999842,,,,
756.0,46128.072,756.0,5341470.1566304,756.0,206116.156499771,756.0,246667.865444482,,,,
757.0,46247.373,757.0,5360727.0360955,757.0,207976.002248779,757.0,247595.07241043,,,,
758.0,46366.828,758.0,5380027.1755594,758.0,209848.131249695,758.0,248524.390896264,,,,
759.0,46486.437,759.0,5399371.09002209,759.0,211732.595498703,759.0,249455.820901984,,,,
760.0,46606.2,760.0,5418759.29448354,760.0,213629.425499619,760.0,250389.341651591,,,,
761.0,46726.117,761.0,5438191.27394378,761.0,215538.680748627,761.0,251324.994697083,,,,
762.0,46846.188,762.0,5457667.54340279,762.0,217460.373999542,762.0,252262.743786462,,,,
763.0,46966.413,763.0,5477188.10286057,763.0,219394.56249855,763.0,253202.604395726,,,,
764.0,47086.792,764.0,5496752.43731713,764.0,221341.278999466,764.0,254144.597300876,,,,
765.0,47207.325,765.0,5516360.03177249,765.0,223300.560998474,765.0,255088.701725912,,,,
766.0,47328.012,766.0,5536013.46122658,766.0,225272.45074939,766.0,256034.922970833,,,,
767.0,47448.853,767.0,5555710.15067947,767.0,227256.978248398,767.0,256983.255735641,,,,
768.0,47569.848,768.0,5575450.61513114,768.0,229254.203749313,768.0,257933.700020334,,,,
769.0,47690.997,769.0,5595236.39958155,769.0,231264.134750229,769.0,258886.287200912,,,,
770.0,47812.3,770.0,5615065.95903075,770.0,233286.858249237,770.0,259841.006677375,,,,
771.0,47933.757,771.0,5634940.3234787,771.0,235322.347250153,771.0,260797.816897725,,,,
772.0,48055.368,772.0,5654858.97792542,772.0,237370.701749161,772.0,261756.785489958,,,,
773.0,48177.133,773.0,5674822.4373709,773.0,239431.928750076,773.0,262717.870902077,,,,
774.0,48299.052,774.0,5694829.15681517,774.0,241506.066249084,774.0,263681.088610081,,,,
775.0,48421.125,775.0,5714881.71125817,775.0,243593.17125,775.0,264646.428437971,,,,
776.0,48543.352,776.0,5734978.04069996,776.0,245693.264249008,776.0,265613.900561745,,,,
777.0,48665.733,777.0,5755119.69014049,777.0,247806.387499924,777.0,266583.510281404,,,,
778.0,48788.268,778.0,5775305.62957978,778.0,249932.600998932,778.0,267555.257596948,,,,
779.0,48910.957,779.0,5795536.37401783,779.0,252071.904749847,779.0,268529.142508376,,,,
780.0,49033.8,780.0,5815811.92345464,780.0,254224.380998856,780.0,269505.170315688,,,,
781.0,49156.797,781.0,5836132.27789021,781.0,256390.045249771,781.0,270483.325118886,,,,
782.0,49279.948,782.0,5856497.43732452,782.0,258568.921998779,782.0,271463.648893967,,,,
783.0,49403.253,783.0,5876907.4017576,783.0,260761.068999695,783.0,272446.084188933,,,,
784.0,49526.712,784.0,5897362.68618941,784.0,262966.526248703,784.0,273430.688455783,,,,
785.0,49650.325,785.0,5917862.77561998,785.0,265185.335999619,785.0,274417.425018517,,,,
786.0,49774.092,786.0,5938407.67004931,786.0,267417.518498627,786.0,275406.299177136,,,,
787.0,49898.013,787.0,5958997.36947739,787.0,269663.111249542,787.0,276397.337007638,,,,
788.0,50022.088,788.0,5979632.38890421,788.0,271922.17649855,788.0,277390.512434025,,,,
789.0,50146.317,789.0,6000312.72832978,789.0,274194.734499466,789.0,278385.851532295,,,,
790.0,50270.7,790.0,6021038.38775408,790.0,276480.844998474,790.0,279383.32822645,,,,
791.0,50395.237,791.0,6041809.36717713,791.0,278780.51049939,791.0,280382.968592488,,,,
792.0,50519.928,792.0,6062624.63659894,792.0,281093.803998398,792.0,281384.767330409,,,,
793.0,50644.773,793.0,6083485.74101949,793.0,283420.736999313,793.0,282388.729740214,,,,
794.0,50769.772,794.0,6104392.68043876,794.0,285761.380500229,794.0,283394.835045902,,,,
795.0,50894.925,795.0,6125344.42485678,795.0,288115.736499237,795.0,284403.098723475,,,,
796.0,51020.232,796.0,6146342.00427353,796.0,290483.867500153,796.0,285413.52607293,,,,
797.0,51145.693,797.0,6167384.90368903,797.0,292865.793499161,797.0,286426.122394269,,,,
798.0,51271.308,798.0,6188473.12310326,798.0,295261.592000076,798.0,287440.89256349,,,,
799.0,51397.077,799.0,6209607.17751622,799.0,297671.247999084,799.0,288457.816228595,,,,
800.0,51523.0,800.0,6230786.55192792,800.0,300094.819,800.0,289476.892965583,,,,
801.0,51649.077,801.0,6252011.76133835,801.0,302532.362500916,801.0,290498.159450454,,,,
802.0,51775.308,802.0,6273282.29074752,802.0,304983.903498016,802.0,291521.589607208,,,,
803.0,51901.693,803.0,6294599.17015541,803.0,307449.476998932,803.0,292547.183435844,,,,
804.0,52028.232,804.0,6315961.36956203,804.0,309929.127999847,804.0,293574.961712363,,,,
805.0,52154.925,805.0,6337369.40396738,805.0,312422.901000763,805.0,294604.908960765,,,,
806.0,52281.772,806.0,6358823.27337146,806.0,314930.821997864,806.0,295637.040657049,,,,
807.0,52408.773,807.0,6380323.49277425,807.0,317452.924998779,807.0,296671.330725216,,,,
808.0,52535.928,808.0,6401869.03217578,808.0,319989.255999695,808.0,297707.815841265,,,,
809.0,52663.237,809.0,6423460.40657604,809.0,322539.85150061,809.0,298746.480105197,,,,
810.0,52790.7,810.0,6445098.13097501,810.0,325104.741997711,810.0,299787.313341011,,,,
811.0,52918.317,811.0,6466781.69037271,811.0,327683.991998627,811.0,300830.336324707,,,,
812.0,53046.088,812.0,6488511.59976912,812.0,330277.594999542,812.0,301875.543756285,,,,
813.0,53174.013,813.0,6510287.34416425,813.0,332885.640000458,813.0,302922.940935745,,,,
814.0,53302.092,814.0,6532109.4385581,814.0,335508.119997559,814.0,303972.517263087,,,,
815.0,53430.325,815.0,6553977.88295066,815.0,338145.121998474,815.0,305024.288638311,,,,
816.0,53558.712,816.0,6575892.16234195,816.0,340796.62149939,816.0,306078.249761416,,,,
817.0,53687.253,817.0,6597852.79173195,817.0,343462.716000305,817.0,307134.374556405,,,,
818.0,53815.948,818.0,6619859.77112067,818.0,346143.412497406,818.0,308192.730651273,,,,
819.0,53944.797,819.0,6641913.10050809,819.0,348838.746498322,819.0,309253.255718024,,,,
820.0,54073.8,820.0,6664013.8098942,820.0,351548.777999237,820.0,310315.991308656,,,,
821.0,54202.957,821.0,6686160.35427904,821.0,354273.534000153,821.0,311380.91664717,,,,
822.0,54332.268,822.0,6708352.73366261,822.0,357013.027001068,822.0,312448.047209564,,,,
823.0,54461.733,823.0,6730591.97804487,823.0,359767.342498169,823.0,313517.372819841,,,,
824.0,54591.352,824.0,6752878.08742583,824.0,362536.472999084,824.0,314588.882877999,,,,
825.0,54721.125,825.0,6775210.5468055,825.0,365320.4855,825.0,315662.608760037,,,,
826.0,54851.052,826.0,6797589.87118387,826.0,368119.402500916,826.0,316738.545165957,,,,
827.0,54981.133,827.0,6820015.54556096,827.0,370933.276998016,827.0,317816.692095757,,,,
828.0,55111.368,828.0,6842488.59993672,828.0,373762.153498932,828.0,318897.028773438,,,,
829.0,55241.757,829.0,6865008.0043112,829.0,376606.029999847,829.0,319979.575975001,,,,
830.0,55372.3,830.0,6887574.27368438,830.0,379464.968500763,830.0,321064.339000444,,,,
831.0,55502.997,831.0,6910186.89305627,831.0,382339.011497864,831.0,322151.317849767,,,,
832.0,55633.848,832.0,6932846.89242685,832.0,385228.191998779,832.0,323240.481146972,,,,
833.0,55764.853,833.0,6955553.75679612,833.0,388132.556999695,833.0,324331.901820055,,,,
834.0,55896.012,834.0,6978308.00116408,834.0,391052.12400061,834.0,325425.491465022,,,,
835.0,56027.325,835.0,7001109.11053073,835.0,393986.955497711,835.0,326521.338485866,,,,
836.0,56158.792,836.0,7023957.08489609,836.0,396937.064498627,836.0,327619.359778593,,,,
837.0,56290.413,837.0,7046851.92426014,837.0,399902.500499542,837.0,328719.633147199,,,,
838.0,56422.188,838.0,7069794.14362288,838.0,402883.318500458,838.0,329822.122339685,,,,
839.0,56554.117,839.0,7092783.22798431,839.0,405879.520997559,839.0,330926.822056051,,,,
840.0,56686.2,840.0,7115820.20734441,840.0,408891.167998474,840.0,332033.758372297,,,,
841.0,56818.437,841.0,7138904.5667032,841.0,411918.27499939,841.0,333142.910512423,,,,
842.0,56950.828,842.0,7162035.79106069,842.0,414960.931000305,842.0,334254.299252429,,,,
843.0,57083.373,843.0,7185213.88041687,843.0,418019.111497406,843.0,335367.898516315,,,,
844.0,57216.072,844.0,7208439.86477172,844.0,421092.891998322,844.0,336483.73968008,,,,
845.0,57348.925,845.0,7231713.22912526,845.0,424182.276999237,845.0,337601.791367726,,,,
846.0,57481.932,846.0,7255034.48847747,846.0,427287.351000153,846.0,338722.10043125,,,,
847.0,57615.093,847.0,7278402.09782839,847.0,430408.107501068,847.0,339844.630618654,,,,
848.0,57748.408,848.0,7301818.63217795,848.0,433544.625998169,848.0,340969.392105938,,,,
849.0,57881.877,849.0,7325281.51652622,849.0,436696.915999084,849.0,342096.3954931,,,,
850.0,58015.5,850.0,7348792.81087315,850.0,439865.0085,850.0,343225.635480142,,,,
851.0,58149.277,851.0,7372352.00021875,851.0,443048.947500916,851.0,344357.112067063,,,,
852.0,58283.208,852.0,7395958.56956303,852.0,446248.813498016,852.0,345490.825253864,,,,
853.0,58417.293,853.0,7419612.518906,853.0,449464.566498932,853.0,346626.795816542,,,,
854.0,58551.532,854.0,7443314.36324763,854.0,452696.326499847,854.0,347764.987503101,,,,
855.0,58685.925,855.0,7467064.10258794,855.0,455944.048500763,855.0,348905.436565537,,,,
856.0,58820.472,856.0,7490862.2519269,856.0,459207.819997864,856.0,350048.127527853,,,,
857.0,58955.173,857.0,7514708.29626453,857.0,462487.680498779,857.0,351193.055090048,,,,
858.0,59090.028,858.0,7538601.20560086,858.0,465783.627999695,858.0,352340.240028121,,,,
859.0,59225.037,859.0,7562543.03993583,859.0,469095.74250061,859.0,353489.666866074,,,,
860.0,59360.2,860.0,7586532.76926947,860.0,472424.025997711,860.0,354641.377155902,,,,
861.0,59495.517,861.0,7610569.87860179,861.0,475768.554498627,861.0,355795.303269612,,,,
862.0,59630.988,862.0,7634656.42793274,862.0,479129.376499542,862.0,356951.492059199,,,,
863.0,59766.613,863.0,7658789.84226239,863.0,482506.441000458,863.0,358109.938224664,,,,
864.0,59902.392,864.0,7682972.18159068,864.0,485899.879497559,864.0,359270.647066007,,,,
865.0,60038.325,865.0,7707202.93091762,865.0,489309.682498474,865.0,360433.597807229,,,,
866.0,60174.412,866.0,7731481.57524323,866.0,492735.85699939,866.0,361598.811224329,,,,
867.0,60310.653,867.0,7755808.11456752,867.0,496178.521000305,867.0,362766.308093306,,,,
868.0,60447.048,868.0,7780183.57889044,868.0,499637.669497406,868.0,363936.026086163,,,,
869.0,60583.597,869.0,7804607.45321202,869.0,503113.351998322,869.0,365108.043006895,,,,
870.0,60720.3,870.0,7829079.22253227,870.0,506605.568499237,870.0,366282.307127507,,,,
871.0,60857.157,871.0,7853599.91685116,871.0,510114.389500153,871.0,367458.849399995,,,,
872.0,60994.168,872.0,7878169.02116871,872.0,513639.864501068,872.0,368637.638872362,,,,
873.0,61131.333,873.0,7902787.0504849,873.0,517181.981998169,873.0,369818.706496606,,,,
874.0,61268.652,874.0,7927452.97479975,874.0,520740.837999085,874.0,371002.062872727,,,,
875.0,61406.125,875.0,7952168.85411322,875.0,524316.421,875.0,372187.661148726,,,,
876.0,61543.752,876.0,7976932.11342537,876.0,527908.782500915,876.0,373375.542876603,,,,
877.0,61681.533,877.0,8001744.81273615,877.0,531517.986498016,877.0,374565.713356356,,,,
878.0,61819.468,878.0,8026605.4070456,878.0,535144.004498932,878.0,375758.141211986,,,,
879.0,61957.557,879.0,8051515.44135368,879.0,538786.916499847,879.0,376952.857819494,,,,
880.0,62095.8,880.0,8076473.88566041,880.0,542446.802500763,880.0,378149.842402879,,,,
881.0,62234.197,881.0,8101481.25496578,881.0,546123.655497864,881.0,379349.11573814,,,,
882.0,62372.748,882.0,8126538.57926977,882.0,549817.486998779,882.0,380550.667225278,,,,
883.0,62511.453,883.0,8151643.28357244,883.0,553528.363499695,883.0,381754.486688294,,,,
884.0,62650.312,884.0,8176797.94287372,884.0,557256.29600061,884.0,382960.615679185,,,,
885.0,62789.325,885.0,8202001.52717364,885.0,561001.404997711,885.0,384169.002045955,,,,
886.0,62928.492,886.0,8227254.0364722,886.0,564763.643498627,886.0,385379.677164601,,,,
887.0,63067.813,887.0,8252555.98576939,887.0,568543.055999542,887.0,386592.672411121,,,,
888.0,63207.288,888.0,8277906.86006522,888.0,572339.682500458,888.0,387807.92503352,,,,
889.0,63346.917,889.0,8303306.65935969,889.0,576153.600497559,889.0,389025.476583795,,,,
890.0,63486.7,890.0,8328755.89865279,890.0,579984.777498474,890.0,390245.327485945,,,,
891.0,63626.637,891.0,8354254.57794452,891.0,583833.32149939,891.0,391467.467139972,,,,
892.0,63766.728,892.0,8379802.69723487,892.0,587699.206500305,892.0,392691.884945876,,,,
893.0,63906.973,893.0,8405399.22652388,893.0,591582.542997406,893.0,393918.622879655,,,,
894.0,64047.372,894.0,8431046.74081147,894.0,595483.333998322,894.0,395147.638965311,,,,
895.0,64187.925,895.0,8456742.15009773,895.0,599401.583499237,895.0,396378.954402843,,,,
896.0,64328.632,896.0,8482487.5143826,896.0,603337.364500153,896.0,397612.600144248,,,,
897.0,64469.493,897.0,8508283.34866607,897.0,607290.682001068,897.0,398848.503261532,,,,
898.0,64610.508,898.0,8534127.5929482,898.0,611261.615998169,898.0,400086.74728269,,,,
899.0,64751.677,899.0,8560021.79222894,899.0,615250.166499084,899.0,401327.269455725,,,,
900.0,64893.0,900.0,8585965.4315083,900.0,619256.3735,900.0,402570.090980635,,,,
901.0,65034.477,901.0,8611959.54078627,901.0,623280.272000916,901.0,403815.24280942,,,,
902.0,65176.108,902.0,8638002.57506287,902.0,627321.951998016,902.0,405062.683390081,,,,
903.0,65317.893,903.0,8664095.0493381,903.0,631381.407998932,903.0,406312.454274617,,,,
904.0,65459.832,904.0,8690238.50861192,904.0,635458.680499847,904.0,407564.513911028,,,,
905.0,65601.925,905.0,8716430.37788439,905.0,639553.769500763,905.0,408818.893675315,,,,
906.0,65744.172,906.0,8742673.74715543,906.0,643666.754997864,906.0,410075.582967477,,,,
907.0,65886.573,907.0,8768965.52642512,907.0,647797.676998779,907.0,411334.602563513,,,,
908.0,66029.128,908.0,8795307.77569342,908.0,651946.534999695,908.0,412595.931687425,,,,
909.0,66171.837,909.0,8821700.49496031,909.0,656113.41900061,909.0,413859.570339211,,,,
910.0,66314.7,910.0,8848142.65422583,910.0,660298.354997711,910.0,415125.529118873,,,,
911.0,66457.717,911.0,8874635.28348994,911.0,664501.311998627,911.0,416393.79742641,,,,
912.0,66600.888,912.0,8901177.35275269,912.0,668722.405499542,912.0,417664.396037821,,,,
913.0,66744.213,913.0,8927770.922014,913.0,672961.640000458,913.0,418937.314777107,,,,
914.0,66887.692,914.0,8954412.90127397,914.0,677219.006497559,914.0,420212.563820267,,,,
915.0,67031.325,915.0,8981106.3805325,915.0,681494.633998474,915.0,421490.122391302,,,,
916.0,67175.112,916.0,9007850.32978964,916.0,685788.52749939,916.0,422770.04264221,,,,
917.0,67319.053,917.0,9034643.7190454,917.0,690100.677000305,917.0,424052.251644995,,,,
918.0,67463.148,918.0,9061487.57829976,918.0,694431.163497406,918.0,425336.822327651,,,,
919.0,67607.397,919.0,9088381.90755272,919.0,698780.030998321,919.0,426623.702538184,,,,
920.0,67751.8,920.0,9115326.70680428,920.0,703147.284499237,920.0,427912.91305259,,,,
921.0,67896.357,921.0,9142321.97605443,921.0,707532.954000153,921.0,429204.475070869,,,,
922.0,68041.068,922.0,9169367.71530318,922.0,711937.120501068,922.0,430498.336017025,,,,
923.0,68185.933,923.0,9196464.9545505,923.0,716359.747998169,923.0,431794.558643053,,,,
924.0,68330.952,924.0,9223611.63379645,924.0,720800.960999085,924.0,433093.122172954,,,,
925.0,68476.125,925.0,9250809.81304097,925.0,725260.751,925.0,434394.01600673,,,,
926.0,68621.452,926.0,9278057.43228412,926.0,729739.166500916,926.0,435697.250744379,,,,
927.0,68766.933,927.0,9305356.55152583,927.0,734236.203498016,927.0,437002.815785903,,,,
928.0,68912.568,928.0,9332706.14076614,928.0,738751.936998932,928.0,438310.742507299,,,,
929.0,69058.357,929.0,9360106.20000505,929.0,743286.415999847,929.0,439621.010132569,,,,
930.0,69204.3,930.0,9387557.75924253,930.0,747839.676500763,930.0,440933.608061712,,,,
931.0,69350.397,931.0,9415060.81847858,931.0,752411.677997864,931.0,442248.54689473,,,,
932.0,69496.648,932.0,9442613.31771326,932.0,757002.540998779,932.0,443565.84740762,,,,
933.0,69643.053,933.0,9470217.31694651,933.0,761612.269499695,933.0,444885.509600383,,,,
934.0,69789.612,934.0,9497872.81617832,934.0,766240.93950061,934.0,446207.502097019,,,,
935.0,69936.325,935.0,9525577.75540876,935.0,770888.510497711,935.0,447531.856273529,,,,
936.0,70083.192,936.0,9553335.22463775,936.0,775555.067498627,936.0,448858.561529911,,,,
937.0,70230.213,937.0,9581143.16386533,937.0,780240.610499542,937.0,450187.618290166,,,,
938.0,70377.388,938.0,9609002.60309148,938.0,784945.290000458,938.0,451519.026130295,,,,
939.0,70524.717,939.0,9636913.5423162,939.0,789668.959997559,939.0,452852.795650296,,,,
940.0,70672.2,940.0,9664874.95153952,940.0,794411.846498474,940.0,454188.92685017,,,,
941.0,70819.837,941.0,9692887.8607614,941.0,799173.80349939,941.0,455527.419729916,,,,
942.0,70967.628,942.0,9720952.26998186,942.0,803955.062000305,942.0,456868.274289534,,,,
943.0,71115.573,943.0,9749068.17920089,943.0,808755.470997406,943.0,458211.459153027,,,,
944.0,71263.672,944.0,9777235.58841848,944.0,813575.176498322,944.0,459557.037072391,,,,
945.0,71411.925,945.0,9805453.46763468,945.0,818414.187999237,945.0,460904.986847626,,,,
946.0,71560.332,946.0,9833722.84684944,946.0,823272.510000153,946.0,462255.288126735,,,,
947.0,71708.893,947.0,9862044.75606275,947.0,828150.208497253,947.0,463607.961261715,,,,
948.0,71857.608,948.0,9890417.13527465,948.0,833047.382498169,948.0,464962.97530057,,,,
949.0,72006.477,949.0,9918842.04448509,949.0,837963.932999084,949.0,466320.403171293,,,,
950.0,72155.5,950.0,9947318.45369411,950.0,842900.034,950.0,467680.19272189,,,,
951.0,72304.677,951.0,9975845.33290172,951.0,847855.601000916,951.0,469042.333352359,,,,
952.0,72454.008,952.0,10004425.7721078,952.0,852830.793998016,952.0,470406.887814699,,,,
953.0,72603.493,953.0,10033056.6813126,953.0,857825.457498932,953.0,471773.751804913,,,,
954.0,72753.132,954.0,10061739.0905159,954.0,862839.902499847,954.0,473143.029626997,,,,
955.0,72902.925,955.0,10090474.0297177,955.0,867873.898000763,955.0,474514.710680952,,,,
956.0,73052.872,956.0,10119260.4689181,956.0,872927.599497864,956.0,475888.753414779,,,,
957.0,73202.973,957.0,10148098.4081171,957.0,878001.081998779,957.0,477265.157828478,,,,
958.0,73353.228,958.0,10176988.8773146,958.0,883094.359999695,958.0,478643.92392205,,,,
959.0,73503.637,959.0,10205930.8465106,959.0,888207.42400061,959.0,480025.14539949,,,,
960.0,73654.2,960.0,10234925.3457053,960.0,893340.273997711,960.0,481408.687004804,,,,
961.0,73804.917,961.0,10263972.3748984,961.0,898493.069998627,961.0,482794.631841989,,,,
962.0,73955.788,962.0,10293069.8740902,962.0,903665.816499542,962.0,484182.979911043,,,,
963.0,74106.813,963.0,10322220.9332805,963.0,908858.434000458,963.0,485573.70025997,,,,
964.0,74257.992,964.0,10351423.4924693,964.0,914071.076997559,964.0,486966.823840767,,,,
965.0,74409.325,965.0,10380678.5816567,965.0,919303.745998474,965.0,488362.309101437,,,,
966.0,74560.812,966.0,10409985.1708426,966.0,924556.45099939,966.0,489760.197593977,,,,
967.0,74712.453,967.0,10439344.2900271,967.0,929829.261000305,967.0,491160.499918386,,,,
968.0,74864.248,968.0,10468756.9692101,968.0,935122.182497406,968.0,492563.205474666,,,,
969.0,75016.197,969.0,10498221.1483917,969.0,940435.369498322,969.0,493968.272710818,,,,
970.0,75168.3,970.0,10527736.8275719,970.0,945768.667499237,970.0,495375.76437884,,,,
971.0,75320.557,971.0,10557306.0667505,971.0,951122.236000153,971.0,496785.607126734,,,,
972.0,75472.968,972.0,10586926.8059278,972.0,956496.079997253,972.0,498197.894658496,,,,
973.0,75625.533,973.0,10616601.1051035,973.0,961890.184998169,973.0,499612.56507013,,,,
974.0,75778.252,974.0,10646327.9342778,974.0,967304.725499084,974.0,501029.638713634,,,,
975.0,75931.125,975.0,10676106.2634506,975.0,972739.537,975.0,502449.10498901,,,,
976.0,76084.152,976.0,10705938.152622,976.0,978194.859000916,976.0,503870.995696254,,,,
977.0,76237.333,977.0,10735822.5717919,977.0,983670.611498016,977.0,505295.289635368,,,,
978.0,76390.668,978.0,10765758.4909604,978.0,989166.874998932,978.0,506721.997406352,,,,
979.0,76544.157,979.0,10795750.0301273,979.0,994683.568999847,979.0,508151.108409206,,,,
980.0,76697.8,980.0,10825792.0392928,980.0,1000220.93350076,980.0,509582.63324393,,,,
981.0,76851.597,981.0,10855886.5784569,981.0,1005778.81399786,981.0,511016.561310525,,,,
982.0,77005.548,982.0,10886034.6776195,982.0,1011357.44499878,982.0,512452.913808988,,,,
983.0,77159.653,983.0,10916236.3367805,983.0,1016956.58649969,983.0,513891.658939322,,,,
984.0,77313.912,984.0,10946489.4959402,984.0,1022576.55850061,984.0,515332.828501526,,,,
985.0,77468.325,985.0,10976797.2450984,985.0,1028217.21099771,985.0,516776.432247598,,,,
986.0,77622.892,986.0,11007157.524255,986.0,1033878.68949863,986.0,518222.418873541,,,,
987.0,77777.613,987.0,11037570.3334103,987.0,1039560.91849954,987.0,519670.850283353,,,,
988.0,77932.488,988.0,11068035.672564,988.0,1045263.98800046,988.0,521121.695525034,,,,
989.0,78087.517,989.0,11098555.6017163,989.0,1050987.96299756,989.0,522574.954598585,,,,
990.0,78242.7,990.0,11129128.0608671,990.0,1056732.85849847,990.0,524030.669056003,,,,
991.0,78398.037,991.0,11159754.0800164,991.0,1062498.74449939,991.0,525488.776145292,,,,
992.0,78553.528,992.0,11190432.6291642,992.0,1068285.54600031,992.0,526949.31826645,,,,
993.0,78709.173,993.0,11221164.7383106,993.0,1074093.42299741,993.0,528412.263619477,,,,
994.0,78864.972,994.0,11251950.4074554,994.0,1079922.28599832,994.0,529877.653756373,,,,
995.0,79020.925,995.0,11282788.6065989,995.0,1085772.38899924,995.0,531345.509877136,,,,
996.0,79177.032,996.0,11313681.3957407,996.0,1091643.48750015,996.0,532815.727677772,,,,
997.0,79333.293,997.0,11344626.7148812,997.0,1097535.81699725,997.0,534288.400862274,,,,
998.0,79489.708,998.0,11375626.6240201,998.0,1103449.31099817,998.0,535763.529430645,,,,
999.0,79646.277,999.0,11406679.0631576,999.0,1109384.02649908,999.0,537241.113382882,,,,
1000.0,79803.08,1000.0,11437785.0622935,1000.0,1115340.067,1000.0,538721.069614992,,,,
1001.0,79960.21997,1001.0,11468944.621428,1001.0,1121317.42250092,1001.0,540203.522782967,,,,
1002.0,80117.71161,1002.0,11500158.770561,1002.0,1127316.08899802,1002.0,541688.389782811,,,,
1003.0,80275.56333,1003.0,11531425.4496925,1003.0,1133336.15099893,1003.0,543175.670614526,,,,
1004.0,80433.78124,1004.0,11562746.7188225,1004.0,1139377.61799985,1004.0,544665.396230108,,,,
1005.0,80592.37015,1005.0,11594121.547951,1005.0,1145440.55550076,1005.0,546157.587829557,,,,
1006.0,80751.33407,1006.0,11625549.937078,1006.0,1151524.96349786,1006.0,547652.234812874,,,,
1007.0,80910.67646,1007.0,11657031.8862035,1007.0,1157630.85199878,1007.0,549149.285028061,,,,
1008.0,81070.40033,1008.0,11688567.3953276,1008.0,1163758.30549969,1008.0,550648.801227114,,,,
1009.0,81230.5084,1009.0,11720157.4944501,1009.0,1169907.38500061,1009.0,552150.772810036,,,,
1010.0,81391.0031,1010.0,11751801.1535711,1010.0,1176078.10899771,1010.0,553655.199776824,,,,
1011.0,81551.88666,1011.0,11783499.4026906,1011.0,1182270.46399863,1011.0,555162.040575483,,,,
1012.0,81713.16114,1012.0,11815251.2118087,1012.0,1188484.53899954,1012.0,556671.388910006,,,,
1013.0,81874.82844,1013.0,11847057.6109252,1013.0,1194720.33450046,1013.0,558183.140476399,,,,
1014.0,82036.89034,1014.0,11878917.5700402,1014.0,1200977.84049756,1014.0,559697.358026659,,,,
1015.0,82199.34852,1015.0,11910832.1191537,1015.0,1207257.23649847,1015.0,561214.020360787,,,,
1016.0,82362.20452,1016.0,11942799.1982658,1016.0,1213558.42299939,1016.0,562733.148678782,,,,
1017.0,82525.45986,1017.0,11974822.9273763,1017.0,1219881.48450031,1017.0,564254.732380645,,,,
1018.0,82689.11591,1018.0,12006900.2164853,1018.0,1226226.51149741,1018.0,565778.782066374,,,,
1019.0,82853.17404,1019.0,12039030.0355928,1019.0,1232593.40899832,1019.0,567305.276535972,,,,
1020.0,83017.63551,1020.0,12071215.4746988,1020.0,1238982.35649924,1020.0,568834.236989436,,,,
1021.0,83182.50154,1021.0,12103455.5038033,1021.0,1245393.25900015,1021.0,570365.694378766,,,,
1022.0,83347.7733,1022.0,12135750.1229062,1022.0,1251826.20199725,1022.0,571899.576199964,,,,
1023.0,83513.45192,1023.0,12168098.3020077,1023.0,1258281.25999817,1023.0,573435.902805031,,,,
1024.0,83679.53846,1024.0,12200502.1011076,1024.0,1264758.43849908,1024.0,574974.736945962,,,,
1025.0,83846.03398,1025.0,12232959.460206,1025.0,1271257.8175,1025.0,576516.03707076,,,,
1026.0,84012.93947,1026.0,12265471.409303,1026.0,1277779.32100092,1026.0,578059.781979427,,,,
1027.0,84180.2559,1027.0,12298037.9483984,1027.0,1284323.09999802,1027.0,579606.003471959,,,,
1028.0,84347.98421,1028.0,12330659.0774922,1028.0,1290889.07949893,1028.0,581154.711300357,,,,
1029.0,84516.12531,1029.0,12363335.8265846,1029.0,1297477.41899985,1029.0,582705.885112623,,,,
1030.0,84684.68006,1030.0,12396066.1356754,1030.0,1304088.03850076,1030.0,584259.524908755,,,,
1031.0,84853.64933,1031.0,12428851.0347648,1031.0,1310721.10799786,1031.0,585815.651040753,,,,
1032.0,85023.03396,1032.0,12461692.5838525,1032.0,1317376.52799878,1032.0,587374.243156617,,,,
1033.0,85192.83472,1033.0,12494587.6929388,1033.0,1324054.31299969,1033.0,588935.301256349,,,,
1034.0,85363.05243,1034.0,12527537.3920236,1034.0,1330754.70300061,1034.0,590498.866891945,,,,
1035.0,85533.68782,1035.0,12560541.6811068,1035.0,1337477.52849771,1035.0,592064.87731141,,,,
1036.0,85704.74167,1036.0,12593602.6201885,1036.0,1344222.88349863,1036.0,593633.395266738,,,,
1037.0,85876.21468,1037.0,12626717.1192687,1037.0,1350990.83399954,1037.0,595204.379205934,,,,
1038.0,86048.10755,1038.0,12659886.2083473,1038.0,1357781.38950046,1038.0,596777.870680995,,,,
1039.0,86220.421,1039.0,12693111.9474244,1039.0,1364594.62049756,1039.0,598353.85909192,,,,
1040.0,86393.1557,1040.0,12726393.3065,1040.0,1371430.54599847,1040.0,599932.302886714,,,,
1041.0,86566.31229,1041.0,12759727.195574,1041.0,1378289.14199939,1041.0,601513.212665374,,,,
1042.0,86739.89144,1042.0,12793117.7346466,1042.0,1385170.51250031,1042.0,603096.629979898,,,,
1043.0,86913.89376,1043.0,12826563.8937175,1043.0,1392074.64349741,1043.0,604682.554830287,,,,
1044.0,87088.31989,1044.0,12860064.642787,1044.0,1399001.60949832,1044.0,606270.976616542,,,,
1045.0,87263.17043,1045.0,12893618.9518549,1045.0,1405951.50999924,1045.0,607861.853786664,,,,
1046.0,87438.44598,1046.0,12927231.9709213,1046.0,1412924.17100015,1046.0,609455.24909265,,,,
1047.0,87614.1471,1047.0,12960898.5499861,1047.0,1419919.83199725,1047.0,611051.141334501,,,,
1048.0,87790.27441,1048.0,12994619.7190495,1048.0,1426938.49799817,1048.0,612649.48896022,,,,
1049.0,87966.82841,1049.0,13028397.5381112,1049.0,1433980.08899908,1049.0,614250.354721803,,,,
1050.0,88143.80971,1050.0,13062229.9471715,1050.0,1441044.76,1050.0,615853.72801925,,,,
1051.0,88321.2188,1051.0,13096119.0062301,1051.0,1448132.52550092,1051.0,617459.598252563,,,,
1052.0,88499.05624,1052.0,13130062.6552873,1052.0,1455243.28649802,1052.0,619068.017573738,,,,
1053.0,88677.32257,1053.0,13164062.9543428,1053.0,1462377.29249893,1053.0,620678.89227878,,,,
1054.0,88856.01829,1054.0,13198117.8433969,1054.0,1469534.38799985,1054.0,622292.243567689,,,,
1055.0,89035.14387,1055.0,13232229.3824494,1055.0,1476714.73350076,1055.0,623908.133344461,,,,
1056.0,89214.69985,1056.0,13266396.5415003,1056.0,1483918.31399786,1056.0,625526.530657097,,,,
1057.0,89394.68671,1057.0,13300619.3205497,1057.0,1491145.22499878,1057.0,627147.435505598,,,,
1058.0,89575.10495,1058.0,13334895.6595976,1058.0,1498395.45999969,1058.0,628770.847889964,,,,
1059.0,89755.95501,1059.0,13369230.7086439,1059.0,1505668.95000061,1059.0,630396.767810194,,,,
1060.0,89937.23734,1060.0,13403620.3476887,1060.0,1512965.82599771,1060.0,632025.153714291,,,,
1061.0,90118.95247,1061.0,13438065.6067319,1061.0,1520286.12599863,1061.0,633656.130258248,,,,
1062.0,90301.10081,1062.0,13472568.5457735,1062.0,1527629.98999954,1062.0,635289.562186073,,,,
1063.0,90483.6828,1063.0,13507125.0448136,1063.0,1534997.26000046,1063.0,636925.512249762,,,,
1064.0,90666.69891,1064.0,13541739.2238522,1064.0,1542387.92999756,1064.0,638564.011401313,,,,
1065.0,90850.14953,1065.0,13576409.0228891,1065.0,1549802.33399847,1065.0,640205.00748873,,,,
1066.0,91034.03516,1066.0,13611134.4419246,1066.0,1557240.29899939,1066.0,641848.563264008,,,,
1067.0,91218.35616,1067.0,13645916.5109584,1067.0,1564701.83300031,1067.0,643494.574423154,,,,
1068.0,91403.11296,1068.0,13680754.1999907,1068.0,1572187.09699741,1068.0,645143.145270161,,,,
1069.0,91588.30598,1069.0,13715648.5390215,1069.0,1579695.93499832,1069.0,646794.223653034,,,,
1070.0,91773.93563,1070.0,13750599.5280507,1070.0,1587228.64899924,1070.0,648447.80957177,,,,
1071.0,91960.00231,1071.0,13785606.1370783,1071.0,1594785.10200015,1071.0,650103.93397837,,,,
1072.0,92146.5064,1072.0,13820669.3961043,1072.0,1602365.27499725,1072.0,651762.587120834,,,,
1073.0,92333.44831,1073.0,13855788.2751288,1073.0,1609969.33799817,1073.0,653423.77875116,,,,
1074.0,92520.82841,1074.0,13890964.8341517,1074.0,1617597.28599908,1074.0,655087.477917351,,,,
1075.0,92708.64711,1075.0,13926197.0131731,1075.0,1625248.973,1075.0,656753.726171404,,,,
1076.0,92896.90481,1076.0,13961484.8121929,1076.0,1632924.86500092,1076.0,658422.492561321,,,,
1077.0,93085.60175,1077.0,13996830.2912111,1077.0,1640624.48199802,1077.0,660093.808039101,,,,
1078.0,93274.73847,1078.0,14032231.3902278,1078.0,1648348.31299893,1078.0,661767.631052746,,,,
1079.0,93464.3152,1079.0,14067690.1692429,1079.0,1656096.02499985,1079.0,663444.003154252,,,,
1080.0,93654.33234,1080.0,14103204.5682564,1080.0,1663867.96000076,1080.0,665122.893391623,,,,
1081.0,93844.79028,1081.0,14138776.6472683,1081.0,1671663.93599786,1081.0,666804.322116857,,,,
1082.0,94035.68941,1082.0,14174405.3762786,1082.0,1679484.12599878,1082.0,668488.310529953,,,,
1083.0,94227.02995,1083.0,14210089.7252874,1083.0,1687328.3609997,1083.0,670174.848030911,,,,
1084.0,94418.81231,1084.0,14245830.7242947,1084.0,1695196.96600061,1084.0,671863.862115735,,,,
1085.0,94611.03688,1085.0,14281629.4033003,1085.0,1703089.62499771,1085.0,673555.508392417,,,,
1086.0,94803.70403,1086.0,14317485.7623043,1086.0,1711006.81399863,1086.0,675249.620652967,,,,
1087.0,94996.81394,1087.0,14353398.7713068,1087.0,1718948.05299954,1087.0,676946.292601378,,,,
1088.0,95190.36698,1088.0,14389367.4003077,1088.0,1726913.82600046,1088.0,678645.513637651,,,,
1089.0,95384.36356,1089.0,14425392.679307,1089.0,1734903.96399756,1089.0,680347.283761787,,,,
1090.0,95578.80391,1090.0,14461475.6383047,1090.0,1742918.48099847,1090.0,682051.602973785,,,,
1091.0,95773.68841,1091.0,14497616.2773008,1091.0,1750957.52799939,1091.0,683758.492473644,,,,
1092.0,95969.01738,1092.0,14533813.5662954,1092.0,1759021.10000031,1092.0,685467.920461367,,,,
1093.0,96164.79113,1093.0,14570067.5052884,1093.0,1767109.05099741,1093.0,687179.908136951,,,,
1094.0,96361.00997,1094.0,14606379.1242797,1094.0,1775221.68699832,1094.0,688894.455500397,,,,
1095.0,96557.67422,1095.0,14642747.3932695,1095.0,1783358.86199924,1095.0,690611.510399708,,,,
1096.0,96754.78411,1096.0,14679174.3722577,1096.0,1791520.72700015,1096.0,692331.155938879,,,,
1097.0,96952.34003,1097.0,14715656.9712443,1097.0,1799707.11699725,1097.0,694053.309013914,,,,
1098.0,97150.34222,1098.0,14752196.2202294,1098.0,1807918.37099817,1098.0,695778.073928809,,,,
1099.0,97348.79098,1099.0,14788795.2092128,1099.0,1816154.31899908,1099.0,697505.387931565,,,,
1100.0,97547.68672,1100.0,14825449.8181946,1100.0,1824414.952,1100.0,699235.251022185,,,,
1101.0,97747.0295,1101.0,14862162.1071749,1101.0,1832700.44000092,1101.0,700967.684400665,,,,
1102.0,97946.81988,1102.0,14898932.0761535,1102.0,1841010.78199802,1102.0,702702.687219007,,,,
1103.0,98147.058,1103.0,14935759.7251306,1103.0,1849345.98299893,1103.0,704440.218773213,,,,
1104.0,98347.74403,1104.0,14972645.054106,1104.0,1857706.19399985,1104.0,706180.362167277,,,,
1105.0,98548.87859,1105.0,15009587.0330799,1105.0,1866091.25000076,1105.0,707923.054649203,,,,
1106.0,98750.46153,1106.0,15046586.6920521,1106.0,1874501.32999786,1106.0,709668.296218993,,,,
1107.0,98952.49347,1107.0,15083644.0310228,1107.0,1882936.26399878,1107.0,711416.128428642,,,,
1108.0,99154.97456,1108.0,15120760.0799918,1108.0,1891396.3679997,1108.0,713166.530926152,,,,
1109.0,99357.90513,1109.0,15157933.8089592,1109.0,1899881.65600061,1109.0,714919.482511525,,,,
1110.0,99561.28531,1110.0,15195165.2179251,1110.0,1908391.94899771,1110.0,716674.983184761,,,,
1111.0,99765.11544,1111.0,15232452.2468894,1111.0,1916927.42099863,1111.0,718433.137249853,,,,
1112.0,99969.39581,1112.0,15269799.015852,1112.0,1925487.90299954,1112.0,720193.798850809,,,,
1113.0,100174.1268,1113.0,15307203.464813,1113.0,1934073.88400046,1113.0,721957.051091626,,,,
1114.0,100379.3083,1114.0,15344664.5637724,1114.0,1942684.88399756,1114.0,723722.873620304,,,,
1115.0,100584.9409,1115.0,15382185.4027302,1115.0,1951321.37399847,1115.0,725491.286788843,,,,
1116.0,100791.0248,1116.0,15419763.9216864,1116.0,1959982.88299939,1116.0,727262.270245242,,,,
1117.0,100997.5602,1117.0,15457400.120641,1117.0,1968670.05100031,1117.0,729035.844341502,,,,
1118.0,101204.5474,1118.0,15495093.999594,1118.0,1977382.38899741,1118.0,730812.009077622,,,,
1119.0,101411.9867,1119.0,15532845.5585454,1119.0,1986120.38599832,1119.0,732590.744101603,,,,
1120.0,101619.8781,1120.0,15570655.8274951,1120.0,1994883.71299924,1120.0,734372.049413445,,,,
1121.0,101828.2222,1121.0,15608523.7764432,1121.0,2003672.54400015,1121.0,736155.965717147,,,,
1122.0,102037.0189,1122.0,15646450.4353898,1122.0,2012486.86899725,1122.0,737942.452308709,,,,
1123.0,102246.2688,1123.0,15684435.8043346,1123.0,2021326.69799817,1123.0,739731.550740131,,,,
1124.0,102455.9718,1124.0,15722479.8832779,1124.0,2030192.17699908,1124.0,741523.198259415,,,,
1125.0,102666.1284,1125.0,15760581.6422195,1125.0,2039083.475,1125.0,743317.457618558,,,,
1126.0,102876.7387,1126.0,15798740.0511596,1126.0,2048000.2629971,1126.0,745114.307617561,,,,
1127.0,103087.803,1127.0,15836958.200098,1127.0,2056942.71899802,1127.0,746913.748256425,,,,
1128.0,103299.3214,1128.0,15875235.0590348,1128.0,2065910.99499893,1128.0,748715.800735147,,,,
1129.0,103511.2943,1129.0,15913569.59797,1129.0,2074904.92499985,1129.0,750520.423501731,,,,
1130.0,103723.7219,1130.0,15951963.8769035,1130.0,2083924.66000076,1130.0,752327.678460172,,,,
1131.0,103936.6045,1131.0,15990415.8358355,1131.0,2092970.22799786,1131.0,754137.482506476,,,,
1132.0,104149.9421,1132.0,16028926.5047657,1132.0,2102041.77099878,1132.0,755949.898392639,,,,
1133.0,104363.735,1133.0,16067494.8536944,1133.0,2111139.13799969,1133.0,757764.926118661,,,,
1134.0,104577.9836,1134.0,16106123.9726214,1134.0,2120262.47000061,1134.0,759582.544484543,,,,
1135.0,104792.688,1135.0,16144810.7715468,1135.0,2129411.95499771,1135.0,761402.753490285,,,,
1136.0,105007.8484,1136.0,16183554.2204707,1136.0,2138587.25499863,1136.0,763225.574335887,,,,
1137.0,105223.4652,1137.0,16222359.4693928,1137.0,2147788.52899954,1137.0,765051.007021347,,,,
1138.0,105439.5383,1138.0,16261222.3983133,1138.0,2157015.94700046,1138.0,766879.030346667,,,,
1139.0,105656.0681,1139.0,16300144.0372322,1139.0,2166269.50899756,1139.0,768709.707063845,,,,
1140.0,105873.0548,1140.0,16339124.3861494,1140.0,2175549.19599847,1140.0,770542.954068883,,,,
1141.0,106090.4989,1141.0,16378162.4150651,1141.0,2184855.19599939,1141.0,772378.812065781,,,,
1142.0,106308.3999,1142.0,16417262.243979,1142.0,2194187.17100031,1142.0,774217.303102536,,,,
1143.0,106526.7586,1143.0,16456419.7528913,1143.0,2203545.60999741,1143.0,776058.384779151,,,,
1144.0,106745.5751,1144.0,16495635.971802,1144.0,2212930.03299832,1144.0,777902.078295626,,,,
1145.0,106964.8497,1145.0,16534909.8707111,1145.0,2222341.06999924,1145.0,779748.404003959,,,,
1146.0,107184.5826,1146.0,16574245.5696185,1146.0,2231778.25100015,1146.0,781597.300000152,,,,
1147.0,107404.7736,1147.0,16613638.9485242,1147.0,2241242.05599725,1147.0,783448.849388203,,,,
1148.0,107625.4233,1148.0,16653091.0374284,1148.0,2250731.98599817,1148.0,785303.030968111,,,,
1149.0,107846.5317,1149.0,16692603.8963308,1149.0,2260248.54899908,1149.0,787159.782835881,,,,
1150.0,108068.0994,1150.0,16732175.4652317,1150.0,2269791.577,1150.0,789019.188095507,,,,
1151.0,108290.1261,1151.0,16771804.7141309,1151.0,2279361.0679971,1151.0,790881.225546991,,,,
1152.0,108512.6121,1152.0,16811495.7630284,1152.0,2288957.16399802,1152.0,792745.874838335,,,,
1153.0,108735.558,1153.0,16851244.4919243,1153.0,2298579.73399893,1153.0,794613.114769538,,,,
1154.0,108958.9633,1154.0,16891051.9308186,1154.0,2308229.08799985,1154.0,796483.008092598,,,,
1155.0,109182.8291,1155.0,16930920.1397111,1155.0,2317905.06500076,1155.0,798355.513255518,,,,
1156.0,109407.1548,1156.0,16970848.0886021,1156.0,2327607.65699786,1156.0,800230.671810294,,,,
1157.0,109631.9408,1157.0,17010833.7174914,1157.0,2337337.03299878,1157.0,802108.462556927,,,,
1158.0,109857.1877,1158.0,17050880.116379,1158.0,2347093.03299969,1158.0,803988.86514342,,,,
1159.0,110082.8951,1159.0,17090987.285265,1159.0,2356875.98600061,1159.0,805871.879569772,,,,
1160.0,110309.0638,1160.0,17131152.1341493,1160.0,2366685.71399771,1160.0,807757.526187982,,,,
1161.0,110535.6933,1161.0,17171376.723032,1161.0,2376522.21599863,1161.0,809645.847398048,,,,
1162.0,110762.7846,1162.0,17211663.111913,1162.0,2386385.67199954,1162.0,811536.779599972,,,,
1163.0,110990.3371,1163.0,17252007.1807923,1163.0,2396276.06200046,1163.0,813430.344841754,,,,
1164.0,111218.3514,1164.0,17292412.01967,1164.0,2406193.57499756,1164.0,815326.542275395,,,,
1165.0,111446.8278,1165.0,17332874.5385461,1165.0,2416137.85299847,1165.0,817225.414300891,,,,
1166.0,111675.7664,1166.0,17373398.8574204,1166.0,2426109.24399939,1166.0,819126.876966247,,,,
1167.0,111905.1668,1167.0,17413982.9162931,1167.0,2436107.74000031,1167.0,821030.971823461,,,,
1168.0,112135.0302,1168.0,17454628.7751641,1168.0,2446133.17899741,1168.0,822937.782824528,,,,
1169.0,112365.3561,1169.0,17495330.2540336,1169.0,2456185.88199832,1169.0,824847.142913458,,,,
1170.0,112596.1447,1170.0,17536093.5329013,1170.0,2466265.84899924,1170.0,826759.197946242,,,,
1171.0,112827.3964,1171.0,17576918.6117673,1171.0,2476372.76000015,1171.0,828673.906370883,,,,
1172.0,113059.1114,1172.0,17617801.3706317,1172.0,2486507.09499725,1172.0,830591.226635383,,,,
1173.0,113291.2899,1173.0,17658745.9294944,1173.0,2496668.53399817,1173.0,832511.220643739,,,,
1174.0,113523.9317,1174.0,17699748.1683555,1174.0,2506857.40699908,1174.0,834433.88924395,,,,
1175.0,113757.0375,1175.0,17740814.2672148,1175.0,2517073.703,1175.0,836359.148484022,,,,
1176.0,113990.607,1176.0,17781938.0460725,1176.0,2527317.0939971,1176.0,838287.102667948,,,,
1177.0,114224.6405,1177.0,17823121.5649285,1177.0,2537588.07799802,1177.0,840217.647491734,,,,
1178.0,114459.1386,1178.0,17864366.8837829,1178.0,2547886.49599893,1178.0,842150.908459373,,,,
1179.0,114694.1008,1179.0,17905671.9426355,1179.0,2558212.32799985,1179.0,844086.82281887,,,,
1180.0,114929.5278,1180.0,17947038.8014865,1180.0,2568565.59300076,1180.0,846025.369370224,,,,
1181.0,115165.4198,1181.0,17988463.3403358,1181.0,2578946.60299786,1181.0,847966.569313435,,,,
1182.0,115401.7764,1182.0,18029949.6791835,1182.0,2589355.03599878,1182.0,849910.422648503,,,,
1183.0,115638.5983,1183.0,18071495.7580295,1183.0,2599791.0629997,1183.0,851856.929375427,,,,
1184.0,115875.8858,1184.0,18113103.6368737,1184.0,2610254.83400061,1184.0,853806.152246205,,,,
1185.0,116113.6381,1185.0,18154771.2557163,1185.0,2620746.19799771,1185.0,855757.986108842,,,,
1186.0,116351.8567,1186.0,18196500.6745572,1186.0,2631265.28699863,1186.0,857712.494563335,,,,
1187.0,116590.5408,1187.0,18238287.7733965,1187.0,2641812.13899954,1187.0,859669.656409684,,,,
1188.0,116829.6908,1188.0,18280140.7922339,1188.0,2652386.75400046,1188.0,861629.491999889,,,,
1189.0,117069.307,1189.0,18322049.4310699,1189.0,2662989.09399756,1189.0,863592.00218195,,,,
1190.0,117309.3897,1190.0,18364019.869904,1190.0,2673619.34799847,1190.0,865557.144555868,,,,
1191.0,117549.9386,1191.0,18406050.0487366,1191.0,2684277.51399939,1191.0,867525.00307364,,,,
1192.0,117790.9543,1192.0,18448146.1475673,1192.0,2694963.58500031,1192.0,869495.49378327,,,,
1193.0,118032.4368,1193.0,18490297.8663964,1193.0,2705677.55999741,1193.0,871468.679436754,,,,
1194.0,118274.3861,1194.0,18532511.3852239,1194.0,2716419.44799832,1194.0,873444.539682094,,,,
1195.0,118516.8025,1195.0,18574786.7040496,1195.0,2727189.40899924,1195.0,875423.07367129,,,,
1196.0,118759.6864,1196.0,18617123.8228736,1196.0,2737987.43500015,1196.0,877404.261052342,,,,
1197.0,119003.0374,1197.0,18659518.621696,1197.0,2748813.53399725,1197.0,879388.143377249,,,,
1198.0,119246.8561,1198.0,18701979.3405166,1198.0,2759667.70599817,1198.0,881374.679094013,,,,
1199.0,119491.1433,1199.0,18744497.7393355,1199.0,2770550.09299908,1199.0,883363.93095463,,,,
1200.0,119735.8975,1200.0,18787077.9381528,1200.0,2781460.553,1200.0,885355.815007105,,,,
1201.0,119981.1201,1201.0,18829717.8769684,1201.0,2792399.4069971,1201.0,887350.394003434,,,,
1202.0,120226.8105,1202.0,18872419.6157823,1202.0,2803366.33399802,1202.0,889347.689143617,,,,
1203.0,120472.9699,1203.0,18915183.1545944,1203.0,2814361.64499893,1203.0,891347.616475658,,,,
1204.0,120719.5976,1204.0,18958008.4934049,1204.0,2825385.17999985,1204.0,893350.238751553,,,,
1205.0,120966.6938,1205.0,19000893.5722137,1205.0,2836437.11800076,1205.0,895355.555971303,,,,
1206.0,121214.2589,1206.0,19043840.4510207,1206.0,2847517.44899786,1206.0,897363.589334906,,,,
1207.0,121462.293,1207.0,19086851.189826,1207.0,2858626.16399878,1207.0,899374.254890368,,,,
1208.0,121710.7968,1208.0,19129919.6086297,1208.0,2869763.43299969,1208.0,901387.636589682,,,,
1209.0,121959.7695,1209.0,19173051.8874316,1209.0,2880929.07600061,1209.0,903403.692032852,,,,
1210.0,122209.2113,1210.0,19216245.9662318,1210.0,2892123.29199771,1210.0,905422.463619876,,,,
1211.0,122459.1233,1211.0,19259499.7850304,1211.0,2903345.89099863,1211.0,907443.930150754,,,,
1212.0,122709.5043,1212.0,19302815.4038272,1212.0,2914597.20399954,1212.0,909468.091625486,,,,
1213.0,122960.3555,1213.0,19346192.8226223,1213.0,2925877.22100046,1213.0,911494.906492076,,,,
1214.0,123211.677,1214.0,19389632.0414157,1214.0,2937185.63099756,1214.0,913524.457854517,,,,
1215.0,123463.4688,1215.0,19433133.0602074,1215.0,2948523.08399847,1215.0,915556.662608816,,,,
1216.0,123715.7301,1216.0,19476695.8789973,1216.0,2959888.92199939,1216.0,917591.603858966,,,,
1217.0,123968.463,1217.0,19520320.4977856,1217.0,2971283.79200031,1217.0,919629.198500974,,,,
1218.0,124221.6655,1218.0,19564006.9165721,1218.0,2982707.37599741,1218.0,921669.550838833,,,,
1219.0,124475.3395,1219.0,19607753.075357,1219.0,2994159.66399832,1219.0,923712.598120546,,,,
1220.0,124729.4838,1220.0,19651561.0341401,1220.0,3005640.68399924,1220.0,925758.298794115,,,,
1221.0,124984.0995,1221.0,19695434.9129214,1221.0,3017150.71900015,1221.0,927806.735963538,,,,
1222.0,125239.1868,1222.0,19739366.4717011,1222.0,3028689.79699725,1222.0,929857.868076814,,,,
1223.0,125494.7449,1223.0,19783361.8904791,1223.0,3040257.90799817,1223.0,931911.695133945,,,,
1224.0,125750.7745,1224.0,19827419.1092553,1224.0,3051854.72299908,1224.0,933968.279886928,,,,
1225.0,126007.2763,1225.0,19871538.1280298,1225.0,3063480.572,1225.0,936027.538383766,,,,
1226.0,126264.2495,1226.0,19915718.9468026,1226.0,3075135.7829971,1226.0,938089.471472459,,,,
1227.0,126521.6943,1227.0,19959963.6255736,1227.0,3086819.69799802,1227.0,940154.182609003,,,,
1228.0,126779.6118,1228.0,20004265.9843431,1228.0,3098532.97599893,1228.0,942221.568337402,,,,
1229.0,127038.0008,1229.0,20048636.3231106,1229.0,3110275.28799985,1229.0,944291.669361655,,,,
1230.0,127296.8625,1230.0,20093064.3418765,1230.0,3122046.94400076,1230.0,946364.486529761,,,,
1231.0,127556.1964,1231.0,20137556.2206407,1231.0,3133847.65199786,1231.0,948439.977441723,,,,
1232.0,127816.003,1232.0,20182109.8994031,1232.0,3145677.70399878,1232.0,950518.226049536,,,,
1233.0,128076.2824,1233.0,20226727.4381638,1233.0,3157537.10899969,1233.0,952599.190801202,,,,
1234.0,128337.0345,1234.0,20271406.7769227,1234.0,3169425.54800061,1234.0,954682.870848722,,,,
1235.0,128598.26,1235.0,20316147.9156799,1235.0,3181343.66999771,1235.0,956769.308592092,,,,
1236.0,128859.9583,1236.0,20360950.8544354,1236.0,3193291.14499863,1236.0,958858.420927319,,,,
1237.0,129122.1305,1237.0,20405817.6531892,1237.0,3205267.65399954,1237.0,960950.248558399,,,,
1238.0,129384.7755,1238.0,20450746.2519412,1238.0,3217274.15600046,1238.0,963044.83388533,,,,
1239.0,129647.8945,1239.0,20495734.5906916,1239.0,3229309.69099756,1239.0,965142.134508114,,,,
1240.0,129911.4869,1240.0,20540788.8494401,1240.0,3241375.21999847,1240.0,967242.109722754,,,,
1241.0,130175.5533,1241.0,20585904.9081869,1241.0,3253469.79199939,1241.0,969344.842633245,,,,
1242.0,130440.093,1242.0,20631082.766932,1242.0,3265594.37600031,1242.0,971450.312039589,,,,
1243.0,130705.1074,1243.0,20676324.4856753,1243.0,3277748.29499741,1243.0,973558.517941785,,,,
1244.0,130970.5958,1244.0,20721628.0044169,1244.0,3289932.21599832,1244.0,975669.460339833,,,,
1245.0,131236.5588,1245.0,20766995.3831568,1245.0,3302145.48199924,1245.0,977783.077329736,,,,
1246.0,131502.9958,1246.0,20812424.5618949,1246.0,3314388.44000015,1246.0,979899.513919488,,,,
1247.0,131769.908,1247.0,20857917.6006312,1247.0,3326661.39099725,1247.0,982018.603901096,,,,
1248.0,132037.2943,1248.0,20903472.4393659,1248.0,3338964.01599817,1248.0,984140.451578555,,,,
1249.0,132305.1558,1249.0,20949089.0780988,1249.0,3351296.63399909,1249.0,986265.035751867,,,,
1250.0,132573.4925,1250.0,20994771.6368299,1250.0,3363658.945,1250.0,988392.356421031,,,,
1251.0,132842.3045,1251.0,21040513.9355593,1251.0,3376050.9189971,1251.0,990522.434786046,,,,
1252.0,133111.5911,1252.0,21086322.1542869,1252.0,3388473.22599802,1252.0,992655.270846912,,,,
1253.0,133381.353,1253.0,21132192.1730127,1253.0,3400925.19699893,1253.0,994790.822203632,,,,
1254.0,133651.5908,1254.0,21178123.9917369,1254.0,3413407.49099985,1254.0,996929.131256202,,,,
1255.0,133922.3044,1255.0,21224121.7304592,1255.0,3425919.45800076,1255.0,999070.176804625,,,,
1256.0,134193.4933,1256.0,21270181.2691798,1256.0,3438461.75799786,1256.0,1001213.8969449,,,,
1257.0,134465.1586,1257.0,21316300.5478988,1257.0,3451034.03199878,1257.0,1003360.41548503,,,,
1258.0,134737.2999,1258.0,21362485.7466159,1258.0,3463636.32799969,1258.0,1005509.71292101,,,,
1259.0,135009.917,1259.0,21408734.8053312,1259.0,3476268.92800061,1259.0,1007661.74685284,,,,
1260.0,135283.01,1260.0,21455045.6640449,1260.0,3488931.53999771,1260.0,1009816.43417653,,,,
1261.0,135556.5801,1261.0,21501422.4427567,1261.0,3501624.45599863,1261.0,1011973.96230006,,,,
1262.0,135830.6261,1262.0,21547861.0214667,1262.0,3514347.70499954,1262.0,1014134.22691944,,,,
1263.0,136105.1493,1263.0,21594363.460175,1263.0,3527101.25800046,1263.0,1016297.22803468,,,,
1264.0,136380.1489,1264.0,21640927.6988816,1264.0,3539885.15199756,1264.0,1018463.00804577,,,,
1265.0,136655.625,1265.0,21687557.8575864,1265.0,3552699.34099847,1265.0,1020631.50335271,,,,
1266.0,136931.5789,1266.0,21734249.8162894,1266.0,3565543.87199939,1266.0,1022802.8394595,,,,
1267.0,137208.0093,1267.0,21781005.6349907,1267.0,3578418.7070003,1267.0,1024976.82895814,,,,
1268.0,137484.9174,1268.0,21827823.2536902,1268.0,3591324.19399741,1268.0,1027153.65925663,,,,
1269.0,137762.3026,1269.0,21874706.792388,1269.0,3604259.98499832,1269.0,1029333.14294698,,,,
1270.0,138040.165,1270.0,21921652.131084,1270.0,3617226.43799924,1270.0,1031515.46743718,,,,
1271.0,138318.5058,1271.0,21968663.3897781,1271.0,3630223.51500015,1271.0,1033700.52842322,,,,
1272.0,138597.3236,1272.0,22015740.5684705,1272.0,3643250.91499725,1272.0,1035888.34710512,,,,
1273.0,138876.6193,1273.0,22062877.4871612,1273.0,3656309.27799817,1273.0,1038078.90228287,,,,
1274.0,139156.3933,1274.0,22110076.2058501,1274.0,3669398.29299909,1274.0,1040272.29826047,,,,
1275.0,139436.645,1275.0,22157342.9045372,1275.0,3682517.612,1275.0,1042468.45193392,,,,
1276.0,139717.3745,1276.0,22204671.4032226,1276.0,3695667.9039971,1276.0,1044667.32090322,,,,
1277.0,139998.583,1277.0,22252065.8219061,1277.0,3708849.15799802,1277.0,1046868.96876837,,,,
1278.0,140280.2705,1278.0,22299522.0405879,1278.0,3722060.72599893,1278.0,1049073.41503337,,,,
1279.0,140562.4358,1279.0,22347044.1792679,1279.0,3735303.57699985,1279.0,1051280.55709023,,,,
1280.0,140845.0788,1280.0,22394628.1179461,1280.0,3748577.06999695,1280.0,1053490.51874693,,,,
1281.0,141128.202,1281.0,22442275.9166226,1281.0,3761881.52699786,1281.0,1055703.32120348,,,,
1282.0,141411.803,1282.0,22489989.6352973,1282.0,3775216.63599878,1282.0,1057918.77705189,,,,
1283.0,141695.8843,1283.0,22537767.2139702,1283.0,3788583.01899969,1283.0,1060137.05250014,,,,
1284.0,141980.4433,1284.0,22585606.5926414,1284.0,3801980.03400061,1284.0,1062358.08564424,,,,
1285.0,142265.4825,1285.0,22633513.9513106,1285.0,3815408.35199771,1285.0,1064581.9595882,,,,
1286.0,142551.0008,1286.0,22681483.1099782,1286.0,3828867.93399863,1286.0,1066808.591228,,,,
1287.0,142836.998,1287.0,22729518.1886439,1287.0,3842358.16799954,1287.0,1069037.95936365,,,,
1288.0,143123.4755,1288.0,22777615.0673079,1288.0,3855879.68500046,1288.0,1071270.14709916,,,,
1289.0,143410.4333,1289.0,22825777.8659701,1289.0,3869432.48499756,1289.0,1073505.09253051,,,,
1290.0,143697.87,1290.0,22874006.5846305,1290.0,3883016.24799847,1290.0,1075742.81685772,,,,
1291.0,143985.7858,1291.0,22922297.1032891,1291.0,3896631.29399939,1291.0,1077983.33958477,,,,
1292.0,144274.183,1292.0,22970653.5419459,1292.0,3910277.62200031,1292.0,1080226.62000767,,,,
1293.0,144563.0593,1293.0,23019071.780601,1293.0,3923955.23399741,1293.0,1082472.74123042,,,,
1294.0,144852.417,1294.0,23067555.9392543,1294.0,3937664.13799832,1294.0,1084721.59894903,,,,
1295.0,145142.2538,1295.0,23116106.0179057,1295.0,3951404.31499924,1295.0,1086973.21436348,,,,
1296.0,145432.572,1296.0,23164717.8965554,1296.0,3965176.11500015,1296.0,1089227.64937778,,,,
1297.0,145723.3705,1297.0,23213395.6952033,1297.0,3978979.17799725,1297.0,1091484.94639193,,,,
1298.0,146014.6493,1298.0,23262139.4138494,1298.0,3992813.53299817,1298.0,1093744.97990193,,,,
1299.0,146306.4095,1299.0,23310949.0524936,1299.0,4006679.82199908,1299.0,1096007.74990778,,,,
1300.0,146598.65,1300.0,23359820.4911361,1300.0,4020577.383,1300.0,1098273.48791348,,,,
1301.0,146891.372,1301.0,23408757.8497767,1301.0,4034506.2369971,1301.0,1100542.32056709,,,,
1302.0,147184.5755,1302.0,23457761.1284156,1302.0,4048467.01399802,1302.0,1102814.23124777,,,,
1303.0,147478.2593,1303.0,23506826.2070527,1303.0,4062459.07299893,1303.0,1105089.22650325,,,,
1304.0,147772.4245,1304.0,23555957.205688,1304.0,4076483.05599985,1304.0,1107367.51460245,,,,
1305.0,148067.0713,1305.0,23605152.0643215,1305.0,4090538.65999695,1305.0,1109648.86319003,,,,
1306.0,148362.1995,1306.0,23654412.8429532,1306.0,4104626.17799786,1306.0,1111933.51477433,,,,
1307.0,148657.8105,1307.0,23703741.601583,1307.0,4118744.97899878,1307.0,1114221.2538193,,,,
1308.0,148953.9018,1308.0,23753132.1602111,1308.0,4132895.7219997,1308.0,1116512.34083602,,,,
1309.0,149250.4758,1309.0,23802588.6388373,1309.0,4147078.68800061,1309.0,1118806.61974648,,,,
1310.0,149547.5313,1310.0,23852111.0374618,1310.0,4161292.95699771,1310.0,1121104.16171527,,,,
1311.0,149845.0695,1311.0,23901697.2960844,1311.0,4175539.47799863,1311.0,1123404.93457925,,,,
1312.0,150143.0893,1312.0,23951349.4747052,1312.0,4189817.91199954,1312.0,1125709.04889284,,,,
1313.0,150441.5918,1313.0,24001065.5133243,1313.0,4204127.94000046,1313.0,1128016.32637455,,,,
1314.0,150740.5758,1314.0,24050847.4719415,1314.0,4218470.23899756,1314.0,1130327.00211396,,,,
1315.0,151040.0425,1315.0,24100695.3505569,1315.0,4232844.46099847,1315.0,1132640.89530543,,,,
1316.0,151339.9933,1316.0,24150609.1491704,1316.0,4247250.60599939,1316.0,1134958.03339548,,,,
1317.0,151640.4255,1317.0,24200584.7477822,1317.0,4261689.00400031,1317.0,1137278.58854102,,,,
1318.0,151941.3405,1318.0,24250626.2663922,1318.0,4276159.64399741,1318.0,1139602.40020154,,,,
1319.0,152242.7395,1319.0,24300737.8250003,1319.0,4290661.89699832,1319.0,1141929.53571237,,,,
1320.0,152544.62,1320.0,24350911.1836066,1320.0,4305196.71199924,1320.0,1144260.02147517,,,,
1321.0,152846.9845,1321.0,24401150.4622111,1321.0,4319763.78000015,1321.0,1146593.77938056,,,,
1322.0,153149.8318,1322.0,24451455.6608138,1322.0,4334363.09099725,1322.0,1148930.98044356,,,,
1323.0,153453.163,1323.0,24501826.7794147,1323.0,4348994.66399817,1323.0,1151271.46310142,,,,
1324.0,153756.977,1324.0,24552263.8180137,1324.0,4363658.46999908,1324.0,1153615.29373521,,,,
1325.0,154061.275,1325.0,24602764.7166109,1325.0,4378354.529,1325.0,1155962.41476916,,,,
1326.0,154366.057,1326.0,24653331.5352063,1326.0,4393083.1499971,1326.0,1158313.01780365,,,,
1327.0,154671.3218,1327.0,24703964.2737999,1327.0,4407844.03399802,1327.0,1160666.89830662,,,,
1328.0,154977.0705,1328.0,24754662.9323916,1328.0,4422637.15999893,1328.0,1163024.16454154,,,,
1329.0,155283.3033,1329.0,24805427.5109816,1329.0,4437463.17899985,1329.0,1165384.79913848,,,,
1330.0,155590.02,1330.0,24856258.0095696,1330.0,4452321.43999695,1330.0,1167748.84821107,,,,
1331.0,155897.222,1331.0,24907154.4281559,1331.0,4467212.28399786,1331.0,1170116.27302117,,,,
1332.0,156204.9068,1332.0,24958116.7667403,1332.0,4482135.68099878,1332.0,1172487.11951419,,,,
1333.0,156513.0768,1333.0,25009145.0253229,1333.0,4497091.64999969,1333.0,1174861.26562803,,,,
1334.0,156821.7308,1334.0,25060239.2039037,1334.0,4512080.51200061,1334.0,1177238.90213495,,,,
1335.0,157130.8688,1335.0,25111397.2424827,1335.0,4527101.63599771,1335.0,1179619.86616532,,,,
1336.0,157440.492,1336.0,25162625.3210597,1336.0,4542155.64199863,1336.0,1182004.24395449,,,,
1337.0,157750.6005,1337.0,25213915.199635,1337.0,4557242.53199954,1337.0,1184392.1218672,,,,
1338.0,158061.193,1338.0,25265275.1182084,1338.0,4572362.00300046,1338.0,1186783.3366974,,,,
1339.0,158372.2708,1339.0,25316698.89678,1339.0,4587514.35699756,1339.0,1189177.95337694,,,,
1340.0,158683.8338,1340.0,25368188.5953498,1340.0,4602699.60399847,1340.0,1191576.01728187,,,,
1341.0,158995.882,1341.0,25419742.1539178,1341.0,4617917.74299939,1341.0,1193977.51011065,,,,
1342.0,159308.4143,1342.0,25471365.7524838,1342.0,4633168.77400031,1342.0,1196382.49661394,,,,
1343.0,159621.433,1343.0,25523053.2110481,1343.0,4648452.69799741,1343.0,1198790.85575279,,,,
1344.0,159934.937,1344.0,25574810.7096105,1344.0,4663769.18499832,1344.0,1201202.63094849,,,,
1345.0,160248.925,1345.0,25626632.068171,1345.0,4679119.22299924,1345.0,1203617.92924819,,,,
1346.0,160563.4008,1346.0,25678519.3467298,1346.0,4694502.13500015,1346.0,1206036.6082318,,,,
1347.0,160878.3605,1347.0,25730474.6052866,1347.0,4709917.94799725,1347.0,1208458.79434695,,,,
1348.0,161193.808,1348.0,25782491.6638417,1348.0,4725366.96399817,1348.0,1210884.34507003,,,,
1349.0,161509.7395,1349.0,25834580.8223948,1349.0,4740849.19299908,1349.0,1213313.45039692,,,,
1350.0,161826.1575,1350.0,25886731.7809463,1350.0,4756364.314,1350.0,1215745.90410049,,,,
1351.0,162143.062,1351.0,25938954.8394957,1351.0,4771912.9769971,1351.0,1218181.89612486,,,,
1352.0,162460.453,1352.0,25991239.6980433,1352.0,4787494.84299802,1352.0,1220621.34569513,,,,
1353.0,162778.3293,1353.0,26043594.5965891,1353.0,4803109.61099893,1353.0,1223064.27634042,,,,
1354.0,163096.692,1354.0,26096011.2951331,1354.0,4818757.91099985,1354.0,1225510.64798981,,,,
1355.0,163415.5413,1355.0,26148500.0936751,1355.0,4834439.41399695,1355.0,1227960.56727641,,,,
1356.0,163734.877,1356.0,26201054.8122153,1356.0,4850154.45899786,1356.0,1230413.89141781,,,,
1357.0,164054.7005,1357.0,26253673.3907537,1357.0,4865902.71599878,1357.0,1232870.74644759,,,,
1358.0,164375.0093,1358.0,26306362.0092902,1358.0,4881684.5059997,1358.0,1235331.09383559,,,,
1359.0,164695.8058,1359.0,26359114.4878249,1359.0,4897499.82800061,1359.0,1237794.89335562,,,,
1360.0,165017.0888,1360.0,26411932.8863578,1360.0,4913348.68299771,1360.0,1240262.189478,,,,
1361.0,165338.8595,1361.0,26464821.3248887,1361.0,4929230.75899863,1361.0,1242733.02518407,,,,
1362.0,165661.1168,1362.0,26517775.6834178,1362.0,4945146.68799954,1362.0,1245207.36158136,,,,
1363.0,165983.8605,1363.0,26570798.021945,1363.0,4961095.82000046,1363.0,1247685.17974722,,,,
1364.0,166307.092,1364.0,26623886.2804704,1364.0,4977078.81299756,1364.0,1250166.46044843,,,,
1365.0,166630.8113,1365.0,26677040.4589939,1365.0,4993095.33899847,1365.0,1252651.33105228,,,,
1366.0,166955.0183,1366.0,26730264.6775155,1366.0,5009145.72699939,1366.0,1255139.68942859,,,,
1367.0,167279.7118,1367.0,26783552.7560353,1367.0,5025229.95800031,1367.0,1257631.53733714,,,,
1368.0,167604.8943,1368.0,26836910.8745532,1368.0,5041347.73999741,1368.0,1260126.98104871,,,,
1369.0,167930.5633,1369.0,26890332.8530693,1369.0,5057499.04499832,1369.0,1262625.89712963,,,,
1370.0,168256.72,1370.0,26943824.8715835,1370.0,5073684.53199924,1370.0,1265128.30843614,,,,
1371.0,168583.3658,1371.0,26997382.8100958,1371.0,5089903.86200015,1371.0,1267634.32134255,,,,
1372.0,168910.4993,1372.0,27051006.6686063,1372.0,5106156.73399725,1372.0,1270143.83320111,,,,
1373.0,169238.1205,1373.0,27104700.5671148,1373.0,5122443.78699817,1373.0,1272656.82467511,,,,
1374.0,169566.2295,1374.0,27158460.3856215,1374.0,5138764.70299909,1374.0,1275173.42323534,,,,
1375.0,169894.8275,1375.0,27212288.1841264,1375.0,5155119.772,1375.0,1277693.52613054,,,,
1376.0,170223.9133,1376.0,27266181.9026294,1376.0,5171508.7119971,1376.0,1280217.15632046,,,,
1377.0,170553.488,1377.0,27320145.6611304,1377.0,5187931.82499802,1377.0,1282744.35647592,,,,
1378.0,170883.5518,1378.0,27374175.3396297,1378.0,5204388.79899893,1378.0,1285275.17054963,,,,
1379.0,171214.1033,1379.0,27428270.938127,1379.0,5220879.94599985,1379.0,1287809.47479737,,,,
1380.0,171545.145,1380.0,27482436.5766225,1380.0,5237405.27499695,1380.0,1290347.31317187,,,,
1381.0,171876.672,1381.0,27536670.195116,1381.0,5253964.76699786,1381.0,1292888.66633642,,,,
1382.0,172208.6905,1382.0,27590969.7336078,1382.0,5270558.12999878,1382.0,1295433.72325174,,,,
1383.0,172541.198,1383.0,27645337.2520976,1383.0,5287186.30499969,1383.0,1297982.1939656,,,,
1384.0,172874.1945,1384.0,27699774.8105855,1384.0,5303848.33300061,1384.0,1300534.28863874,,,,
1385.0,173207.68,1385.0,27754276.2290716,1385.0,5320544.86299771,1385.0,1303089.98752038,,,,
1386.0,173541.6545,1386.0,27808847.6875558,1386.0,5337275.56499863,1386.0,1305649.20936979,,,,
1387.0,173876.118,1387.0,27863485.0660381,1387.0,5354040.76899954,1387.0,1308212.03853316,,,,
1388.0,174211.073,1388.0,27918192.4845185,1388.0,5370840.47500046,1388.0,1310778.39397681,,,,
1389.0,174546.5145,1389.0,27972965.8229971,1389.0,5387674.36299756,1389.0,1313348.3810399,,,,
1390.0,174882.4475,1390.0,28027809.2014737,1390.0,5404543.06299847,1390.0,1315921.98038569,,,,
1391.0,175218.8695,1391.0,28082720.5599484,1391.0,5421445.92599939,1391.0,1318499.11015238,,,,
1392.0,175555.7805,1392.0,28137697.8384213,1392.0,5438383.31000031,1392.0,1321079.77220326,,,,
1393.0,175893.183,1393.0,28192743.0968924,1393.0,5455355.50599741,1393.0,1323664.09328451,,,,
1394.0,176231.0745,1394.0,28247858.3953614,1394.0,5472362.19499832,1394.0,1326251.99004534,,,,
1395.0,176569.4575,1395.0,28303041.6738286,1395.0,5489403.38499924,1395.0,1328843.548942,,,,
1396.0,176908.3295,1396.0,28358290.8722939,1396.0,5506479.39800015,1396.0,1331438.64591973,,,,
1397.0,177247.6905,1397.0,28413610.1107574,1397.0,5523590.23199725,1397.0,1334037.36553173,,,,
1398.0,177587.543,1398.0,28468995.2692189,1398.0,5540735.55899817,1398.0,1336639.62591619,,,,
1399.0,177927.8845,1399.0,28524452.5276785,1399.0,5557915.69799908,1399.0,1339245.51162633,,,,
1400.0,178268.7175,1400.0,28579975.7061362,1400.0,5575130.358,1400.0,1341855.02431841,,,,
1401.0,178610.042,1401.0,28635568.924592,1401.0,5592380.1409971,1401.0,1344468.1245306,,,,
1402.0,178951.8555,1402.0,28691228.063046,1402.0,5609664.75499802,1402.0,1347084.89491309,,,,
1403.0,179294.1605,1403.0,28746955.1814981,1403.0,5626984.17199893,1403.0,1349705.17261014,,,,
1404.0,179636.957,1404.0,28802752.3399482,1404.0,5644338.74099985,1404.0,1352329.16577593,,,,
1405.0,179980.2425,1405.0,28858619.5383964,1405.0,5661728.13099695,1405.0,1354956.70965169,,,,
1406.0,180324.022,1406.0,28914552.6568427,1406.0,5679152.65399786,1406.0,1357587.97148055,,,,
1407.0,180668.288,1407.0,28970553.7552872,1407.0,5696611.68799878,1407.0,1360222.74600679,,,,
1408.0,181013.048,1408.0,29026624.8937297,1408.0,5714105.85399969,1408.0,1362861.24138458,,,,
1409.0,181358.2995,1409.0,29082766.0721703,1409.0,5731635.80300061,1409.0,1365503.33335211,,,,
1410.0,181704.0425,1410.0,29138973.170609,1410.0,5749200.26199771,1410.0,1368149.02505461,,,,
1411.0,182050.2745,1411.0,29195248.2490458,1411.0,5766799.85399863,1411.0,1370798.35843825,,,,
1412.0,182397.0005,1412.0,29251597.4874806,1412.0,5784434.58799954,1412.0,1373451.37693819,,,,
1413.0,182744.2155,1413.0,29308008.5259137,1413.0,5802105.10400046,1413.0,1376107.99761772,,,,
1414.0,183091.9245,1414.0,29364493.7243447,1414.0,5819810.12199756,1414.0,1378768.22279393,,,,
1415.0,183440.125,1415.0,29421042.782774,1415.0,5837550.91199847,1415.0,1381432.09482707,,,,
1416.0,183788.817,1416.0,29477666.0012012,1416.0,5855326.84399939,1416.0,1384099.69806332,,,,
1417.0,184137.998,1417.0,29534353.0796266,1417.0,5873138.56800031,1417.0,1386770.86712281,,,,
1418.0,184487.673,1418.0,29591110.19805,1418.0,5890984.80199741,1418.0,1389445.72957985,,,,
1419.0,184837.842,1419.0,29647939.4164715,1419.0,5908866.79999832,1419.0,1392124.24344851,,,,
1420.0,185188.5,1420.0,29704834.5548911,1420.0,5926784.59799924,1420.0,1394806.36798504,,,,
1421.0,185539.652,1421.0,29761799.7333088,1421.0,5944737.52000015,1421.0,1397492.14811356,,,,
1422.0,185891.2955,1422.0,29818834.9517245,1422.0,5962726.24199725,1422.0,1400181.70760231,,,,
1423.0,186243.433,1423.0,29875938.1501384,1423.0,5980750.09599817,1423.0,1402874.75726343,,,,
1424.0,186596.0595,1424.0,29933111.3885503,1424.0,5998809.72399908,1424.0,1405571.59046517,,,,
1425.0,186949.18,1425.0,29990350.5469604,1425.0,6016904.502,1425.0,1408272.08211758,,,,
1426.0,187302.7945,1426.0,30047659.7453685,1426.0,6035035.7119971,1426.0,1410976.15118698,,,,
1427.0,187656.9005,1427.0,30105041.0437746,1427.0,6053202.07199802,1427.0,1413684.00669543,,,,
1428.0,188011.498,1428.0,30162492.3821788,1428.0,6071404.20599893,1428.0,1416395.48239519,,,,
1429.0,188366.592,1429.0,30220009.6405811,1429.0,6089642.11199985,1429.0,1419110.58081037,,,,
1430.0,188722.175,1430.0,30277596.9389815,1430.0,6107915.81799695,1430.0,1421829.46939117,,,,
1431.0,189078.252,1431.0,30335254.27738,1431.0,6126225.29799786,1431.0,1424551.98188983,,,,
1432.0,189434.823,1432.0,30392981.6557765,1432.0,6144570.56799878,1432.0,1427278.12041641,,,,
1433.0,189791.888,1433.0,30450774.9541712,1433.0,6162951.61999969,1433.0,1430007.96720705,,,,
1434.0,190149.4445,1434.0,30508642.4125638,1434.0,6181368.45400061,1434.0,1432741.56884211,,,,
1435.0,190507.495,1435.0,30566575.7909546,1435.0,6199821.71999771,1435.0,1435478.79770754,,,,
1436.0,190866.037,1436.0,30624583.3293433,1436.0,6218310.75799863,1436.0,1438219.69827365,,,,
1437.0,191225.073,1437.0,30682654.7277303,1437.0,6236835.57799954,1437.0,1440964.39687254,,,,
1438.0,191584.6055,1438.0,30740800.2861152,1438.0,6255396.19800046,1438.0,1443712.68572438,,,,
1439.0,191944.6295,1439.0,30799011.7644982,1439.0,6273993.24999756,1439.0,1446464.69198938,,,,
1440.0,192305.145,1440.0,30857293.2828794,1440.0,6292626.71399847,1440.0,1449220.45678562,,,,
1441.0,192666.157,1441.0,30915646.9012585,1441.0,6311295.32999939,1441.0,1451979.85626535,,,,
1442.0,193027.663,1442.0,30974070.5596356,1442.0,6330000.99800031,1442.0,1454743.01845669,,,,
1443.0,193389.663,1443.0,31032560.138011,1443.0,6348742.45799741,1443.0,1457509.81698777,,,,
1444.0,193752.1545,1444.0,31091123.8763843,1444.0,6367520.35799832,1444.0,1460280.33790078,,,,
1445.0,194115.1425,1445.0,31149755.5947557,1445.0,6386334.00199924,1445.0,1463054.62314189,,,,
1446.0,194478.622,1446.0,31208457.3531251,1446.0,6405184.11600015,1446.0,1465832.59084931,,,,
1447.0,194842.598,1447.0,31267227.0914927,1447.0,6424070.64199725,1447.0,1468614.28342302,,,,
1448.0,195207.068,1448.0,31326070.9898582,1448.0,6442993.57999817,1448.0,1471399.66053335,,,,
1449.0,195572.032,1449.0,31384978.7482219,1449.0,6461952.96799908,1449.0,1474188.80569835,,,,
1450.0,195937.49,1450.0,31443960.6665835,1450.0,6480948.77,1450.0,1476981.55436628,,,,
1451.0,196303.4445,1451.0,31503012.6249433,1451.0,6499980.3619971,1451.0,1479778.11555919,,,,
1452.0,196669.893,1452.0,31562134.623301,1452.0,6519049.02599802,1452.0,1482578.44811928,,,,
1453.0,197036.833,1453.0,31621326.6616569,1453.0,6538154.10199893,1453.0,1485382.38666667,,,,
1454.0,197404.272,1454.0,31680584.6200109,1454.0,6557295.62799985,1454.0,1488190.14105154,,,,
1455.0,197772.2025,1455.0,31739918.7983627,1455.0,6576474.18799695,1455.0,1491001.58659802,,,,
1456.0,198140.6295,1456.0,31799318.8967128,1456.0,6595688.55799786,1456.0,1493816.8076523,,,,
1457.0,198509.5505,1457.0,31858795.2150607,1457.0,6614939.97999878,1457.0,1496635.76351038,,,,
1458.0,198878.968,1458.0,31918337.4534068,1458.0,6634228.4939997,1458.0,1499458.41425663,,,,
1459.0,199248.8795,1459.0,31977949.731751,1459.0,6653552.7779968,1459.0,1502284.75989106,,,,
1460.0,199619.285,1460.0,32037632.0500932,1460.0,6672914.15399771,1460.0,1505114.96827791,,,,
1461.0,199990.187,1461.0,32097386.4684334,1461.0,6692312.56199863,1461.0,1507948.83250518,,,,
1462.0,200361.5855,1462.0,32157210.9267716,1462.0,6711747.42199954,1462.0,1510786.43816125,,,,
1463.0,200733.478,1463.0,32217105.425108,1463.0,6731219.33400046,1463.0,1513627.86582599,,,,
1464.0,201105.867,1464.0,32277069.9634423,1464.0,6750728.33599756,1464.0,1516472.95264366,,,,
1465.0,201478.75,1465.0,32337106.6017747,1465.0,6770273.74999847,1465.0,1519321.82325038,,,,
1466.0,201852.1295,1466.0,32397213.2801051,1466.0,6789856.23599939,1466.0,1522174.52170238,,,,
1467.0,202226.0055,1467.0,32457389.9984336,1467.0,6809475.79200031,1467.0,1525030.92249569,,,,
1468.0,202600.3755,1468.0,32517640.87676,1468.0,6829132.40199741,1468.0,1527891.02728655,,,,
1469.0,202975.242,1469.0,32577955.6150846,1469.0,6848825.46199832,1469.0,1530754.91917895,,,,
1470.0,203350.605,1470.0,32638344.5134072,1470.0,6868556.23399924,1470.0,1533622.55995327,,,,
1471.0,203726.4645,1471.0,32698803.4517279,1471.0,6888323.43600015,1471.0,1536494.03188539,,,,
1472.0,204102.818,1472.0,32759336.5500464,1472.0,6908128.32999725,1472.0,1539369.16955569,,,,
1473.0,204479.6705,1473.0,32819935.5683632,1473.0,6927970.29599817,1473.0,1542248.22314402,,,,
1474.0,204857.017,1474.0,32880608.7466779,1474.0,6947849.33399908,1474.0,1545130.94665091,,,,
1475.0,205234.86,1475.0,32941349.9049907,1475.0,6967765.462,1475.0,1548017.41982809,,,,
1476.0,205613.1995,1476.0,33002165.2233014,1476.0,6987719.2819971,1476.0,1550907.72913182,,,,
1477.0,205992.0355,1477.0,33063048.5216103,1477.0,7007709.53399802,1477.0,1553801.71001035,,,,
1478.0,206371.368,1478.0,33124005.979917,1478.0,7027738.13599893,1478.0,1556699.57020379,,,,
1479.0,206751.197,1479.0,33185031.418222,1479.0,7047803.15199985,1479.0,1559601.14433228,,,,
1480.0,207131.5225,1480.0,33246131.0165248,1480.0,7067905.89799695,1480.0,1562506.5570717,,,,
1481.0,207512.347,1481.0,33307298.5948257,1481.0,7088046.35399786,1481.0,1565415.72776265,,,,
1482.0,207893.6655,1482.0,33368540.3331246,1482.0,7108223.90199878,1482.0,1568328.69801678,,,,
1483.0,208275.4805,1483.0,33429850.0514216,1483.0,7128439.1219997,1483.0,1571245.42622246,,,,
1484.0,208657.7945,1484.0,33491233.9297166,1484.0,7148691.4339968,1484.0,1574165.95813193,,,,
1485.0,209040.605,1485.0,33552685.7880096,1485.0,7168981.45599771,1485.0,1577090.24882107,,,,
1486.0,209423.912,1486.0,33614211.8063006,1486.0,7189309.18999863,1486.0,1580018.38474613,,,,
1487.0,209807.7155,1487.0,33675807.8645897,1487.0,7209674.61599954,1487.0,1582950.24205936,,,,
1488.0,210192.018,1488.0,33737478.0828767,1488.0,7230077.13200046,1488.0,1585885.94543664,,,,
1489.0,210576.8145,1489.0,33799214.2211618,1489.0,7250517.35999756,1489.0,1588825.45496234,,,,
1490.0,210962.11,1490.0,33861024.5194449,1490.0,7270995.91999847,1490.0,1591768.81220832,,,,
1491.0,211347.9045,1491.0,33922906.917726,1491.0,7291511.58999939,1491.0,1594715.89415499,,,,
1492.0,211734.1955,1492.0,33984859.3560052,1492.0,7312065.5920003,1492.0,1597666.78307819,,,,
1493.0,212120.983,1493.0,34046885.9542823,1493.0,7332656.66399741,1493.0,1600621.44158644,,,,
1494.0,212508.2695,1494.0,34108978.4725575,1494.0,7353286.08799832,1494.0,1603579.99183149,,,,
1495.0,212896.0525,1495.0,34171149.2708306,1495.0,7373953.22399924,1495.0,1606542.26926158,,,,
1496.0,213284.3345,1496.0,34233385.9891019,1496.0,7394658.07200015,1496.0,1609508.40020884,,,,
1497.0,213673.113,1497.0,34295698.927371,1497.0,7415401.28999725,1497.0,1612478.38550139,,,,
1498.0,214062.3905,1498.0,34358081.9056382,1498.0,7436182.19999817,1498.0,1615452.18356736,,,,
1499.0,214452.167,1499.0,34420534.9239035,1499.0,7457000.83999908,1499.0,1618429.712959,,,,
1500.0,214842.53,1500.0,34483062.1021667,1500.0,7477857.812,1500.0,1621411.09835219,,,,
1501.0,215233.6032,1501.0,34545661.3804278,1501.0,7498752.5139971,1501.0,1624396.38293529,,,,
1502.0,215625.4046,1502.0,34608328.6386871,1502.0,7519685.58799802,1502.0,1627385.44207218,,,,
1503.0,216017.9486,1503.0,34671067.9969444,1503.0,7540656.97399893,1503.0,1630378.31812312,,,,
1504.0,216411.2438,1504.0,34733889.7551994,1504.0,7561666.09199985,1504.0,1633374.92964036,,,,
1505.0,216805.2947,1505.0,34796769.1934528,1505.0,7582712.91999695,1505.0,1636375.48440376,,,,
1506.0,217200.1119,1506.0,34859731.0317039,1506.0,7603798.75799786,1506.0,1639379.77546158,,,,
1507.0,217595.6955,1507.0,34922758.7899532,1507.0,7624922.30799878,1507.0,1642388.01142182,,,,
1508.0,217992.0524,1508.0,34985860.7082005,1508.0,7646084.8299997,1508.0,1645400.02856085,,,,
1509.0,218389.1838,1509.0,35049036.7864456,1509.0,7667285.0839968,1509.0,1648415.82435455,,,,
1510.0,218787.0984,1510.0,35112278.784689,1510.0,7688523.66799771,1510.0,1651435.56836317,,,,
1511.0,219185.797,1511.0,35175594.9429302,1511.0,7709800.64199863,1511.0,1654459.0943787,,,,
1512.0,219585.28,1512.0,35238985.2611694,1512.0,7731115.96799954,1512.0,1657486.44393328,,,,
1513.0,219985.5552,1513.0,35302449.7394066,1513.0,7752469.62600046,1513.0,1660517.66108315,,,,
1514.0,220386.6202,1514.0,35365980.1376419,1514.0,7773862.29399756,1514.0,1663552.70508457,,,,
1515.0,220788.4824,1515.0,35429584.6958752,1515.0,7795293.31399847,1515.0,1666591.61502502,,,,
1516.0,221191.1391,1516.0,35493271.6541061,1516.0,7816762.70399939,1516.0,1669634.35347327,,,,
1517.0,221594.5976,1517.0,35557016.2923355,1517.0,7838270.42600031,1517.0,1672680.96282931,,,,
1518.0,221998.8574,1518.0,35620843.3305626,1518.0,7859816.51799741,1518.0,1675731.39903689,,,,
1519.0,222403.9204,1519.0,35684736.2887878,1519.0,7881401.60199832,1519.0,1678785.74851251,,,,
1520.0,222809.7886,1520.0,35748711.6470108,1520.0,7903025.67799924,1520.0,1681843.88744818,,,,
1521.0,223216.4637,1521.0,35812752.9252319,1521.0,7924688.10400015,1521.0,1684905.85654789,,,,
1522.0,223623.9474,1522.0,35876860.1234512,1522.0,7946388.90199725,1522.0,1687971.78297189,,,,
1523.0,224032.244,1523.0,35941049.7216682,1523.0,7968129.32999817,1523.0,1691041.50051218,,,,
1524.0,224441.3524,1524.0,36005305.2398834,1524.0,7989907.48799908,1524.0,1694115.13463301,,,,
1525.0,224851.2743,1525.0,36069634.9180965,1525.0,8011724.62,1525.0,1697192.51912639,,,,
1526.0,225262.0137,1526.0,36134038.7563076,1526.0,8033581.3999971,1526.0,1700273.8626003,,,,
1527.0,225673.5668,1527.0,36198516.7545166,1527.0,8055476.53399802,1527.0,1703359.08526326,,,,
1528.0,226085.9428,1528.0,36263068.9127235,1528.0,8077410.67599893,1528.0,1706448.143059,,,,
1529.0,226499.1378,1529.0,36327686.9909287,1529.0,8099383.15199985,1529.0,1709541.03764379,,,,
1530.0,226913.1508,1530.0,36392379.2291317,1530.0,8121395.29599695,1530.0,1712637.81141763,,,,
1531.0,227327.9904,1531.0,36457145.6273327,1531.0,8143446.39399786,1531.0,1715738.54914074,,,,
1532.0,227743.6529,1532.0,36521994.4255314,1532.0,8165535.89999878,1532.0,1718843.12530915,,,,
1533.0,228160.1395,1533.0,36586900.9037285,1533.0,8187665.6399997,1533.0,1721951.58563535,,,,
1534.0,228577.4514,1534.0,36651889.7819233,1534.0,8209833.1279968,1534.0,1725063.88440685,,,,
1535.0,228995.5946,1535.0,36716944.5801163,1535.0,8232040.86999771,1535.0,1728180.02327988,,,,
1536.0,229414.5654,1536.0,36782081.778307,1536.0,8254286.99999863,1536.0,1731300.1718147,,,,
1537.0,229834.3698,1537.0,36847284.8964958,1537.0,8276572.10399954,1537.0,1734424.12136357,,,,
1538.0,230254.9988,1538.0,36912562.1746826,1538.0,8298896.85600046,1538.0,1737551.99912647,,,,
1539.0,230676.4635,1539.0,36977913.6128674,1539.0,8321261.24199756,1539.0,1740683.67624717,,,,
1540.0,231098.7649,1540.0,37043339.21105,1540.0,8343664.63599847,1540.0,1743819.3679984,,,,
1541.0,231521.894,1541.0,37108838.9692307,1541.0,8366107.02199939,1541.0,1746958.90316367,,,,
1542.0,231945.8617,1542.0,37174404.6474094,1542.0,8388589.0400003,1542.0,1750102.28505548,,,,
1543.0,232370.669,1543.0,37240052.7255859,1543.0,8411110.70799741,1543.0,1753249.63917784,,,,
1544.0,232796.3069,1544.0,37305766.7237606,1544.0,8433671.36599832,1544.0,1756400.75692273,,,,
1545.0,233222.7911,1545.0,37371554.8819332,1545.0,8456271.67599924,1545.0,1759555.84855442,,,,
1546.0,233650.1077,1546.0,37437425.4401035,1546.0,8478910.95800015,1546.0,1762714.91407289,,,,
1547.0,234078.2674,1547.0,37503353.6782722,1547.0,8501590.56799725,1547.0,1765877.82797415,,,,
1548.0,234507.2713,1548.0,37569372.5564384,1548.0,8524309.13199817,1548.0,1769044.63431445,,,,
1549.0,234937.115,1549.0,37635449.114603,1549.0,8547067.36399908,1549.0,1772215.37545404,,,,
1550.0,235367.7994,1550.0,37701608.0727654,1550.0,8569865.21,1550.0,1775390.05143266,,,,
1551.0,235799.3304,1551.0,37767841.1909256,1551.0,8592702.7239971,1551.0,1778568.53836283,,,,
1552.0,236231.7037,1552.0,37834148.4690838,1552.0,8615579.86999802,1552.0,1781751.00249229,,,,
1553.0,236664.9251,1553.0,37900521.6672401,1553.0,8638496.62799893,1553.0,1784937.44547728,,,,
1554.0,237098.9904,1554.0,37966977.2653942,1554.0,8661453.05599985,1554.0,1788127.66036607,,,,
1555.0,237533.9053,1555.0,38033498.7835464,1555.0,8684449.75399695,1555.0,1791321.85576664,,,,
1556.0,237969.6707,1556.0,38100102.7016964,1556.0,8707486.10399786,1556.0,1794519.98762275,,,,
1557.0,238406.2822,1557.0,38166772.5398445,1557.0,8730562.08399878,1557.0,1797722.0185429,,,,
1558.0,238843.7406,1558.0,38233516.5379906,1558.0,8753677.7139997,1558.0,1800928.03163108,,,,
1559.0,239282.0565,1559.0,38300334.6961346,1559.0,8776832.9759968,1559.0,1804137.90303956,,,,
1560.0,239721.2157,1560.0,38367235.2542763,1560.0,8800029.16799771,1560.0,1807351.67351207,,,,
1561.0,240161.2289,1561.0,38434201.7324162,1561.0,8823264.35199863,1561.0,1810569.38706513,,,,
1562.0,240602.0967,1562.0,38501242.370554,1562.0,8846540.46599954,1562.0,1813791.08444246,,,,
1563.0,241043.8199,1563.0,38568357.1686897,1563.0,8869855.59000046,1563.0,1817016.64179634,,,,
1564.0,241486.3941,1564.0,38635546.1268234,1564.0,8893210.98599756,1564.0,1820246.22703075,,,,
1565.0,241929.8249,1565.0,38702809.2449551,1565.0,8916606.65199848,1565.0,1823479.67555421,,,,
1566.0,242374.113,1566.0,38770146.5230846,1566.0,8940042.60999939,1566.0,1826717.0671582,,,,
1567.0,242819.254,1567.0,38837557.9612122,1567.0,8963518.85800031,1567.0,1829958.36279498,,,,
1568.0,243265.2537,1568.0,38905043.5593376,1568.0,8987034.73599741,1568.0,1833203.64888104,,,,
1569.0,243712.1075,1569.0,38972603.317461,1569.0,9010590.90599832,1569.0,1836452.88136014,,,,
1570.0,244159.8261,1570.0,39040237.2355824,1570.0,9034187.34599924,1570.0,1839706.02118453,,,,
1571.0,244608.4001,1571.0,39107945.3137016,1571.0,9057824.07600015,1571.0,1842963.06835421,,,,
1572.0,245057.8351,1572.0,39175727.5518188,1572.0,9081501.73799725,1572.0,1846224.14667718,,,,
1573.0,245508.1267,1573.0,39243583.949934,1573.0,9105218.38999817,1573.0,1849489.09160168,,,,
1574.0,245959.2805,1574.0,39311514.5080471,1574.0,9128976.61199909,1574.0,1852758.07103171,,,,
1575.0,246411.2971,1575.0,39379519.2261581,1575.0,9152775.106,1575.0,1856030.91871954,,,,
1576.0,246864.177,1576.0,39447598.1042671,1576.0,9176613.2499971,1576.0,1859307.71776915,,,,
1577.0,247317.9208,1577.0,39515751.142374,1577.0,9200492.32599802,1577.0,1862588.55298055,,,,
1578.0,247772.5239,1578.0,39583978.3404789,1578.0,9224411.67199893,1578.0,1865873.25644974,,,,
1579.0,248227.9972,1579.0,39652279.6985817,1579.0,9248371.94799985,1579.0,1869161.91459321,,,,
1580.0,248684.331,1580.0,39720663.4566822,1580.0,9272372.51399695,1580.0,1872454.61055471,,,,
1581.0,249141.5309,1581.0,39789113.1347809,1581.0,9296413.35199787,1581.0,1875751.26119051,,,,
1582.0,249599.5973,1582.0,39857636.9728775,1582.0,9320495.11999878,1582.0,1879051.78505284,,,,
1583.0,250058.526,1583.0,39926234.9709721,1583.0,9344617.8179997,1583.0,1882356.30598946,,,,
1584.0,250518.3273,1584.0,39994915.3690643,1584.0,9368780.80799679,1584.0,1885664.82400036,,,,
1585.0,250978.9918,1585.0,40063661.6871548,1585.0,9392984.68799771,1585.0,1888977.34405429,,,,
1586.0,251440.53,1586.0,40132490.4052429,1586.0,9417228.87799863,1586.0,1892293.81878251,,,,
1587.0,251902.9324,1587.0,40201385.0433292,1587.0,9441514.63999954,1587.0,1895614.17004977,,,,
1588.0,252366.2045,1588.0,40270362.0814133,1588.0,9465840.67200046,1588.0,1898938.56410382,,,,
1589.0,252830.3468,1589.0,40339413.2794952,1589.0,9490207.63399756,1589.0,1902266.9178009,,,,
1590.0,253295.3648,1590.0,40408530.3975754,1590.0,9514615.50799847,1590.0,1905599.19209327,,,,
1591.0,253761.249,1591.0,40477729.9156532,1591.0,9539064.32999939,1591.0,1908935.55153267,,,,
1592.0,254228.0048,1592.0,40547003.593729,1592.0,9563554.0640003,1592.0,1912275.78585485,,,,
1593.0,254695.6328,1593.0,40616351.4318028,1593.0,9588084.10799741,1593.0,1915620.11029282,,,,
1594.0,255164.1335,1594.0,40685781.6698742,1594.0,9612655.68399832,1594.0,1918968.35532608,,,,
1595.0,255633.5072,1595.0,40755277.8279438,1595.0,9637268.18999924,1595.0,1922320.56497112,,,,
1596.0,256103.7543,1596.0,40824848.1460114,1596.0,9661922.28600015,1596.0,1925676.77831545,,,,
1597.0,256574.8756,1597.0,40894500.8640766,1597.0,9686616.65199726,1597.0,1929036.99867156,,,,
1598.0,257046.8764,1598.0,40964219.50214,1598.0,9711352.56999817,1598.0,1932401.18363945,,,,
1599.0,257519.747,1599.0,41034020.5402012,1599.0,9736129.41799908,1599.0,1935769.29251514,,,,
1600.0,257993.4929,1600.0,41103895.7382603,1600.0,9760947.856,1600.0,1939141.4948191,,,,
1601.0,258468.1147,1601.0,41173845.0963173,1601.0,9785807.20400091,1601.0,1942517.66173485,,,,
1602.0,258943.6177,1602.0,41243868.6143723,1602.0,9810708.12400183,1602.0,1945897.79827089,,,,
1603.0,259419.9973,1603.0,41313966.2924252,1603.0,9835649.97399512,1603.0,1949281.9825227,,,,
1604.0,259897.2491,1604.0,41384146.3704758,1604.0,9860632.75399603,1604.0,1952670.1804113,,,,
1605.0,260375.3837,1605.0,41454392.3685246,1605.0,9885657.08399695,1605.0,1956062.26312019,,,,
1606.0,260854.3959,1606.0,41524712.5265713,1606.0,9910723.62599787,1606.0,1959458.35615337,,,,
1607.0,261334.2916,1607.0,41595115.0846157,1607.0,9935830.45799878,1607.0,1962858.42042332,,,,
1608.0,261815.0611,1608.0,41665591.8026581,1608.0,9960979.49999969,1608.0,1966262.70693806,,,,
1609.0,262296.7099,1609.0,41736142.6806984,1609.0,9986169.47200061,1609.0,1969670.79516908,,,,
1610.0,262779.2432,1610.0,41806775.9587364,1610.0,10011400.9960015,1610.0,1973082.90034939,,,,
1611.0,263262.6567,1611.0,41877475.1567726,1611.0,10036674.7479948,1611.0,1976499.18537447,,,,
1612.0,263746.9504,1612.0,41948256.7548065,1612.0,10061989.4319957,1612.0,1979919.27542835,,,,
1613.0,264232.1252,1613.0,42019112.5128384,1613.0,10087345.6479966,1613.0,1983343.54863951,,,,
1614.0,264718.1861,1614.0,42090042.4308681,1614.0,10112743.4719976,1614.0,1986771.71499195,,,,
1615.0,265205.1289,1615.0,42161046.5088959,1615.0,10138182.8459985,1615.0,1990203.97970167,,,,
1616.0,265692.9533,1616.0,42232124.7469215,1616.0,10163664.4319994,1616.0,1993640.13424018,,,,
1617.0,266181.6605,1617.0,42303285.3849449,1617.0,10189187.5680003,1617.0,1997080.39044847,,,,
1618.0,266671.2554,1618.0,42374511.9429665,1618.0,10214752.2940012,1618.0,2000524.70931854,,,,
1619.0,267161.7333,1619.0,42445820.9009857,1619.0,10240358.5900021,1619.0,2003973.04513789,,,,
1620.0,267653.0949,1620.0,42517212.2590027,1620.0,10266007.1159954,1620.0,2007425.35881903,,,,
1621.0,268145.3405,1621.0,42588669.5370178,1621.0,10291697.1539963,1621.0,2010881.68944945,,,,
1622.0,268638.4755,1622.0,42660200.9750309,1622.0,10317429.4419973,1622.0,2014342.08936666,,,,
1623.0,269132.495,1623.0,42731814.8130417,1623.0,10343203.2799982,1623.0,2017806.42143315,,,,
1624.0,269627.4048,1624.0,42803502.8110504,1624.0,10369019.3479991,1624.0,2021274.81616142,,,,
1625.0,270123.1998,1625.0,42875264.9690571,1625.0,10394876.966,1625.0,2024747.31918446,,,,
1626.0,270619.8809,1626.0,42947101.2870617,1626.0,10420776.8160009,1626.0,2028223.7186613,,,,
1627.0,271117.4479,1627.0,43019020.005064,1627.0,10446718.8740018,1627.0,2031704.30792042,,,,
1628.0,271615.9115,1628.0,43091021.123064,1628.0,10472703.1039951,1628.0,2035188.75454582,,,,
1629.0,272115.2569,1629.0,43163079.9210625,1629.0,10498728.943996,1629.0,2038677.351866,,,,
1630.0,272615.4947,1630.0,43235221.1190586,1630.0,10524796.9739969,1630.0,2042169.97276046,,,,
1631.0,273116.6201,1631.0,43307444.7170525,1631.0,10550907.2139979,1631.0,2045666.7834372,,,,
1632.0,273618.6384,1632.0,43379750.715044,1632.0,10577059.6839988,1632.0,2049167.41239273,,,,
1633.0,274121.5449,1633.0,43452114.393034,1633.0,10603254.3639997,1633.0,2052672.11063504,,,,
1634.0,274625.3452,1634.0,43524568.7110214,1634.0,10629491.2360006,1634.0,2056180.95957213,,,,
1635.0,275130.0343,1635.0,43597088.949007,1635.0,10655770.9580015,1635.0,2059693.8387085,,,,
1636.0,275635.6177,1636.0,43669699.8269901,1636.0,10682092.2499948,1636.0,2063210.74473165,,,,
1637.0,276142.0858,1637.0,43742376.6249714,1637.0,10708455.7719957,1637.0,2066731.67764158,,,,
1638.0,276649.4539,1638.0,43815127.5829506,1638.0,10734862.1239966,1638.0,2070256.5983508,,,,
1639.0,277157.7127,1639.0,43887960.9409275,1639.0,10761310.7059976,1639.0,2073785.7187798,,,,
1640.0,277666.8615,1640.0,43960868.4589024,1640.0,10787802.1579985,1640.0,2077318.69657508,,,,
1641.0,278176.9117,1641.0,44033858.3768749,1641.0,10814335.7999994,1641.0,2080855.87740264,,,,
1642.0,278687.8534,1642.0,44106914.2148457,1642.0,10840911.6340003,1642.0,2084397.04271698,,,,
1643.0,279199.6861,1643.0,44180052.4528141,1643.0,10867530.3560012,1643.0,2087942.45346359,,,,
1644.0,279712.4113,1644.0,44253273.0907803,1644.0,10894191.2320021,1644.0,2091491.682489,,,,
1645.0,280226.0387,1645.0,44326559.6487446,1645.0,10920895.0139954,1645.0,2095045.11785918,,,,
1646.0,280740.5588,1646.0,44399928.6067066,1646.0,10947641.6279963,1646.0,2098602.58011614,,,,
1647.0,281255.9715,1647.0,44473371.7246666,1647.0,10974430.4719973,1647.0,2102164.03679739,,,,
1648.0,281772.2876,1648.0,44546889.0026245,1648.0,11001262.1459982,1648.0,2105729.73559841,,,,
1649.0,282289.4977,1649.0,44620488.6805801,1649.0,11028136.6899991,1649.0,2109299.26261572,,,,
1650.0,282807.6009,1650.0,44694162.5185337,1650.0,11055053.424,1650.0,2112872.9893528,,,,
1651.0,283326.6038,1651.0,44767918.756485,1651.0,11082013.6680009,1651.0,2116450.75622667,,,,
1652.0,283846.5062,1652.0,44841749.1544342,1652.0,11109016.1240018,1652.0,2120032.72282031,,,,
1653.0,284367.3082,1653.0,44915653.7123814,1653.0,11136062.0679951,1653.0,2123618.56003024,,,,
1654.0,284889.0054,1654.0,44989632.4303265,1654.0,11163150.223996,1654.0,2127208.55787245,,,,
1655.0,285411.598,1655.0,45063693.5482693,1655.0,11190281.8879969,1655.0,2130802.59585143,,,,
1656.0,285935.0962,1656.0,45137828.82621,1656.0,11217456.3839979,1656.0,2134400.87926269,,,,
1657.0,286459.4908,1657.0,45212046.5041485,1657.0,11244673.7479988,1657.0,2138003.16041074,,,,
1658.0,286984.7863,1658.0,45286330.1020851,1658.0,11271933.9639997,1658.0,2141609.48169556,,,,
1659.0,287510.9836,1659.0,45360704.3400192,1659.0,11299237.0280006,1659.0,2145219.80071717,,,,
1660.0,288038.0779,1660.0,45435152.7379513,1660.0,11326582.9640015,1660.0,2148834.36848355,,,,
1661.0,288566.0742,1661.0,45509675.2958813,1661.0,11353973.0099948,1661.0,2152452.93729922,,,,
1662.0,289094.9779,1662.0,45584272.0138092,1662.0,11381404.6639957,1662.0,2156075.58865166,,,,
1663.0,289624.7748,1663.0,45658951.1317348,1663.0,11408880.3919966,1663.0,2159702.40394888,,,,
1664.0,290155.4793,1664.0,45733704.4096584,1664.0,11436400.3059976,1664.0,2163333.26269538,,,,
1665.0,290687.0824,1665.0,45808540.0875797,1665.0,11463961.7919985,1665.0,2166968.16820366,,,,
1666.0,291219.5892,1666.0,45883441.6854992,1666.0,11491567.3879994,1666.0,2170607.11384872,,,,
1667.0,291752.9999,1667.0,45958433.9234161,1667.0,11519215.8720003,1667.0,2174250.22675106,,,,
1668.0,292287.3147,1668.0,46033492.0813313,1668.0,11546908.4680012,1668.0,2177897.59502317,,,,
1669.0,292822.5293,1669.0,46108632.6392441,1669.0,11574642.6360021,1669.0,2181548.79813658,,,,
1670.0,293358.6532,1670.0,46183855.5971546,1670.0,11602422.2119954,1670.0,2185204.21753225,,,,
1671.0,293895.6775,1671.0,46259152.7150631,1671.0,11630243.3959963,1671.0,2188863.67706471,,,,
1672.0,294433.6071,1672.0,46334523.9929695,1672.0,11658109.9719973,1672.0,2192527.35287944,,,,
1673.0,294972.4473,1673.0,46409977.6708736,1673.0,11686018.1379982,1673.0,2196195.07545595,,,,
1674.0,295512.183,1674.0,46485505.5087757,1674.0,11713970.4139991,1674.0,2199867.01431473,,,,
1675.0,296052.8304,1675.0,46561115.7466755,1675.0,11741966.84,1675.0,2203542.8304148,,,,
1676.0,296594.384,1676.0,46636800.1445732,1676.0,11770006.1160009,1676.0,2207222.98660514,,,,
1677.0,297136.8392,1677.0,46712558.7024689,1677.0,11798089.5600018,1677.0,2210907.06906177,,,,
1678.0,297680.2067,1678.0,46788399.6603622,1678.0,11826215.8359951,1678.0,2214595.32540067,,,,
1679.0,298224.4812,1679.0,46864323.0182533,1679.0,11854386.241996,1679.0,2218287.79802185,,,,
1680.0,298769.658,1680.0,46940320.5361423,1680.0,11882600.7959969,1680.0,2221984.15450931,,,,
1681.0,299315.7479,1681.0,47016392.2140293,1681.0,11910858.2019979,1681.0,2225684.89348704,,,,
1682.0,299862.7408,1682.0,47092546.291914,1682.0,11939159.7379988,1682.0,2229389.56204356,,,,
1683.0,300410.6467,1683.0,47168774.5297966,1683.0,11967505.4039997,1683.0,2233098.40448235,,,,
1684.0,300959.4563,1684.0,47245085.1676769,1684.0,11995895.2380006,1684.0,2236811.42411591,,,,
1685.0,301509.18,1685.0,47321469.9655552,1685.0,12024327.9040015,1685.0,2240528.53953626,,,,
1686.0,302059.8074,1686.0,47397928.9234314,1686.0,12052804.7179948,1686.0,2244249.70834338,,,,
1687.0,302611.3489,1687.0,47474470.2813053,1687.0,12081325.6439957,1687.0,2247975.05434528,,,,
1688.0,303163.7956,1688.0,47551094.0391769,1688.0,12109889.4579966,1688.0,2251704.49613396,,,,
1689.0,303717.157,1689.0,47627791.9570465,1689.0,12138498.7019976,1689.0,2255438.11842991,,,,
1690.0,304271.4232,1690.0,47704564.034914,1690.0,12167150.7759985,1690.0,2259175.79411265,,,,
1691.0,304826.6049,1691.0,47781418.5127792,1691.0,12195848.2799994,1691.0,2262917.73510265,,,,
1692.0,305382.6971,1692.0,47858355.3906422,1692.0,12224588.6160003,1692.0,2266663.69039194,,,,
1693.0,305939.7004,1693.0,47935366.428503,1693.0,12253373.1200012,1693.0,2270413.70238051,,,,
1694.0,306497.615,1694.0,48012451.6263618,1694.0,12282203.0320021,1694.0,2274167.93727635,,,,
1695.0,307056.4407,1695.0,48089619.2242184,1695.0,12311075.7959954,1695.0,2277926.39839196,,,,
1696.0,307616.1776,1696.0,48166869.2220726,1696.0,12339992.7099963,1696.0,2281688.91620685,,,,
1697.0,308176.8264,1697.0,48244193.3799248,1697.0,12368953.7719973,1697.0,2285455.66024152,,,,
1698.0,308738.3928,1698.0,48321599.9377747,1698.0,12397960.2259982,1698.0,2289226.45766297,,,,
1699.0,309300.8661,1699.0,48399080.6556225,1699.0,12427009.5679991,1699.0,2293001.32172119,,,,
1700.0,309864.257,1700.0,48476643.773468,1700.0,12456104.302,1700.0,2296780.40537419,,,,
1701.0,310428.5612,1701.0,48554281.0513115,1701.0,12485243.1840009,1701.0,2300563.67947197,,,,
1702.0,310993.783,1702.0,48631992.4891529,1702.0,12514426.2160018,1702.0,2304351.05598152,,,,
1703.0,311559.9131,1703.0,48709794.5669918,1703.0,12543653.3779951,1703.0,2308142.65871084,,,,
1704.0,312126.9572,1704.0,48787670.8048286,1704.0,12572924.669996,1704.0,2311938.27905195,,,,
1705.0,312694.9195,1705.0,48865621.2026634,1705.0,12602241.391997,1705.0,2315738.16801282,,,,
1706.0,313263.7959,1706.0,48943654.0004959,1706.0,12631602.2439979,1706.0,2319542.08121048,,,,
1707.0,313833.587,1707.0,49021760.9583263,1707.0,12661007.2439988,1707.0,2323350.26965291,,,,
1708.0,314404.2971,1708.0,49099950.3161545,1708.0,12690457.6559997,1708.0,2327162.47570712,,,,
1709.0,314975.9168,1709.0,49178222.0739803,1709.0,12719952.2360006,1709.0,2330978.9570061,,,,
1710.0,315548.457,1710.0,49256567.9918041,1710.0,12749490.9260015,1710.0,2334799.62212486,,,,
1711.0,316121.9169,1711.0,49334988.0696259,1711.0,12779075.0459948,1711.0,2338624.39628039,,,,
1712.0,316696.2872,1712.0,49413498.7874451,1712.0,12808703.3159957,1712.0,2342453.36088069,,,,
1713.0,317271.5786,1713.0,49492083.6652622,1713.0,12838375.7159966,1713.0,2346286.39211778,,,,
1714.0,317847.7854,1714.0,49570742.7030773,1714.0,12868093.5439976,1714.0,2350123.69859964,,,,
1715.0,318424.9134,1715.0,49649484.1408901,1715.0,12897856.7639985,1715.0,2353965.19552627,,,,
1716.0,319002.9524,1716.0,49728307.9787006,1716.0,12927664.1719994,1716.0,2357810.75908968,,,,
1717.0,319581.9132,1717.0,49807205.9765091,1717.0,12957516.9700003,1717.0,2361660.43168987,,,,
1718.0,320161.7959,1718.0,49886186.3743153,1718.0,12987413.9180012,1718.0,2365514.46094282,,,,
1719.0,320742.5911,1719.0,49965240.9321194,1719.0,13017354.9960021,1719.0,2369372.56345755,,,,
1720.0,321324.3123,1720.0,50044377.8899212,1720.0,13047342.8019954,1720.0,2373234.77500907,,,,
1721.0,321906.9468,1721.0,50123597.2477207,1721.0,13077374.7199963,1721.0,2377101.18363035,,,,
1722.0,322490.5039,1722.0,50202890.7655182,1722.0,13107450.7859973,1722.0,2380971.82509641,,,,
1723.0,323074.9784,1723.0,50282266.6833134,1723.0,13137573.5619982,1723.0,2384846.74843223,,,,
1724.0,323660.3768,1724.0,50361725.0011063,1724.0,13167740.4879991,1724.0,2388725.69600484,,,,
1725.0,324246.6928,1725.0,50441257.4788971,1725.0,13197951.524,1725.0,2392608.71683923,,,,
1726.0,324833.932,1726.0,50520872.3566856,1726.0,13228209.3080009,1726.0,2396496.18575138,,,,
1727.0,325422.0858,1727.0,50600561.3944721,1727.0,13258511.2020018,1727.0,2400387.67890031,,,,
1728.0,326011.1685,1728.0,50680341.0722561,1728.0,13288858.5259951,1728.0,2404283.46054401,,,,
1729.0,326601.1702,1729.0,50760194.910038,1729.0,13319251.279996,1729.0,2408183.26642449,,,,
1730.0,327192.0908,1730.0,50840122.9078178,1730.0,13349689.4439969,1730.0,2412087.36079974,,,,
1731.0,327783.9367,1731.0,50920133.3055954,1731.0,13380173.0559979,1731.0,2415995.64561977,,,,
1732.0,328376.7022,1732.0,51000226.1033707,1732.0,13410700.7599988,1732.0,2419908.05272657,,,,
1733.0,328970.3924,1733.0,51080393.0611439,1733.0,13441275.1919997,1733.0,2423824.65690314,,,,
1734.0,329565.0036,1734.0,51160642.4189148,1734.0,13471893.8120006,1734.0,2427745.54957449,,,,
1735.0,330160.5394,1735.0,51240965.9366837,1735.0,13502559.0840015,1735.0,2431670.63269061,,,,
1736.0,330756.9912,1736.0,51321380.09445,1736.0,13533268.5039948,1736.0,2435599.8380935,,,,
1737.0,331354.3741,1737.0,51401868.4122143,1737.0,13564024.6159957,1737.0,2439533.28959117,,,,
1738.0,331952.683,1738.0,51482439.1299763,1738.0,13594824.8959966,1738.0,2443470.9805586,,,,
1739.0,332551.9079,1739.0,51563084.0077362,1739.0,13625671.8839976,1739.0,2447412.70901282,,,,
1740.0,333152.0703,1740.0,51643819.5254936,1740.0,13656563.0039985,1740.0,2451358.72596181,,,,
1741.0,333753.1487,1741.0,51724620.9632492,1741.0,13687500.8319994,1741.0,2455308.98238057,,,,
1742.0,334355.1432,1742.0,51805513.0410023,1742.0,13718484.0700003,1742.0,2459263.4848941,,,,
1743.0,334958.0757,1743.0,51886471.0387535,1743.0,13749512.7560012,1743.0,2463222.06729441,,,,
1744.0,335561.9258,1744.0,51967527.916502,1744.0,13780586.8540021,1744.0,2467184.89578949,,,,
1745.0,336166.7125,1745.0,52048650.7142487,1745.0,13811707.6599954,1745.0,2471151.97037934,,,,
1746.0,336772.4174,1746.0,52129864.1519928,1746.0,13842872.6159963,1746.0,2475123.33346396,,,,
1747.0,337379.0404,1747.0,52211143.5097351,1747.0,13874085.5419973,1747.0,2479098.74066036,,,,
1748.0,337986.6016,1748.0,52292521.7474747,1748.0,13905342.6159982,1748.0,2483078.38732654,,,,
1749.0,338595.0809,1749.0,52373965.9052124,1749.0,13936645.1199991,1749.0,2487062.49532047,,,,
1750.0,339204.4984,1750.0,52455492.4629478,1750.0,13967994.314,1750.0,2491050.47459319,,,,
1751.0,339814.8354,1751.0,52537101.420681,1751.0,13999388.9380009,1751.0,2495042.90856867,,,,
1752.0,340426.1005,1752.0,52618792.7784119,1752.0,14030830.2900018,1752.0,2499039.38665594,,,,
1753.0,341038.2852,1753.0,52700558.2961407,1753.0,14062317.0519951,1753.0,2503040.15986297,,,,
1754.0,341651.4087,1754.0,52782406.2138672,1754.0,14093850.523996,1754.0,2507045.17916477,,,,
1755.0,342265.4625,1755.0,52864336.5315914,1755.0,14125429.4239969,1755.0,2511054.44456134,,,,
1756.0,342880.4351,1756.0,52946357.4893131,1756.0,14157053.7159979,1756.0,2515067.8030947,,,,
1757.0,343496.3387,1757.0,53028436.1270332,1757.0,14188724.7539988,1757.0,2519085.57393081,,,,
1758.0,344113.1718,1758.0,53110613.6447506,1758.0,14220442.4839997,1758.0,2523107.43127871,,,,
1759.0,344730.9345,1759.0,53192857.0824661,1759.0,14252205.6420006,1759.0,2527133.54134637,,,,
1760.0,345349.6281,1760.0,53275199.4001789,1760.0,14284014.2300015,1760.0,2531163.9041338,,,,
1761.0,345969.2534,1761.0,53357607.6378899,1761.0,14315870.7879948,1761.0,2535198.56204101,,,,
1762.0,346589.7989,1762.0,53440098.2755985,1762.0,14347771.5139957,1762.0,2539237.26405999,,,,
1763.0,347211.2847,1763.0,53522671.3133049,1763.0,14379720.2099966,1763.0,2543280.43403173,,,,
1764.0,347833.6922,1764.0,53605326.751009,1764.0,14411714.3359976,1764.0,2547327.68389026,,,,
1765.0,348457.0313,1765.0,53688064.5887108,1765.0,14443755.1699985,1765.0,2551379.19309355,,,,
1766.0,349081.302,1766.0,53770884.8264103,1766.0,14475841.4339994,1766.0,2555434.95501661,,,,
1767.0,349706.5058,1767.0,53853770.984108,1767.0,14507975.6880003,1767.0,2559494.96965945,,,,
1768.0,350332.6399,1768.0,53936756.0218029,1768.0,14540155.3700012,1768.0,2563559.24364705,,,,
1769.0,350959.707,1769.0,54019815.2194958,1769.0,14572381.7420021,1769.0,2567627.61077144,,,,
1770.0,351587.7058,1770.0,54102948.5771866,1770.0,14604653.5439954,1770.0,2571700.43922358,,,,
1771.0,352216.6376,1771.0,54186172.5748749,1771.0,14636973.3539963,1771.0,2575777.3117875,,,,
1772.0,352846.4911,1772.0,54269470.7325611,1772.0,14669338.5939973,1772.0,2579858.65892918,,,,
1773.0,353477.2891,1773.0,54352851.2902451,1773.0,14701751.7839982,1773.0,2583944.09258265,,,,
1774.0,354109.0087,1774.0,54436314.2479267,1774.0,14734210.4419991,1774.0,2588033.79220588,,,,
1775.0,354741.6728,1775.0,54519859.6056061,1775.0,14766715.79,1775.0,2592127.90413187,,,,
1776.0,355375.26,1776.0,54603487.3632832,1776.0,14799267.8280009,1776.0,2596225.94961165,,,,
1777.0,356009.7902,1777.0,54687189.2809582,1777.0,14831866.5940018,1777.0,2600328.42064419,,,,
1778.0,356645.2449,1778.0,54770973.5986309,1778.0,14864512.0879951,1778.0,2604435.1934215,,,,
1779.0,357281.634,1779.0,54854840.3163013,1779.0,14897204.273996,1779.0,2608546.18976859,,,,
1780.0,357918.9677,1780.0,54938797.6739693,1780.0,14929943.1479969,1780.0,2612661.48123544,,,,
1781.0,358557.2243,1781.0,55022820.9516354,1781.0,14962728.7519979,1781.0,2616781.03867206,,,,
1782.0,359196.4155,1782.0,55106934.8692989,1782.0,14995562.3439988,1782.0,2620904.68924546,,,,
1783.0,359836.5425,1783.0,55191131.1869602,1783.0,15028441.3659997,1783.0,2625032.76537162,,,,
1784.0,360477.604,1784.0,55275401.6646194,1784.0,15061368.3760006,1784.0,2629164.98365955,,,,
1785.0,361119.6114,1785.0,55359762.7822762,1785.0,15094342.0780015,1785.0,2633301.58510025,,,,
1786.0,361762.5433,1786.0,55444198.0599308,1786.0,15127362.5259948,1786.0,2637442.32870273,,,,
1787.0,362406.4096,1787.0,55528715.7375832,1787.0,15160429.6459957,1787.0,2641587.49785796,,,,
1788.0,363051.2132,1788.0,55613315.8152332,1788.0,15193543.4939966,1788.0,2645736.76677498,,,,
1789.0,363696.9512,1789.0,55697990.0528812,1789.0,15226705.3299976,1789.0,2649890.46786976,,,,
1790.0,364343.6266,1790.0,55782754.9305267,1790.0,15259913.8759985,1790.0,2654048.26872631,,,,
1791.0,364991.2464,1791.0,55867593.9681702,1791.0,15293169.1119994,1791.0,2658210.49513563,,,,
1792.0,365639.7949,1792.0,55952523.6458111,1792.0,15326472.3760003,1792.0,2662376.87033172,,,,
1793.0,366289.2778,1793.0,56037535.7234497,1793.0,15359822.3300012,1793.0,2666547.67108058,,,,
1794.0,366939.6981,1794.0,56122621.9610863,1794.0,15393220.2540021,1794.0,2670722.57821621,,,,
1795.0,367591.0656,1795.0,56207790.5987206,1795.0,15426664.9059954,1795.0,2674901.9109046,,,,
1796.0,368243.359,1796.0,56293041.6363525,1796.0,15460156.2859963,1796.0,2679085.39237977,,,,
1797.0,368896.5911,1797.0,56378383.313982,1797.0,15493694.3559973,1797.0,2683273.2636327,,,,
1798.0,369550.7691,1798.0,56463790.9116097,1798.0,15527281.6959982,1798.0,2687465.4498804,,,,
1799.0,370205.8858,1799.0,56549289.1492348,1799.0,15560915.7639991,1799.0,2691661.68686488,,,,
1800.0,370861.9297,1800.0,56634869.7868576,1800.0,15594596.542,1800.0,2695862.57465211,,,,
1801.0,371518.9209,1801.0,56720532.8244781,1801.0,15628323.9900009,1801.0,2700068.0517491,,,,
1802.0,372176.8508,1802.0,56806278.2620964,1802.0,15662100.7460018,1802.0,2704278.10466493,,,,
1803.0,372835.7094,1803.0,56892097.8597126,1803.0,15695924.2099951,1803.0,2708493.21923204,,,,
1804.0,373495.5153,1804.0,56978008.0973263,1804.0,15729794.383996,1804.0,2712713.00858663,,,,
1805.0,374156.2613,1805.0,57063992.4949379,1805.0,15763713.8279969,1805.0,2716937.51264361,,,,
1806.0,374817.9445,1806.0,57150067.532547,1806.0,15797679.9799979,1806.0,2721167.00106883,,,,
1807.0,375480.5664,1807.0,57236216.730154,1807.0,15831692.8419988,1807.0,2725401.59063374,,,,
1808.0,376144.1271,1808.0,57322456.5677586,1808.0,15865754.9919997,1808.0,2729640.89355509,,,,
1809.0,376808.6392,1809.0,57408778.8053608,1809.0,15899863.8320006,1809.0,2733885.33460646,,,,
1810.0,377474.0786,1810.0,57495166.9629612,1810.0,15934020.6800015,1810.0,2738134.52236635,,,,
1811.0,378140.4681,1811.0,57581654.0005589,1811.0,15968224.2379948,1811.0,2742388.97667224,,,,
1812.0,378807.7877,1812.0,57668215.1981544,1812.0,16002477.0639957,1812.0,2746648.12737289,,,,
1813.0,379476.0574,1813.0,57754867.0357475,1813.0,16036776.5999966,1813.0,2750912.58359187,,,,
1814.0,380145.2658,1814.0,57841593.0333385,1814.0,16071125.4239976,1814.0,2755182.01109207,,,,
1815.0,380815.4156,1815.0,57928401.4309273,1815.0,16105520.9379985,1815.0,2759456.437199,,,,
1816.0,381486.5042,1816.0,58015292.2285137,1816.0,16139964.4599994,1816.0,2763736.03827224,,,,
1817.0,382158.5343,1817.0,58102273.6660976,1817.0,16174455.9720003,1817.0,2768020.74554707,,,,
1818.0,382831.5158,1818.0,58189329.2636795,1818.0,16208995.4720012,1818.0,2772310.48664912,,,,
1819.0,383505.4275,1819.0,58276467.2612591,1819.0,16243582.9820021,1819.0,2776605.43615632,,,,
1820.0,384180.2906,1820.0,58363687.6588364,1820.0,16278218.4599954,1820.0,2780905.53062842,,,,
1821.0,384856.0939,1821.0,58450998.6964111,1821.0,16312901.9479963,1821.0,2785210.6961656,,,,
1822.0,385532.8386,1822.0,58538383.8939838,1822.0,16347633.4239973,1822.0,2789521.02151698,,,,
1823.0,386210.5249,1823.0,58625851.4915543,1823.0,16382412.8899982,1823.0,2793836.43868575,,,,
1824.0,386889.154,1824.0,58713409.7291222,1824.0,16417240.3639991,1824.0,2798157.29337079,,,,
1825.0,387568.7333,1825.0,58801042.126688,1825.0,16452117.088,1825.0,2802483.16793504,,,,
1826.0,388249.2454,1826.0,58888765.1642513,1826.0,16487040.5600009,1826.0,2806814.17312136,,,,
1827.0,388930.7091,1827.0,58976562.3618126,1827.0,16522013.2620018,1827.0,2811150.46754819,,,,
1828.0,389613.1157,1828.0,59064450.1993713,1828.0,16557033.9919951,1828.0,2815492.15147558,,,,
1829.0,390296.4651,1829.0,59152412.196928,1829.0,16592102.711996,1829.0,2819838.82286812,,,,
1830.0,390980.7661,1830.0,59240456.5944824,1830.0,16627219.4199969,1830.0,2824190.89406103,,,,
1831.0,391666.01,1831.0,59328591.6320343,1831.0,16662385.3959979,1831.0,2828547.96928676,,,,
1832.0,392352.1868,1832.0,59416809.0695839,1832.0,16697599.3819988,1832.0,2832910.55188628,,,,
1833.0,393039.3164,1833.0,59505108.9071312,1833.0,16732861.3559997,1833.0,2837278.3952854,,,,
1834.0,393727.389,1834.0,59593482.9046764,1834.0,16768171.3200006,1834.0,2841651.4357015,,,,
1835.0,394416.4159,1835.0,59681947.5422192,1835.0,16803531.8340015,1835.0,2846029.83680978,,,,
1836.0,395106.3858,1836.0,59770502.8197594,1836.0,16838939.0739948,1836.0,2850413.52450007,,,,
1837.0,395797.2999,1837.0,59859132.2572975,1837.0,16874395.6039957,1837.0,2854802.59397901,,,,
1838.0,396489.1569,1838.0,59947835.8548336,1838.0,16909900.1039966,1838.0,2859196.79802396,,,,
1839.0,397181.9583,1839.0,60036638.3323669,1839.0,16945453.8919976,1839.0,2863596.48260112,,,,
1840.0,397875.7025,1840.0,60125514.9698982,1840.0,16981055.6679985,1840.0,2868001.40337924,,,,
1841.0,398570.4025,1841.0,60214482.247427,1841.0,17016705.4339994,1841.0,2872411.64530325,,,,
1842.0,399266.0468,1842.0,60303523.6849537,1842.0,17052405.7500003,1842.0,2876827.3094284,,,,
1843.0,399962.6453,1843.0,60392647.5224781,1843.0,17088152.8120012,1843.0,2881248.39241818,,,,
1844.0,400660.1783,1844.0,60481862.0,1844.0,17123950.4240021,1844.0,2885674.56467554,,,,
1845.0,401358.6669,1845.0,60571158.8775196,1845.0,17159796.0059954,1845.0,2890106.34434751,,,,
1846.0,402058.0998,1846.0,60660538.1550369,1846.0,17195690.8759963,1846.0,2894543.31700972,,,,
1847.0,402758.4785,1847.0,60749999.832552,1847.0,17231633.7539973,1847.0,2898985.98074785,,,,
1848.0,403459.8114,1848.0,60839543.9100647,1848.0,17267625.9019982,1848.0,2903433.77122622,,,,
1849.0,404162.0915,1849.0,60929170.3875752,1849.0,17303666.0579991,1849.0,2907887.0301532,,,,
1850.0,404865.3159,1850.0,61018879.2650833,1850.0,17339755.482,1850.0,2912345.66180086,,,,
1851.0,405569.4961,1851.0,61108678.782589,1851.0,17375895.4560009,1851.0,2916809.77320103,,,,
1852.0,406274.6133,1852.0,61198560.7000923,1852.0,17412082.1580018,1852.0,2921279.35330157,,,,
1853.0,406980.6849,1853.0,61288525.0175934,1853.0,17448319.4099951,1853.0,2925754.26798432,,,,
1854.0,407687.7136,1854.0,61378563.4950924,1854.0,17484605.929996,1854.0,2930234.65244068,,,,
1855.0,408395.678,1855.0,61468700.8525887,1855.0,17520940.4579969,1855.0,2934720.38216207,,,,
1856.0,409104.5995,1856.0,61558912.3700829,1856.0,17557324.2559979,1856.0,2939211.68687365,,,,
1857.0,409814.4682,1857.0,61649214.5275745,1857.0,17593757.3419988,1857.0,2943708.50036684,,,,
1858.0,410525.2925,1858.0,61739590.8450642,1858.0,17630239.6979997,1858.0,2948210.58024285,,,,
1859.0,411237.0654,1859.0,61830057.8025513,1859.0,17666771.3220006,1859.0,2952718.26363795,,,,
1860.0,411949.7841,1860.0,61920607.1600361,1860.0,17703352.2540015,1860.0,2957231.30488558,,,,
1861.0,412663.4498,1861.0,62011238.9175186,1861.0,17739982.4539948,1861.0,2961749.94671247,,,,
1862.0,413378.0727,1862.0,62101953.0749989,1862.0,17776661.9239957,1862.0,2966274.05413094,,,,
1863.0,414093.6427,1863.0,62192749.6324768,1863.0,17813390.6639966,1863.0,2970803.52056131,,,,
1864.0,414810.1726,1864.0,62283636.8299522,1864.0,17850168.6899976,1864.0,2975338.62872874,,,,
1865.0,415527.6497,1865.0,62374606.4274254,1865.0,17886996.0059985,1865.0,2979879.1053487,,,,
1866.0,416246.0739,1866.0,62465658.4248962,1866.0,17923872.5899994,1866.0,2984425.31782214,,,,
1867.0,416965.4452,1867.0,62556792.8223648,1867.0,17960798.4440003,1867.0,2988976.90831293,,,,
1868.0,417685.7764,1868.0,62648017.8598309,1868.0,17997773.5860012,1868.0,2993533.99259297,,,,
1869.0,418407.0548,1869.0,62739317.0572948,1869.0,18034799.2960021,1869.0,2998096.64354054,,,,
1870.0,419129.2903,1870.0,62830706.8947563,1870.0,18071874.2559954,1870.0,3002664.7839711,,,,
1871.0,419852.4786,1871.0,62922179.1322155,1871.0,18108998.5239963,1871.0,3007238.58468873,,,,
1872.0,420576.6111,1872.0,63013733.7696724,1872.0,18146172.0599973,1872.0,3011817.79928154,,,,
1873.0,421301.7064,1873.0,63105379.0471268,1873.0,18183396.1459982,1873.0,3016402.5296503,,,,
1874.0,422027.7489,1874.0,63197098.4845791,1874.0,18220669.5399991,1874.0,3020992.92022332,,,,
1875.0,422754.7513,1875.0,63288908.5620289,1875.0,18257992.182,1875.0,3025588.91667559,,,,
1876.0,423482.7008,1876.0,63380801.0394764,1876.0,18295364.1520009,1876.0,3030190.27586301,,,,
1877.0,424211.603,1877.0,63472784.1569214,1877.0,18332786.6320018,1877.0,3034797.47388456,,,,
1878.0,424941.4524,1878.0,63564841.4343643,1878.0,18370258.3999951,1878.0,3039409.95779126,,,,
1879.0,425672.2717,1879.0,63656989.3518047,1879.0,18407780.717996,1879.0,3044028.40052739,,,,
1880.0,426404.0338,1880.0,63749219.6692429,1880.0,18445352.3419969,1880.0,3048652.02604711,,,,
1881.0,427136.7529,1881.0,63841532.3866787,1881.0,18482973.2359979,1881.0,3053281.45188983,,,,
1882.0,427870.4221,1882.0,63933935.744112,1882.0,18520645.9599988,1882.0,3057916.51218212,,,,
1883.0,428605.0511,1883.0,64026413.2615433,1883.0,18558366.7099997,1883.0,3062557.11673786,,,,
1884.0,429340.6329,1884.0,64118989.6589718,1884.0,18596138.0280006,1884.0,3067203.36369318,,,,
1885.0,430077.1647,1885.0,64211640.2163982,1885.0,18633959.8600015,1885.0,3071855.2474135,,,,
1886.0,430814.6564,1886.0,64304373.1738224,1886.0,18671831.0159948,1886.0,3076512.76823339,,,,
1887.0,431553.1108,1887.0,64397205.0112438,1887.0,18709752.6999957,1887.0,3081175.623715,,,,
1888.0,432292.5124,1888.0,64490111.0086632,1888.0,18747723.7119966,1888.0,3085844.45980571,,,,
1889.0,433032.8695,1889.0,64583099.4060802,1889.0,18785745.2559976,1889.0,3090518.7779677,,,,
1890.0,433774.1738,1890.0,64676178.4434948,1890.0,18823817.3279985,1890.0,3095198.59542595,,,,
1891.0,434516.4536,1891.0,64769339.8809071,1891.0,18861938.7279994,1891.0,3099884.41767457,,,,
1892.0,435259.6805,1892.0,64862591.9583168,1892.0,18900111.9360003,1892.0,3104575.58021614,,,,
1893.0,436003.853,1893.0,64955918.1957245,1893.0,18938334.4720012,1893.0,3109272.65695121,,,,
1894.0,436748.9954,1894.0,65049335.0731297,1894.0,18976606.2559945,1894.0,3113975.08093549,,,,
1895.0,437495.0906,1895.0,65142834.3505325,1895.0,19014929.8879954,1895.0,3118683.52461639,,,,
1896.0,438242.1358,1896.0,65236424.2679329,1896.0,19053302.7719963,1896.0,3123397.23795118,,,,
1897.0,438990.1536,1897.0,65330096.585331,1897.0,19091726.2999973,1897.0,3128116.96468884,,,,
1898.0,439739.1143,1898.0,65423851.3027267,1898.0,19130200.3199982,1898.0,3132842.23229464,,,,
1899.0,440489.0376,1899.0,65517688.4201202,1899.0,19168724.9079991,1899.0,3137573.10329201,,,,
1900.0,441239.9138,1900.0,65611616.1775112,1900.0,19207300.064,1900.0,3142309.92583131,,,,
1901.0,441991.7526,1901.0,65705626.3348999,1901.0,19245924.5080009,1901.0,3147052.20526356,,,,
1902.0,442744.5543,1902.0,65799727.1322861,1902.0,19284600.8000018,1902.0,3151800.19268288,,,,
1903.0,443498.3086,1903.0,65893902.0896702,1903.0,19323327.6599951,1903.0,3156553.97587052,,,,
1904.0,444253.0186,1904.0,65988175.9270515,1904.0,19362103.771996,1904.0,3161313.47400147,,,,
1905.0,445008.6884,1905.0,66082523.9244308,1905.0,19400931.7679969,1905.0,3166078.54049099,,,,
1906.0,445765.3139,1906.0,66176962.5618076,1906.0,19439810.2959979,1906.0,3170849.38279433,,,,
1907.0,446522.8993,1907.0,66271483.5991821,1907.0,19478739.4279988,1907.0,3175626.1455816,,,,
1908.0,447281.443,1908.0,66366095.2765541,1908.0,19517717.8119997,1908.0,3180408.37536494,,,,
1909.0,448040.9567,1909.0,66460789.3539238,1909.0,19556748.0440006,1909.0,3185196.5154496,,,,
1910.0,448801.4159,1910.0,66555565.8312912,1910.0,19595830.0840015,1910.0,3189990.29569457,,,,
1911.0,449562.8379,1911.0,66650432.9486561,1911.0,19634961.4519948,1911.0,3194789.65978737,,,,
1912.0,450325.2255,1912.0,66745382.4660187,1912.0,19674143.3879957,1912.0,3199595.09997209,,,,
1913.0,451088.5586,1913.0,66840414.383379,1913.0,19713377.1359966,1913.0,3204406.13096088,,,,
1914.0,451852.8645,1914.0,66935536.9407368,1914.0,19752661.4479976,1914.0,3209222.74298187,,,,
1915.0,452618.1231,1915.0,67030733.6580925,1915.0,19791996.3679985,1915.0,3214045.42728541,,,,
1916.0,453384.3473,1916.0,67126037.4954453,1916.0,19831383.0999994,1916.0,3218873.72508365,,,,
1917.0,454151.5271,1917.0,67221415.4927959,1917.0,19870820.3600003,1917.0,3223707.68391095,,,,
1918.0,454919.6724,1918.0,67316875.8901443,1918.0,19910308.2640012,1918.0,3228547.66665831,,,,
1919.0,455688.7733,1919.0,67412418.6874905,1919.0,19949846.6999945,1919.0,3233393.25809724,,,,
1920.0,456458.8469,1920.0,67508060.3648338,1920.0,19989436.9439954,1920.0,3238244.52050273,,,,
1921.0,457229.8661,1921.0,67603776.2021751,1921.0,20029079.0759963,1921.0,3243101.64857029,,,,
1922.0,458001.8536,1922.0,67699582.6795139,1922.0,20068770.4959973,1922.0,3247964.6462749,,,,
1923.0,458774.8011,1923.0,67795471.5568504,1923.0,20108515.0039982,1923.0,3252833.41805095,,,,
1924.0,459548.7098,1924.0,67891459.3141842,1924.0,20148308.8399991,1924.0,3257707.89872169,,,,
1925.0,460323.5813,1925.0,67987512.9915161,1925.0,20188154.484,1925.0,3262588.24422637,,,,
1926.0,461099.4183,1926.0,68083665.5488453,1926.0,20228051.9800009,1926.0,3267474.37224936,,,,
1927.0,461876.2036,1927.0,68179900.5061722,1927.0,20268000.0800018,1927.0,3272366.48286565,,,,
1928.0,462653.9646,1928.0,68276226.1034966,1928.0,20307999.9519951,1928.0,3277264.13045789,,,,
1929.0,463432.6811,1929.0,68372625.8608189,1929.0,20348050.467996,1929.0,3282167.75285906,,,,
1930.0,464212.3631,1930.0,68469124.4981384,1930.0,20388152.755997,1930.0,3287077.08779867,,,,
1931.0,464993.0136,1931.0,68565705.5354557,1931.0,20428306.9679979,1931.0,3291992.22016285,,,,
1932.0,465774.6224,1932.0,68662368.9727707,1932.0,20468511.7119988,1932.0,3296913.42994394,,,,
1933.0,466557.1939,1933.0,68759123.0500832,1933.0,20508768.2639997,1933.0,3301840.11019924,,,,
1934.0,467340.7239,1934.0,68855951.2873936,1934.0,20549076.7040006,1934.0,3306772.95863396,,,,
1935.0,468125.2194,1935.0,68952886.644701,1935.0,20589436.9920015,1935.0,3311711.61492761,,,,
1936.0,468910.6733,1936.0,69049896.1620064,1936.0,20629847.8079948,1936.0,3316655.83543922,,,,
1937.0,469697.0955,1937.0,69146988.0793095,1937.0,20670310.5119957,1937.0,3321606.14628649,,,,
1938.0,470484.4861,1938.0,69244170.63661,1938.0,20710823.7439966,1938.0,3326562.27393645,,,,
1939.0,471272.8395,1939.0,69341435.5939083,1939.0,20751390.1439976,1939.0,3331524.15321235,,,,
1940.0,472062.1541,1940.0,69438791.1912041,1940.0,20792007.1119985,1940.0,3336491.96555968,,,,
1941.0,472852.437,1941.0,69536245.6684971,1941.0,20832677.2079994,1941.0,3341465.67420969,,,,
1942.0,473643.6755,1942.0,69633766.0657883,1942.0,20873397.7960003,1942.0,3346445.23609989,,,,
1943.0,474435.8824,1943.0,69731385.3430767,1943.0,20914170.3080012,1943.0,3351430.74000526,,,,
1944.0,475229.0576,1944.0,69829078.7803631,1944.0,20954994.6679945,1944.0,3356421.99421158,,,,
1945.0,476023.1913,1945.0,69926871.0976467,1945.0,20995870.8399954,1945.0,3361419.16890182,,,,
1946.0,476818.2933,1946.0,70024745.8149281,1946.0,21036798.8959963,1946.0,3366422.2077635,,,,
1947.0,477614.3636,1947.0,70122702.9322071,1947.0,21077778.7599973,1947.0,3371431.19857786,,,,
1948.0,478411.3924,1948.0,70220750.6894836,1948.0,21118811.7559982,1948.0,3376445.9506244,,,,
1949.0,479209.4023,1949.0,70318880.8467579,1949.0,21159895.3199991,1949.0,3381466.81255037,,,,
1950.0,480008.3678,1950.0,70417109.8840294,1950.0,21201030.768,1950.0,3386493.46817102,,,,
1951.0,480808.2945,1951.0,70515413.0812988,1951.0,21242218.0280009,1951.0,3391525.97438186,,,,
1952.0,481609.1868,1952.0,70613806.9185658,1952.0,21283458.4520018,1952.0,3396564.44447038,,,,
1953.0,482411.053,1953.0,70712291.3958302,1953.0,21324750.6879951,1953.0,3401608.86816782,,,,
1954.0,483213.8848,1954.0,70810866.513092,1954.0,21366093.491996,1954.0,3406658.99844121,,,,
1955.0,484017.6778,1955.0,70909515.7903519,1955.0,21407489.423997,1955.0,3411715.35155026,,,,
1956.0,484822.4392,1956.0,71008263.9476089,1956.0,21448938.5599979,1956.0,3416777.4142165,,,,
1957.0,485628.1718,1957.0,71107086.264864,1957.0,21490438.1879988,1957.0,3421845.35562917,,,,
1958.0,486434.8627,1958.0,71205999.2221165,1958.0,21531990.9439997,1958.0,3426919.34836952,,,,
1959.0,487242.5248,1959.0,71305002.8193665,1959.0,21573595.5480006,1959.0,3431999.2390688,,,,
1960.0,488051.1553,1960.0,71404088.8166142,1960.0,21615253.3560015,1960.0,3437085.18507075,,,,
1961.0,488860.747,1961.0,71503273.6938591,1961.0,21656961.6559948,1961.0,3442176.93396289,,,,
1962.0,489671.3199,1962.0,71602540.9711018,1962.0,21698724.3639957,1962.0,3447274.59215596,,,,
1963.0,490482.8511,1963.0,71701882.4083424,1963.0,21740537.6799966,1963.0,3452378.24105796,,,,
1964.0,491295.3436,1964.0,71801322.7255802,1964.0,21782404.0839976,1964.0,3457487.95280188,,,,
1965.0,492108.8144,1965.0,71900845.4428158,1965.0,21824322.3759985,1965.0,3462603.48175923,,,,
1966.0,492923.2492,1966.0,72000458.8000488,1966.0,21866293.7559994,1966.0,3467725.00838177,,,,
1967.0,493738.6524,1967.0,72100162.7972794,1967.0,21908318.3040003,1967.0,3472852.43859448,,,,
1968.0,494555.0296,1968.0,72199940.9545078,1968.0,21950393.4560012,1968.0,3477985.88568487,,,,
1969.0,495372.3651,1969.0,72299817.9917336,1969.0,21992522.9799945,1969.0,3483125.39669043,,,,
1970.0,496190.6819,1970.0,72399785.6689568,1970.0,22034704.3519954,1970.0,3488270.74669243,,,,
1971.0,497009.9626,1971.0,72499827.5061779,1971.0,22076937.5319963,1971.0,3493422.19207834,,,,
1972.0,497830.2118,1972.0,72599968.2233963,1972.0,22119223.8799973,1972.0,3498579.48382769,,,,
1973.0,498651.4249,1973.0,72700191.3406124,1973.0,22161563.3559982,1973.0,3503742.85928772,,,,
1974.0,499473.6064,1974.0,72800505.097826,1974.0,22203955.9599991,1974.0,3508912.25129416,,,,
1975.0,500296.7719,1975.0,72900901.2550373,1975.0,22246399.132,1975.0,3514087.65057204,,,,
1976.0,501120.8886,1976.0,73001379.8122463,1976.0,22288896.7520009,1976.0,3519268.9051571,,,,
1977.0,501945.9864,1977.0,73101957.2494526,1977.0,22331446.1800018,1977.0,3524456.11268858,,,,
1978.0,502772.0583,1978.0,73202625.3266563,1978.0,22374050.0519951,1978.0,3529649.48641199,,,,
1979.0,503599.0914,1979.0,73303367.563858,1979.0,22416705.775996,1979.0,3534848.90185681,,,,
1980.0,504427.0956,1980.0,73404208.681057,1980.0,22459413.3079969,1980.0,3540054.18254632,,,,
1981.0,505256.0739,1981.0,73505123.9582539,1981.0,22502175.2879979,1981.0,3545265.39862601,,,,
1982.0,506086.0133,1982.0,73606138.115448,1982.0,22544989.0759988,1982.0,3550482.90114137,,,,
1983.0,506916.9368,1983.0,73707242.9126396,1983.0,22587857.3119997,1983.0,3555706.2033139,,,,
1984.0,507748.8214,1984.0,73808430.1098289,1984.0,22630777.4320006,1984.0,3560935.69784711,,,,
1985.0,508581.68,1985.0,73909699.707016,1985.0,22673751.8840015,1985.0,3566171.06756249,,,,
1986.0,509415.5126,1986.0,74011068.1842003,1986.0,22716778.2239948,1986.0,3571412.56405105,,,,
1987.0,510250.3164,1987.0,74112519.0613823,1987.0,22759856.4119957,1987.0,3576660.02648428,,,,
1988.0,511086.0943,1988.0,74214060.5785618,1988.0,22802989.0439966,1988.0,3581913.4514702,,,,
1989.0,511922.8333,1989.0,74315676.2557392,1989.0,22846176.0479976,1989.0,3587173.09399177,,,,
1990.0,512760.5591,1990.0,74417390.8129139,1990.0,22889414.9399985,1990.0,3592438.55207053,,,,
1991.0,513599.2361,1991.0,74519204.2500858,1991.0,22932705.6759994,1991.0,3597710.30122246,,,,
1992.0,514438.8971,1992.0,74621083.6072559,1992.0,22976050.7840003,1992.0,3602988.10965205,,,,
1993.0,515279.5321,1993.0,74723070.0844231,1993.0,23019450.3760012,1993.0,3608271.73761383,,,,
1994.0,516121.1411,1994.0,74825138.9615879,1994.0,23062901.7399945,1994.0,3613561.58178628,,,,
1995.0,516963.7141,1995.0,74927281.9987507,1995.0,23106407.5879954,1995.0,3618857.5024614,,,,
1996.0,517807.2711,1996.0,75029532.1559105,1996.0,23149965.2839963,1996.0,3624159.40357669,,,,
1997.0,518651.7921,1997.0,75131864.713068,1997.0,23193577.3519973,1997.0,3629467.38516966,,,,
1998.0,519497.2843,1998.0,75234279.6702232,1998.0,23237241.2639982,1998.0,3634781.50951529,,,,
1999.0,520343.7533,1999.0,75336793.5073757,1999.0,23280959.6639991,1999.0,3640101.63351361,,,,
2000.0,521191.3019,2000.0,75439381.5045261,2000.0,23324732.396,2000.0,3645427.83070209,,,,
2001.0,522040.062,2001.0,75542068.3816738,2001.0,23368559.5720009,2001.0,3650760.03350575,,,,
2002.0,522890.0967,2002.0,75644845.898819,2002.0,23412438.5960018,2002.0,3656098.38701208,,,,
2003.0,523741.424,2003.0,75747705.8159618,2003.0,23456369.5079951,2003.0,3661442.91234157,,,,
2004.0,524594.0452,2004.0,75850656.3731022,2004.0,23500357.347996,2004.0,3666793.36982824,,,,
2005.0,525447.9783,2005.0,75953689.3302403,2005.0,23544397.075997,2005.0,3672150.07665058,,,,
2006.0,526303.2516,2006.0,76056821.1673756,2006.0,23588491.2119979,2006.0,3677512.7023801,,,,
2007.0,527159.8584,2007.0,76160035.4045086,2007.0,23632637.1559988,2007.0,3682881.51384528,,,,
2008.0,528017.8132,2008.0,76263332.0416393,2008.0,23676837.5479997,2008.0,3688256.49920063,,,,
2009.0,528877.1295,2009.0,76366727.5587673,2009.0,23721092.3840006,2009.0,3693637.67029165,,,,
2010.0,529737.8091,2010.0,76470213.7158928,2010.0,23765401.5920015,2010.0,3699024.77022734,,,,
2011.0,530599.8544,2011.0,76573774.0330162,2011.0,23809762.6879948,2011.0,3704417.98045321,,,,
2012.0,531463.2804,2012.0,76677433.2301369,2012.0,23854180.7479957,2012.0,3709817.45392724,,,,
2013.0,532328.0942,2013.0,76781183.067255,2013.0,23898650.6599966,2013.0,3715222.79065845,,,,
2014.0,533194.2912,2014.0,76885015.3043709,2014.0,23943172.4159976,2014.0,3720634.39660032,,,,
2015.0,534061.8754,2015.0,76988938.1814842,2015.0,23987751.1439985,2015.0,3726052.20359486,,,,
2016.0,534930.8785,2016.0,77092951.698595,2016.0,24032381.7559994,2016.0,3731476.04601707,,,,
2017.0,535801.2684,2017.0,77197055.8557034,2017.0,24077069.2960003,2017.0,3736906.17686245,,,,
2018.0,536673.0707,2018.0,77301250.6528091,2018.0,24121808.7240012,2018.0,3742342.165665,,,,
2019.0,537546.284,2019.0,77405519.6099129,2019.0,24166602.5999945,2019.0,3747784.53166571,,,,
2020.0,538420.918,2020.0,77509895.6870136,2020.0,24211448.2839954,2020.0,3753232.9258066,,,,
2021.0,539296.9765,2021.0,77614345.9241123,2021.0,24256350.9759963,2021.0,3758687.46137516,,,,
2022.0,540174.4522,2022.0,77718895.0412083,2022.0,24301308.0359973,2022.0,3764148.11783388,,,,
2023.0,541053.3654,2023.0,77823526.5583019,2023.0,24346316.9839982,2023.0,3769614.90445778,,,,
2024.0,541933.7085,2024.0,77928248.7153931,2024.0,24391380.2999991,2024.0,3775087.98016733,,,,
2025.0,542815.4846,2025.0,78033061.5124817,2025.0,24436500.66,2025.0,3780567.20724205,,,,
2026.0,543698.6929,2026.0,78137973.1895676,2026.0,24481672.8320009,2026.0,3786052.47239445,,,,
2027.0,544583.3562,2027.0,78242959.0266514,2027.0,24526899.4880018,2027.0,3791543.89288702,,,,
2028.0,545469.4523,2028.0,78348043.7437325,2028.0,24572180.5119951,2028.0,3797041.60842774,,,,
2029.0,546357.0095,2029.0,78453210.8608112,2029.0,24617515.907996,2029.0,3802545.30183814,,,,
2030.0,547246.0252,2030.0,78558468.6178875,2030.0,24662905.787997,2030.0,3808055.47372969,,,,
2031.0,548136.4735,2031.0,78663817.0149612,2031.0,24708350.0759979,2031.0,3813571.54266593,,,,
2032.0,549028.4001,2032.0,78769247.8120327,2032.0,24753848.7719988,2032.0,3819093.84644233,,,,
2033.0,549921.7847,2033.0,78874777.4891014,2033.0,24799401.8359997,2033.0,3824622.38564189,,,,
2034.0,550816.6185,2034.0,78980406.0461674,2034.0,24845011.9840006,2034.0,3830157.09011911,,,,
2035.0,551712.9298,2035.0,79086100.5232315,2035.0,24890673.9040015,2035.0,3835697.93536151,,,,
2036.0,552610.7011,2036.0,79191902.1202927,2036.0,24936390.2319948,2036.0,3841244.94058158,,,,
2037.0,553509.9547,2037.0,79297777.8773518,2037.0,24982161.0439957,2037.0,3846798.2680123,,,,
2038.0,554410.6674,2038.0,79403760.7544079,2038.0,25027986.2239966,2038.0,3852357.68784569,,,,
2039.0,555312.8672,2039.0,79509826.0314617,2039.0,25073868.3759976,2039.0,3857923.43585224,,,,
2040.0,556216.5363,2040.0,79615973.7085133,2040.0,25119802.4119985,2040.0,3863495.25315347,,,,
2041.0,557121.6969,2041.0,79722220.2655621,2041.0,25165793.4559994,2041.0,3869073.33105285,,,,
2042.0,558028.3456,2042.0,79828549.2226086,2042.0,25211838.8680003,2042.0,3874657.59211741,,,,
2043.0,558936.4759,2043.0,79934968.8196526,2043.0,25257938.6880012,2043.0,3880248.09125512,,,,
2044.0,559846.0784,2044.0,80041487.2966938,2044.0,25304092.9919945,2044.0,3885844.858358,,,,
2045.0,560757.1867,2045.0,80148079.933733,2045.0,25350301.6679954,2045.0,3891447.80133855,,,,
2046.0,561669.7713,2046.0,80254771.4507694,2046.0,25396564.7879963,2046.0,3897056.83142176,,,,
2047.0,562583.86,2047.0,80361561.8478031,2047.0,25442882.2399973,2047.0,3902672.20756564,,,,
2048.0,563499.4603,2048.0,80468426.4048347,2048.0,25489256.7759982,2048.0,3908293.87486217,,,,
2049.0,564416.5429,2049.0,80575389.8418636,2049.0,25535685.6799991,2049.0,3913921.53916138,,,,
2050.0,565335.1153,2050.0,80682435.6788902,2050.0,25582168.992,2050.0,3919555.73634624,,,,
2051.0,566255.1994,2051.0,80789572.1559143,2051.0,25628706.7520009,2051.0,3925195.93053377,,,,
2052.0,567176.8026,2052.0,80896807.5129356,2052.0,25675301.5160018,2052.0,3930842.49595696,,,,
2053.0,568099.8954,2053.0,81004133.5099545,2053.0,25721950.6519951,2053.0,3936495.17704982,,,,
2054.0,569024.5053,2054.0,81111533.6669712,2054.0,25768654.231996,2054.0,3942154.39161132,,,,
2055.0,569950.6196,2055.0,81219040.943985,2055.0,25815412.2239969,2055.0,3947819.56416751,,,,
2056.0,570878.2489,2056.0,81326622.3809967,2056.0,25862227.1799979,2056.0,3953491.08145935,,,,
2057.0,571807.3859,2057.0,81434302.6980057,2057.0,25909096.5839988,2057.0,3959168.80377886,,,,
2058.0,572738.0469,2058.0,81542081.8950119,2058.0,25956020.3959997,2058.0,3964852.87878402,,,,
2059.0,573670.2134,2059.0,81649935.2520161,2059.0,26002998.6160006,2059.0,3970543.10449186,,,,
2060.0,574603.907,2060.0,81757895.7290173,2060.0,26050033.8400015,2060.0,3976239.51667736,,,,
2061.0,575539.1151,2061.0,81865922.1260166,2061.0,26097126.0359948,2061.0,3981942.39682351,,,,
2062.0,576475.8534,2062.0,81974055.643013,2062.0,26144270.0759957,2062.0,3987651.40912232,,,,
2063.0,577414.1236,2063.0,82082288.0400066,2063.0,26191471.1239966,2063.0,3993366.63837381,,,,
2064.0,578353.9074,2064.0,82190586.3569984,2064.0,26238726.5399976,2064.0,3999088.33558594,,,,
2065.0,579295.226,2065.0,82298991.7939873,2065.0,26286038.9639985,2065.0,4004816.22780874,,,,
2066.0,580238.0668,2066.0,82407487.8709736,2066.0,26333405.8359994,2066.0,4010550.4257592,,,,
2067.0,581182.4455,2067.0,82516066.3479576,2067.0,26380829.6360003,2067.0,4016290.85258732,,,,
2068.0,582128.3435,2068.0,82624743.7049389,2068.0,26428305.3600012,2068.0,4022037.41951811,,,,
2069.0,583075.7881,2069.0,82733511.7019176,2069.0,26475840.5759945,2069.0,4027790.62856755,,,,
2070.0,584024.7549,2070.0,82842362.0988941,2070.0,26523427.6759954,2070.0,4033549.90426165,,,,
2071.0,584975.2655,2071.0,82951311.3758678,2071.0,26571074.3039963,2071.0,4039315.49421642,,,,
2072.0,585927.3268,2072.0,83060334.8128395,2072.0,26618772.7799973,2072.0,4045087.31304884,,,,
2073.0,586880.9145,2073.0,83169465.3698082,2073.0,26666530.8599982,2073.0,4050865.51239193,,,,
2074.0,587836.0557,2074.0,83278686.5667744,2074.0,26714340.7119991,2074.0,4056649.97108767,,,,
2075.0,588792.7261,2075.0,83387990.1637383,2075.0,26762210.168,2075.0,4062440.80631908,,,,
2076.0,589750.9469,2076.0,83497384.4006996,2076.0,26810131.4760009,2076.0,4068237.82405314,,,,
2077.0,590710.7053,2077.0,83606885.757658,2077.0,26858109.7840018,2077.0,4074041.22627287,,,,
2078.0,591672.0225,2078.0,83716453.0346146,2078.0,26906145.0639951,2078.0,4079850.95409525,,,,
2079.0,592634.8941,2079.0,83826127.4315681,2079.0,26954237.271996,2079.0,4085667.11940328,,,,
2080.0,593599.3014,2080.0,83935884.2285194,2080.0,27002381.4039969,2080.0,4091489.33338899,,,,
2081.0,594565.2714,2081.0,84045739.905468,2081.0,27050585.0279979,2081.0,4097318.13193534,,,,
2082.0,595532.7852,2082.0,84155686.222414,2082.0,27098843.1359988,2082.0,4103153.12093436,,,,
2083.0,596501.8584,2083.0,84265706.699358,2083.0,27147155.6119997,2083.0,4108994.33616104,,,,
2084.0,597472.4781,2084.0,84375842.5362988,2084.0,27195527.6560006,2084.0,4114842.07823137,,,,
2085.0,598444.6598,2085.0,84486060.7732372,2085.0,27243951.5480015,2085.0,4120696.05389637,,,,
2086.0,599418.41,2086.0,84596361.4101734,2086.0,27292435.0039948,2086.0,4126556.30142202,,,,
2087.0,600393.7103,2087.0,84706760.9271069,2087.0,27340972.8319957,2087.0,4132422.97980833,,,,
2088.0,601370.5762,2088.0,84817242.844038,2088.0,27389567.6639966,2088.0,4138295.97319729,,,,
2089.0,602349.0143,2089.0,84927823.6409664,2089.0,27438216.9839976,2089.0,4144175.41997191,,,,
2090.0,603329.0004,2090.0,85038503.3178921,2090.0,27486925.7879985,2090.0,4150061.0426242,,,,
2091.0,604310.5468,2091.0,85149257.1548157,2091.0,27535686.4439994,2091.0,4155953.26234513,,,,
2092.0,605293.6631,2092.0,85260118.1117363,2092.0,27584506.7040003,2092.0,4161851.44477773,,,,
2093.0,606278.3565,2093.0,85371053.2286549,2093.0,27633381.2960012,2093.0,4167756.19777899,,,,
2094.0,607264.6221,2094.0,85482095.4655705,2094.0,27682312.9319945,2094.0,4173667.2194079,,,,
2095.0,608252.4526,2095.0,85593220.1024837,2095.0,27731299.0119954,2095.0,4179584.86858046,,,,
2096.0,609241.8377,2096.0,85704435.3793945,2096.0,27780344.5839963,2096.0,4185508.79035567,,,,
2097.0,610232.8042,2097.0,85815741.2963028,2097.0,27829444.6399973,2097.0,4191438.89993356,,,,
2098.0,611225.353,2098.0,85927146.0932083,2098.0,27878601.6279982,2098.0,4197375.2860891,,,,
2099.0,612219.4854,2099.0,86038641.5301113,2099.0,27927815.6199991,2099.0,4203318.36603828,,,,
2100.0,613215.1766,2100.0,86150227.6070118,2100.0,27977086.58,2100.0,4209267.66426513,,,,
2101.0,614212.4535,2101.0,86261896.08391,2101.0,28026411.9840009,2101.0,4215223.24304464,,,,
2102.0,615211.2969,2102.0,86373663.4408054,2102.0,28075794.3960018,2102.0,4221185.18717681,,,,
2103.0,616211.7283,2103.0,86485521.4376984,2103.0,28125233.7399951,2103.0,4227153.65947762,,,,
2104.0,617213.7338,2104.0,86597461.834589,2104.0,28174730.047996,2104.0,4233128.42028109,,,,
2105.0,618217.3236,2105.0,86709517.5914764,2105.0,28224280.8799969,2105.0,4239109.82452821,,,,
2106.0,619222.4983,2106.0,86821647.5083618,2106.0,28273891.1639979,2106.0,4245097.51330298,,,,
2107.0,620229.2706,2107.0,86933868.0652447,2107.0,28323555.8959988,2107.0,4251091.40578042,,,,
2108.0,621237.6156,2108.0,87046187.5021248,2108.0,28373280.1919997,2108.0,4257091.70203551,,,,
2109.0,622247.5343,2109.0,87158605.8190022,2109.0,28423056.3360006,2109.0,4263098.61920925,,,,
2110.0,623259.0678,2110.0,87271090.0558777,2110.0,28472894.6040015,2110.0,4269111.74406065,,,,
2111.0,624272.1772,2111.0,87383681.4127502,2111.0,28522787.2839948,2111.0,4275131.25413971,,,,
2112.0,625286.863,2112.0,87496363.4096203,2112.0,28572736.9679957,2112.0,4281157.33081241,,,,
2113.0,626303.1468,2113.0,87609136.0464878,2113.0,28622741.0599966,2113.0,4287189.78873777,,,,
2114.0,627321.029,2114.0,87722015.8033524,2114.0,28672807.2399976,2114.0,4293228.48879079,,,,
2115.0,628340.5163,2115.0,87834969.7202148,2115.0,28722925.3079985,2115.0,4299273.82168746,,,,
2116.0,629361.5787,2116.0,87948022.5170746,2116.0,28773102.9399994,2116.0,4305325.45501178,,,,
2117.0,630384.2481,2117.0,88061165.9539318,2117.0,28823337.5040003,2117.0,4311383.39273876,,,,
2118.0,631408.4941,2118.0,88174400.0307865,2118.0,28873626.5480012,2118.0,4317447.99775939,,,,
2119.0,632434.3492,2119.0,88287732.9876385,2119.0,28923975.1239945,2119.0,4323518.93368267,,,,
2120.0,633461.8085,2120.0,88401148.3444881,2120.0,28974380.6679954,2120.0,4329596.14750861,,,,
2121.0,634490.8585,2121.0,88514662.5813351,2121.0,29024843.2159963,2121.0,4335680.05910319,,,,
2122.0,635521.509,2122.0,88628267.4581795,2122.0,29075362.7319973,2122.0,4341770.25655043,,,,
2123.0,636553.7661,2123.0,88741954.7350216,2123.0,29125939.2559982,2123.0,4347866.79285033,,,,
2124.0,637587.617,2124.0,88855740.891861,2124.0,29176572.7839991,2124.0,4353969.91561888,,,,
2125.0,638623.0764,2125.0,88969625.9286976,2125.0,29227263.28,2125.0,4360079.35074008,,,,
2126.0,639660.1311,2126.0,89083593.3655319,2126.0,29278010.7080009,2126.0,4366195.19096394,,,,
2127.0,640698.8164,2127.0,89197659.6823635,2127.0,29328815.2160018,2127.0,4372317.71040643,,,,
2128.0,641739.0672,2128.0,89311816.6391926,2128.0,29379679.2159951,2128.0,4378446.4613766,,,,
2129.0,642780.9614,2129.0,89426072.4760189,2129.0,29430597.623996,2129.0,4384581.89156539,,,,
2130.0,643824.4488,2130.0,89540402.4728432,2130.0,29481575.595997,2130.0,4390723.73083185,,,,
2131.0,644869.5501,2131.0,89654831.3496647,2131.0,29532610.5759979,2131.0,4396871.86257596,,,,
2132.0,645916.2659,2132.0,89769367.3464832,2132.0,29583702.5599988,2132.0,4403026.62451372,,,,
2133.0,646964.5832,2133.0,89883985.7432995,2133.0,29634851.5119997,2133.0,4409187.73722913,,,,
2134.0,648014.5169,2134.0,89998686.5401134,2134.0,29686057.3960006,2134.0,4415355.1821722,,,,
2135.0,649066.0534,2135.0,90113502.6969242,2135.0,29737322.9200015,2135.0,4421529.31825891,,,,
2136.0,650119.2281,2136.0,90228384.7737331,2136.0,29788645.3759948,2136.0,4427709.80512328,,,,
2137.0,651174.0015,2137.0,90343382.2105389,2137.0,29840022.2399957,2137.0,4433896.62421531,,,,
2138.0,652230.3804,2138.0,90458462.0473423,2138.0,29891461.2679966,2138.0,4440090.11590097,,,,
2139.0,653288.4,2139.0,90573632.5241432,2139.0,29942954.7399976,2139.0,4446290.24043028,,,,
2140.0,654348.0262,2140.0,90688901.8809414,2140.0,29994507.7039985,2140.0,4452496.44957126,,,,
2141.0,655409.255,2141.0,90804261.877737,2141.0,30046117.6719994,2141.0,4458709.33925588,,,,
2142.0,656472.1372,2142.0,90919720.75453,2142.0,30097784.6480003,2142.0,4464928.94658413,,,,
2143.0,657536.6184,2143.0,91035262.0313206,2143.0,30149511.1120012,2143.0,4471154.78279005,,,,
2144.0,658602.7093,2144.0,91150893.9481087,2144.0,30201292.0599945,2144.0,4477387.10492362,,,,
2145.0,659670.4513,2145.0,91266632.9848938,2145.0,30253135.0999954,2145.0,4483625.98835084,,,,
2146.0,660739.7993,2146.0,91382462.6616764,2146.0,30305032.5439963,2146.0,4489871.3497557,,,,
2147.0,661810.7542,2147.0,91498374.7384567,2147.0,30356989.6319973,2147.0,4496123.06723823,,,,
2148.0,662883.368,2148.0,91614385.6952343,2148.0,30409003.6119982,2148.0,4502381.42551439,,,,
2149.0,663957.5903,2149.0,91730487.2920094,2149.0,30461077.1959991,2149.0,4508646.47228419,,,,
2150.0,665033.447,2150.0,91846679.5287819,2150.0,30513205.148,2150.0,4514917.61161567,,,,
2151.0,666110.9142,2151.0,91962970.6455517,2151.0,30565395.2640009,2151.0,4521195.72150677,,,,
2152.0,667190.0174,2152.0,92079344.1623192,2152.0,30617642.3520018,2152.0,4527479.86565954,,,,
2153.0,668270.7778,2153.0,92195824.7990837,2153.0,30669946.4039951,2153.0,4533770.81755594,,,,
2154.0,669353.1301,2154.0,92312396.0758457,2154.0,30722307.463996,2154.0,4540068.37314599,,,,
2155.0,670437.1413,2155.0,92429049.7526054,2155.0,30774728.1279969,2155.0,4546371.97889771,,,,
2156.0,671522.7515,2156.0,92545810.5493622,2156.0,30827205.6839979,2156.0,4552682.63205905,,,,
2157.0,672610.0218,2157.0,92662645.5061169,2157.0,30879742.8799988,2157.0,4558999.64924805,,,,
2158.0,673698.9275,2158.0,92779587.5828686,2158.0,30932337.0479997,2158.0,4565323.0834647,,,,
2159.0,674789.4543,2159.0,92896628.5396175,2159.0,30984990.7400006,2159.0,4571652.84725901,,,,
2160.0,675881.6234,2160.0,93013743.6563644,2160.0,31037701.4400015,2160.0,4577989.36049696,,,,
2161.0,676975.4159,2161.0,93130974.1331081,2161.0,31090471.6279948,2161.0,4584332.60462854,,,,
2162.0,678070.8711,2162.0,93248287.0098495,2162.0,31143298.8999957,2162.0,4590682.23928777,,,,
2163.0,679167.9453,2163.0,93365690.5265884,2163.0,31196185.6239966,2163.0,4597038.23797467,,,,
2164.0,680266.645,2164.0,93483192.9233246,2164.0,31249129.4679976,2164.0,4603400.9675552,,,,
2165.0,681367.0108,2165.0,93600785.9600582,2165.0,31302132.7639985,2165.0,4609770.09561338,,,,
2166.0,682469.002,2166.0,93718477.8767891,2166.0,31355193.0279994,2166.0,4616145.9545652,,,,
2167.0,683572.6466,2167.0,93836260.4335175,2167.0,31408312.9320003,2167.0,4622528.21199468,,,,
2168.0,684677.9277,2168.0,93954125.3902435,2168.0,31461492.3280012,2168.0,4628917.18176779,,,,
2169.0,685784.8429,2169.0,94072097.4669666,2169.0,31514728.7679945,2169.0,4635312.57651856,,,,
2170.0,686893.4075,2170.0,94190168.423687,2170.0,31568024.6599954,2170.0,4641714.68361296,,,,
2171.0,688003.6222,2171.0,94308313.5404053,2171.0,31621377.6319963,2171.0,4648123.19713502,,,,
2172.0,689115.4613,2172.0,94426574.0171204,2172.0,31674790.1719973,2172.0,4654538.10913473,,,,
2173.0,690228.9777,2173.0,94544908.6538334,2173.0,31728262.2399982,2173.0,4660959.70962809,,,,
2174.0,691344.1265,2174.0,94663350.4105434,2174.0,31781788.7159991,2174.0,4667388.11521507,,,,
2175.0,692460.9214,2175.0,94781891.0472507,2175.0,31835377.28,2175.0,4673822.89277971,,,,
2176.0,693579.3559,2176.0,94900497.6039562,2176.0,31889025.4480009,2176.0,4680264.03437201,,,,
2177.0,694699.4436,2177.0,95019219.5206585,2177.0,31942730.5440018,2177.0,4686711.99960794,,,,
2178.0,695821.2069,2178.0,95138032.0773582,2178.0,31996495.2839951,2178.0,4693166.7195875,,,,
2179.0,696944.585,2179.0,95256943.5140553,2179.0,32050319.475996,2179.0,4699627.84599472,,,,
2180.0,698069.6394,2180.0,95375945.5907497,2180.0,32104200.7479969,2180.0,4706095.36822959,,,,
2181.0,699196.3301,2181.0,95495030.0674419,2181.0,32158141.5519979,2181.0,4712569.57895811,,,,
2182.0,700324.678,2182.0,95614221.6641312,2182.0,32212141.8439988,2182.0,4719050.29681426,,,,
2183.0,701454.6894,2183.0,95733503.9008179,2183.0,32266199.2159997,2183.0,4725537.65811407,,,,
2184.0,702586.3339,2184.0,95852876.7775021,2184.0,32320318.6800006,2184.0,4732031.55304152,,,,
2185.0,703719.6427,2185.0,95972356.7741833,2185.0,32374495.0720015,2185.0,4738532.2027126,,,,
2186.0,704854.6117,2186.0,96091919.1708622,2186.0,32428731.0679948,2186.0,4745039.58062732,,,,
2187.0,705991.241,2187.0,96211572.2075386,2187.0,32483024.0679957,2187.0,4751553.44181969,,,,
2188.0,707129.5121,2188.0,96331324.1242123,2188.0,32537379.1959966,2188.0,4758073.59548973,,,,
2189.0,708269.4698,2189.0,96451183.160883,2189.0,32591791.2919976,2189.0,4764600.61520339,,,,
2190.0,709411.0694,2190.0,96571116.3575516,2190.0,32646265.4759985,2190.0,4771134.31281069,,,,
2191.0,710554.3131,2191.0,96691156.6742172,2191.0,32700796.7039994,2191.0,4777674.20102966,,,,
2192.0,711699.2402,2192.0,96811271.1508808,2192.0,32755384.8600003,2192.0,4784221.20290824,,,,
2193.0,712845.8171,2193.0,96931500.9875412,2193.0,32810035.1440012,2193.0,4790774.59001448,,,,
2194.0,713994.0525,2194.0,97051821.4641991,2194.0,32864742.4719945,2194.0,4797334.46834836,,,,
2195.0,715143.9592,2195.0,97172232.5808544,2195.0,32919511.8879954,2195.0,4803901.33844187,,,,
2196.0,716295.5381,2196.0,97292734.3375072,2196.0,32974338.3079963,2196.0,4810474.44419705,,,,
2197.0,717448.7691,2197.0,97413351.4541569,2197.0,33029226.8159973,2197.0,4817054.26759586,,,,
2198.0,718603.6618,2198.0,97534042.7308044,2198.0,33084172.3319982,2198.0,4823640.81128831,,,,
2199.0,719760.2273,2199.0,97654832.8874493,2199.0,33139177.4159991,2199.0,4830233.8780084,,,,
2200.0,720918.4569,2200.0,97775713.6840916,2200.0,33194242.024,2200.0,4836833.72332213,,,,
2201.0,722078.3401,2201.0,97896693.3607311,2201.0,33249366.2000009,2201.0,4843440.03336351,,,,
2202.0,723239.8994,2202.0,98017771.9173679,2202.0,33304549.9800018,2202.0,4850053.09549853,,,,
2203.0,724403.1339,2203.0,98138932.8740025,2203.0,33359793.2479951,2203.0,4856672.6382612,,,,
2204.0,725568.034,2204.0,98260200.950634,2204.0,33415096.083996,2204.0,4863298.8668675,,,,
2205.0,726734.6117,2205.0,98381567.9072628,2205.0,33470458.487997,2205.0,4869931.96681744,,,,
2206.0,727902.8462,2206.0,98503009.0238895,2206.0,33525880.4159979,2206.0,4876571.53944502,,,,
2207.0,729072.7599,2207.0,98624565.5005131,2207.0,33581361.9119988,2207.0,4883217.53970026,,,,
2208.0,730244.3399,2208.0,98746204.3771343,2208.0,33636903.0119997,2208.0,4889870.34504913,,,,
2209.0,731417.6006,2209.0,98867942.1337528,2209.0,33692503.6000006,2209.0,4896529.93694164,,,,
2210.0,732592.5205,2210.0,98989778.7703686,2210.0,33748163.7560015,2210.0,4903196.01741179,,,,
2211.0,733769.1298,2211.0,99111697.806982,2211.0,33803883.5519948,2211.0,4909868.77312559,,,,
2212.0,734947.3919,2212.0,99233723.9635925,2212.0,33859665.3639957,2212.0,4916548.511483,,,,
2213.0,736127.3443,2213.0,99355832.5202007,2213.0,33915504.2159966,2213.0,4923234.62711808,,,,
2214.0,737308.9789,2214.0,99478048.196806,2214.0,33971405.1959976,2214.0,4929927.2313308,,,,
2215.0,738492.2766,2215.0,99600362.7534084,2215.0,34027363.1439985,2215.0,4936626.62208715,,,,
2216.0,739677.2661,2216.0,99722751.4700089,2216.0,34083383.2159994,2216.0,4943332.78878715,,,,
2217.0,740863.9202,2217.0,99845263.7866058,2217.0,34139462.8560003,2217.0,4950045.46261478,,,,
2218.0,742052.2694,2218.0,99967850.2632008,2218.0,34195602.0600012,2218.0,4956764.93888606,,,,
2219.0,743242.2728,2219.0,100090535.619793,2219.0,34251800.7559945,2219.0,4963491.29445096,,,,
2220.0,744433.9703,2220.0,100213328.096382,2220.0,34308059.0559954,2220.0,4970223.71077753,,,,
2221.0,745627.3461,2221.0,100336194.732969,2221.0,34364379.4799963,2221.0,4976963.27256372,,,,
2222.0,746822.428,2222.0,100459168.489553,2222.0,34420756.8359973,2222.0,4983709.31232756,,,,
2223.0,748019.1664,2223.0,100582249.366135,2223.0,34477198.9519982,2223.0,4990462.18103503,,,,
2224.0,749217.5711,2224.0,100705404.402714,2224.0,34533698.0759991,2224.0,4997221.93698612,,,,
2225.0,750417.6866,2225.0,100828666.55929,2225.0,34590256.688,2225.0,5003988.08611488,,,,
2226.0,751619.4698,2226.0,100952019.355864,2226.0,34646877.4280009,2226.0,5010760.79007128,,,,
2227.0,752822.9424,2227.0,101075462.792435,2227.0,34703557.7719942,2227.0,5017540.26467131,,,,
2228.0,754028.1043,2228.0,101199013.349003,2228.0,34760297.6039951,2228.0,5024326.53111498,,,,
2229.0,755234.9586,2229.0,101322654.545568,2229.0,34817097.039996,2229.0,5031119.71130227,,,,
2230.0,756443.4925,2230.0,101446386.382132,2230.0,34873958.6039969,2230.0,5037919.37741721,,,,
2231.0,757653.7086,2231.0,101570225.338692,2231.0,34930879.6559979,2231.0,5044725.79562579,,,,
2232.0,758865.6258,2232.0,101694146.69525,2232.0,34987860.3519988,2232.0,5051538.77661202,,,,
2233.0,760079.2155,2233.0,101818166.931805,2233.0,35044903.0959997,2233.0,5058358.60244187,,,,
2234.0,761294.4889,2234.0,101942294.288357,2234.0,35102005.4840006,2234.0,5065184.82144938,,,,
2235.0,762511.4666,2235.0,102066495.804907,2235.0,35159169.9200015,2235.0,5072017.97805052,,,,
2236.0,763730.1383,2236.0,102190812.681454,2236.0,35216391.3639948,2236.0,5078857.94504528,,,,
2237.0,764950.4839,2237.0,102315211.957998,2237.0,35273674.9319957,2237.0,5085704.76483368,,,,
2238.0,766172.5452,2238.0,102439718.35454,2238.0,35331020.6279966,2238.0,5092558.07054973,,,,
2239.0,767396.282,2239.0,102564323.631079,2239.0,35388423.3279976,2239.0,5099417.87014343,,,,
2240.0,768621.7159,2240.0,102689003.067616,2240.0,35445890.6759985,2240.0,5106284.84699674,,,,
2241.0,769848.827,2241.0,102813797.864149,2241.0,35503415.0319994,2241.0,5113158.33627769,,,,
2242.0,771077.6536,2242.0,102938683.30068,2242.0,35561001.5480003,2242.0,5120038.3538863,,,,
2243.0,772308.1805,2243.0,103063659.377209,2243.0,35618650.1560012,2243.0,5126925.17128854,,,,
2244.0,773540.3845,2244.0,103188742.573734,2244.0,35676358.2519945,2244.0,5133818.84148441,,,,
2245.0,774774.2759,2245.0,103313916.410257,2245.0,35734128.5519954,2245.0,5140719.4757739,,,,
2246.0,776009.8789,2246.0,103439172.646778,2246.0,35791958.3759963,2246.0,5147626.50059105,,,,
2247.0,777247.1821,2247.0,103564544.243296,2247.0,35849847.8079973,2247.0,5154540.37820183,,,,
2248.0,778486.1855,2248.0,103689998.239811,2248.0,35907799.3239982,2248.0,5161460.86894025,,,,
2249.0,779726.8892,2249.0,103815559.356323,2249.0,35965810.3719991,2249.0,5168388.52633828,,,,
2250.0,780969.2747,2250.0,103941219.352833,2250.0,36023883.62,2250.0,5175322.62726397,,,,
2251.0,782213.362,2251.0,104066961.74934,2251.0,36082018.8800009,2251.0,5182263.3148173,,,,
2252.0,783459.1639,2252.0,104192811.265844,2252.0,36140211.1839942,2252.0,5189210.82071426,,,,
2253.0,784706.6564,2253.0,104318751.422346,2253.0,36198468.2119951,2253.0,5196165.20325485,,,,
2254.0,785955.8539,2254.0,104444782.218845,2254.0,36256784.767996,2254.0,5203126.15652309,,,,
2255.0,787206.7531,2255.0,104570911.895342,2255.0,36315163.4519969,2255.0,5210094.27645094,,,,
2256.0,788459.3501,2256.0,104697140.451836,2256.0,36373601.6599979,2256.0,5217068.60819046,,,,
2257.0,789713.6593,2257.0,104823476.128326,2257.0,36432101.9959988,2257.0,5224050.10658958,,,,
2258.0,790969.6661,2258.0,104949894.204815,2258.0,36490661.9359997,2258.0,5231038.14921636,,,,
2259.0,792227.3667,2259.0,105076411.161301,2259.0,36549286.5240006,2259.0,5238033.06848676,,,,
2260.0,793486.785,2260.0,105203035.237783,2260.0,36607968.1160015,2260.0,5245034.84850079,,,,
2261.0,794747.9114,2261.0,105329733.474264,2261.0,36666711.8399948,2261.0,5252043.23104247,,,,
2262.0,796010.7443,2262.0,105456547.070742,2262.0,36725520.2439957,2262.0,5259058.40542778,,,,
2263.0,797275.2852,2263.0,105583451.307217,2263.0,36784385.6559966,2263.0,5266080.09754074,,,,
2264.0,798541.5254,2264.0,105710454.423689,2264.0,36843313.1159976,2264.0,5273109.1100133,,,,
2265.0,799809.4641,2265.0,105837548.180159,2265.0,36902302.7799985,2265.0,5280144.55541352,,,,
2266.0,801079.142,2266.0,105964749.056625,2266.0,36961354.5319994,2266.0,5287186.96225736,,,,
2267.0,802350.4799,2267.0,106092040.57309,2267.0,37020468.4080003,2267.0,5294235.90272884,,,,
2268.0,803623.5771,2268.0,106219422.729551,2268.0,37079641.8520012,2268.0,5301291.74634396,,,,
2269.0,804898.367,2269.0,106346912.00601,2269.0,37138877.4239945,2269.0,5308354.4401027,,,,
2270.0,806174.8481,2270.0,106474491.922466,2270.0,37198172.5199954,2270.0,5315423.92570508,,,,
2271.0,807453.0701,2271.0,106602162.47892,2271.0,37257532.3399963,2271.0,5322500.0456351,,,,
2272.0,808733.0049,2272.0,106729931.915371,2272.0,37316951.7279973,2272.0,5329583.05280875,,,,
2273.0,810014.6227,2273.0,106857816.711819,2273.0,37376433.2039982,2273.0,5336673.02672602,,,,
2274.0,811297.9629,2274.0,106985783.908264,2274.0,37435976.8039991,2274.0,5343769.48657094,,,,
2275.0,812583.0375,2275.0,107113849.984707,2275.0,37495579.972,2275.0,5350872.8124595,,,,
2276.0,813869.7976,2276.0,107242006.701147,2276.0,37555247.8640009,2276.0,5357983.07329167,,,,
2277.0,815158.2921,2277.0,107370270.537584,2277.0,37614975.2439942,2277.0,5365100.18426748,,,,
2278.0,816448.5096,2278.0,107498625.014019,2278.0,37674764.7879951,2278.0,5372223.94017093,,,,
2279.0,817740.4142,2279.0,107627078.370451,2279.0,37734616.459996,2279.0,5379354.46141801,,,,
2280.0,819034.0644,2280.0,107755622.36688,2280.0,37794530.255997,2280.0,5386491.97590872,,,,
2281.0,820329.4208,2281.0,107884273.483307,2281.0,37854503.5799979,2281.0,5393636.38294305,,,,
2282.0,821626.4858,2282.0,108013015.239731,2282.0,37914541.6679988,2282.0,5400787.36600503,,,,
2283.0,822925.2668,2283.0,108141847.636152,2283.0,37974639.2079997,2283.0,5407945.22571064,,,,
2284.0,824225.7867,2284.0,108270787.152571,2284.0,38034801.5080006,2284.0,5415109.67734389,,,,
2285.0,825528.0138,2285.0,108399825.548986,2285.0,38095023.3360015,2285.0,5422281.33803675,,,,
2286.0,826831.9614,2286.0,108528954.5854,2286.0,38155307.2919948,2286.0,5429459.65955725,,,,
2287.0,828137.628,2287.0,108658182.50181,2287.0,38215653.4079957,2287.0,5436644.77822139,,,,
2288.0,829445.0121,2288.0,108787509.298218,2288.0,38276061.5759966,2288.0,5443836.91662915,,,,
2289.0,830754.1095,2289.0,108916943.214623,2289.0,38336531.9079976,2289.0,5451035.50386456,,,,
2290.0,832064.9459,2290.0,109046459.531025,2290.0,38397064.3679985,2290.0,5458241.44325957,,,,
2291.0,833377.5029,2291.0,109176082.967424,2291.0,38457658.9119994,2291.0,5465453.93218223,,,,
2292.0,834691.7718,2292.0,109305797.043821,2292.0,38518315.6240003,2292.0,5472673.35604851,,,,
2293.0,836007.7843,2293.0,109435610.000216,2293.0,38579034.4600012,2293.0,5479899.32944244,,,,
2294.0,837325.4973,2294.0,109565513.596607,2294.0,38639815.4199945,2294.0,5487132.52779598,,,,
2295.0,838644.9453,2295.0,109695524.312996,2295.0,38700658.4719954,2295.0,5494372.33397717,,,,
2296.0,839966.1354,2296.0,109825625.669382,2296.0,38761563.6839963,2296.0,5501618.72678599,,,,
2297.0,841289.0277,2297.0,109955842.385765,2297.0,38822531.0239973,2297.0,5508872.34985443,,,,
2298.0,842613.6564,2298.0,110086141.502146,2298.0,38883560.4519982,2298.0,5516132.66025051,,,,
2299.0,843940.0089,2299.0,110216539.498524,2299.0,38944651.9679991,2299.0,5523400.1850062,,,,
2300.0,845268.0866,2300.0,110347036.374899,2300.0,39005808.284,2300.0,5530674.24338953,,,,
2301.0,846597.9008,2301.0,110477623.891272,2301.0,39067024.0880009,2301.0,5537954.95200051,,,,
2302.0,847929.4202,2302.0,110608318.527641,2302.0,39128304.5799942,2302.0,5545242.92797109,,,,
2303.0,849262.6961,2303.0,110739112.044008,2303.0,39189644.6759951,2303.0,5552537.46936932,,,,
2304.0,850597.6876,2304.0,110869996.200373,2304.0,39251049.379996,2304.0,5559839.27812716,,,,
2305.0,851934.41,2305.0,111000979.236734,2305.0,39312516.287997,2305.0,5567147.67881264,,,,
2306.0,853272.8776,2306.0,111132069.393093,2306.0,39374045.2839979,2306.0,5574462.77212576,,,,
2307.0,854613.0536,2307.0,111263250.189449,2307.0,39435636.4039988,2307.0,5581785.02149849,,,,
2308.0,855954.978,2308.0,111394529.865803,2308.0,39497292.2119997,2308.0,5589113.94759887,,,,
2309.0,857298.6189,2309.0,111525900.182154,2309.0,39559007.5840006,2309.0,5596449.72914287,,,,
2310.0,858644.0025,2310.0,111657369.378502,2310.0,39620787.6440015,2310.0,5603792.50393049,,,,
2311.0,859991.1376,2311.0,111788945.694847,2311.0,39682629.8279948,2311.0,5611142.24546174,,,,
2312.0,861339.9811,2312.0,111920612.65119,2312.0,39744536.6999957,2312.0,5618498.88483662,,,,
2313.0,862690.553,2313.0,112052386.72753,2313.0,39806503.1359966,2313.0,5625862.15853914,,,,
2314.0,864042.8676,2314.0,112184259.683867,2314.0,39868534.2559976,2314.0,5633232.34068528,,,,
2315.0,865396.9363,2315.0,112316223.280201,2315.0,39930627.5439985,2315.0,5640609.56377505,,,,
2316.0,866752.7139,2316.0,112448277.516533,2316.0,39992782.8799994,2316.0,5647993.61050845,,,,
2317.0,868110.2455,2317.0,112580438.872862,2317.0,40055000.3800003,2317.0,5655384.72468547,,,,
2318.0,869469.5086,2318.0,112712699.109188,2318.0,40117282.6040012,2318.0,5662782.40429013,,,,
2319.0,870830.5033,2319.0,112845066.465511,2319.0,40179626.8799945,2319.0,5670187.2982544,,,,
2320.0,872193.235,2320.0,112977507.981833,2320.0,40242035.9159954,2320.0,5677598.88484631,,,,
2321.0,873557.7101,2321.0,113110073.09815,2321.0,40304507.0399963,2321.0,5685017.14816586,,,,
2322.0,874923.9311,2322.0,113242720.614466,2322.0,40367040.2879973,2322.0,5692442.64174502,,,,
2323.0,876291.8749,2323.0,113375467.010778,2323.0,40429635.6639982,2323.0,5699875.05966781,,,,
2324.0,877661.5733,2324.0,113508320.527088,2324.0,40492295.7639991,2324.0,5707314.18611823,,,,
2325.0,879032.9894,2325.0,113641272.923395,2325.0,40555017.952,2325.0,5714760.48452827,,,,
2326.0,880406.1683,2326.0,113774315.9597,2326.0,40617804.7880009,2326.0,5722213.49146594,,,,
2327.0,881781.0793,2327.0,113907457.876001,2327.0,40680653.8239942,2327.0,5729673.43864724,,,,
2328.0,883157.7418,2328.0,114040690.432301,2328.0,40743564.9879951,2328.0,5737140.39497217,,,,
2329.0,884536.1364,2329.0,114174038.348597,2329.0,40806540.799996,2329.0,5744614.27564071,,,,
2330.0,885916.2856,2330.0,114307485.14489,2330.0,40869578.699997,2330.0,5752094.72703691,,,,
2331.0,887298.1639,2331.0,114441014.341181,2331.0,40932681.3599979,2331.0,5759582.6047927,,,,
2332.0,888681.7799,2332.0,114574650.657469,2332.0,40995846.1079988,2332.0,5767077.02147614,,,,
2333.0,890067.1649,2333.0,114708402.333754,2333.0,41059075.5439997,2333.0,5774578.5162032,,,,
2334.0,891454.282,2334.0,114842219.930037,2334.0,41122367.1800006,2334.0,5782086.91407388,,,,
2335.0,892843.1369,2335.0,114976161.126316,2335.0,41185720.8680015,2335.0,5789602.1673882,,,,
2336.0,894233.7408,2336.0,115110184.722593,2336.0,41249139.2399948,2336.0,5797124.59944612,,,,
2337.0,895626.0886,2337.0,115244323.678867,2337.0,41312622.3359957,2337.0,5804653.90284768,,,,
2338.0,897020.2055,2338.0,115378553.275139,2338.0,41376167.5599967,2338.0,5812189.84587688,,,,
2339.0,898416.0545,2339.0,115512873.511408,2339.0,41439777.4679976,2339.0,5819732.8139497,,,,
2340.0,899813.6413,2340.0,115647300.867674,2340.0,41503449.4639985,2340.0,5827282.72226614,,,,
2341.0,901212.9864,2341.0,115781827.103937,2341.0,41567183.6239994,2341.0,5834839.98804219,,,,
2342.0,902614.0693,2342.0,115916452.220198,2342.0,41630985.0680003,2342.0,5842403.82454588,,,,
2343.0,904016.9074,2343.0,116051184.456455,2343.0,41694846.0400012,2343.0,5849974.70199319,,,,
2344.0,905421.5176,2344.0,116185999.09271,2344.0,41758774.2199945,2344.0,5857552.22436815,,,,
2345.0,906827.855,2345.0,116320920.848963,2345.0,41822764.5639954,2345.0,5865137.01410271,,,,
2346.0,908235.9414,2346.0,116455941.485212,2346.0,41886819.6319963,2346.0,5872728.89778089,,,,
2347.0,909645.7861,2347.0,116591052.761459,2347.0,41950936.7879972,2347.0,5880327.42108671,,,,
2348.0,911057.3749,2348.0,116726279.397703,2348.0,42015118.6679982,2348.0,5887932.81573615,,,,
2349.0,912470.7189,2349.0,116861596.673944,2349.0,42079362.6359991,2349.0,5895545.5996452,,,,
2350.0,913885.8181,2350.0,116997012.830183,2350.0,42143671.288,2350.0,5903165.02318189,,,,
2351.0,915302.6645,2351.0,117132527.866419,2351.0,42208044.7040009,2351.0,5910791.5406622,,,,
2352.0,916721.2661,2352.0,117268141.782652,2352.0,42272482.7279942,2352.0,5918424.94538614,,,,
2353.0,918141.623,2353.0,117403862.818882,2353.0,42336982.8799951,2353.0,5926065.3380537,,,,
2354.0,919563.7301,2354.0,117539674.49511,2354.0,42401547.791996,2354.0,5933712.82466488,,,,
2355.0,920987.6125,2355.0,117675576.811335,2355.0,42466174.791997,2355.0,5941366.9509037,,,,
2356.0,922413.2364,2356.0,117811602.727556,2356.0,42530869.0399979,2356.0,5949028.38160212,,,,
2357.0,923840.6155,2357.0,117947711.043776,2357.0,42595625.4119988,2357.0,5956696.45192819,,,,
2358.0,925269.748,2358.0,118083918.239992,2358.0,42660446.5079997,2358.0,5964371.84261385,,,,
2359.0,926700.6358,2359.0,118220240.796206,2359.0,42725329.7320006,2359.0,5972053.99482716,,,,
2360.0,928133.2706,2360.0,118356637.512417,2360.0,42790280.1240015,2360.0,5979743.48330007,,,,
2361.0,929567.6783,2361.0,118493157.828625,2361.0,42855292.7559948,2361.0,5987439.51070063,,,,
2362.0,931003.8393,2362.0,118629768.78483,2362.0,42920370.0359957,2362.0,5995142.6638448,,,,
2363.0,932441.7555,2363.0,118766470.381033,2363.0,42985509.4039966,2363.0,6002853.13734857,,,,
2364.0,933881.4564,2364.0,118903279.097233,2364.0,43050716.0959976,2364.0,6010569.91806401,,,,
2365.0,935322.8875,2365.0,119040186.69343,2365.0,43115984.8719985,2365.0,6018294.18873904,,,,
2366.0,936766.077,2366.0,119177193.169624,2366.0,43181318.3359994,2366.0,6026025.64727369,,,,
2367.0,938211.0455,2367.0,119314306.765816,2367.0,43246716.5240003,2367.0,6033763.42891999,,,,
2368.0,939657.773,2368.0,119451511.002005,2368.0,43312179.3600012,2368.0,6041508.70052589,,,,
2369.0,941106.2533,2369.0,119588814.118191,2369.0,43377706.9199945,2369.0,6049260.84347541,,,,
2370.0,942556.4869,2370.0,119726232.594374,2370.0,43443299.1639954,2370.0,6057019.81155257,,,,
2371.0,944008.5133,2371.0,119863733.470554,2371.0,43508953.5359963,2371.0,6064786.08408934,,,,
2372.0,945462.2649,2372.0,120001341.466732,2372.0,43574675.1519973,2372.0,6072559.19086973,,,,
2373.0,946917.7893,2373.0,120139040.102907,2373.0,43640458.8959982,2373.0,6080339.17577776,,,,
2374.0,948375.1014,2374.0,120276845.859079,2374.0,43706307.3239991,2374.0,6088126.48104539,,,,
2375.0,949834.1469,2375.0,120414750.495249,2375.0,43772223.036,2375.0,6095920.51074065,,,,
2376.0,951294.9883,2376.0,120552754.011415,2376.0,43838200.8760009,2376.0,6103721.84489553,,,,
2377.0,952757.5661,2377.0,120690864.647579,2377.0,43904243.3999942,2377.0,6111530.02007803,,,,
2378.0,954221.9286,2378.0,120829074.16374,2378.0,43970350.6119951,2378.0,6119345.36192014,,,,
2379.0,955688.0476,2379.0,120967374.319899,2379.0,44036522.543996,2379.0,6127167.4122899,,,,
2380.0,957155.9256,2380.0,121105781.596054,2380.0,44102761.687997,2380.0,6134996.62020326,,,,
2381.0,958625.5883,2381.0,121244287.752207,2381.0,44169060.4319979,2381.0,6142833.04777624,,,,
2382.0,960097.0105,2382.0,121382884.548357,2382.0,44235426.3879988,2382.0,6150676.31637685,,,,
2383.0,961570.2005,2383.0,121521613.184504,2383.0,44301859.6239997,2383.0,6158526.92123706,,,,
2384.0,963045.1495,2384.0,121660399.500649,2384.0,44368354.9880006,2384.0,6166384.23462491,,,,
2385.0,964521.875,2385.0,121799317.65679,2385.0,44434912.5160015,2385.0,6174248.49885639,,,,
2386.0,966000.3633,2386.0,121938334.692928,2386.0,44501542.3719948,2386.0,6182119.87293148,,,,
2387.0,967480.6274,2387.0,122077434.129065,2387.0,44568229.2719957,2387.0,6189998.25085019,,,,
2388.0,968962.6624,2388.0,122216640.685198,2388.0,44634988.5359966,2388.0,6197883.63261252,,,,
2389.0,970446.457,2389.0,122355946.121328,2389.0,44701804.8079976,2389.0,6205776.35063446,,,,
2390.0,971932.0338,2390.0,122495350.437456,2390.0,44768693.4439985,2390.0,6213675.96268403,,,,
2391.0,973419.3901,2391.0,122634861.873581,2391.0,44835639.0879994,2391.0,6221582.75729321,,,,
2392.0,974908.5086,2392.0,122774472.189703,2392.0,44902657.0960003,2392.0,6229496.43003002,,,,
2393.0,976399.3868,2393.0,122914181.385822,2393.0,44969737.2680012,2393.0,6237416.95291045,,,,
2394.0,977892.0389,2394.0,123053989.461939,2394.0,45036884.6879945,2394.0,6245344.6651345,,,,
2395.0,979386.4963,2395.0,123193896.418053,2395.0,45104094.2319954,2395.0,6253279.41830217,,,,
2396.0,980882.6901,2396.0,123333910.494164,2396.0,45171365.9399963,2396.0,6261221.20711346,,,,
2397.0,982380.6699,2397.0,123474031.690271,2397.0,45238709.9759973,2397.0,6269170.36928435,,,,
2398.0,983880.4118,2398.0,123614227.046377,2398.0,45306116.1759982,2398.0,6277126.23468288,,,,
2399.0,985381.962,2399.0,123754554.242479,2399.0,45373584.5399991,2399.0,6285089.658941,,,,
2400.0,986885.2719,2400.0,123894955.598579,2400.0,45441125.232,2400.0,6293059.60092678,,,,
2401.0,988390.3445,2401.0,124035480.554676,2401.0,45508722.9280009,2401.0,6301036.54675617,,,,
2402.0,989897.2055,2402.0,124176087.91077,2402.0,45576393.0319942,2402.0,6309021.08324515,,,,
2403.0,991405.8405,2403.0,124316810.626862,2403.0,45644125.2199951,2403.0,6317012.12156178,,,,
2404.0,992916.2495,2404.0,124457623.98295,2404.0,45711919.611996,2404.0,6325010.734638,,,,
2405.0,994428.4356,2405.0,124598544.459036,2405.0,45779786.3319969,2405.0,6333016.05094186,,,,
2406.0,995942.3989,2406.0,124739563.815119,2406.0,45847715.2119979,2406.0,6341028.70350533,,,,
2407.0,997458.1361,2407.0,124880682.051199,2407.0,45915706.1839988,2407.0,6349048.11229643,,,,
2408.0,998975.6424,2408.0,125021890.927277,2408.0,45983769.5959997,2408.0,6357074.91034713,,,,
2409.0,1000494.954,2409.0,125163223.403351,2409.0,46051889.9760006,2409.0,6365108.41162547,,,,
2410.0,1002016.023,2410.0,125304654.759422,2410.0,46120082.7240015,2410.0,6373149.4346634,,,,
2411.0,1003538.891,2411.0,125446168.515491,2411.0,46188337.6359948,2411.0,6381197.39264496,,,,
2412.0,1005063.517,2412.0,125587789.391558,2412.0,46256659.7919957,2412.0,6389252.17575415,,,,
2413.0,1006589.941,2413.0,125729517.387621,2413.0,46325049.1919966,2413.0,6397314.22622295,,,,
2414.0,1008118.155,2414.0,125871336.023682,2414.0,46393500.7599976,2414.0,6405383.46603536,,,,
2415.0,1009648.139,2415.0,126013261.779739,2415.0,46462019.5319985,2415.0,6413459.77859139,,,,
2416.0,1011179.9,2416.0,126155294.655794,2416.0,46530605.6279994,2416.0,6421543.14269103,,,,
2417.0,1012713.441,2417.0,126297426.411846,2417.0,46599253.8120003,2417.0,6429633.5795343,,,,
2418.0,1014248.765,2418.0,126439657.047895,2418.0,46667969.2400012,2418.0,6437731.03612118,,,,
2419.0,1015785.898,2419.0,126581986.563942,2419.0,46736751.9919945,2419.0,6445835.59725169,,,,
2420.0,1017324.783,2420.0,126724423.199986,2420.0,46805601.9119954,2420.0,6453947.3477258,,,,
2421.0,1018865.456,2421.0,126866950.476027,2421.0,46874514.0359963,2421.0,6462066.36555952,,,,
2422.0,1020407.929,2422.0,127009593.112064,2422.0,46943493.3679973,2422.0,6470192.24032088,,,,
2423.0,1021952.178,2423.0,127152334.628099,2423.0,47012539.9439982,2423.0,6478325.21962585,,,,
2424.0,1023498.218,2424.0,127295166.784132,2424.0,47081648.7239991,2424.0,6486465.38149043,,,,
2425.0,1025046.039,2425.0,127438114.300161,2425.0,47150824.708,2425.0,6494612.81749862,,,,
2426.0,1026595.626,2426.0,127581152.456188,2426.0,47220073.1000009,2426.0,6502766.94083444,,,,
2427.0,1028147.024,2427.0,127724297.732212,2427.0,47289378.4959942,2427.0,6510928.50112987,,,,
2428.0,1029700.218,2428.0,127867533.648233,2428.0,47358756.2559951,2428.0,6519097.3355689,,,,
2429.0,1031255.183,2429.0,128010876.684252,2429.0,47428196.183996,2429.0,6527272.99895157,,,,
2430.0,1032811.944,2430.0,128154326.840267,2430.0,47497703.315997,2430.0,6535455.78807785,,,,
2431.0,1034370.476,2431.0,128297875.87628,2431.0,47567277.7719979,2431.0,6543646.13076372,,,,
2432.0,1035930.814,2432.0,128441523.79229,2432.0,47636919.4359988,2432.0,6551843.16077723,,,,
2433.0,1037492.919,2433.0,128585278.828297,2433.0,47706623.2639997,2433.0,6560047.21053436,,,,
2434.0,1039056.831,2434.0,128729140.984301,2434.0,47776399.4560006,2434.0,6568258.7290511,,,,
2435.0,1040622.52,2435.0,128873093.780302,2435.0,47846237.7760015,2435.0,6576477.01969546,,,,
2436.0,1042189.998,2436.0,129017153.696301,2436.0,47916138.2559948,2436.0,6584702.91689941,,,,
2437.0,1043759.301,2437.0,129161312.492296,2437.0,47986111.1439957,2437.0,6592935.74904699,,,,
2438.0,1045330.363,2438.0,129305578.408289,2438.0,48056151.1999966,2438.0,6601175.24732221,,,,
2439.0,1046903.238,2439.0,129449943.204279,2439.0,48126253.4599976,2439.0,6609422.40515701,,,,
2440.0,1048477.874,2440.0,129594398.640266,2440.0,48196422.9639985,2440.0,6617676.77735143,,,,
2441.0,1050054.333,2441.0,129738969.436251,2441.0,48266659.7119994,2441.0,6625938.09127347,,,,
2442.0,1051632.559,2442.0,129883647.352232,2442.0,48336963.7080003,2442.0,6634206.45673913,,,,
2443.0,1053212.592,2443.0,130028415.908211,2443.0,48407334.9880012,2443.0,6642482.25916439,,,,
2444.0,1054794.437,2444.0,130173283.344187,2444.0,48477773.5159945,2444.0,6650764.81251729,,,,
2445.0,1056378.043,2445.0,130318257.90016,2445.0,48548274.2039954,2445.0,6659054.77102978,,,,
2446.0,1057963.438,2446.0,130463339.57613,2446.0,48618842.1399963,2446.0,6667351.86588589,,,,
2447.0,1059550.674,2447.0,130608528.372097,2447.0,48689477.3199973,2447.0,6675655.98048562,,,,
2448.0,1061139.649,2448.0,130753791.328062,2448.0,48760184.8679982,2448.0,6683967.40102896,,,,
2449.0,1062730.471,2449.0,130899186.124023,2449.0,48830949.4959991,2449.0,6692285.92611591,,,,
2450.0,1064323.059,2450.0,131044679.799982,2450.0,48901786.416,2450.0,6700611.36494649,,,,
2451.0,1065917.431,2451.0,131190255.875938,2451.0,48972690.6560009,2451.0,6708944.35733666,,,,
2452.0,1067513.616,2452.0,131335947.311892,2452.0,49043662.1039942,2452.0,6717284.45427045,,,,
2453.0,1069111.618,2453.0,131481745.867842,2453.0,49114695.7159951,2453.0,6725631.37633187,,,,
2454.0,1070711.388,2454.0,131627635.063789,2454.0,49185801.731996,2454.0,6733986.16316887,,,,
2455.0,1072312.976,2455.0,131773631.379734,2455.0,49256969.9119969,2455.0,6742347.55253351,,,,
2456.0,1073916.337,2456.0,131919726.575676,2456.0,49328210.4199979,2456.0,6750716.07824176,,,,
2457.0,1075521.522,2457.0,132065928.891615,2457.0,49399513.0519988,2457.0,6759092.2105096,,,,
2458.0,1077128.479,2458.0,132212246.567551,2458.0,49470882.9719997,2458.0,6767475.04070509,,,,
2459.0,1078737.25,2459.0,132358638.403484,2459.0,49542320.1720006,2459.0,6775865.24426017,,,,
2460.0,1080347.833,2460.0,132505145.599415,2460.0,49613824.5800015,2460.0,6784262.64775886,,,,
2461.0,1081960.2,2461.0,132651759.915342,2461.0,49685396.2719948,2461.0,6792667.32540117,,,,
2462.0,1083574.374,2462.0,132798481.351267,2462.0,49757035.2519957,2462.0,6801078.96978709,,,,
2463.0,1085190.333,2463.0,132945301.667189,2463.0,49828741.4359966,2463.0,6809497.69751664,,,,
2464.0,1086808.116,2464.0,133092212.623108,2464.0,49900514.9039976,2464.0,6817924.03180577,,,,
2465.0,1088427.723,2465.0,133239238.939024,2465.0,49972355.6559985,2465.0,6826357.33283853,,,,
2466.0,1090049.097,2466.0,133386364.134937,2466.0,50044263.6919994,2466.0,6834797.88681489,,,,
2467.0,1091672.296,2467.0,133533588.210848,2467.0,50116238.8960003,2467.0,6843245.59833487,,,,
2468.0,1093297.256,2468.0,133680919.406755,2468.0,50188281.4640012,2468.0,6851700.37199847,,,,
2469.0,1094924.052,2469.0,133828349.48266,2469.0,50260386.0799945,2469.0,6860162.60382167,,,,
2470.0,1096552.633,2470.0,133975894.918562,2470.0,50332563.1359954,2470.0,6868631.95078848,,,,
2471.0,1098183.037,2471.0,134123522.754461,2471.0,50404807.4399963,2471.0,6877108.10168292,,,,
2472.0,1099815.209,2472.0,134271265.950357,2472.0,50477119.0279972,2472.0,6885591.80613696,,,,
2473.0,1101449.252,2473.0,134419108.026251,2473.0,50549497.7839982,2473.0,6894082.8945506,,,,
2474.0,1103085.016,2474.0,134567065.462141,2474.0,50621943.9399991,2474.0,6902580.87169186,,,,
2475.0,1104722.679,2475.0,134715113.538029,2475.0,50694457.264,2475.0,6911086.29639272,,,,
2476.0,1106362.041,2476.0,134863260.493914,2476.0,50767037.8360009,2476.0,6919598.8256372,,,,
2477.0,1108003.296,2477.0,135011514.569796,2477.0,50839685.7279942,2477.0,6928118.5442253,,,,
2478.0,1109646.341,2478.0,135159884.005674,2478.0,50912400.7879951,2478.0,6936645.32495701,,,,
2479.0,1111291.193,2479.0,135308335.841551,2479.0,50985183.211996,2479.0,6945179.43283232,,,,
2480.0,1112937.82,2480.0,135456894.797424,2480.0,51058037.959997,2480.0,6953720.81866725,,,,
2481.0,1114586.287,2481.0,135605577.353294,2481.0,51130954.8719979,2481.0,6962269.47864578,,,,
2482.0,1116236.534,2482.0,135754350.549162,2482.0,51203939.0319988,2482.0,6970825.13716793,,,,
2483.0,1117888.606,2483.0,135903214.385027,2483.0,51276990.4759997,2483.0,6979388.04863369,,,,
2484.0,1119542.52,2484.0,136052193.580889,2484.0,51350114.3240006,2484.0,6987958.48185904,,,,
2485.0,1121198.195,2485.0,136201271.656748,2485.0,51423305.3760015,2485.0,6996536.16802801,,,,
2486.0,1122855.661,2486.0,136350465.092604,2486.0,51496558.6359948,2486.0,7005120.85274059,,,,
2487.0,1124515.003,2487.0,136499749.168457,2487.0,51569884.2199957,2487.0,7013712.6207968,,,,
2488.0,1126176.113,2488.0,136649140.364307,2488.0,51643277.0879966,2488.0,7022312.02721259,,,,
2489.0,1127839.02,2489.0,136798630.440155,2489.0,51716737.2399976,2489.0,7030918.26935601,,,,
2490.0,1129503.756,2490.0,136948235.875999,2490.0,51790264.5599985,2490.0,7039531.77885904,,,,
2491.0,1131170.33,2491.0,137097931.951841,2491.0,51863859.2439994,2491.0,7048152.62610567,,,,
2492.0,1132838.671,2492.0,137247743.38768,2492.0,51937526.2520003,2492.0,7056780.9209119,,,,
2493.0,1134508.871,2493.0,137397637.223516,2493.0,52011255.5040012,2493.0,7065416.22104575,,,,
2494.0,1136180.885,2494.0,137547662.899349,2494.0,52085057.0439945,2494.0,7074058.73553922,,,,
2495.0,1137854.666,2495.0,137697770.97518,2495.0,52158925.7879954,2495.0,7082708.64077628,,,,
2496.0,1139530.307,2496.0,137847986.171007,2496.0,52232861.8959963,2496.0,7091365.87697295,,,,
2497.0,1141207.728,2497.0,137998308.486832,2497.0,52306865.2879973,2497.0,7100030.03369725,,,,
2498.0,1142886.973,2498.0,138148746.162653,2498.0,52380935.8839982,2498.0,7108701.69098114,,,,
2499.0,1144568.005,2499.0,138299282.718472,2499.0,52455073.7279991,2499.0,7117380.48460864,,,,
2500.0,1146250.983,2500.0,138449909.914288,2500.0,52529283.976,2500.0,7126066.54177976,,,,
2501.0,1147936.056,2501.0,138600635.990101,2501.0,52603561.5080009,2501.0,7134760.73470424,,,,
2502.0,1149623.3,2502.0,138751493.90591,2502.0,52677906.3239942,2502.0,7143462.65787442,,,,
2503.0,1151312.669,2503.0,138902434.221718,2503.0,52752318.3879951,2503.0,7152172.67289786,,,,
2504.0,1153004.29,2504.0,139053473.417522,2504.0,52826797.655996,2504.0,7160890.93057008,,,,
2505.0,1154698.134,2505.0,139204627.973324,2505.0,52901349.4439969,2505.0,7169617.28009872,,,,
2506.0,1156394.255,2506.0,139355897.889122,2506.0,52975963.2439979,2506.0,7178352.09530926,,,,
2507.0,1158092.623,2507.0,139507233.724918,2507.0,53050649.4839988,2507.0,7187095.17990835,,,,
2508.0,1159793.313,2508.0,139658701.400711,2508.0,53125402.9719997,2508.0,7195846.98601565,,,,
2509.0,1161496.257,2509.0,139810267.956501,2509.0,53200228.7840006,2509.0,7204607.41282135,,,,
2510.0,1163201.585,2510.0,139961949.872288,2510.0,53275116.8400015,2510.0,7213375.81501409,,,,
2511.0,1164909.187,2511.0,140113714.188072,2511.0,53350077.2199948,2511.0,7222153.56266983,,,,
2512.0,1166619.189,2512.0,140265610.343853,2512.0,53425110.0839957,2512.0,7230939.67873587,,,,
2513.0,1168331.466,2513.0,140417588.899632,2513.0,53500204.9959966,2513.0,7239735.12518268,,,,
2514.0,1170046.179,2514.0,140569666.335407,2514.0,53575367.1919976,2514.0,7248538.78254725,,,,
2515.0,1171763.233,2515.0,140721875.611179,2515.0,53650601.7119985,2515.0,7257351.53746494,,,,
2516.0,1173482.691,2516.0,140874167.286949,2516.0,53725903.5959994,2516.0,7266173.11948195,,,,
2517.0,1175204.494,2517.0,141026557.842716,2517.0,53801277.7680003,2517.0,7275003.82130924,,,,
2518.0,1176928.742,2518.0,141179080.23848,2518.0,53876714.2200012,2518.0,7283843.66633115,,,,
2519.0,1178655.398,2519.0,141331668.554241,2519.0,53952222.9599945,2519.0,7292691.93375257,,,,
2520.0,1180384.451,2520.0,141484388.709999,2520.0,54027804.0679954,2520.0,7301549.8884467,,,,
2521.0,1182115.949,2521.0,141637207.745754,2521.0,54103447.3759963,2521.0,7310416.92096792,,,,
2522.0,1183849.852,2522.0,141790125.661507,2522.0,54179163.1239973,2522.0,7319292.68886037,,,,
2523.0,1185586.198,2523.0,141943142.457256,2523.0,54254945.9679982,2523.0,7328178.06175391,,,,
2524.0,1187325.025,2524.0,142096274.613003,2524.0,54330796.2119991,2524.0,7337072.33874281,,,,
2525.0,1189066.308,2525.0,142249522.128746,2525.0,54406718.816,2525.0,7345976.25675624,,,,
2526.0,1190809.988,2526.0,142402852.044487,2526.0,54482708.6680009,2526.0,7354889.35713056,,,,
2527.0,1192556.192,2527.0,142556297.320225,2527.0,54558765.7679942,2527.0,7363811.51964127,,,,
2528.0,1194304.846,2528.0,142709857.955959,2528.0,54634895.3079951,2528.0,7372743.44434815,,,,
2529.0,1196055.973,2529.0,142863500.991692,2529.0,54711092.095996,2529.0,7381684.58179776,,,,
2530.0,1197809.59,2530.0,143017242.907421,2530.0,54787356.2039969,2530.0,7390635.18477006,,,,
2531.0,1199565.697,2531.0,143171133.143147,2531.0,54863692.5279979,2531.0,7399595.19792042,,,,
2532.0,1201324.309,2532.0,143325089.29887,2532.0,54940096.3239988,2532.0,7408564.87661297,,,,
2533.0,1203085.404,2533.0,143479160.81459,2533.0,55016567.2879997,2533.0,7417544.2387611,,,,
2534.0,1204848.999,2534.0,143633347.690308,2534.0,55093110.6200006,2534.0,7426532.74283028,,,,
2535.0,1206615.109,2535.0,143787616.966022,2535.0,55169726.3200015,2535.0,7435530.98571519,,,,
2536.0,1208383.734,2536.0,143942001.601734,2536.0,55246404.2199948,2536.0,7444538.87402776,,,,
2537.0,1210154.919,2537.0,144096485.117443,2537.0,55323154.4799957,2537.0,7453556.46997715,,,,
2538.0,1211928.628,2538.0,144251100.473148,2538.0,55399972.0679966,2538.0,7462583.42116223,,,,
2539.0,1213704.843,2539.0,144405781.748852,2539.0,55476861.9439976,2539.0,7471620.22726616,,,,
2540.0,1215483.574,2540.0,144560578.384552,2540.0,55553819.1399985,2540.0,7480667.01979518,,,,
2541.0,1217264.844,2541.0,144715506.860249,2541.0,55630843.5839994,2541.0,7489723.57605985,,,,
2542.0,1219048.701,2542.0,144870517.735943,2542.0,55707940.3960003,2542.0,7498789.56044185,,,,
2543.0,1220835.098,2543.0,145025627.491634,2543.0,55785104.5280012,2543.0,7507865.721904,,,,
2544.0,1222624.057,2544.0,145180852.607323,2544.0,55862341.0279945,2544.0,7516951.43408736,,,,
2545.0,1224415.565,2545.0,145336193.083008,2545.0,55939644.7679954,2545.0,7526047.18686927,,,,
2546.0,1226209.615,2546.0,145491615.958691,2546.0,56017020.9559963,2546.0,7535152.86988798,,,,
2547.0,1228006.256,2547.0,145647170.67437,2547.0,56094464.3839973,2547.0,7544268.26902516,,,,
2548.0,1229805.44,2548.0,145802807.790047,2548.0,56171975.0599982,2548.0,7553393.46046832,,,,
2549.0,1231607.242,2549.0,145958560.26572,2549.0,56249558.1039991,2549.0,7562528.93646155,,,,
2550.0,1233411.582,2550.0,146114411.621391,2550.0,56327208.468,2550.0,7571674.2813416,,,,
2551.0,1235218.541,2551.0,146270361.857059,2551.0,56404931.2720009,2551.0,7580829.50624676,,,,
2552.0,1237028.086,2552.0,146426427.452724,2552.0,56482721.2519942,2552.0,7589995.2236922,,,,
2553.0,1238840.217,2553.0,146582591.928387,2553.0,56560583.6639951,2553.0,7599170.54282333,,,,
2554.0,1240654.925,2554.0,146738888.244045,2554.0,56638513.331996,2554.0,7608356.0860307,,,,
2555.0,1242472.248,2555.0,146895266.959702,2555.0,56716515.3599969,2555.0,7617551.463896,,,,
2556.0,1244292.196,2556.0,147051744.555355,2556.0,56794584.7079979,2556.0,7626757.28142581,,,,
2557.0,1246114.766,2557.0,147208353.991005,2557.0,56872726.3519988,2557.0,7635973.22267719,,,,
2558.0,1247939.88,2558.0,147365045.826653,2558.0,56950935.3879997,2558.0,7645199.20251891,,,,
2559.0,1249767.647,2559.0,147521836.542297,2559.0,57029216.7200006,2559.0,7654435.50947632,,,,
2560.0,1251598.035,2560.0,147678759.097939,2560.0,57107560.1719939,2560.0,7663682.06462249,,,,
2561.0,1253431.058,2561.0,147835764.053577,2561.0,57185981.2639948,2561.0,7672938.51666681,,,,
2562.0,1255266.662,2562.0,147992884.369213,2562.0,57264469.5239957,2562.0,7682205.61022446,,,,
2563.0,1257104.948,2563.0,148150120.044846,2563.0,57343030.2239966,2563.0,7691482.75611933,,,,
2564.0,1258945.827,2564.0,148307438.120476,2564.0,57421658.1799976,2564.0,7700770.39156659,,,,
2565.0,1260789.378,2565.0,148464871.556103,2565.0,57500358.4879985,2565.0,7710068.22390027,,,,
2566.0,1262635.545,2566.0,148622420.351727,2566.0,57579126.0519994,2566.0,7719376.33585005,,,,
2567.0,1264484.372,2567.0,148780068.027348,2567.0,57657966.1280003,2567.0,7728694.79247178,,,,
2568.0,1266335.822,2568.0,148937814.582966,2568.0,57736873.3800012,2568.0,7738023.70389944,,,,
2569.0,1268189.932,2569.0,149095692.97858,2569.0,57815858.1119945,2569.0,7747363.11369904,,,,
2570.0,1270046.717,2570.0,149253653.774193,2570.0,57894905.1239954,2570.0,7756712.84522488,,,,
2571.0,1271906.104,2571.0,149411713.449802,2571.0,57974024.4239963,2571.0,7766073.11164298,,,,
2572.0,1273768.195,2572.0,149569888.485409,2572.0,58053216.0919973,2572.0,7775443.37209166,,,,
2573.0,1275632.917,2573.0,149728178.881012,2573.0,58132475.0799982,2573.0,7784824.78989933,,,,
2574.0,1277500.303,2574.0,149886568.156612,2574.0,58211806.4359991,2574.0,7794216.46322466,,,,
2575.0,1279370.394,2575.0,150045056.31221,2575.0,58291205.112,2575.0,7803618.43152782,,,,
2576.0,1281243.149,2576.0,150203659.827805,2576.0,58370676.1560009,2576.0,7813030.9771994,,,,
2577.0,1283118.581,2577.0,150362362.223396,2577.0,58450219.4879942,2577.0,7822454.46388233,,,,
2578.0,1284996.674,2578.0,150521179.978985,2578.0,58529830.2199951,2578.0,7831887.99651928,,,,
2579.0,1286877.428,2579.0,150680096.614571,2579.0,58609513.311996,2579.0,7841332.51115314,,,,
2580.0,1288760.908,2580.0,150839112.130154,2580.0,58689263.6519969,2580.0,7850787.69657454,,,,
2581.0,1290647.069,2581.0,150998243.005733,2581.0,58769086.3599979,2581.0,7860253.24777845,,,,
2582.0,1292535.927,2582.0,151157489.24131,2582.0,58848981.5079988,2582.0,7869729.44657579,,,,
2583.0,1294427.477,2583.0,151316817.876884,2583.0,58928949.0239997,2583.0,7879216.5880341,,,,
2584.0,1296321.677,2584.0,151476261.872456,2584.0,59008978.6680006,2584.0,7888714.03854835,,,,
2585.0,1298218.62,2585.0,151635821.228024,2585.0,59089085.9439939,2585.0,7898222.57134544,,,,
2586.0,1300118.242,2586.0,151795495.943588,2586.0,59169265.4359948,2586.0,7907741.64822033,,,,
2587.0,1302020.556,2587.0,151955253.059151,2587.0,59249507.2079957,2587.0,7917271.28308553,,,,
2588.0,1303925.621,2588.0,152115109.05471,2588.0,59329826.4599966,2588.0,7926811.79510702,,,,
2589.0,1305833.359,2589.0,152275113.370266,2589.0,59410212.8879976,2589.0,7936363.26179729,,,,
2590.0,1307743.797,2590.0,152435200.085819,2590.0,59490671.8279985,2590.0,7945925.47413098,,,,
2591.0,1309657.005,2591.0,152595385.68137,2591.0,59571203.1359994,2591.0,7955498.1392003,,,,
2592.0,1311572.853,2592.0,152755686.636917,2592.0,59651801.6920003,2592.0,7965081.99785245,,,,
2593.0,1313491.489,2593.0,152916086.472462,2593.0,59732472.6160012,2593.0,7974676.51014333,,,,
2594.0,1315412.809,2594.0,153076601.668003,2594.0,59813216.0519945,2594.0,7984282.14074049,,,,
2595.0,1317336.881,2595.0,153237232.223541,2595.0,59894026.5839954,2595.0,7993898.33967952,,,,
2596.0,1319263.696,2596.0,153397945.179077,2596.0,59974909.6359963,2596.0,8003525.53866858,,,,
2597.0,1321193.201,2597.0,153558773.49461,2597.0,60055865.0479973,2597.0,8013164.03955922,,,,
2598.0,1323125.466,2598.0,153719733.650139,2598.0,60136892.8279982,2598.0,8022812.88519136,,,,
2599.0,1325060.467,2599.0,153880759.725666,2599.0,60217987.8559991,2599.0,8032473.1414645,,,,
2600.0,1326998.192,2600.0,154041917.64119,2600.0,60299155.324,2600.0,8042144.04648383,,,,
2601.0,1328938.669,2601.0,154203174.43671,2601.0,60380395.2400009,2601.0,8051826.25332855,,,,
2602.0,1330881.862,2602.0,154364530.112228,2602.0,60461702.3159942,2602.0,8061519.05542256,,,,
2603.0,1332827.812,2603.0,154526001.147743,2603.0,60543081.8399951,2603.0,8071223.15536697,,,,
2604.0,1334776.522,2604.0,154687571.063255,2604.0,60624533.803996,2604.0,8080937.94430442,,,,
2605.0,1336728.006,2605.0,154849272.818764,2605.0,60706058.0559969,2605.0,8090664.39927662,,,,
2606.0,1338682.214,2606.0,155011056.97427,2606.0,60787649.7079979,2606.0,8100401.25306689,,,,
2607.0,1340639.188,2607.0,155172956.489773,2607.0,60869318.7679988,2607.0,8110149.50241966,,,,
2608.0,1342598.913,2608.0,155334971.365273,2608.0,60951055.1479997,2608.0,8119908.78908809,,,,
2609.0,1344561.385,2609.0,155497085.12077,2609.0,61032858.7760006,2609.0,8129679.46850341,,,,
2610.0,1346526.683,2610.0,155659297.756264,2610.0,61114739.8919939,2610.0,8139460.88974614,,,,
2611.0,1348494.675,2611.0,155821625.751755,2611.0,61196693.4479948,2611.0,8149253.47484202,,,,
2612.0,1350465.466,2612.0,155984052.627243,2612.0,61278714.2519957,2612.0,8159057.2718223,,,,
2613.0,1352439.025,2613.0,156146594.862728,2613.0,61360807.4959966,2613.0,8168872.60199945,,,,
2614.0,1354415.365,2614.0,156309252.45821,2614.0,61442967.9799976,2614.0,8178698.55889465,,,,
2615.0,1356394.469,2615.0,156471992.45369,2615.0,61525206.0319985,2615.0,8188536.20666835,,,,
2616.0,1358376.349,2616.0,156634847.809166,2616.0,61607516.3719994,2616.0,8198384.82020108,,,,
2617.0,1360360.997,2617.0,156797818.524639,2617.0,61689894.0400003,2617.0,8208244.51824597,,,,
2618.0,1362348.423,2618.0,156960904.600109,2618.0,61772344.1400012,2618.0,8218115.73193148,,,,
2619.0,1364338.663,2619.0,157124089.555576,2619.0,61854866.5359945,2619.0,8227997.97315414,,,,
2620.0,1366331.695,2620.0,157287373.391041,2620.0,61937461.4439954,2620.0,8237891.67188307,,,,
2621.0,1368327.484,2621.0,157450772.586502,2621.0,62020123.5279963,2621.0,8247796.73603075,,,,
2622.0,1370326.079,2622.0,157614287.14196,2622.0,62102858.0519973,2622.0,8257713.0908937,,,,
2623.0,1372327.485,2623.0,157777884.097416,2623.0,62185670.1359982,2623.0,8267640.71892229,,,,
2624.0,1374331.663,2624.0,157941612.892868,2624.0,62268549.4679991,2624.0,8277579.64313177,,,,
2625.0,1376338.643,2625.0,158105440.568317,2625.0,62351501.088,2625.0,8287529.72555652,,,,
2626.0,1378348.4,2626.0,158269367.123764,2626.0,62434525.2280009,2626.0,8297491.62490039,,,,
2627.0,1380361.002,2627.0,158433425.519207,2627.0,62517621.7279942,2627.0,8307464.32370918,,,,
2628.0,1382376.384,2628.0,158597566.314648,2628.0,62600785.4759951,2628.0,8317449.06634331,,,,
2629.0,1384394.588,2629.0,158761822.470085,2629.0,62684026.791996,2629.0,8327444.7967646,,,,
2630.0,1386415.585,2630.0,158926193.985519,2630.0,62767340.467997,2630.0,8337452.15428551,,,,
2631.0,1388439.386,2631.0,159090664.380951,2631.0,62850721.3919979,2631.0,8347470.85867518,,,,
2632.0,1390466.036,2632.0,159255233.65638,2632.0,62934174.7559988,2632.0,8357501.08996799,,,,
2633.0,1392495.453,2633.0,159419918.291805,2633.0,63017700.5599997,2633.0,8367542.64857918,,,,
2634.0,1394527.711,2634.0,159584718.287228,2634.0,63101298.5800006,2634.0,8377595.92919973,,,,
2635.0,1396562.802,2635.0,159749633.642647,2635.0,63184969.1919939,2635.0,8387660.50732618,,,,
2636.0,1398600.675,2636.0,159914631.398064,2636.0,63268712.0999948,2636.0,8397736.66568701,,,,
2637.0,1400641.436,2637.0,160079760.993477,2637.0,63352527.4399957,2637.0,8407824.19774122,,,,
2638.0,1402684.943,2638.0,160244972.988888,2638.0,63436415.1559966,2638.0,8417923.50281729,,,,
2639.0,1404731.329,2639.0,160410300.344296,2639.0,63520375.3039976,2639.0,8428034.42290899,,,,
2640.0,1406780.517,2640.0,160575759.5397,2640.0,63604407.7479985,2640.0,8438156.64779407,,,,
2641.0,1408832.548,2641.0,160741301.135101,2641.0,63688512.7119994,2641.0,8448290.56851978,,,,
2642.0,1410887.406,2642.0,160906958.0905,2642.0,63772684.9160003,2642.0,8458436.09282636,,,,
2643.0,1412945.139,2643.0,161072730.405895,2643.0,63856929.4880012,2643.0,8468593.23016106,,,,
2644.0,1415005.67,2644.0,161238601.601288,2644.0,63941251.6199945,2644.0,8478762.27368012,,,,
2645.0,1417069.021,2645.0,161404571.676678,2645.0,64025646.1199954,2645.0,8488942.44311758,,,,
2646.0,1419135.236,2646.0,161570690.072063,2646.0,64110107.8599963,2646.0,8499134.27542965,,,,
2647.0,1421204.292,2647.0,161736874.387447,2647.0,64194647.1679973,2647.0,8509338.32216083,,,,
2648.0,1423276.202,2648.0,161903174.062828,2648.0,64279253.7239982,2648.0,8519553.70515413,,,,
2649.0,1425350.964,2649.0,162069572.618206,2649.0,64363937.7599991,2649.0,8529780.66324081,,,,
2650.0,1427428.563,2650.0,162236119.49358,2650.0,64448694.316,2650.0,8540019.48511186,,,,
2651.0,1429509.008,2651.0,162402748.768951,2651.0,64533518.0400009,2651.0,8550270.12936101,,,,
2652.0,1431592.35,2652.0,162569476.92432,2652.0,64618414.2839942,2652.0,8560532.21156605,,,,
2653.0,1433678.502,2653.0,162736336.919685,2653.0,64703387.8639951,2653.0,8570806.36193668,,,,
2654.0,1435767.533,2654.0,162903279.315048,2654.0,64788433.955996,2654.0,8581091.80385071,,,,
2655.0,1437859.389,2655.0,163070337.070408,2655.0,64873552.4159969,2655.0,8591389.68013381,,,,
2656.0,1439954.114,2656.0,163237510.185764,2656.0,64958738.1239979,2656.0,8601698.64473182,,,,
2657.0,1442051.73,2657.0,163404782.181118,2657.0,65044001.4639988,2657.0,8612019.95028641,,,,
2658.0,1444152.218,2658.0,163572169.536469,2658.0,65129337.0999997,2658.0,8622352.99655936,,,,
2659.0,1446255.528,2659.0,163739672.251816,2659.0,65214740.0560006,2659.0,8632697.6126257,,,,
2660.0,1448361.735,2660.0,163907273.84716,2660.0,65300220.4919939,2660.0,8643054.48782987,,,,
2661.0,1450470.818,2661.0,164074990.802502,2661.0,65385773.3039948,2661.0,8653422.57291768,,,,
2662.0,1452582.738,2662.0,164242823.11784,2662.0,65471398.6279957,2662.0,8663802.98869333,,,,
2663.0,1454697.589,2663.0,164410754.313175,2663.0,65557101.3599966,2663.0,8674195.26907484,,,,
2664.0,1456815.264,2664.0,164578784.388508,2664.0,65642871.4199976,2664.0,8684599.28239696,,,,
2665.0,1458935.838,2665.0,164746946.303837,2665.0,65728718.9599985,2665.0,8695015.1069937,,,,
2666.0,1461059.279,2666.0,164915174.139164,2666.0,65814633.8199994,2666.0,8705442.98683729,,,,
2667.0,1463185.616,2667.0,165083550.294487,2667.0,65900621.0480003,2667.0,8715882.97592147,,,,
2668.0,1465314.84,2668.0,165252008.849808,2668.0,65986685.7640012,2668.0,8726334.53082403,,,,
2669.0,1467446.913,2669.0,165420615.725124,2669.0,66072822.9999945,2669.0,8736798.33475468,,,,
2670.0,1469581.922,2670.0,165589288.520439,2670.0,66159027.4759954,2670.0,8747274.12370718,,,,
2671.0,1471719.788,2671.0,165758076.675751,2671.0,66245314.4799963,2671.0,8757761.67822179,,,,
2672.0,1473860.528,2672.0,165926996.671059,2672.0,66331668.8119973,2672.0,8768261.344627,,,,
2673.0,1476004.188,2673.0,166096015.546364,2673.0,66418095.5839982,2673.0,8778773.18751656,,,,
2674.0,1478150.743,2674.0,166265133.301666,2674.0,66504594.7959991,2674.0,8789296.84134948,,,,
2675.0,1480300.182,2675.0,166434382.896965,2675.0,66591171.496,2675.0,8799832.52061674,,,,
2676.0,1482452.528,2676.0,166603714.892262,2676.0,66677815.3640009,2676.0,8810380.02341487,,,,
2677.0,1484607.773,2677.0,166773162.247555,2677.0,66764536.8719942,2677.0,8820940.18881332,,,,
2678.0,1486765.932,2678.0,166942741.442844,2678.0,66851330.7399951,2678.0,8831511.64591415,,,,
2679.0,1488926.953,2679.0,167112403.038132,2679.0,66938197.055996,2679.0,8842095.80404031,,,,
2680.0,1491090.892,2680.0,167282179.993416,2680.0,67025140.851997,2680.0,8852691.75919732,,,,
2681.0,1493257.696,2681.0,167452072.308697,2681.0,67112157.0159979,2681.0,8863300.04255117,,,,
2682.0,1495427.494,2682.0,167622063.503975,2682.0,67199240.4279988,2682.0,8873920.31490187,,,,
2683.0,1497600.149,2683.0,167792170.05925,2683.0,67286401.4799997,2683.0,8884552.65922092,,,,
2684.0,1499775.739,2684.0,167962375.494522,2684.0,67373634.8920006,2684.0,8895197.23832431,,,,
2685.0,1501954.226,2685.0,168132712.769791,2685.0,67460945.7919939,2685.0,8905854.01312454,,,,
2686.0,1504135.634,2686.0,168303132.445057,2686.0,67548324.0119948,2686.0,8916522.66048063,,,,
2687.0,1506319.934,2687.0,168473683.96032,2687.0,67635774.5999957,2687.0,8927203.69632105,,,,
2688.0,1508507.184,2688.0,168644350.835579,2688.0,67723302.7479966,2688.0,8937897.0663208,,,,
2689.0,1510697.324,2689.0,168815100.110836,2689.0,67810908.3839976,2689.0,8948602.28833892,,,,
2690.0,1512890.417,2690.0,168985964.74609,2690.0,67898581.1879985,2690.0,8959319.80542887,,,,
2691.0,1515086.394,2691.0,169156961.22134,2691.0,67986331.6319994,2691.0,8970049.70437815,,,,
2692.0,1517285.352,2692.0,169328040.096588,2692.0,68074149.3160003,2692.0,8980791.64217079,,,,
2693.0,1519487.232,2693.0,169499234.331833,2693.0,68162049.6880012,2693.0,8991545.91809775,,,,
2694.0,1521691.957,2694.0,169670543.927074,2694.0,68250017.2999945,2694.0,9002312.47650906,,,,
2695.0,1523899.712,2695.0,169841968.882313,2695.0,68338057.4319954,2695.0,9013091.39160469,,,,
2696.0,1526110.334,2696.0,170013476.237549,2696.0,68426174.8999963,2696.0,9023882.50851868,,,,
2697.0,1528323.897,2697.0,170185115.432781,2697.0,68514364.9599973,2697.0,9034685.94170449,,,,
2698.0,1530540.402,2698.0,170356886.46801,2698.0,68602632.3559982,2698.0,9045501.58847464,,,,
2699.0,1532759.872,2699.0,170528723.423237,2699.0,68690972.3439991,2699.0,9056329.69345062,,,,
2700.0,1534982.224,2700.0,170700675.738461,2700.0,68779379.5,2700.0,9067169.92456095,,,,
2701.0,1537207.544,2701.0,170872759.893681,2701.0,68867869.2640009,2701.0,9078022.6773181,,,,
2702.0,1539435.81,2702.0,171044959.408897,2702.0,68956431.4679942,2702.0,9088887.91395958,,,,
2703.0,1541667.025,2703.0,171217224.844112,2703.0,69045060.9919951,2703.0,9099765.2537069,,,,
2704.0,1543901.159,2704.0,171389671.559322,2704.0,69133773.123996,2704.0,9110654.97332606,,,,
2705.0,1546138.256,2705.0,171562167.714531,2705.0,69222552.5039969,2705.0,9121557.32589203,,,,
2706.0,1548378.305,2706.0,171734779.229736,2706.0,69311404.3239979,2706.0,9132471.68218886,,,,
2707.0,1550621.256,2707.0,171907522.584938,2707.0,69400338.8239988,2707.0,9143398.85743599,,,,
2708.0,1552867.195,2708.0,172080364.820137,2708.0,69489340.4919997,2708.0,9154338.40343896,,,,
2709.0,1555116.09,2709.0,172253305.935333,2709.0,69578419.8000006,2709.0,9165289.94323528,,,,
2710.0,1557367.943,2710.0,172426378.890526,2710.0,69667571.4759939,2710.0,9176254.4311694,,,,
2711.0,1559622.714,2711.0,172599550.725716,2711.0,69756800.5599948,2711.0,9187230.98312187,,,,
2712.0,1561880.479,2712.0,172772821.440903,2712.0,69846097.1159957,2712.0,9198220.22830865,,,,
2713.0,1564141.194,2713.0,172946207.516087,2713.0,69935476.1279967,2713.0,9209221.78926377,,,,
2714.0,1566404.883,2714.0,173119741.911266,2714.0,70024922.6119976,2714.0,9220236.0976192,,,,
2715.0,1568671.465,2715.0,173293342.226444,2715.0,70114446.4319985,2715.0,9231262.69789296,,,,
2716.0,1570941.104,2716.0,173467057.901619,2716.0,70204042.8439994,2716.0,9242302.08017604,,,,
2717.0,1573213.608,2717.0,173640905.41679,2717.0,70293716.6640003,2717.0,9253353.79926845,,,,
2718.0,1575489.175,2718.0,173814851.811958,2718.0,70383457.8120012,2718.0,9264417.54808821,,,,
2719.0,1577767.66,2719.0,173988880.607124,2719.0,70473281.5599945,2719.0,9275494.66093675,,,,
2720.0,1580049.103,2720.0,174163057.722286,2720.0,70563177.6759954,2720.0,9286584.38089461,,,,
2721.0,1582333.523,2721.0,174337333.717445,2721.0,70653146.2319963,2721.0,9297685.98416733,,,,
2722.0,1584620.944,2722.0,174511708.592602,2722.0,70743187.2279972,2722.0,9308800.25549936,,,,
2723.0,1586911.286,2723.0,174686215.307755,2723.0,70833310.8319982,2723.0,9319927.22072821,,,,
2724.0,1589204.66,2724.0,174860804.422905,2724.0,70923501.8359991,2724.0,9331066.97856637,,,,
2725.0,1591500.961,2725.0,175035508.898052,2725.0,71013770.248,2725.0,9342219.27925135,,,,
2726.0,1593800.265,2726.0,175210361.693195,2726.0,71104110.9480009,2726.0,9353384.28045815,,,,
2727.0,1596102.556,2727.0,175385296.888336,2727.0,71194529.3599942,2727.0,9364562.12329925,,,,
2728.0,1598407.795,2728.0,175560330.963474,2728.0,71285020.2199951,2728.0,9375751.91901771,,,,
2729.0,1600716.046,2729.0,175735480.398609,2729.0,71375583.367996,2729.0,9386954.93831495,,,,
2730.0,1603027.312,2730.0,175910761.67374,2730.0,71466229.1159969,2730.0,9398170.05160204,,,,
2731.0,1605341.469,2731.0,176086125.348869,2731.0,71556942.1919979,2731.0,9409398.25098593,,,,
2732.0,1607658.665,2732.0,176261604.383995,2732.0,71647732.8279988,2732.0,9420638.82957914,,,,
2733.0,1609978.879,2733.0,176437231.739117,2733.0,71738600.9439997,2733.0,9431892.41145666,,,,
2734.0,1612302.053,2734.0,176612925.014236,2734.0,71829541.5080006,2734.0,9443158.82701848,,,,
2735.0,1614628.223,2735.0,176788733.649353,2735.0,71920554.4399939,2735.0,9454437.81921462,,,,
2736.0,1616957.396,2736.0,176964690.604465,2736.0,72011639.8119948,2736.0,9465729.76964507,,,,
2737.0,1619289.508,2737.0,177140713.479576,2737.0,72102807.7839957,2737.0,9477034.31525983,,,,
2738.0,1621624.67,2738.0,177316868.194683,2738.0,72194048.2039967,2738.0,9488351.30930192,,,,
2739.0,1623962.823,2739.0,177493138.269787,2739.0,72285360.9839976,2739.0,9499680.84420333,,,,
2740.0,1626303.97,2740.0,177669490.744888,2740.0,72376751.4039985,2740.0,9511024.10287101,,,,
2741.0,1628648.084,2741.0,177845991.539986,2741.0,72468214.0399994,2741.0,9522379.37139103,,,,
2742.0,1630995.207,2742.0,178022591.21508,2742.0,72559754.3880003,2742.0,9533747.67499535,,,,
2743.0,1633345.362,2743.0,178199289.770172,2743.0,72651367.0240012,2743.0,9545128.72615898,,,,
2744.0,1635698.537,2744.0,178376103.685261,2744.0,72743057.1479945,2744.0,9556522.71303192,,,,
2745.0,1638054.648,2745.0,178553032.960346,2745.0,72834824.8319954,2745.0,9567929.36001417,,,,
2746.0,1640413.808,2746.0,178730077.595428,2746.0,72926665.0359963,2746.0,9579349.12158071,,,,
2747.0,1642775.992,2747.0,178907221.110508,2747.0,73018577.5279973,2747.0,9590781.83740656,,,,
2748.0,1645141.156,2748.0,179084463.505585,2748.0,73110567.5799982,2748.0,9602226.57633475,,,,
2749.0,1647509.33,2749.0,179261854.220657,2749.0,73202635.1999991,2749.0,9613685.05890421,,,,
2750.0,1649880.544,2750.0,179439327.335728,2750.0,73294775.18,2750.0,9625155.64672601,,,,
2751.0,1652254.765,2751.0,179616915.810795,2751.0,73386992.7200009,2751.0,9636639.3955071,,,,
2752.0,1654632.006,2752.0,179794636.125858,2752.0,73479282.5559942,2752.0,9648136.64015445,,,,
2753.0,1657012.214,2753.0,179972438.840919,2753.0,73571650.0239951,2753.0,9659646.22987915,,,,
2754.0,1659395.48,2754.0,180150356.915977,2754.0,73664089.859996,2754.0,9671168.78711315,,,,
2755.0,1661781.755,2755.0,180328406.831032,2755.0,73756612.3759969,2755.0,9682704.29993144,,,,
2756.0,1664171.055,2756.0,180506555.626083,2756.0,73849202.1399979,2756.0,9694252.75375904,,,,
2757.0,1666563.361,2757.0,180684803.301132,2757.0,73941869.4639988,2757.0,9705814.29964592,,,,
2758.0,1668958.719,2758.0,180863182.816177,2758.0,74034614.2759997,2758.0,9717388.74149212,,,,
2759.0,1671357.08,2759.0,181041677.691219,2759.0,74127436.6480006,2759.0,9728975.62911564,,,,
2760.0,1673758.489,2760.0,181220254.966259,2760.0,74220331.3879939,2760.0,9740576.18353042,,,,
2761.0,1676162.893,2761.0,181398964.081295,2761.0,74313298.5679948,2761.0,9752189.28442253,,,,
2762.0,1678570.333,2762.0,181577788.556328,2762.0,74406348.4279957,2762.0,9763815.79505591,,,,
2763.0,1680980.819,2763.0,181756711.911358,2763.0,74499470.5759967,2763.0,9775454.73424163,,,,
2764.0,1683394.358,2764.0,181935750.626385,2764.0,74592665.2439976,2764.0,9787107.50451859,,,,
2765.0,1685810.881,2765.0,182114904.701408,2765.0,74685942.5199985,2765.0,9798772.71262288,,,,
2766.0,1688230.45,2766.0,182294157.656429,2766.0,74779287.1159994,2766.0,9810450.99953647,,,,
2767.0,1690653.043,2767.0,182473542.451447,2767.0,74872714.3200003,2767.0,9822142.34405936,,,,
2768.0,1693078.711,2768.0,182653042.606461,2768.0,74966213.9640012,2768.0,9833847.3964485,,,,
2769.0,1695507.434,2769.0,182832625.161472,2769.0,75059791.0879945,2769.0,9845564.92376497,,,,
2770.0,1697939.16,2770.0,183012323.076481,2770.0,75153440.6599954,2770.0,9857295.05320876,,,,
2771.0,1700373.91,2771.0,183192152.831486,2771.0,75247167.7919963,2771.0,9869038.85474381,,,,
2772.0,1702811.688,2772.0,183372081.466488,2772.0,75340972.3319973,2772.0,9880795.74171315,,,,
2773.0,1705252.559,2773.0,183552125.461487,2773.0,75434854.4399982,2773.0,9892565.95129178,,,,
2774.0,1707696.455,2774.0,183732301.296482,2774.0,75528809.0599991,2774.0,9904349.1681297,,,,
2775.0,1710143.374,2775.0,183912543.051476,2775.0,75622841.088,2775.0,9916144.87314495,,,,
2776.0,1712593.371,2776.0,184092933.126465,2776.0,75716945.5640009,2776.0,9927954.43840145,,,,
2777.0,1715046.439,2777.0,184273438.561451,2777.0,75811132.7919942,2777.0,9939777.21761724,,,,
2778.0,1717502.514,2778.0,184454042.876434,2778.0,75905392.2359951,2778.0,9951612.60956035,,,,
2779.0,1719961.637,2779.0,184634729.591415,2779.0,75999729.319996,2779.0,9963461.79284471,,,,
2780.0,1722423.844,2780.0,184815564.626392,2780.0,76094138.763997,2780.0,9975323.4378064,,,,
2781.0,1724889.051,2781.0,184996515.021366,2781.0,76188625.8479979,2781.0,9987198.48487737,,,,
2782.0,1727357.382,2782.0,185177564.296337,2782.0,76283195.4599988,2782.0,9999087.28751459,,,,
2783.0,1729828.729,2783.0,185358712.451305,2783.0,76377832.3999997,2783.0,10010988.6432541,,,,
2784.0,1732303.162,2784.0,185539992.44627,2784.0,76472551.9400006,2784.0,10022903.259328,,,,
2785.0,1734780.608,2785.0,185721387.801231,2785.0,76567343.9999939,2785.0,10034831.2178861,,,,
2786.0,1737261.155,2786.0,185902882.03619,2786.0,76662213.4679948,2786.0,10046772.4553285,,,,
2787.0,1739744.749,2787.0,186084508.111145,2787.0,76757160.5759957,2787.0,10058726.8842052,,,,
2788.0,1742231.401,2788.0,186266216.586098,2788.0,76852180.0439966,2788.0,10070694.5045161,,,,
2789.0,1744721.135,2789.0,186448056.901047,2789.0,76947277.0799976,2789.0,10082675.6554614,,,,
2790.0,1747213.907,2790.0,186630012.575993,2790.0,77042451.5239985,2790.0,10094669.9620659,,,,
2791.0,1749709.768,2791.0,186812050.650936,2791.0,77137703.6079994,2791.0,10106677.5422547,,,,
2792.0,1752208.677,2792.0,186994237.045876,2792.0,77233033.1720003,2792.0,10118698.4569778,,,,
2793.0,1754710.664,2793.0,187176522.320812,2793.0,77328435.1840012,2793.0,10130732.7155102,,,,
2794.0,1757215.751,2794.0,187358922.955746,2794.0,77423914.6759945,2794.0,10142780.3814518,,,,
2795.0,1759723.859,2795.0,187541422.470676,2795.0,77519471.8079954,2795.0,10154841.3580777,,,,
2796.0,1762235.057,2796.0,187724037.345604,2796.0,77615106.3479963,2796.0,10166914.853356,,,,
2797.0,1764749.32,2797.0,187906784.060528,2797.0,77710818.3759973,2797.0,10179002.6275755,,,,
2798.0,1767266.698,2798.0,188089629.655449,2798.0,77806602.9959982,2798.0,10191103.7827042,,,,
2799.0,1769787.107,2799.0,188272574.130367,2799.0,77902470.1439991,2799.0,10203217.6115103,,,,
2800.0,1772310.584,2800.0,188455666.925282,2800.0,77998409.66,2800.0,10215345.3257326,,,,
2801.0,1774837.176,2801.0,188638842.120193,2801.0,78094421.6960009,2801.0,10227485.9110573,,,,
2802.0,1777366.839,2802.0,188822132.675102,2802.0,78190516.3319942,2802.0,10239640.5063482,,,,
2803.0,1779899.579,2803.0,189005555.070007,2803.0,78286688.5359951,2803.0,10251808.6468483,,,,
2804.0,1782435.423,2804.0,189189076.34491,2804.0,78382938.219996,2804.0,10263989.4345258,,,,
2805.0,1784974.338,2805.0,189372696.499809,2805.0,78479260.2719969,2805.0,10276184.2268695,,,,
2806.0,1787516.33,2806.0,189556464.974705,2806.0,78575659.9639979,2806.0,10288391.8876655,,,,
2807.0,1790061.399,2807.0,189740299.369598,2807.0,78672137.1359988,2807.0,10300612.8551708,,,,
2808.0,1792609.572,2808.0,189924282.084488,2808.0,78768691.8759997,2808.0,10312848.1850923,,,,
2809.0,1795160.843,2809.0,190108380.159374,2809.0,78865324.0240006,2809.0,10325096.3052911,,,,
2810.0,1797715.177,2810.0,190292577.114258,2810.0,78962033.8039939,2810.0,10337358.4579812,,,,
2811.0,1800272.595,2811.0,190476872.949139,2811.0,79058821.1519948,2811.0,10349633.4194986,,,,
2812.0,1802833.137,2812.0,190661284.144016,2812.0,79155680.7879957,2812.0,10361922.0004252,,,,
2813.0,1805396.784,2813.0,190845843.65889,2813.0,79252623.2559966,2813.0,10374224.6959931,,,,
2814.0,1807963.497,2814.0,191030469.093761,2814.0,79349637.9399976,2814.0,10386540.1553383,,,,
2815.0,1810533.293,2815.0,191215242.848629,2815.0,79446730.2559985,2815.0,10398869.1015927,,,,
2816.0,1813106.183,2816.0,191400131.963493,2816.0,79543900.1399994,2816.0,10411212.2870384,,,,
2817.0,1815682.222,2817.0,191585119.958355,2817.0,79641147.4320003,2817.0,10423568.3820114,,,,
2818.0,1818261.348,2818.0,191770206.833214,2818.0,79738477.4040012,2818.0,10435938.0248437,,,,
2819.0,1820843.542,2819.0,191955425.548069,2819.0,79835879.8959945,2819.0,10448321.0671352,,,,
2820.0,1823428.876,2820.0,192140759.622921,2820.0,79933354.6759954,2820.0,10460718.748768,,,,
2821.0,1826017.258,2821.0,192326192.57777,2821.0,80030912.2159963,2821.0,10473128.9503781,,,,
2822.0,1828608.754,2822.0,192511757.372616,2822.0,80128547.2359973,2822.0,10485552.8879974,,,,
2823.0,1831203.404,2823.0,192697404.567459,2823.0,80226259.8239982,2823.0,10497990.180026,,,,
2824.0,1833801.133,2824.0,192883183.602299,2824.0,80324049.8199991,2824.0,10510441.9364959,,,,
2825.0,1836401.999,2825.0,193069077.997135,2825.0,80421917.528,2825.0,10522906.631643,,,,
2826.0,1839005.921,2826.0,193255104.231968,2826.0,80519857.5240009,2826.0,10535384.8693494,,,,
2827.0,1841612.979,2827.0,193441212.866798,2827.0,80617880.2079942,2827.0,10547876.7556151,,,,
2828.0,1844223.137,2828.0,193627436.861626,2828.0,80715980.3719951,2828.0,10560382.992372,,,,
2829.0,1846836.442,2829.0,193813809.176449,2829.0,80814153.055996,2829.0,10572902.0803562,,,,
2830.0,1849452.82,2830.0,194000247.41127,2830.0,80912408.3399969,2830.0,10585434.7479996,,,,
2831.0,1852072.328,2831.0,194186817.486088,2831.0,81010741.1199979,2831.0,10597981.2073024,,,,
2832.0,1854694.951,2832.0,194373519.400902,2832.0,81109146.3319988,2832.0,10610542.0356463,,,,
2833.0,1857320.707,2833.0,194560320.195713,2833.0,81207634.2319997,2833.0,10623115.7337676,,,,
2834.0,1859949.565,2834.0,194747219.870522,2834.0,81306199.6120006,2834.0,10635703.2182481,,,,
2835.0,1862581.524,2835.0,194934251.385326,2835.0,81404842.5599939,2835.0,10648305.0717698,,,,
2836.0,1865216.616,2836.0,195121398.260128,2836.0,81503557.8679948,2836.0,10660919.9567188,,,,
2837.0,1867854.879,2837.0,195308644.014927,2837.0,81602355.9359957,2837.0,10673548.3338771,,,,
2838.0,1870496.203,2838.0,195496021.609722,2838.0,81701231.4919966,2838.0,10686191.2602766,,,,
2839.0,1873140.661,2839.0,195683514.564514,2839.0,81800184.6079976,2839.0,10698847.0750035,,,,
2840.0,1875788.294,2840.0,195871089.919304,2840.0,81899215.1319985,2840.0,10711516.9013395,,,,
2841.0,1878438.97,2841.0,196058813.59409,2841.0,81998323.3679994,2841.0,10724200.9191668,,,,
2842.0,1881092.805,2842.0,196246636.148872,2842.0,82097509.0200003,2842.0,10736898.1141714,,,,
2843.0,1883749.836,2843.0,196434574.063652,2843.0,82196772.2240012,2843.0,10749608.9365353,,,,
2844.0,1886409.876,2844.0,196622610.858429,2844.0,82296112.9239945,2844.0,10762334.1835903,,,,
2845.0,1889073.112,2845.0,196810779.493202,2845.0,82395536.2959954,2845.0,10775072.7509227,,,,
2846.0,1891739.53,2846.0,196999063.487972,2846.0,82495032.1159963,2846.0,10787825.5044463,,,,
2847.0,1894408.999,2847.0,197187446.36274,2847.0,82594605.4959973,2847.0,10800591.5782471,,,,
2848.0,1897081.631,2848.0,197375961.077503,2848.0,82694261.4839982,2848.0,10813371.9442392,,,,
2849.0,1899757.396,2849.0,197564591.152264,2849.0,82793995.0319991,2849.0,10826165.4794586,,,,
2850.0,1902436.349,2850.0,197753303.627022,2850.0,82893801.02,2850.0,10838973.3625192,,,,
2851.0,1905118.375,2851.0,197942164.421776,2851.0,82993689.5360009,2851.0,10851795.4638891,,,,
2852.0,1907803.548,2852.0,198131124.096527,2852.0,83093655.6919942,2852.0,10864630.2442362,,,,
2853.0,1910491.839,2853.0,198320182.651276,2853.0,83193704.5359951,2853.0,10877479.7752246,,,,
2854.0,1913183.318,2854.0,198509389.52602,2854.0,83293825.811996,2854.0,10890343.1137722,,,,
2855.0,1915877.946,2855.0,198698678.800762,2855.0,83394024.4239969,2855.0,10903219.6586471,,,,
2856.0,1918575.677,2856.0,198888083.435501,2856.0,83494305.8679979,2856.0,10916110.6785632,,,,
2857.0,1921276.566,2857.0,199077619.910236,2857.0,83594659.6079988,2857.0,10929015.5881886,,,,
2858.0,1923980.614,2858.0,199267271.744968,2858.0,83695096.0999997,2858.0,10941934.3239232,,,,
2859.0,1926687.806,2859.0,199457022.459698,2859.0,83795610.0800006,2859.0,10954866.9069671,,,,
2860.0,1929398.121,2860.0,199646905.014423,2860.0,83896201.6199939,2860.0,10967813.5228202,,,,
2861.0,1932111.616,2861.0,199836902.929146,2861.0,83996875.9199948,2861.0,10980773.9223826,,,,
2862.0,1934828.211,2862.0,200026999.723866,2862.0,84097622.5079957,2862.0,10993748.2487542,,,,
2863.0,1937547.984,2863.0,200217228.358582,2863.0,84198451.7759966,2863.0,11006736.3959351,,,,
2864.0,1940270.933,2864.0,200407555.873295,2864.0,84299358.5319975,2864.0,11019738.5573752,,,,
2865.0,1942997.011,2865.0,200598015.228004,2865.0,84400342.8479985,2865.0,11032754.6403246,,,,
2866.0,1945726.265,2866.0,200788556.982712,2866.0,84501404.7239994,2866.0,11045784.7560832,,,,
2867.0,1948458.653,2867.0,200979247.057415,2867.0,84602549.2880003,2867.0,11058828.5601511,,,,
2868.0,1951194.183,2868.0,201170036.012115,2868.0,84703766.1400012,2868.0,11071886.3731782,,,,
2869.0,1953932.922,2869.0,201360923.846813,2869.0,84805065.8239945,2869.0,11084959.0030965,,,,
2870.0,1956674.783,2870.0,201551960.001507,2870.0,84906442.9159954,2870.0,11098044.6988921,,,,
2871.0,1959419.803,2871.0,201743095.036198,2871.0,85007897.5679963,2871.0,11111144.504347,,,,
2872.0,1962168.026,2872.0,201934328.950886,2872.0,85109434.9079973,2872.0,11124258.8510931,,,,
2873.0,1964919.293,2873.0,202125694.70557,2873.0,85211049.7999982,2873.0,11137386.7460164,,,,
2874.0,1967673.843,2874.0,202317159.340252,2874.0,85312742.1879991,2874.0,11150528.988781,,,,
2875.0,1970431.57,2875.0,202508739.33493,2875.0,85414512.056,2875.0,11163685.3385548,,,,
2876.0,1973192.372,2876.0,202700451.169605,2876.0,85516359.5640009,2876.0,11176855.1066558,,,,
2877.0,1975956.357,2877.0,202892294.844276,2877.0,85618289.6719942,2877.0,11190039.5591481,,,,
2878.0,1978723.494,2878.0,203084220.918945,2878.0,85720297.3479951,2878.0,11203238.0947996,,,,
2879.0,1981493.878,2879.0,203276262.353611,2879.0,85822382.583996,2879.0,11216450.5175104,,,,
2880.0,1984267.365,2880.0,203468435.628273,2880.0,85924550.347997,2880.0,11229676.2949485,,,,
2881.0,1987044.058,2881.0,203660707.782932,2881.0,86026795.7519979,2881.0,11242916.9210777,,,,
2882.0,1989823.879,2882.0,203853111.777588,2882.0,86129118.6359988,2882.0,11256172.2050982,,,,
2883.0,1992606.914,2883.0,204045631.13224,2883.0,86231519.1599997,2883.0,11269440.8385459,,,,
2884.0,1995393.102,2884.0,204238232.88689,2884.0,86334002.2920006,2884.0,11282723.6532029,,,,
2885.0,1998182.493,2885.0,204430982.961536,2885.0,86436562.9839939,2885.0,11296020.5006691,,,,
2886.0,2000974.996,2886.0,204623848.396179,2886.0,86539201.1639948,2886.0,11309331.4233446,,,,
2887.0,2003770.713,2887.0,204816812.710819,2887.0,86641922.0239957,2887.0,11322657.1867612,,,,
2888.0,2006569.624,2888.0,205009908.865456,2888.0,86744720.3719967,2888.0,11335996.1273552,,,,
2889.0,2009371.695,2889.0,205203103.900089,2889.0,86847596.2799976,2889.0,11349350.1418903,,,,
2890.0,2012176.948,2890.0,205396414.29472,2890.0,86950549.7479985,2890.0,11362717.4157527,,,,
2891.0,2014985.411,2891.0,205589840.049347,2891.0,87053585.8959994,2891.0,11376099.6125063,,,,
2892.0,2017797.023,2892.0,205783381.163971,2892.0,87156699.6120003,2892.0,11389495.0235372,,,,
2893.0,2020611.809,2893.0,205977037.638592,2893.0,87259895.9280012,2893.0,11402905.5880093,,,,
2894.0,2023429.806,2894.0,206170825.953209,2894.0,87363169.7319945,2894.0,11416330.0527906,,,,
2895.0,2026250.998,2895.0,206364696.667824,2895.0,87466521.1679954,2895.0,11429768.7915312,,,,
2896.0,2029075.323,2896.0,206558715.702435,2896.0,87569955.2119963,2896.0,11443221.618731,,,,
2897.0,2031902.874,2897.0,206752833.617043,2897.0,87673466.8239972,2897.0,11456688.61389,,,,
2898.0,2034733.561,2898.0,206947066.891647,2898.0,87777061.0359982,2898.0,11470169.8856582,,,,
2899.0,2037567.542,2899.0,207141432.006248,2899.0,87880727.7679991,2899.0,11483665.9266177,,,,
2900.0,2040404.6,2900.0,207335896.000847,2900.0,87984477.028,2900.0,11497175.4468544,,,,
2901.0,2043244.917,2901.0,207530458.875443,2901.0,88088309.0480009,2901.0,11510699.2596004,,,,
2902.0,2046088.406,2902.0,207725170.070034,2902.0,88192213.4279942,2902.0,11524237.8812876,,,,
2903.0,2048935.101,2903.0,207919980.144623,2903.0,88296200.4959951,2903.0,11537790.106802,,,,
2904.0,2051784.982,2904.0,208114922.059208,2904.0,88400270.163996,2904.0,11551357.2896576,,,,
2905.0,2054638.05,2905.0,208309946.373791,2905.0,88504422.591997,2905.0,11564938.4841225,,,,
2906.0,2057494.283,2906.0,208505119.008369,2906.0,88608647.3879979,2906.0,11578534.1168466,,,,
2907.0,2060353.763,2907.0,208700407.002945,2907.0,88712954.8639988,2907.0,11592143.9095799,,,,
2908.0,2063216.421,2908.0,208895777.397518,2908.0,88817345.0199997,2908.0,11605767.9471224,,,,
2909.0,2066082.291,2909.0,209091296.112087,2909.0,88921807.5440006,2909.0,11619406.1817742,,,,
2910.0,2068951.373,2910.0,209286913.706654,2910.0,89026352.7479939,2910.0,11633058.6850853,,,,
2911.0,2071823.641,2911.0,209482646.661217,2911.0,89130980.5599948,2911.0,11646725.5312555,,,,
2912.0,2074699.107,2912.0,209678511.455776,2912.0,89235680.8119957,2912.0,11660407.5176169,,,,
2913.0,2077577.721,2913.0,209874475.130333,2913.0,89340474.0559966,2913.0,11674102.8852056,,,,
2914.0,2080459.657,2914.0,210070570.644886,2914.0,89445339.5959976,2914.0,11687813.1809855,,,,
2915.0,2083344.701,2915.0,210266765.039436,2915.0,89550277.6479985,2915.0,11701537.8196246,,,,
2916.0,2086232.983,2916.0,210463091.273983,2916.0,89655308.4759994,2916.0,11715276.072691,,,,
2917.0,2089124.424,2917.0,210659516.388527,2917.0,89760411.8960003,2917.0,11729029.4765486,,,,
2918.0,2092019.168,2918.0,210856073.343067,2918.0,89865597.8439936,2918.0,11742797.0536654,,,,
2919.0,2094917.105,2919.0,211052729.177605,2919.0,89970866.5519945,2919.0,11756578.9736414,,,,
2920.0,2097818.206,2920.0,211249516.852139,2920.0,90076207.5479954,2920.0,11770375.9384087,,,,
2921.0,2100722.546,2921.0,211446386.92667,2921.0,90181631.3039963,2921.0,11784186.4487031,,,,
2922.0,2103630.091,2922.0,211643438.281197,2922.0,90287137.7319973,2922.0,11798011.5456568,,,,
2923.0,2106540.828,2923.0,211840539.075722,2923.0,90392726.7759982,2923.0,11811851.4171017,,,,
2924.0,2109454.795,2924.0,212037788.190243,2924.0,90498388.2599991,2924.0,11825705.9388059,,,,
2925.0,2112371.981,2925.0,212235169.14476,2925.0,90604132.344,2925.0,11839573.9159372,,,,
2926.0,2115292.352,2926.0,212432648.979275,2926.0,90709959.2680009,2926.0,11853457.1074598,,,,
2927.0,2118215.973,2927.0,212630211.213787,2927.0,90815868.6399942,2927.0,11867354.5676416,,,,
2928.0,2121142.818,2928.0,212827938.248295,2928.0,90921860.6999951,2928.0,11881266.4607826,,,,
2929.0,2124072.895,2929.0,213025764.1628,2929.0,91027925.271996,2929.0,11895193.4994148,,,,
2930.0,2127006.15,2930.0,213223688.957302,2930.0,91134072.531997,2930.0,11909134.2266743,,,,
2931.0,2129942.591,2931.0,213421778.5518,2931.0,91240302.3919979,2931.0,11923089.3020929,,,,
2932.0,2132882.353,2932.0,213619934.066296,2932.0,91346604.5399988,2932.0,11937059.5018028,,,,
2933.0,2135825.299,2933.0,213818221.420788,2933.0,91452999.8399997,2933.0,11951044.3199719,,,,
2934.0,2138771.432,2934.0,214016640.615276,2934.0,91559467.4280006,2934.0,11965042.6942682,,,,
2935.0,2141720.846,2935.0,214215158.689762,2935.0,91666017.6239939,2935.0,11979056.1875558,,,,
2936.0,2144673.491,2936.0,214413792.124245,2936.0,91772640.4119948,2936.0,11993084.2357025,,,,
2937.0,2147629.282,2937.0,214612557.398724,2937.0,91879355.8959957,2937.0,12007126.7168085,,,,
2938.0,2150588.394,2938.0,214811421.5532,2938.0,91986143.9719966,2938.0,12021184.3116056,,,,
2939.0,2153550.647,2939.0,215010417.547672,2939.0,92093014.6559976,2939.0,12035255.79643,,,,
2940.0,2156516.143,2940.0,215209512.422142,2940.0,92199967.9399985,2940.0,12049342.0716456,,,,
2941.0,2159484.92,2941.0,215408755.616608,2941.0,92307003.9119994,2941.0,12063442.5813885,,,,
2942.0,2162456.914,2942.0,215608081.211071,2942.0,92414112.3960003,2942.0,12077558.0458225,,,,
2943.0,2165432.166,2943.0,215807555.12553,2943.0,92521303.4879936,2943.0,12091688.0651157,,,,
2944.0,2168410.543,2944.0,216007127.919987,2944.0,92628587.4999945,2944.0,12105832.5544682,,,,
2945.0,2171392.3,2945.0,216206816.07444,2945.0,92735933.6399954,2945.0,12119991.6728798,,,,
2946.0,2174377.177,2946.0,216406603.108891,2946.0,92843372.6279963,2946.0,12134166.0056827,,,,
2947.0,2177365.323,2947.0,216606538.463337,2947.0,92950894.3679973,2947.0,12148353.9847128,,,,
2948.0,2180356.757,2948.0,216806572.697781,2948.0,93058488.5479982,2948.0,12162557.2841341,,,,
2949.0,2183351.408,2949.0,217006722.292221,2949.0,93166165.4159991,2949.0,12176774.5106826,,,,
2950.0,2186349.278,2950.0,217207003.726658,2950.0,93273924.884,2950.0,12191006.8774223,,,,
2951.0,2189350.356,2951.0,217407384.041092,2951.0,93381766.9600009,2951.0,12205253.9421213,,,,
2952.0,2192354.762,2952.0,217607896.195522,2952.0,93489691.7959942,2952.0,12219515.4609794,,,,
2953.0,2195362.327,2953.0,217808523.709949,2953.0,93597688.9199951,2953.0,12233792.1889287,,,,
2954.0,2198373.18,2954.0,218009266.584373,2954.0,93705779.115996,2954.0,12248082.8811053,,,,
2955.0,2201387.263,2955.0,218210108.338795,2955.0,93813941.679997,2955.0,12262388.904273,,,,
2956.0,2204404.588,2956.0,218411065.453213,2956.0,93922186.8439979,2956.0,12276708.605468,,,,
2957.0,2207425.158,2957.0,218612170.887627,2957.0,94030514.6959988,2957.0,12291043.7701542,,,,
2958.0,2210448.968,2958.0,218813375.202038,2958.0,94138925.2999997,2958.0,12305393.6645996,,,,
2959.0,2213476.087,2959.0,219014711.356445,2959.0,94247408.2720006,2959.0,12319757.9655041,,,,
2960.0,2216506.39,2960.0,219216179.350849,2960.0,94355984.0919939,2960.0,12334137.6397999,,,,
2961.0,2219539.942,2961.0,219417713.265251,2961.0,94464632.4239948,2961.0,12348531.2253229,,,,
2962.0,2222576.776,2962.0,219619395.499649,2962.0,94573363.4439957,2962.0,12362939.9298371,,,,
2963.0,2225616.833,2963.0,219821193.094044,2963.0,94682176.9919967,2963.0,12377362.9854785,,,,
2964.0,2228660.171,2964.0,220023106.048435,2964.0,94791073.2919976,2964.0,12391801.1760111,,,,
2965.0,2231706.713,2965.0,220225134.362823,2965.0,94900052.2079985,2965.0,12406253.942603,,,,
2966.0,2234756.556,2966.0,220427278.037209,2966.0,95009103.5559994,2966.0,12420722.0507859,,,,
2967.0,2237809.641,2967.0,220629537.07159,2967.0,95118247.9040003,2967.0,12435204.3404962,,,,
2968.0,2240865.974,2968.0,220831911.465969,2968.0,95227464.5399936,2968.0,12449701.6590976,,,,
2969.0,2243925.59,2969.0,221034417.700344,2969.0,95336763.8639945,2969.0,12464213.3288262,,,,
2970.0,2246988.415,2970.0,221237039.294716,2970.0,95446145.9399954,2970.0,12478740.170546,,,,
2971.0,2250054.522,2971.0,221439759.769085,2971.0,95555610.5439963,2971.0,12493281.6837251,,,,
2972.0,2253123.896,2972.0,221642595.603451,2972.0,95665157.9079973,2972.0,12507838.0856633,,,,
2973.0,2256196.546,2973.0,221845579.757813,2973.0,95774787.9599982,2973.0,12522409.6966927,,,,
2974.0,2259272.417,2974.0,222048662.792171,2974.0,95884500.6119991,2974.0,12536995.3832493,,,,
2975.0,2262351.583,2975.0,222251861.186527,2975.0,95994285.776,2975.0,12551596.6127971,,,,
2976.0,2265434.017,2976.0,222455191.420879,2976.0,96104163.7160009,2976.0,12566211.8277722,,,,
2977.0,2268519.706,2977.0,222658637.015228,2977.0,96214114.1679942,2977.0,12580842.3578384,,,,
2978.0,2271608.638,2978.0,222862165.009575,2978.0,96324147.2359951,2978.0,12595487.4321638,,,,
2979.0,2274700.857,2979.0,223065874.283916,2979.0,96434262.975996,2979.0,12610148.3197804,,,,
2980.0,2277796.37,2980.0,223269632.998257,2980.0,96544461.475997,2980.0,12624822.9225243,,,,
2981.0,2280895.11,2981.0,223473540.032593,2981.0,96654742.5839979,2981.0,12639513.3544593,,,,
2982.0,2283997.173,2982.0,223677595.386925,2982.0,96765106.3719988,2982.0,12654218.3147535,,,,
2983.0,2287102.438,2983.0,223881716.661255,2983.0,96875552.7679997,2983.0,12668938.1426069,,,,
2984.0,2290211.022,2984.0,224085969.775581,2984.0,96986081.8360006,2984.0,12683672.9175194,,,,
2985.0,2293322.823,2985.0,224290338.249905,2985.0,97096683.3519939,2985.0,12698422.2048913,,,,
2986.0,2296437.987,2986.0,224494855.044224,2986.0,97207377.7959948,2986.0,12713186.9875542,,,,
2987.0,2299556.276,2987.0,224699470.71854,2987.0,97318154.9119957,2987.0,12727965.8510444,,,,
2988.0,2302677.971,2988.0,224904185.272854,2988.0,97429004.3959966,2988.0,12742760.3635258,,,,
2989.0,2305802.895,2989.0,225109048.147163,2989.0,97539936.5679975,2989.0,12757570.3394983,,,,
2990.0,2308931.163,2990.0,225314026.38147,2990.0,97650961.6519985,2990.0,12772394.4015981,,,,
2991.0,2312062.575,2991.0,225519103.495773,2991.0,97762059.1839994,2991.0,12787233.1828571,,,,
2992.0,2315197.386,2992.0,225724312.450073,2992.0,97873239.3160003,2992.0,12802087.8569072,,,,
2993.0,2318335.391,2993.0,225929653.24437,2993.0,97984502.1359936,2993.0,12816956.9798166,,,,
2994.0,2321476.77,2994.0,226135076.438663,2994.0,98095847.7079945,2994.0,12831840.3690531,,,,
2995.0,2324621.298,2995.0,226340647.952953,2995.0,98207275.8079954,2995.0,12846740.0138128,,,,
2996.0,2327769.177,2996.0,226546318.34724,2996.0,98318786.6679963,2996.0,12861653.9460998,,,,
2997.0,2330920.298,2997.0,226752104.101524,2997.0,98430380.2159972,2997.0,12876583.1722779,,,,
2998.0,2334074.851,2998.0,226958038.175804,2998.0,98542056.3639982,2998.0,12891526.9615832,,,,
2999.0,2337232.527,2999.0,227164054.650082,2999.0,98653815.1919991,2999.0,12906485.9387797,,,,
3000.0,2340393.71,3000.0,227370202.964355,3000.0,98765646.54,3000.0,12921460.6391673,,,,
3001.0,2343558.626,3001.0,227576483.118626,3001.0,98877570.6560009,3001.0,12936449.6747822,,,,
3002.0,2346727.365,3002.0,227782862.152893,3002.0,98989577.5319942,3002.0,12951453.3659562,,,,
3003.0,2349899.908,3003.0,227989373.027157,3003.0,99101667.0079951,3003.0,12966472.8333215,,,,
3004.0,2353076.542,3004.0,228195982.781418,3004.0,99213828.931996,3004.0,12981507.0145459,,,,
3005.0,2356257.176,3005.0,228402740.855675,3005.0,99326083.775997,3005.0,12996556.4343295,,,,
3006.0,2359441.884,3006.0,228609597.809929,3006.0,99438411.0599979,3006.0,13011620.5467723,,,,
3007.0,2362630.602,3007.0,228816570.12418,3007.0,99550831.1839988,3007.0,13026700.3612063,,,,
3008.0,2365823.524,3008.0,229023674.278427,3008.0,99663323.8359997,3008.0,13041794.9371995,,,,
3009.0,2369020.551,3009.0,229230893.792671,3009.0,99775909.3280006,3009.0,13056903.9491199,,,,
3010.0,2372221.872,3010.0,229438212.186913,3010.0,99888577.4999939,3010.0,13072028.5888314,,,,
3011.0,2375427.288,3011.0,229645662.42115,3011.0,100001318.119995,3011.0,13087168.8987341,,,,
3012.0,2378636.942,3012.0,229853244.495384,3012.0,100114151.579996,3012.0,13102323.474964,,,,
3013.0,2381850.989,3013.0,230060908.969616,3013.0,100227057.559997,3013.0,13117493.5517851,,,,
3014.0,2385069.245,3014.0,230268754.723843,3014.0,100340056.459998,3014.0,13132678.6657654,,,,
3015.0,2388291.773,3015.0,230476649.918068,3015.0,100453127.647998,3015.0,13147878.9494049,,,,
3016.0,2391518.707,3016.0,230684709.912289,3016.0,100566291.835999,3016.0,13163093.9999035,,,,
3017.0,2394749.932,3017.0,230892852.306507,3017.0,100679528.464,3017.0,13178324.9219934,,,,
3018.0,2397985.569,3018.0,231101159.500721,3018.0,100792858.011994,3018.0,13193570.7752424,,,,
3019.0,2401225.552,3019.0,231309565.574932,3019.0,100906259.927995,3019.0,13208831.6073506,,,,
3020.0,2404469.98,3020.0,231518070.52914,3020.0,101019754.843995,3020.0,13224107.4077179,,,,
3021.0,2407718.814,3021.0,231726723.803345,3021.0,101133332.359996,3021.0,13239398.2876445,,,,
3022.0,2410972.067,3022.0,231935459.477547,3022.0,101246982.243997,3022.0,13254704.7635623,,,,
3023.0,2414229.733,3023.0,232144343.471745,3023.0,101360725.127998,3023.0,13270026.5893392,,,,
3024.0,2417491.929,3024.0,232353342.825939,3024.0,101474540.451999,3024.0,13285363.2402753,,,,
3025.0,2420758.622,3025.0,232562474.02013,3025.0,101588448.696,3025.0,13300714.9442706,,,,
3026.0,2424029.796,3026.0,232771671.134319,3026.0,101702439.548001,3026.0,13316081.802025,,,,
3027.0,2427305.485,3027.0,232981066.008503,3027.0,101816513.079994,3027.0,13331464.3829707,,,,
3028.0,2430585.701,3028.0,233190510.322685,3028.0,101930659.051995,3028.0,13346861.9480755,,,,
3029.0,2433870.458,3029.0,233400102.956863,3029.0,102044897.871996,3029.0,13362274.4814395,,,,
3030.0,2437159.793,3030.0,233609827.431038,3030.0,102159219.443997,3030.0,13377702.9658946,,,,
3031.0,2440453.613,3031.0,233819650.78521,3031.0,102273623.631998,3031.0,13393145.870377,,,,
3032.0,2443752.071,3032.0,234029589.499378,3032.0,102388110.491999,3032.0,13408604.3019505,,,,
3033.0,2447055.209,3033.0,234239643.573544,3033.0,102502680.04,3033.0,13424078.1204832,,,,
3034.0,2450362.812,3034.0,234449845.967705,3034.0,102617332.340001,3034.0,13439567.0238751,,,,
3035.0,2453675.107,3035.0,234660147.241863,3035.0,102732067.247994,3035.0,13455071.4967581,,,,
3036.0,2456992.028,3036.0,234870563.876019,3036.0,102846884.763995,3036.0,13470591.1976004,,,,
3037.0,2460313.573,3037.0,235081128.83017,3037.0,102961795.191996,3037.0,13486126.2006018,,,,
3038.0,2463639.798,3038.0,235291792.664318,3038.0,103076778.147997,3038.0,13501676.2937623,,,,
3039.0,2466970.655,3039.0,235502571.858463,3039.0,103191843.703998,3039.0,13517242.0253141,,,,
3040.0,2470306.192,3040.0,235713466.412605,3040.0,103307002.107998,3040.0,13532822.219293,,,,
3041.0,2473646.418,3041.0,235924509.286743,3041.0,103422233.031999,3041.0,13548418.3961631,,,,
3042.0,2476991.329,3042.0,236135618.080879,3042.0,103537556.948,3042.0,13564030.2803244,,,,
3043.0,2480341.007,3043.0,236346908.15501,3043.0,103652963.391994,3043.0,13579656.6852128,,,,
3044.0,2483695.333,3044.0,236558264.149139,3044.0,103768442.283995,3044.0,13595299.0040924,,,,
3045.0,2487054.443,3045.0,236769768.463264,3045.0,103884014.095995,3045.0,13610955.7164993,,,,
3046.0,2490418.224,3046.0,236981404.617386,3046.0,103999668.587996,3046.0,13626628.5177972,,,,
3047.0,2493786.839,3047.0,237193139.651505,3047.0,104115405.759997,3047.0,13642316.9574863,,,,
3048.0,2497160.107,3048.0,237404973.56562,3048.0,104231225.691998,3048.0,13658019.9709027,,,,
3049.0,2500538.29,3049.0,237616988.759731,3049.0,104347128.151999,3049.0,13673738.8877101,,,,
3050.0,2503921.175,3050.0,237829069.87384,3050.0,104463123.612,3050.0,13689473.6655087,,,,
3051.0,2507308.772,3051.0,238041282.827946,3051.0,104579191.360001,3051.0,13705222.9110346,,,,
3052.0,2510701.287,3052.0,238253611.142048,3052.0,104695352.179994,3052.0,13720988.2295515,,,,
3053.0,2514098.565,3053.0,238466087.776146,3053.0,104811585.367995,3053.0,13736767.9839957,,,,
3054.0,2517500.628,3054.0,238678646.810242,3054.0,104927911.475996,3054.0,13752563.716031,,,,
3055.0,2520907.551,3055.0,238891337.684334,3055.0,105044320.263997,3055.0,13768375.2136575,,,,
3056.0,2524319.299,3056.0,239104176.878422,3056.0,105160811.659998,3056.0,13784201.4334112,,,,
3057.0,2527735.854,3057.0,239317098.472507,3057.0,105277385.815999,3057.0,13800043.545956,,,,
3058.0,2531157.295,3058.0,239530168.386589,3058.0,105394042.644,3058.0,13815900.88646,,,,
3059.0,2534583.616,3059.0,239743337.180668,3059.0,105510782.088001,3059.0,13831774.0773551,,,,
3060.0,2538014.806,3060.0,239956621.334744,3060.0,105627614.443994,3060.0,13847661.9373775,,,,
3061.0,2541450.866,3061.0,240170037.328815,3061.0,105744519.247995,3061.0,13863565.965791,,,,
3062.0,2544891.743,3062.0,240383585.162884,3062.0,105861516.971996,3062.0,13879485.0737636,,,,
3063.0,2548337.578,3063.0,240597231.876949,3063.0,105978597.375997,3063.0,13895420.1487274,,,,
3064.0,2551788.306,3064.0,240811010.431011,3064.0,106095760.387998,3064.0,13911369.8928184,,,,
3065.0,2555243.952,3065.0,241024920.825069,3065.0,106213006.159998,3065.0,13927335.6357006,,,,
3066.0,2558704.463,3066.0,241238913.619125,3066.0,106330334.531999,3066.0,13943317.2925739,,,,
3067.0,2562169.994,3067.0,241453054.733177,3067.0,106447745.664,3067.0,13959313.5231744,,,,
3068.0,2565640.34,3068.0,241667327.687225,3068.0,106565249.563994,3068.0,13975325.943366,,,,
3069.0,2569115.707,3069.0,241881699.521271,3069.0,106682826.055995,3069.0,13991353.4749168,,,,
3070.0,2572595.968,3070.0,242096186.715313,3070.0,106800495.395995,3070.0,14007396.4358268,,,,
3071.0,2576081.326,3071.0,242310789.269352,3071.0,106918247.343996,3071.0,14023454.8684959,,,,
3072.0,2579571.476,3072.0,242525540.143387,3072.0,107036082.043997,3072.0,14039529.7209882,,,,
3073.0,2583066.62,3073.0,242740406.377419,3073.0,107153999.431998,3073.0,14055619.4122076,,,,
3074.0,2586566.776,3074.0,242955371.491447,3074.0,107272009.659999,3074.0,14071724.6069862,,,,
3075.0,2590072.019,3075.0,243170468.445473,3075.0,107390102.648,3075.0,14087845.694556,,,,
3076.0,2593582.144,3076.0,243385680.759495,3076.0,107508267.924001,3076.0,14103981.451253,,,,
3077.0,2597097.263,3077.0,243601024.913513,3077.0,107626526.199994,3077.0,14120133.1537411,,,,
3078.0,2600617.433,3078.0,243816500.907528,3078.0,107744867.155995,3078.0,14136301.0246203,,,,
3079.0,2604142.578,3079.0,244032075.78154,3079.0,107863301.103996,3079.0,14152484.4308587,,,,
3080.0,2607672.788,3080.0,244247782.495548,3080.0,107981807.347997,3080.0,14168682.9802563,,,,
3081.0,2611208.01,3081.0,244463604.569553,3081.0,108100406.591998,3081.0,14184897.118013,,,,
3082.0,2614748.308,3082.0,244679525.523556,3082.0,108219088.435999,3082.0,14201127.0743609,,,,
3083.0,2618293.606,3083.0,244895594.797554,3083.0,108337842.8,3083.0,14217372.070836,,,,
3084.0,2621843.993,3084.0,245111779.431549,3084.0,108456700.244001,3084.0,14233633.1403022,,,,
3085.0,2625399.416,3085.0,245328079.425541,3085.0,108575630.135994,3085.0,14249909.9753595,,,,
3086.0,2628959.791,3086.0,245544511.259529,3086.0,108694652.947995,3086.0,14266202.589576,,,,
3087.0,2632525.351,3087.0,245761041.973515,3087.0,108813748.199996,3087.0,14282509.8729197,,,,
3088.0,2636095.999,3088.0,245977721.007496,3088.0,108932936.371997,3088.0,14298833.8410865,,,,
3089.0,2639671.778,3089.0,246194515.401474,3089.0,109052207.303998,3089.0,14315172.6479805,,,,
3090.0,2643252.498,3090.0,246411392.19545,3090.0,109171570.931998,3090.0,14331527.6232657,,,,
3091.0,2646838.415,3091.0,246628450.269421,3091.0,109291017.391999,3091.0,14347898.8199419,,,,
3092.0,2650429.331,3092.0,246845574.26339,3092.0,109410536.292,3092.0,14364284.6221454,,,,
3093.0,2654025.549,3093.0,247062846.577354,3093.0,109530148.111994,3093.0,14380686.70934,,,,
3094.0,2657626.682,3094.0,247280250.731316,3094.0,109649842.539995,3094.0,14397104.1622937,,,,
3095.0,2661233.13,3095.0,247497753.765274,3095.0,109769629.887995,3095.0,14413537.0976067,,,,
3096.0,2664844.553,3096.0,247715388.639229,3096.0,109889499.915996,3096.0,14429985.5470788,,,,
3097.0,2668461.139,3097.0,247933138.87318,3097.0,110009452.631997,3097.0,14446450.9463739,,,,
3098.0,2672082.949,3098.0,248151020.947128,3098.0,110129488.019998,3098.0,14462931.0889963,,,,
3099.0,2675709.853,3099.0,248369018.381073,3099.0,110249606.095999,3099.0,14479427.5484098,,,,
3100.0,2679341.847,3100.0,248587114.695015,3100.0,110369806.852,3100.0,14495938.6451505,,,,
3101.0,2682979.05,3101.0,248805375.808952,3101.0,110490100.528001,3101.0,14512466.0692823,,,,
3102.0,2686621.474,3102.0,249023735.802887,3102.0,110610476.811994,3102.0,14529009.5346053,,,,
3103.0,2690269.063,3103.0,249242194.676819,3103.0,110730946.015995,3103.0,14545567.8598554,,,,
3104.0,2693921.762,3104.0,249460801.870747,3104.0,110851487.739996,3104.0,14562142.6290967,,,,
3105.0,2697579.643,3105.0,249679524.424671,3105.0,110972122.303997,3105.0,14578733.3759291,,,,
3106.0,2701242.747,3106.0,249898362.338593,3106.0,111092839.627998,3106.0,14595339.0780887,,,,
3107.0,2704911.104,3107.0,250117348.57251,3107.0,111213639.559999,3107.0,14611961.0970394,,,,
3108.0,2708584.593,3108.0,250336417.206425,3108.0,111334532.412,3108.0,14628599.4433813,,,,
3109.0,2712263.258,3109.0,250555617.680336,3109.0,111455497.704001,3109.0,14645252.5012503,,,,
3110.0,2715947.193,3110.0,250774949.994244,3110.0,111576566.155994,3110.0,14661921.7805105,,,,
3111.0,2719636.375,3111.0,250994414.148148,3111.0,111697706.975995,3111.0,14678606.6799298,,,,
3112.0,2723330.711,3112.0,251213960.702049,3112.0,111818930.555996,3112.0,14695308.0021402,,,,
3113.0,2727030.279,3113.0,251433688.535946,3113.0,111940247.127997,3113.0,14712024.6053098,,,,
3114.0,2730735.16,3114.0,251653498.76984,3114.0,112061646.155998,3114.0,14728756.2698066,,,,
3115.0,2734445.24,3115.0,251873424.363731,3115.0,112183138.255998,3115.0,14745505.0961265,,,,
3116.0,2738160.625,3116.0,252093465.317619,3116.0,112304702.723999,3116.0,14762269.2670056,,,,
3117.0,2741881.119,3117.0,252313654.591503,3117.0,112426360.264,3117.0,14779049.1004438,,,,
3118.0,2745607.0,3118.0,252533942.745384,3118.0,112548110.499994,3118.0,14795844.4904411,,,,
3119.0,2749338.09,3119.0,252754362.739262,3119.0,112669933.327995,3119.0,14812656.2926296,,,,
3120.0,2753074.456,3120.0,252974914.573135,3120.0,112791838.683995,3120.0,14829483.8739772,,,,
3121.0,2756816.194,3121.0,253195581.767006,3121.0,112913847.351996,3121.0,14846327.528316,,,,
3122.0,2760563.06,3122.0,253416364.320873,3122.0,113035928.387997,3122.0,14863186.1909819,,,,
3123.0,2764315.254,3123.0,253637278.714737,3123.0,113158102.343998,3123.0,14880061.138639,,,,
3124.0,2768072.729,3124.0,253858308.468597,3124.0,113280348.747999,3124.0,14896951.9078552,,,,
3125.0,2771835.588,3125.0,254079470.062454,3125.0,113402698.304,3125.0,14913859.0574625,,,,
3126.0,2775603.687,3126.0,254300747.016308,3126.0,113525120.308001,3126.0,14930781.615229,,,,
3127.0,2779377.057,3127.0,254522139.330158,3127.0,113647635.151994,3127.0,14947720.6381866,,,,
3128.0,2783155.788,3128.0,254743647.004005,3128.0,113770232.755995,3128.0,14964674.7330714,,,,
3129.0,2786939.867,3129.0,254965286.517849,3129.0,113892923.207996,3129.0,14981645.0069473,,,,
3130.0,2790729.243,3130.0,255187041.391689,3130.0,114015686.171997,3130.0,14998631.0917824,,,,
3131.0,2794523.901,3131.0,255408928.105526,3131.0,114138552.303998,3131.0,15015633.6418085,,,,
3132.0,2798323.99,3132.0,255630913.69936,3132.0,114261490.795999,3132.0,15032651.9497939,,,,
3133.0,2802129.301,3133.0,255853047.61319,3133.0,114384522.288,3133.0,15049686.2777703,,,,
3134.0,2805940.055,3134.0,256075296.887016,3134.0,114507636.388001,3134.0,15066736.027474,,,,
3135.0,2809756.087,3135.0,256297661.52084,3135.0,114630833.239994,3135.0,15083802.0621687,,,,
3136.0,2813577.439,3136.0,256520174.474659,3136.0,114754122.939995,3136.0,15100883.6004226,,,,
3137.0,2817404.254,3137.0,256742786.308475,3137.0,114877495.319996,3137.0,15117981.7628676,,,,
3138.0,2821236.353,3138.0,256965513.502289,3138.0,115000950.307997,3138.0,15135095.6408718,,,,
3139.0,2825073.911,3139.0,257188405.496098,3139.0,115124498.367998,3139.0,15152225.6978671,,,,
3140.0,2828916.786,3140.0,257411363.409904,3140.0,115248129.035998,3140.0,15169371.8838215,,,,
3141.0,2832765.03,3141.0,257634469.643707,3141.0,115371842.375999,3141.0,15186532.8979031,,,,
3142.0,2836618.731,3142.0,257857691.237507,3142.0,115495648.724,3142.0,15203710.4725759,,,,
3143.0,2840477.718,3143.0,258081028.191303,3143.0,115619537.599994,3143.0,15220904.2474397,,,,
3144.0,2844342.179,3144.0,258304513.465096,3144.0,115743519.467995,3144.0,15238114.5616947,,,,
3145.0,2848212.043,3145.0,258528097.618885,3145.0,115867573.783995,3145.0,15255340.0856768,,,,
3146.0,2852087.257,3146.0,258751830.09267,3146.0,115991720.939996,3146.0,15272582.2762501,,,,
3147.0,2855967.942,3147.0,258975661.446453,3147.0,116115961.095997,3147.0,15289839.8961825,,,,
3148.0,2859853.931,3148.0,259199608.160233,3148.0,116240273.691998,3148.0,15307114.235706,,,,
3149.0,2863745.386,3149.0,259423703.194008,3149.0,116364689.447999,3149.0,15324404.3437886,,,,
3150.0,2867642.322,3150.0,259647913.58778,3150.0,116489187.812,3150.0,15341709.4283985,,,,
3151.0,2871544.676,3151.0,259872222.861549,3151.0,116613758.696001,3151.0,15359031.6112314,,,,
3152.0,2875452.375,3152.0,260096680.455315,3152.0,116738432.659994,3152.0,15376369.8170234,,,,
3153.0,2879365.575,3153.0,260321253.409077,3153.0,116863179.143995,3153.0,15393723.6853747,,,,
3154.0,2883284.278,3154.0,260545958.202835,3154.0,116988028.715996,3154.0,15411094.093117,,,,
3155.0,2887208.311,3155.0,260770761.876591,3155.0,117112950.799997,3155.0,15428480.3436184,,,,
3156.0,2891137.837,3156.0,260995713.870342,3156.0,117237955.571998,3156.0,15445882.648879,,,,
3157.0,2895072.798,3157.0,261220764.744091,3157.0,117363063.423999,3157.0,15463301.2815307,,,,
3158.0,2899013.28,3158.0,261445963.937836,3158.0,117488254.036,3158.0,15480735.8311416,,,,
3159.0,2902959.259,3159.0,261671278.491577,3159.0,117613516.936001,3159.0,15498185.9161116,,,,
3160.0,2906910.542,3160.0,261896691.925316,3160.0,117738883.147994,3160.0,15515653.7989047,,,,
3161.0,2910867.48,3161.0,262122253.67905,3161.0,117864331.967995,3161.0,15533136.5204249,,,,
3162.0,2914829.823,3162.0,262347930.792782,3162.0,117989863.547996,3162.0,15550634.9045043,,,,
3163.0,2918797.639,3163.0,262573739.74651,3163.0,118115477.727997,3163.0,15568150.3155748,,,,
3164.0,2922770.96,3164.0,262799631.100235,3164.0,118241184.835998,3164.0,15585681.4104045,,,,
3165.0,2926749.686,3165.0,263025703.733955,3165.0,118366974.615998,3165.0,15603228.5994253,,,,
3166.0,2930734.064,3166.0,263251858.767673,3166.0,118492857.323999,3166.0,15620792.4580051,,,,
3167.0,2934723.837,3167.0,263478145.641388,3167.0,118618822.712,3167.0,15638372.5167761,,,,
3168.0,2938719.222,3168.0,263704580.835098,3168.0,118744881.099994,3168.0,15655967.9018743,,,,
3169.0,2942719.991,3169.0,263931114.908806,3169.0,118871022.087995,3169.0,15673579.4871636,,,,
3170.0,2946726.302,3170.0,264157764.34251,3170.0,118997256.003995,3170.0,15691208.406844,,,,
3171.0,2950738.28,3171.0,264384562.09621,3171.0,119123572.591996,3171.0,15708852.2394515,,,,
3172.0,2954755.582,3172.0,264611458.729908,3172.0,119249971.867997,3172.0,15726513.0112822,,,,
3173.0,2958778.457,3173.0,264838487.203602,3173.0,119376453.823998,3173.0,15744189.60764,,,,
3174.0,2962806.911,3174.0,265065631.037292,3174.0,119503038.947999,3174.0,15761882.4253889,,,,
3175.0,2966840.868,3175.0,265292906.710979,3175.0,119629696.504,3175.0,15779591.8461289,,,,
3176.0,2970880.448,3176.0,265520314.224663,3176.0,119756446.988001,3176.0,15797317.501828,,,,
3177.0,2974925.513,3177.0,265747820.618343,3177.0,119883290.383994,3177.0,15815058.9684863,,,,
3178.0,2978976.124,3178.0,265975491.812019,3178.0,120010206.227995,3178.0,15832816.2991038,,,,
3179.0,2983032.276,3179.0,266203245.405693,3179.0,120137225.231996,3179.0,15850591.0035442,,,,
3180.0,2987094.008,3180.0,266431130.839363,3180.0,120264326.923997,3180.0,15868380.9601119,,,,
3181.0,2991161.245,3181.0,266659164.593029,3181.0,120391511.287998,3181.0,15886187.6574707,,,,
3182.0,2995234.195,3182.0,266887280.746693,3182.0,120518788.579999,3182.0,15904009.8613566,,,,
3183.0,2999312.619,3183.0,267115561.700352,3183.0,120646148.624,3183.0,15921849.0256656,,,,
3184.0,3003396.642,3184.0,267343941.534008,3184.0,120773601.516001,3184.0,15939704.3401338,,,,
3185.0,3007486.183,3185.0,267572453.207661,3185.0,120901137.015994,3185.0,15957575.857761,,,,
3186.0,3011581.367,3186.0,267801080.24131,3186.0,121028755.267995,3186.0,15975463.6921794,,,,
3187.0,3015682.104,3187.0,268029855.594955,3187.0,121156466.447996,3187.0,15993367.7509569,,,,
3188.0,3019788.469,3188.0,268258729.828598,3188.0,121284260.299997,3188.0,16011287.7266936,,,,
3189.0,3023900.438,3189.0,268487702.942238,3189.0,121412147.079998,3189.0,16029224.4326213,,,,
3190.0,3028017.995,3190.0,268716857.335873,3190.0,121540126.779998,3190.0,16047178.0383402,,,,
3191.0,3032141.122,3191.0,268946094.129505,3191.0,121668189.167999,3191.0,16065147.0657862,,,,
3192.0,3036269.827,3192.0,269175479.243134,3192.0,121796334.228,3192.0,16083132.3146233,,,,
3193.0,3040404.192,3193.0,269404963.236759,3193.0,121924572.287994,3193.0,16101134.4208515,,,,
3194.0,3044544.2,3194.0,269634595.550381,3194.0,122052892.875995,3194.0,16119152.0654069,,,,
3195.0,3048689.787,3195.0,269864326.743999,3195.0,122181306.463995,3195.0,16137187.2321853,,,,
3196.0,3052841.052,3196.0,270094189.777615,3196.0,122309802.731996,3196.0,16155237.5980909,,,,
3197.0,3056997.933,3197.0,270324201.131226,3197.0,122438391.999997,3197.0,16173304.9591876,,,,
3198.0,3061160.471,3198.0,270554311.364834,3198.0,122567063.795998,3198.0,16191388.6052755,,,,
3199.0,3065328.578,3199.0,270784553.438438,3199.0,122695828.663999,3199.0,16209488.8679224,,,,
3200.0,3069502.382,3200.0,271014927.352039,3200.0,122824676.14,3200.0,16227604.7825284,,,,
3201.0,3073681.748,3201.0,271245400.145638,3201.0,122953616.535993,3201.0,16245737.6605256,,,,
3202.0,3077866.846,3202.0,271476004.779232,3202.0,123082639.612002,3202.0,16263886.2964819,,,,
3203.0,3082057.598,3203.0,271706774.212822,3203.0,123211755.607995,3203.0,16282051.6443973,,,,
3204.0,3086253.96,3204.0,271937609.56641,3204.0,123340964.532004,3204.0,16300233.4893038,,,,
3205.0,3090455.95,3205.0,272168593.239994,3205.0,123470245.967997,3205.0,16318431.7570015,,,,
3206.0,3094663.684,3206.0,272399725.233574,3206.0,123599630.49199,3206.0,16336646.1990262,,,,
3207.0,3098877.061,3207.0,272630939.627151,3207.0,123729087.455999,3207.0,16354877.6014741,,,,
3208.0,3103096.137,3208.0,272862285.860725,3208.0,123858647.579992,3208.0,16373124.5846491,,,,
3209.0,3107320.878,3209.0,273093780.414295,3209.0,123988290.464001,3209.0,16391388.1920152,,,,
3210.0,3111551.222,3210.0,273325390.327862,3210.0,124118015.875994,3210.0,16409668.8369723,,,,
3211.0,3115787.326,3211.0,273557115.601425,3211.0,124247834.360002,3211.0,16427965.6532887,,,,
3212.0,3120029.075,3212.0,273788956.234985,3212.0,124377735.451996,3212.0,16446278.5349641,,,,
3213.0,3124276.576,3213.0,274020928.708542,3213.0,124507729.464004,3213.0,16464608.1468306,,,,
3214.0,3128529.784,3214.0,274253016.542095,3214.0,124637816.475998,3214.0,16482954.2056563,,,,
3215.0,3132788.606,3215.0,274485252.695644,3215.0,124767986.167991,3215.0,16501316.2026411,,,,
3216.0,3137053.207,3216.0,274717620.68919,3216.0,124898248.699999,3216.0,16519694.929817,,,,
3217.0,3141323.55,3217.0,274950087.562733,3217.0,125028593.919993,3217.0,16538090.4431519,,,,
3218.0,3145599.551,3218.0,275182669.796272,3218.0,125159021.972001,3218.0,16556502.0082781,,,,
3219.0,3149881.198,3219.0,275415400.349808,3219.0,125289553.031995,3219.0,16574930.9289952,,,,
3220.0,3154168.658,3220.0,275648262.74334,3220.0,125420166.772003,3220.0,16593375.1124396,,,,
3221.0,3158461.749,3221.0,275881224.016869,3221.0,125550863.271996,3221.0,16611836.439475,,,,
3222.0,3162760.663,3222.0,276114317.130394,3222.0,125681652.61999,3222.0,16630314.5709015,,,,
3223.0,3167065.314,3223.0,276347542.083916,3223.0,125812524.719998,3223.0,16648808.0498552,,,,
3224.0,3171375.63,3224.0,276580865.917435,3224.0,125943489.747991,3224.0,16667319.093432,,,,
3225.0,3175691.728,3225.0,276814354.550949,3225.0,126074557.928,3225.0,16685846.5203678,,,,
3226.0,3180013.473,3226.0,277047942.064461,3226.0,126205688.315993,3226.0,16704390.1292628,,,,
3227.0,3184341.078,3227.0,277281628.45797,3227.0,126336921.864002,3227.0,16722950.6273489,,,,
3228.0,3188674.404,3228.0,277515479.651474,3228.0,126468238.091995,3228.0,16741527.2543941,,,,
3229.0,3193013.451,3229.0,277749462.684975,3229.0,126599657.408004,3229.0,16760120.3919984,,,,
3230.0,3197358.205,3230.0,277983577.558472,3230.0,126731149.315997,3230.0,16778730.7550258,,,,
3231.0,3201708.879,3231.0,278217791.311966,3231.0,126862734.07199,3231.0,16797356.9849803,,,,
3232.0,3206065.215,3232.0,278452136.905457,3232.0,126994411.667999,3232.0,16816000.1783259,,,,
3233.0,3210427.381,3233.0,278686581.378944,3233.0,127126172.103992,3233.0,16834659.4158307,,,,
3234.0,3214795.247,3234.0,278921157.692429,3234.0,127258025.380001,3234.0,16853335.9135265,,,,
3235.0,3219168.883,3235.0,279155865.845909,3235.0,127389971.575994,3235.0,16872028.4553814,,,,
3236.0,3223548.41,3236.0,279390705.839386,3236.0,127521990.292002,3236.0,16890737.9606275,,,,
3237.0,3227933.516,3237.0,279625710.632858,3237.0,127654112.095996,3237.0,16909463.8068326,,,,
3238.0,3232324.612,3238.0,279860814.306328,3238.0,127786316.580004,3238.0,16928206.6164289,,,,
3239.0,3236721.317,3239.0,280095983.899796,3239.0,127918614.055998,3239.0,16946965.6609842,,,,
3240.0,3241124.017,3240.0,280331318.293259,3240.0,128050994.219991,3240.0,16965741.0464987,,,,
3241.0,3245532.36,3241.0,280566784.526718,3241.0,128183477.463999,3241.0,16984533.2046043,,,,
3242.0,3249946.538,3242.0,280802382.600174,3242.0,128316043.395993,3242.0,17003342.0216689,,,,
3243.0,3254366.529,3243.0,281038112.513626,3243.0,128448681.840001,3243.0,17022167.6113247,,,,
3244.0,3258792.328,3244.0,281273974.267075,3244.0,128581423.451995,3244.0,17041009.6479396,,,,
3245.0,3263223.861,3245.0,281509934.90052,3245.0,128714257.976003,3245.0,17059868.4783456,,,,
3246.0,3267661.332,3246.0,281745994.413963,3246.0,128847175.187996,3246.0,17078743.9677106,,,,
3247.0,3272104.535,3247.0,281982218.727402,3247.0,128980185.31999,3247.0,17097636.0176668,,,,
3248.0,3276553.597,3248.0,282218574.880836,3248.0,129113278.131998,3248.0,17116544.7265821,,,,
3249.0,3281008.49,3249.0,282455062.874268,3249.0,129246474.103991,3249.0,17135470.5684884,,,,
3250.0,3285469.247,3250.0,282691649.747696,3250.0,129379742.524,3250.0,17154412.6665539,,,,
3251.0,3289935.785,3251.0,282928368.461121,3251.0,129513114.095993,3251.0,17173370.9359785,,,,
3252.0,3294408.12,3252.0,283165186.054543,3252.0,129646558.116002,3252.0,17192346.6139942,,,,
3253.0,3298886.412,3253.0,283402168.44796,3253.0,129780105.367995,3253.0,17211338.039369,,,,
3254.0,3303370.435,3254.0,283639249.721375,3254.0,129913735.236004,3254.0,17230346.9581349,,,,
3255.0,3307860.395,3255.0,283876462.834785,3255.0,130047458.015997,3255.0,17249372.8614918,,,,
3256.0,3312356.041,3256.0,284113840.748192,3256.0,130181263.55599,3256.0,17268414.3349759,,,,
3257.0,3316857.683,3257.0,284351284.581596,3257.0,130315172.255999,3257.0,17287473.2806511,,,,
3258.0,3321365.156,3258.0,284588893.214996,3258.0,130449163.635992,3258.0,17306549.1473173,,,,
3259.0,3325878.535,3259.0,284826600.728394,3259.0,130583237.624001,3259.0,17325641.9349747,,,,
3260.0,3330397.683,3260.0,285064440.081787,3260.0,130717404.611994,3260.0,17344750.2503592,,,,
3261.0,3334922.763,3261.0,285302411.275177,3261.0,130851664.440002,3261.0,17363875.8259348,,,,
3262.0,3339453.622,3262.0,285540547.268562,3262.0,130986017.267996,3262.0,17383018.5133014,,,,
3263.0,3343990.436,3263.0,285778749.181946,3263.0,131120452.856004,3263.0,17402177.9444271,,,,
3264.0,3348533.105,3264.0,286017082.935326,3264.0,131254971.043998,3264.0,17421353.957344,,,,
3265.0,3353081.723,3265.0,286255548.528702,3265.0,131389592.471991,3265.0,17440546.6292199,,,,
3266.0,3357636.096,3266.0,286494178.922073,3266.0,131524296.427999,3266.0,17459755.769255,,,,
3267.0,3362196.448,3267.0,286732875.235443,3267.0,131659093.455993,3267.0,17478982.1694811,,,,
3268.0,3366762.634,3268.0,286971736.348808,3268.0,131793973.172001,3268.0,17498225.4906984,,,,
3269.0,3371334.754,3269.0,287210729.30217,3269.0,131928955.967995,3269.0,17517485.2800747,,,,
3270.0,3375912.763,3270.0,287449821.135529,3270.0,132064021.524003,3270.0,17536761.4528101,,,,
3271.0,3380496.71,3271.0,287689044.808884,3271.0,132199169.679996,3271.0,17556054.9069366,,,,
3272.0,3385086.48,3272.0,287928400.322235,3272.0,132334421.07599,3272.0,17575365.3456542,,,,
3273.0,3389682.148,3273.0,288167887.675583,3273.0,132469744.919998,3273.0,17594692.3797309,,,,
3274.0,3394283.785,3274.0,288407473.908928,3274.0,132605171.915991,3274.0,17614035.8183667,,,,
3275.0,3398891.328,3275.0,288647224.942268,3275.0,132740681.6,3275.0,17633396.7291936,,,,
3276.0,3403504.725,3276.0,288887107.815605,3276.0,132876294.523993,3276.0,17652773.8961796,,,,
3277.0,3408124.154,3277.0,289127089.568939,3277.0,133011979.880002,3277.0,17672167.8569567,,,,
3278.0,3412749.42,3278.0,289367203.16227,3278.0,133147768.403995,3278.0,17691579.5443248,,,,
3279.0,3417380.619,3279.0,289607415.635597,3279.0,133283639.528004,3279.0,17711007.0562201,,,,
3280.0,3422017.784,3280.0,289847792.90892,3280.0,133419603.579997,3280.0,17730451.6163064,,,,
3281.0,3426660.891,3281.0,290088269.062241,3281.0,133555660.54399,3281.0,17749913.1185839,,,,
3282.0,3431309.844,3282.0,290328910.015556,3282.0,133691800.195999,3282.0,17769391.8810524,,,,
3283.0,3435964.814,3283.0,290569649.848869,3283.0,133828032.919992,3283.0,17788886.574048,,,,
3284.0,3440625.695,3284.0,290810521.522179,3284.0,133964358.412001,3284.0,17808399.3404667,,,,
3285.0,3445292.572,3285.0,291051492.075485,3285.0,134100766.663994,3285.0,17827927.7830125,,,,
3286.0,3449965.31,3286.0,291292594.468788,3286.0,134237278.228002,3286.0,17847474.0869814,,,,
3287.0,3454644.049,3287.0,291533828.702087,3287.0,134373862.007996,3287.0,17867036.9863093,,,,
3288.0,3459328.708,3288.0,291775227.735382,3288.0,134510549.100004,3288.0,17886616.7141964,,,,
3289.0,3464019.412,3289.0,292016758.608673,3289.0,134647318.791998,3289.0,17906213.2994745,,,,
3290.0,3468716.057,3290.0,292258355.401962,3290.0,134784191.723991,3290.0,17925826.4801118,,,,
3291.0,3473418.621,3291.0,292500116.995247,3291.0,134921147.343999,3291.0,17945456.8149401,,,,
3292.0,3478127.201,3292.0,292741977.468529,3292.0,135058185.563993,3292.0,17965103.9995275,,,,
3293.0,3482841.71,3293.0,292983969.781807,3293.0,135195327.096001,3293.0,17984768.486706,,,,
3294.0,3487562.214,3294.0,293226159.85508,3294.0,135332551.155995,3294.0,18004449.2088436,,,,
3295.0,3492288.707,3295.0,293468382.888351,3295.0,135469868.216003,3295.0,18024147.2335723,,,,
3296.0,3497021.219,3296.0,293710770.721619,3296.0,135607268.035996,3296.0,18043862.921292,,,,
3297.0,3501759.595,3297.0,293953290.394882,3297.0,135744770.93599,3297.0,18063594.9499708,,,,
3298.0,3506504.075,3298.0,294195908.948143,3298.0,135882356.523998,3298.0,18083343.4044088,,,,
3299.0,3511254.403,3299.0,294438659.3414,3299.0,136020035.183991,3299.0,18103109.3734378,,,,
3300.0,3516010.86,3300.0,294681541.574654,3300.0,136157806.612,3300.0,18122891.8318259,,,,
3301.0,3520773.276,3301.0,294924588.607903,3301.0,136295660.871993,3301.0,18142691.3596051,,,,
3302.0,3525541.669,3302.0,295167734.521149,3302.0,136433618.140002,3302.0,18162508.7835753,,,,
3303.0,3530316.081,3303.0,295411012.274391,3303.0,136571658.167995,3303.0,18182341.6504727,,,,
3304.0,3535096.525,3304.0,295654388.907631,3304.0,136709791.196004,3304.0,18202192.6755931,,,,
3305.0,3539882.908,3305.0,295897897.380867,3305.0,136848006.823997,3305.0,18222060.3808726,,,,
3306.0,3544675.362,3306.0,296141570.654099,3306.0,136986325.53199,3306.0,18241944.4907112,,,,
3307.0,3549473.809,3307.0,296385342.807327,3307.0,137124727.159999,3307.0,18261846.8223729,,,,
3308.0,3554278.313,3308.0,296629279.760551,3308.0,137263221.627992,3308.0,18281765.1057617,,,,
3309.0,3559088.81,3309.0,296873282.633774,3309.0,137401798.784001,3309.0,18301700.9249415,,,,
3310.0,3563905.278,3310.0,297117450.306992,3310.0,137540479.019994,3310.0,18321653.8983124,,,,
3311.0,3568727.887,3311.0,297361716.860207,3311.0,137679242.088002,3311.0,18341623.4034424,,,,
3312.0,3573556.408,3312.0,297606148.213417,3312.0,137818097.923996,3312.0,18361610.4655635,,,,
3313.0,3578391.071,3313.0,297850678.446625,3313.0,137957057.000004,3313.0,18381614.0806437,,,,
3314.0,3583231.79,3314.0,298095373.479828,3314.0,138096088.595998,3314.0,18401635.1679149,,,,
3315.0,3588078.419,3315.0,298340134.433029,3315.0,138235223.271991,3315.0,18421673.0201452,,,,
3316.0,3592931.146,3316.0,298585060.186226,3316.0,138374440.707999,3316.0,18441727.7297666,,,,
3317.0,3597789.867,3317.0,298830084.81942,3317.0,138513751.143993,3317.0,18461799.8827471,,,,
3318.0,3602654.674,3318.0,299075274.252609,3318.0,138653154.348001,3318.0,18481888.5539187,,,,
3319.0,3607525.611,3319.0,299320562.565796,3319.0,138792650.623995,3319.0,18501994.6684493,,,,
3320.0,3612402.519,3320.0,299566015.678978,3320.0,138932239.668003,3320.0,18522117.852371,,,,
3321.0,3617285.528,3321.0,299811567.672157,3321.0,139071911.543996,3321.0,18542257.9284518,,,,
3322.0,3622174.601,3322.0,300057251.505333,3322.0,139211676.34799,3322.0,18562415.1587237,,,,
3323.0,3627069.603,3323.0,300303067.178505,3323.0,139351544.231998,3323.0,18582589.9883867,,,,
3324.0,3631970.9,3324.0,300548981.731674,3324.0,139491494.875991,3324.0,18602781.4558087,,,,
3325.0,3636878.127,3325.0,300795061.084839,3325.0,139631528.28,3325.0,18622989.3913898,,,,
3326.0,3641791.373,3326.0,301041272.278,3326.0,139771664.763993,3326.0,18643215.972794,,,,
3327.0,3646710.783,3327.0,301287615.311157,3327.0,139911883.848002,3327.0,18663458.0183253,,,,
3328.0,3651636.367,3328.0,301534057.224312,3328.0,140052206.259995,3328.0,18683718.2356476,,,,
3329.0,3656567.905,3329.0,301780598.017464,3329.0,140192611.344004,3329.0,18703995.395161,,,,
3330.0,3661505.537,3330.0,302027303.610611,3330.0,140333098.955997,3330.0,18724290.2388655,,,,
3331.0,3666449.288,3331.0,302274108.083755,3331.0,140473690.03999,3331.0,18744600.8434971,,,,
3332.0,3671399.056,3332.0,302521077.356895,3332.0,140614373.731999,3332.0,18764928.8779197,,,,
3333.0,3676355.023,3333.0,302768211.430031,3333.0,140755140.343992,3333.0,18785275.4733654,,,,
3334.0,3681316.978,3334.0,303015411.423164,3334.0,140896010.036001,3334.0,18805637.8085382,,,,
3335.0,3686285.091,3335.0,303262743.256294,3335.0,141036962.487994,3335.0,18826017.637102,,,,
3336.0,3691259.297,3336.0,303510206.92942,3336.0,141178007.780002,3336.0,18846415.107457,,,,
3337.0,3696239.65,3337.0,303757769.482544,3337.0,141319146.071996,3337.0,18866829.385171,,,,
3338.0,3701226.146,3338.0,304005496.835663,3338.0,141460377.204004,3338.0,18887260.965476,,,,
3339.0,3706218.629,3339.0,304253388.988777,3339.0,141601701.495998,3339.0,18907709.3531402,,,,
3340.0,3711217.259,3340.0,304501380.021889,3340.0,141743118.395991,3340.0,18928175.3825954,,,,
3341.0,3716222.126,3341.0,304749436.974998,3341.0,141884618.287999,3341.0,18948658.1770097,,,,
3342.0,3721232.861,3342.0,304997691.688103,3342.0,142026210.947993,3342.0,18969158.3164151,,,,
3343.0,3726249.997,3343.0,305246045.281204,3343.0,142167906.920001,3343.0,18989675.8143795,,,,
3344.0,3731273.099,3344.0,305494530.714302,3344.0,142309675.179995,3344.0,19010209.9577351,,,,
3345.0,3736302.358,3345.0,305743147.987396,3345.0,142451546.680003,3345.0,19030762.3788816,,,,
3346.0,3741337.763,3346.0,305991897.100487,3346.0,142593521.259996,3346.0,19051331.3741873,,,,
3347.0,3746379.259,3347.0,306240778.053574,3347.0,142735568.35999,3347.0,19071917.650884,,,,
3348.0,3751426.996,3348.0,306489790.846657,3348.0,142877718.699998,3348.0,19092521.0953398,,,,
3349.0,3756480.735,3349.0,306738902.519737,3349.0,143019951.799991,3349.0,19113141.9695866,,,,
3350.0,3761540.713,3350.0,306988146.032814,3350.0,143162287.98,3350.0,19133780.3372245,,,,
3351.0,3766606.792,3351.0,307237554.345886,3351.0,143304706.687993,3351.0,19154435.0169896,,,,
3352.0,3771679.102,3352.0,307487094.498955,3352.0,143447228.708002,3352.0,19175107.6429776,,,,
3353.0,3776757.516,3353.0,307736700.572021,3353.0,143589823.247995,3353.0,19195797.5851247,,,,
3354.0,3781842.046,3354.0,307986471.445084,3354.0,143732531.196004,3354.0,19216504.554263,,,,
3355.0,3786932.736,3355.0,308236374.158142,3355.0,143875321.743997,3355.0,19237229.0091602,,,,
3356.0,3792029.675,3356.0,308486375.751198,3356.0,144018205.36399,3356.0,19257970.3002486,,,,
3357.0,3797132.644,3357.0,308736542.144249,3357.0,144161171.511999,3357.0,19278728.907496,,,,
3358.0,3802241.878,3358.0,308986873.337296,3358.0,144304240.899992,3358.0,19299505.8637664,,,,
3359.0,3807357.201,3359.0,309237270.45034,3359.0,144447403.288001,3359.0,19320298.856564,,,,
3360.0,3812478.723,3360.0,309487799.403381,3360.0,144590648.275994,3360.0,19341109.7031526,,,,
3361.0,3817606.4,3361.0,309738460.196419,3361.0,144733996.504002,3361.0,19361937.8735322,,,,
3362.0,3822740.319,3362.0,309989252.829453,3362.0,144877427.491996,3362.0,19382783.126871,,,,
3363.0,3827880.383,3363.0,310240177.302483,3363.0,145020961.560004,3363.0,19403645.6616008,,,,
3364.0,3833026.651,3364.0,310491233.615509,3364.0,145164578.155998,3364.0,19424525.5548897,,,,
3365.0,3838179.111,3365.0,310742421.768532,3365.0,145308288.055991,3365.0,19445423.7124015,,,,
3366.0,3843337.696,3366.0,310993741.761551,3366.0,145452100.819999,3366.0,19466337.6096406,,,,
3367.0,3848502.523,3367.0,311245160.634567,3367.0,145595996.559993,3367.0,19487269.6150706,,,,
3368.0,3853673.604,3368.0,311496744.307579,3368.0,145739984.924001,3368.0,19508218.8806918,,,,
3369.0,3858850.677,3369.0,311748426.860588,3369.0,145884066.503994,3369.0,19529186.0425039,,,,
3370.0,3864034.043,3370.0,312000241.253593,3370.0,146028240.708003,3370.0,19550169.5588432,,,,
3371.0,3869223.727,3371.0,312252220.446594,3371.0,146172507.983996,3371.0,19571171.4666055,,,,
3372.0,3874419.448,3372.0,312504298.519592,3372.0,146316868.33199,3372.0,19592190.2029269,,,,
3373.0,3879621.487,3373.0,312756475.472588,3373.0,146461311.367998,3373.0,19613226.5174393,,,,
3374.0,3884829.757,3374.0,313008817.225578,3374.0,146605867.651991,3374.0,19634279.4061108,,,,
3375.0,3890044.24,3375.0,313261290.818565,3375.0,146750496.368,3375.0,19655350.7209734,,,,
3376.0,3895264.815,3376.0,313513896.251549,3376.0,146895228.555993,3376.0,19676439.168827,,,,
3377.0,3900491.661,3377.0,313766600.564529,3377.0,147040053.512002,3377.0,19697544.8904396,,,,
3378.0,3905724.829,3378.0,314019469.677505,3378.0,147184960.995995,3378.0,19718667.2922114,,,,
3379.0,3910964.203,3379.0,314272437.670479,3379.0,147329971.792004,3379.0,19739808.5730062,,,,
3380.0,3916209.694,3380.0,314525570.463448,3380.0,147475075.515997,3380.0,19760966.78836,,,,
3381.0,3921461.281,3381.0,314778802.136414,3381.0,147620262.07199,3381.0,19782141.217473,,,,
3382.0,3926719.354,3382.0,315032165.649376,3382.0,147765551.635999,3382.0,19803334.178777,,,,
3383.0,3931983.723,3383.0,315285661.002335,3383.0,147910934.111992,3383.0,19824544.379072,,,,
3384.0,3937254.078,3384.0,315539321.155289,3384.0,148056399.436001,3384.0,19845771.8955261,,,,
3385.0,3942530.848,3385.0,315793080.18824,3385.0,148201967.911994,3385.0,19867017.2445713,,,,
3386.0,3947813.804,3386.0,316046938.101189,3386.0,148347629.156002,3386.0,19888279.1677755,,,,
3387.0,3953103.016,3387.0,316300960.814133,3387.0,148493373.231996,3387.0,19909559.4824028,,,,
3388.0,3958398.462,3388.0,316555082.407074,3388.0,148639220.476004,3388.0,19930856.7663571,,,,
3389.0,3963700.143,3389.0,316809335.840012,3389.0,148785150.407998,3389.0,19952172.1237345,,,,
3390.0,3969008.05,3390.0,317063787.032944,3390.0,148931183.491991,3390.0,19973503.496439,,,,
3391.0,3974322.211,3391.0,317318304.145874,3391.0,149077309.647999,3391.0,19994853.7269664,,,,
3392.0,3979642.767,3392.0,317572953.098801,3392.0,149223518.331993,3392.0,20016221.273653,,,,
3393.0,3984969.437,3393.0,317827733.891724,3393.0,149369830.184001,3393.0,20037606.1865306,,,,
3394.0,3990302.482,3394.0,318082646.524643,3394.0,149516224.867995,3394.0,20059008.0339673,,,,
3395.0,3995641.681,3395.0,318337690.997559,3395.0,149662722.704003,3395.0,20080427.713995,,,,
3396.0,4000987.255,3396.0,318592867.310471,3396.0,149809313.323996,3396.0,20101865.3750138,,,,
3397.0,4006339.122,3397.0,318848208.423378,3397.0,149955986.91999,3397.0,20123319.7585916,,,,
3398.0,4011697.143,3398.0,319103648.416283,3398.0,150102763.523998,3398.0,20144791.8687605,,,,
3399.0,4017061.478,3399.0,319359187.289185,3399.0,150249633.055991,3399.0,20166281.7614885,,,,
3400.0,4022432.146,3400.0,319614858.002083,3400.0,150396595.5,3400.0,20187788.9144075,,,,
3401.0,4027809.028,3401.0,319870693.514977,3401.0,150543650.871993,3401.0,20209313.8151176,,,,
3402.0,4033192.123,3402.0,320126627.907867,3402.0,150690789.076002,3402.0,20230856.3287867,,,,
3403.0,4038581.661,3403.0,320382760.060753,3403.0,150838030.287995,3403.0,20252415.8906468,,,,
3404.0,4043977.453,3404.0,320638958.133636,3404.0,150985374.668004,3404.0,20273993.560698,,,,
3405.0,4049379.557,3405.0,320895288.046516,3405.0,151132802.023997,3405.0,20295588.4197083,,,,
3406.0,4054787.924,3406.0,321151749.799393,3406.0,151280311.76399,3406.0,20317201.0053096,,,,
3407.0,4060202.564,3407.0,321408376.352264,3407.0,151427935.055999,3407.0,20338830.90707,,,,
3408.0,4065623.486,3408.0,321665068.825134,3408.0,151575641.019992,3408.0,20360479.0018214,,,,
3409.0,4071050.76,3409.0,321921959.057999,3409.0,151723440.072001,3409.0,20382144.0175639,,,,
3410.0,4076484.387,3410.0,322178948.17086,3410.0,151871331.731994,3410.0,20403826.6038654,,,,
3411.0,4081924.256,3411.0,322436069.123718,3411.0,152019326.864002,3411.0,20425527.277158,,,,
3412.0,4087370.447,3412.0,322693321.916573,3412.0,152167404.667996,3412.0,20447245.2318416,,,,
3413.0,4092822.919,3413.0,322950673.589424,3413.0,152315585.640004,3413.0,20468980.9478843,,,,
3414.0,4098281.733,3414.0,323208190.062271,3414.0,152463849.139998,3414.0,20490733.9665181,,,,
3415.0,4103746.85,3415.0,323465805.415115,3415.0,152612215.951991,3415.0,20512504.6405108,,,,
3416.0,4109218.307,3416.0,323723585.567955,3416.0,152760665.451999,3416.0,20534293.1894947,,,,
3417.0,4114696.206,3417.0,323981497.560791,3417.0,152909218.103993,3417.0,20556099.2318695,,,,
3418.0,4120180.246,3418.0,324239541.393623,3418.0,153057863.828001,3418.0,20577922.4844035,,,,
3419.0,4125670.636,3419.0,324497684.106453,3419.0,153206602.175994,3419.0,20599763.5271285,,,,
3420.0,4131167.408,3420.0,324755958.659279,3420.0,153355433.900003,3420.0,20621622.6992445,,,,
3421.0,4136670.541,3421.0,325014365.052101,3421.0,153504358.231996,3421.0,20643498.9331196,,,,
3422.0,4142179.854,3422.0,325272936.244919,3422.0,153653375.65199,3422.0,20665393.2115857,,,,
3423.0,4147695.738,3423.0,325531606.317734,3423.0,153802485.983998,3423.0,20687305.0682428,,,,
3424.0,4153217.802,3424.0,325790408.230545,3424.0,153951699.323991,3424.0,20709234.686259,,,,
3425.0,4158746.336,3425.0,326049341.983353,3425.0,154100995.512,3425.0,20731181.6916663,,,,
3426.0,4164281.101,3426.0,326308407.576157,3426.0,154250394.995993,3426.0,20753146.3736326,,,,
3427.0,4169822.246,3427.0,326567605.008957,3427.0,154399887.264002,3427.0,20775128.48539,,,,
3428.0,4175369.841,3428.0,326826934.281754,3428.0,154549462.203995,3428.0,20797128.4721384,,,,
3429.0,4180923.705,3429.0,327086395.394547,3429.0,154699140.456004,3429.0,20819146.4398778,,,,
3430.0,4186483.889,3430.0,327345988.347336,3430.0,154848911.475997,3430.0,20841182.0841763,,,,
3431.0,4192050.432,3431.0,327605713.140121,3431.0,154998775.56799,3431.0,20863235.3914658,,,,
3432.0,4197623.434,3432.0,327865536.812904,3432.0,155148732.587999,3432.0,20885306.0361144,,,,
3433.0,4203202.617,3433.0,328125525.285683,3433.0,155298792.775992,3433.0,20907394.6617541,,,,
3434.0,4208788.407,3434.0,328385612.638458,3434.0,155448935.636001,3434.0,20929500.8231847,,,,
3435.0,4214380.408,3435.0,328645897.751228,3435.0,155599181.807994,3435.0,20951624.5339745,,,,
3436.0,4219978.777,3436.0,328906248.783997,3436.0,155749520.748002,3436.0,20973766.1409552,,,,
3437.0,4225583.584,3437.0,329166764.61676,3437.0,155899952.759996,3437.0,20995925.983327,,,,
3438.0,4231194.811,3438.0,329427379.329521,3438.0,156050477.556004,3438.0,21018102.9298579,,,,
3439.0,4236812.325,3439.0,329688125.882278,3439.0,156201095.407998,3439.0,21040297.6241797,,,,
3440.0,4242436.218,3440.0,329949037.235031,3440.0,156351806.187991,3440.0,21062510.2358927,,,,
3441.0,4248066.52,3441.0,330210080.42778,3441.0,156502609.895999,3441.0,21084740.2697647,,,,
3442.0,4253703.268,3442.0,330471222.500526,3442.0,156653516.755993,3442.0,21106988.5814277,,,,
3443.0,4259346.396,3443.0,330732496.413269,3443.0,156804506.448001,3443.0,21129254.5348817,,,,
3444.0,4264995.821,3444.0,330993935.126007,3444.0,156955599.307995,3444.0,21151537.9528948,,,,
3445.0,4270651.714,3445.0,331255439.758743,3445.0,157106784.936003,3445.0,21173839.4578989,,,,
3446.0,4276314.015,3446.0,331517109.191475,3446.0,157258063.475996,3446.0,21196158.2154621,,,,
3447.0,4281982.653,3447.0,331778943.424202,3447.0,157409445.34399,3447.0,21218495.3220484,,,,
3448.0,4287657.778,3448.0,332040909.496925,3448.0,157560909.883998,3448.0,21240849.9567936,,,,
3449.0,4293339.19,3449.0,332302941.489647,3449.0,157712477.591991,3449.0,21263222.2044979,,,,
3450.0,4299027.09,3450.0,332565138.282364,3450.0,157864138.212,3450.0,21285612.6528253,,,,
3451.0,4304721.417,3451.0,332827466.915077,3451.0,158015891.903993,3451.0,21308020.9049116,,,,
3452.0,4310422.109,3452.0,333089927.387787,3452.0,158167738.380002,3452.0,21330446.2823571,,,,
3453.0,4316129.159,3453.0,333352519.700493,3453.0,158319677.911995,3453.0,21352890.3480255,,,,
3454.0,4321842.677,3454.0,333615243.853195,3454.0,158471710.228004,3454.0,21375351.751053,,,,
3455.0,4327562.67,3455.0,333878099.845894,3455.0,158623845.999997,3455.0,21397830.5550396,,,,
3456.0,4333288.99,3456.0,334141087.678589,3456.0,158776074.39599,3456.0,21420327.9624491,,,,
3457.0,4339021.796,3457.0,334404174.391281,3457.0,158928396.007999,3457.0,21442842.9828177,,,,
3458.0,4344761.077,3458.0,334667425.903969,3458.0,159080810.403992,3458.0,21465375.6161454,,,,
3459.0,4350506.715,3459.0,334930809.256653,3459.0,159233328.096001,3459.0,21487926.450096,,,,
3460.0,4356258.788,3460.0,335194291.489334,3460.0,159385928.331994,3460.0,21510494.7486058,,,,
3461.0,4362017.267,3461.0,335457971.48201,3461.0,159538631.864002,3461.0,21533080.3208746,,,,
3462.0,4367782.243,3462.0,335721750.354683,3462.0,159691428.339996,3462.0,21555685.3869663,,,,
3463.0,4373553.623,3463.0,335985628.107353,3463.0,159844317.712004,3463.0,21578306.9636172,,,,
3464.0,4379331.41,3464.0,336249637.70002,3464.0,159997300.027998,3464.0,21600946.924059,,,,
3465.0,4385115.69,3465.0,336513812.092682,3465.0,160150385.495991,3465.0,21623604.6034599,,,,
3466.0,4390906.446,3466.0,336778085.365341,3466.0,160303564.035999,3466.0,21646280.1154519,,,,
3467.0,4396703.657,3467.0,337042556.397995,3467.0,160456835.343993,3467.0,21668973.3540348,,,,
3468.0,4402507.263,3468.0,337307093.350647,3468.0,160610199.724001,3468.0,21691685.1248088,,,,
3469.0,4408317.205,3469.0,337571795.103294,3469.0,160763657.031995,3469.0,21714414.2541419,,,,
3470.0,4414133.78,3470.0,337836595.735939,3470.0,160917217.492003,3470.0,21737161.8732659,,,,
3471.0,4419956.74,3471.0,338101561.168579,3471.0,161070870.879996,3471.0,21759926.540581,,,,
3472.0,4425786.234,3472.0,338366625.481216,3472.0,161224617.33999,3472.0,21782709.4992552,,,,
3473.0,4431622.163,3473.0,338631821.63385,3473.0,161378456.567998,3473.0,21805510.3965204,,,,
3474.0,4437464.475,3474.0,338897215.546478,3474.0,161532398.963991,3474.0,21828329.2747766,,,,
3475.0,4443313.323,3475.0,339162675.379105,3475.0,161686424.032,3475.0,21851166.0203918,,,,
3476.0,4449168.633,3476.0,339428267.051727,3476.0,161840552.571993,3476.0,21874020.4925981,,,,
3477.0,4455030.308,3477.0,339694023.524345,3477.0,161994773.880002,3477.0,21896892.9033954,,,,
3478.0,4460898.536,3478.0,339959878.876961,3478.0,162149098.339995,3478.0,21919783.5207517,,,,
3479.0,4466773.297,3479.0,340225866.069572,3479.0,162303505.488004,3479.0,21942692.699131,,,,
3480.0,4472654.553,3480.0,340492018.06218,3480.0,162458015.803997,3480.0,21965618.2320375,,,,
3481.0,4478542.151,3481.0,340758301.894783,3481.0,162612629.57599,3481.0,21988562.7923669,,,,
3482.0,4484436.273,3482.0,341024651.647385,3482.0,162767325.731999,3482.0,22011524.9232554,,,,
3483.0,4490337.028,3483.0,341291199.159981,3483.0,162922125.039992,3483.0,22034505.0351349,,,,
3484.0,4496244.195,3484.0,341557878.512573,3484.0,163077017.580001,3484.0,22057503.7640054,,,,
3485.0,4502157.725,3485.0,341824656.745163,3485.0,163232002.887994,3485.0,22080519.6818349,,,,
3486.0,4508077.91,3486.0,342091599.777748,3486.0,163387081.268002,3486.0,22103554.5846875,,,,
3487.0,4514004.546,3487.0,342358641.690331,3487.0,163542262.655996,3487.0,22126606.0540671,,,,
3488.0,4519937.663,3488.0,342625815.442909,3488.0,163697536.972004,3488.0,22149676.5084697,,,,
3489.0,4525877.135,3489.0,342893121.035484,3489.0,163852904.359998,3489.0,22172764.6182314,,,,
3490.0,4531823.308,3490.0,343160558.468056,3490.0,164008374.899991,3490.0,22195870.6665841,,,,
3491.0,4537775.932,3491.0,343428160.700623,3491.0,164163938.367999,3491.0,22218994.9503278,,,,
3492.0,4543735.109,3492.0,343695894.773186,3492.0,164319594.907993,3492.0,22242137.3982305,,,,
3493.0,4549700.688,3493.0,343963760.685745,3493.0,164475344.216001,3493.0,22265297.5727243,,,,
3494.0,4555672.9,3494.0,344231725.478302,3494.0,164631196.691995,3494.0,22288475.7706091,,,,
3495.0,4561651.473,3495.0,344499822.110855,3495.0,164787132.000003,3495.0,22311672.4158849,,,,
3496.0,4567636.726,3496.0,344768050.583405,3496.0,164943180.699996,3496.0,22334886.7165198,,,,
3497.0,4573628.312,3497.0,345036443.855949,3497.0,165099312.08799,3497.0,22358118.7013457,,,,
3498.0,4579626.578,3498.0,345304936.008492,3498.0,165255546.787998,3498.0,22381368.6383306,,,,
3499.0,4585631.167,3499.0,345573625.921028,3499.0,165411874.255991,3499.0,22404637.4331385,,,,
3500.0,4591642.685,3500.0,345842381.753563,3500.0,165568294.652,3500.0,22427923.8409055,,,,
3501.0,4597661.251,3501.0,346111269.426094,3501.0,165724818.199993,3501.0,22451228.4416635,,,,
3502.0,4603687.153,3502.0,346380288.938622,3502.0,165881434.820002,3502.0,22474550.7825805,,,,
3503.0,4609720.484,3503.0,346649440.291145,3503.0,166038144.367995,3503.0,22497892.1933205,,,,
3504.0,4615761.285,3504.0,346918756.443665,3504.0,166194957.228004,3504.0,22521250.7506196,,,,
3505.0,4621809.689,3505.0,347188171.476181,3505.0,166351862.855997,3505.0,22544627.5433097,,,,
3506.0,4627865.843,3506.0,347457751.308693,3506.0,166508861.55599,3506.0,22568022.5001588,,,,
3507.0,4633929.684,3507.0,347727462.981201,3507.0,166665953.023999,3507.0,22591435.3955989,,,,
3508.0,4640001.216,3508.0,347997306.493706,3508.0,166823147.659992,3508.0,22614865.9752301,,,,
3509.0,4646080.596,3509.0,348267248.886208,3509.0,166980435.368001,3509.0,22638315.6806522,,,,
3510.0,4652167.693,3510.0,348537323.118706,3510.0,167137826.227994,3510.0,22661782.4902334,,,,
3511.0,4658262.996,3511.0,348807562.151199,3511.0,167295310.176002,3511.0,22685268.3832056,,,,
3512.0,4664366.076,3512.0,349077965.983688,3512.0,167452886.875996,3512.0,22708771.4091689,,,,
3513.0,4670477.261,3513.0,349348435.736176,3513.0,167610556.664004,3513.0,22732293.5609231,,,,
3514.0,4676596.435,3514.0,349619037.328659,3514.0,167768329.603998,3514.0,22755832.9864365,,,,
3515.0,4682723.584,3515.0,349889803.721138,3515.0,167926195.311991,3515.0,22779390.9017408,,,,
3516.0,4688859.049,3516.0,350160701.953613,3516.0,168084154.251999,3516.0,22802966.9252361,,,,
3517.0,4695002.551,3517.0,350431699.066086,3517.0,168242216.199993,3517.0,22826561.5233224,,,,
3518.0,4701154.211,3518.0,350702860.978554,3518.0,168400370.916001,3518.0,22850173.6071678,,,,
3519.0,4707314.058,3519.0,350974154.731018,3519.0,168558629.247995,3519.0,22873804.2656042,,,,
3520.0,4713482.22,3520.0,351245580.323479,3520.0,168716980.204003,3520.0,22897452.9474316,,,,
3521.0,4719658.582,3521.0,351517104.795937,3521.0,168875424.231996,3521.0,22921119.496618,,,,
3522.0,4725843.262,3522.0,351788827.028389,3522.0,169033961.17199,3522.0,22944804.6916275,,,,
3523.0,4732036.224,3523.0,352060582.22084,3523.0,169192601.279998,3523.0,22968508.0083959,,,,
3524.0,4738237.603,3524.0,352332535.173286,3524.0,169351334.299991,3524.0,22992228.9805234,,,,
3525.0,4744447.234,3525.0,352604685.885727,3525.0,169510170.648,3525.0,23015968.5984739,,,,
3526.0,4750665.459,3526.0,352876869.558167,3526.0,169669099.907993,3526.0,23039726.3381834,,,,
3527.0,4756892.021,3527.0,353149218.030602,3527.0,169828121.936002,3527.0,23063501.634884,,,,
3528.0,4763126.972,3528.0,353421698.343033,3528.0,169987247.435995,3528.0,23087295.8453756,,,,
3529.0,4769370.345,3529.0,353694310.495461,3529.0,170146465.848004,3529.0,23111108.3048261,,,,
3530.0,4775622.398,3530.0,353967021.527885,3530.0,170305787.123997,3530.0,23134938.9012997,,,,
3531.0,4781882.774,3531.0,354239930.320305,3531.0,170465201.77599,3531.0,23158787.6619323,,,,
3532.0,4788151.933,3532.0,354512970.952721,3532.0,170624709.195999,3532.0,23182654.289924,,,,
3533.0,4794429.493,3533.0,354786110.465134,3533.0,170784309.383992,3533.0,23206539.5213386,,,,
3534.0,4800715.615,3534.0,355059381.817543,3534.0,170944012.884001,3534.0,23230442.9593123,,,,
3535.0,4807010.368,3535.0,355332785.009949,3535.0,171103819.551994,3535.0,23254364.123877,,,,
3536.0,4813313.84,3536.0,355606320.042351,3536.0,171263709.052002,3536.0,23278305.0366646,,,,
3537.0,4819625.889,3537.0,355880052.834747,3537.0,171423711.799996,3537.0,23302262.8127793,,,,
3538.0,4825946.654,3538.0,356153851.547142,3538.0,171583797.380004,3538.0,23326238.4850851,,,,
3539.0,4832276.062,3539.0,356427782.099533,3539.0,171743986.271998,3539.0,23350233.3679818,,,,
3540.0,4838614.12,3540.0,356701844.49192,3540.0,171904278.027991,3540.0,23374246.0622696,,,,
3541.0,4844961.035,3541.0,356976038.724304,3541.0,172064652.759999,3541.0,23398277.8399483,,,,
3542.0,4851316.494,3542.0,357250397.756683,3542.0,172225130.499993,3542.0,23422325.9297541,,,,
3543.0,4857680.904,3543.0,357524855.66906,3543.0,172385711.408001,3543.0,23446394.0086149,,,,
3544.0,4864054.14,3544.0,357799511.341431,3544.0,172546385.387995,3544.0,23470480.8316666,,,,
3545.0,4870435.94,3545.0,358074265.893799,3545.0,172707152.440003,3545.0,23494584.6452455,,,,
3546.0,4876826.827,3546.0,358349119.326164,3546.0,172868022.499996,3546.0,23518706.9486153,,,,
3547.0,4883226.28,3547.0,358624104.598526,3547.0,173028985.63199,3547.0,23542847.6569762,,,,
3548.0,4889634.72,3548.0,358899254.670883,3548.0,173190051.627998,3548.0,23567006.2191281,,,,
3549.0,4896052.256,3549.0,359174536.583237,3549.0,173351210.999991,3549.0,23591183.9494709,,,,
3550.0,4902478.34,3550.0,359449950.335587,3550.0,173512473.38,3550.0,23615379.6608048,,,,
3551.0,4908913.598,3551.0,359725528.887932,3551.0,173673828.671993,3551.0,23639593.2106657,,,,
3552.0,4915357.625,3552.0,360001206.320274,3552.0,173835276.892002,3552.0,23663825.9863816,,,,
3553.0,4921810.474,3553.0,360277015.592613,3553.0,173996828.279995,3553.0,23688075.9646245,,,,
3554.0,4928272.55,3554.0,360552923.744949,3554.0,174158472.884004,3554.0,23712346.1863224,,,,
3555.0,4934743.376,3555.0,360828996.697281,3555.0,174320220.351997,3555.0,23736633.0593473,,,,
3556.0,4941223.367,3556.0,361105201.489609,3556.0,174482060.73199,3556.0,23760938.4645633,,,,
3557.0,4947712.296,3557.0,361381571.081932,3557.0,174644004.583999,3557.0,23785262.4867702,,,,
3558.0,4954210.256,3558.0,361658072.514252,3558.0,174806041.203992,3558.0,23809605.2955682,,,,
3559.0,4960717.172,3559.0,361934672.826569,3559.0,174968181.136001,3559.0,23833966.0429571,,,,
3560.0,4967233.156,3560.0,362211404.978882,3560.0,175130393.515994,3560.0,23858344.3320732,,,,
3561.0,4973758.259,3561.0,362488301.93119,3561.0,175292729.528002,3561.0,23882742.5254441,,,,
3562.0,4980292.506,3562.0,362765297.763496,3562.0,175455168.707996,3562.0,23907157.9213421,,,,
3563.0,4986835.699,3563.0,363042458.395798,3563.0,175617690.560004,3563.0,23931592.9246951,,,,
3564.0,4993388.124,3564.0,363319783.828094,3564.0,175780315.723998,3564.0,23956045.1305751,,,,
3565.0,4999949.468,3565.0,363597208.140388,3565.0,175943023.431991,3565.0,23980515.5718462,,,,
3566.0,5006520.245,3566.0,363874698.372681,3566.0,176105855.075999,3566.0,24005004.9269082,,,,
3567.0,5013100.059,3567.0,364152419.324966,3567.0,176268769.247993,3567.0,24029513.0685612,,,,
3568.0,5019689.101,3568.0,364430206.19725,3568.0,176431786.588001,3568.0,24054039.2760052,,,,
3569.0,5026287.204,3569.0,364708190.829529,3569.0,176594886.599995,3569.0,24078584.3124403,,,,
3570.0,5032894.516,3570.0,364986274.341805,3570.0,176758089.780003,3570.0,24103146.4242024,,,,
3571.0,5039511.093,3571.0,365264489.694077,3571.0,176921396.271996,3571.0,24127728.3554194,,,,
3572.0,5046136.886,3572.0,365542869.846344,3572.0,177084806.07599,3572.0,24152327.6163635,,,,
3573.0,5052771.933,3573.0,365821348.878609,3573.0,177248318.887998,3573.0,24176945.2398986,,,,
3574.0,5059416.28,3574.0,366099926.790871,3574.0,177411914.531991,3574.0,24201583.2764886,,,,
3575.0,5066069.667,3575.0,366378702.463127,3575.0,177575613.184,3575.0,24226237.9644057,,,,
3576.0,5072732.503,3576.0,366657609.97538,3576.0,177739415.163993,3576.0,24250911.4813138,,,,
3577.0,5079404.589,3577.0,366936649.327629,3577.0,177903299.816002,3577.0,24275603.3184129,,,,
3578.0,5086085.999,3578.0,367215820.519875,3578.0,178067308.099995,3578.0,24300313.163639,,,,
3579.0,5092776.832,3579.0,367495090.592117,3579.0,178231399.232004,3579.0,24325042.1075201,,,,
3580.0,5099476.821,3580.0,367774525.464355,3580.0,178395593.355997,3580.0,24349789.9227922,,,,
3581.0,5106186.421,3581.0,368054059.216591,3581.0,178559870.32799,3581.0,24374555.1949913,,,,
3582.0,5112905.048,3582.0,368333790.728821,3582.0,178724250.451999,3582.0,24399340.2018454,,,,
3583.0,5119633.204,3583.0,368613588.161049,3583.0,178888733.743992,3583.0,24424142.6656265,,,,
3584.0,5126370.663,3584.0,368893583.353271,3584.0,179053320.348001,3584.0,24448963.3223986,,,,
3585.0,5133117.778,3585.0,369173644.465492,3585.0,179218009.959994,3585.0,24473802.5537618,,,,
3586.0,5139874.043,3586.0,369453870.377708,3586.0,179382782.404002,3586.0,24498661.1653159,,,,
3587.0,5146639.695,3587.0,369734261.08992,3587.0,179547657.855996,3587.0,24523537.800261,,,,
3588.0,5153414.933,3588.0,370014783.642128,3588.0,179712636.620004,3588.0,24548433.1793971,,,,
3589.0,5160199.579,3589.0,370295438.034332,3589.0,179877718.695998,3589.0,24573347.4299242,,,,
3590.0,5166993.592,3590.0,370576191.306534,3590.0,180042883.459991,3590.0,24598278.4165784,,,,
3591.0,5173797.262,3591.0,370857076.418732,3591.0,180208151.231999,3591.0,24623230.3250874,,,,
3592.0,5180610.238,3592.0,371138126.330925,3592.0,180373522.315993,3592.0,24648199.7481875,,,,
3593.0,5187432.843,3593.0,371419308.083115,3593.0,180538996.712001,3593.0,24673187.1794147,,,,
3594.0,5194264.775,3594.0,371700588.715302,3594.0,180704553.635994,3594.0,24698192.8884328,,,,
3595.0,5201106.492,3595.0,371982067.107483,3595.0,180870213.728003,3595.0,24723217.7232419,,,,
3596.0,5207957.455,3596.0,372263644.379662,3596.0,181035997.611996,3596.0,24748261.1750421,,,,
3597.0,5214818.043,3597.0,372545386.451836,3597.0,181201843.68799,3597.0,24773324.1918971,,,,
3598.0,5221688.206,3598.0,372827227.404007,3598.0,181367813.411998,3598.0,24798403.0816153,,,,
3599.0,5228567.973,3599.0,373109200.196175,3599.0,181533865.967991,3599.0,24823502.4267884,,,,
3600.0,5235457.341,3600.0,373391304.828339,3600.0,181700021.532,3600.0,24848620.0921525,,,,
3601.0,5242356.245,3601.0,373673574.260498,3601.0,181866280.407993,3601.0,24873756.8409076,,,,
3602.0,5249264.667,3602.0,373955975.532654,3602.0,182032642.452002,3602.0,24898910.8345898,,,,
3603.0,5256182.861,3603.0,374238508.644806,3603.0,182199087.167995,3603.0,24924084.6901268,,,,
3604.0,5263110.465,3604.0,374521173.596954,3604.0,182365655.532004,3604.0,24949276.002591,,,,
3605.0,5270047.897,3605.0,374803937.4291,3605.0,182532306.727997,3605.0,24974486.2712461,,,,
3606.0,5276994.809,3606.0,375086866.061241,3606.0,182699061.07599,3606.0,24999716.3593561,,,,
3607.0,5283951.515,3607.0,375369926.533379,3607.0,182865898.111999,3607.0,25024963.7347932,,,,
3608.0,5290917.826,3608.0,375653151.805511,3608.0,183032858.795992,3608.0,25050229.3456213,,,,
3609.0,5297893.802,3609.0,375936475.957642,3609.0,183199902.312001,3609.0,25075514.5910404,,,,
3610.0,5304879.441,3610.0,376219931.949768,3610.0,183367048.979994,3610.0,25100817.9446505,,,,
3611.0,5311874.851,3611.0,376503552.74189,3611.0,183534278.336002,3611.0,25126140.5936515,,,,
3612.0,5318879.941,3612.0,376787305.374008,3612.0,183701631.179996,3612.0,25151480.2755797,,,,
3613.0,5325894.739,3613.0,377071123.926125,3613.0,183869067.000004,3613.0,25176840.0313627,,,,
3614.0,5332919.164,3614.0,377355173.198235,3614.0,184036626.323998,3614.0,25202217.8953368,,,,
3615.0,5339953.475,3615.0,377639354.310341,3615.0,184204268.623991,3615.0,25227614.2762378,,,,
3616.0,5346997.517,3616.0,377923601.342445,3616.0,184371993.307999,3616.0,25253030.0949938,,,,
3617.0,5354051.185,3617.0,378208013.174545,3617.0,184539841.767993,3617.0,25278463.9218769,,,,
3618.0,5361114.87,3618.0,378492556.846642,3618.0,184707773.076001,3618.0,25303915.517751,,,,
3619.0,5368188.146,3619.0,378777265.318733,3619.0,184875807.391995,3619.0,25329386.748216,,,,
3620.0,5375271.197,3620.0,379062072.670822,3620.0,185043945.020003,3620.0,25354876.298872,,,,
3621.0,5382364.166,3621.0,379347044.822906,3621.0,185212185.815996,3621.0,25380384.593719,,,,
3622.0,5389466.846,3622.0,379632148.814987,3622.0,185380529.76399,3622.0,25405912.141557,,,,
3623.0,5396579.437,3623.0,379917384.647064,3623.0,185548956.543998,3623.0,25431457.882386,,,,
3624.0,5403701.847,3624.0,380202719.359138,3624.0,185717486.491991,3624.0,25457022.791406,,,,
3625.0,5410834.025,3625.0,380488218.871208,3625.0,185886139.928,3625.0,25482606.147817,,,,
3626.0,5417976.109,3626.0,380773850.223274,3626.0,186054855.715993,3626.0,25508207.173155,,,,
3627.0,5425128.124,3627.0,381059613.415337,3627.0,186223695.136002,3627.0,25533828.3571479,,,,
3628.0,5432289.791,3628.0,381345541.407394,3628.0,186392617.403995,3628.0,25559468.5397318,,,,
3629.0,5439461.565,3629.0,381631568.279449,3629.0,186561663.304004,3629.0,25585125.5432428,,,,
3630.0,5446643.169,3630.0,381917726.991501,3630.0,186730791.731997,3630.0,25610801.7997448,,,,
3631.0,5453834.613,3631.0,382204050.503548,3631.0,186900023.63199,3631.0,25636498.0453016,,,,
3632.0,5461035.982,3632.0,382490472.895592,3632.0,187069358.539999,3632.0,25662212.0445856,,,,
3633.0,5468247.248,3633.0,382777126.007629,3633.0,187238776.119992,3633.0,25687944.9152605,,,,
3634.0,5475468.511,3634.0,383063845.039665,3634.0,187408317.652001,3634.0,25713695.7669264,,,,
3635.0,5482699.701,3635.0,383350695.911697,3635.0,187577941.711994,3635.0,25739466.3803832,,,,
3636.0,5489940.871,3636.0,383637645.663727,3636.0,187747668.940002,3636.0,25765255.1868311,,,,
3637.0,5497191.872,3637.0,383924793.175751,3637.0,187917499.319996,3637.0,25791063.41587,,,,
3638.0,5504452.949,3638.0,384212039.567772,3638.0,188087412.532004,3638.0,25816889.6258998,,,,
3639.0,5511724.001,3639.0,384499450.759789,3639.0,188257449.391998,3639.0,25842734.2680567,,,,
3640.0,5519004.976,3640.0,384786993.791801,3640.0,188427569.083991,3640.0,25868598.4328685,,,,
3641.0,5526296.019,3641.0,385074668.663811,3641.0,188597812.263999,3641.0,25894482.0202713,,,,
3642.0,5533597.048,3642.0,385362475.375816,3642.0,188768137.971993,3642.0,25920382.5982011,,,,
3643.0,5540908.109,3643.0,385650413.927818,3643.0,188938546.816001,3643.0,25946303.8859858,,,,
3644.0,5548229.176,3644.0,385938484.319817,3644.0,189109079.147995,3644.0,25972242.4186976,,,,
3645.0,5555560.208,3645.0,386226686.551811,3645.0,189279714.648003,3645.0,25998200.0348004,,,,
3646.0,5562901.347,3646.0,386515086.5438,3646.0,189450432.979996,3646.0,26024177.5975581,,,,
3647.0,5570252.626,3647.0,386803552.455788,3647.0,189621254.31999,3647.0,26050172.3628429,,,,
3648.0,5577613.897,3648.0,387092183.16777,3648.0,189792178.971998,3648.0,26076187.1019185,,,,
3649.0,5584985.126,3649.0,387380945.719749,3649.0,189963206.935991,3649.0,26102219.6099853,,,,
3650.0,5592366.706,3650.0,387669807.151726,3650.0,190134337.908,3650.0,26128271.4982429,,,,
3651.0,5599758.15,3651.0,387958866.343697,3651.0,190305572.191993,3651.0,26154341.8338916,,,,
3652.0,5607159.776,3652.0,388248024.415665,3652.0,190476889.164002,3652.0,26180431.4649313,,,,
3653.0,5614571.433,3653.0,388537314.327629,3653.0,190648309.287995,3653.0,26206539.8825619,,,,
3654.0,5621993.199,3654.0,388826769.039589,3654.0,190819853.060004,3654.0,26232666.0963195,,,,
3655.0,5629425.273,3655.0,389116322.631546,3655.0,190991479.663997,3655.0,26258812.2143321,,,,
3656.0,5636867.333,3656.0,389406073.983498,3656.0,191163188.79599,3656.0,26284977.6277357,,,,
3657.0,5644319.552,3657.0,389695924.215446,3657.0,191335021.719999,3657.0,26311160.6676663,,,,
3658.0,5651781.858,3658.0,389985873.327393,3658.0,191506957.971992,3658.0,26337363.3574518,,,,
3659.0,5659254.463,3659.0,390276053.159332,3659.0,191678976.736001,3659.0,26363584.3097644,,,,
3660.0,5666737.164,3660.0,390566265.951271,3660.0,191851098.811994,3660.0,26389824.9119319,,,,
3661.0,5674229.991,3661.0,390856676.503204,3661.0,192023344.536002,3661.0,26416083.6494264,,,,
3662.0,5681733.048,3662.0,391147185.935135,3662.0,192195673.091996,3662.0,26442360.8767119,,,,
3663.0,5689246.386,3663.0,391437860.167061,3663.0,192368084.176004,3663.0,26468658.6018523,,,,
3664.0,5696769.793,3664.0,391728666.238983,3664.0,192540618.907998,3664.0,26494974.3351197,,,,
3665.0,5704303.475,3665.0,392019637.110901,3665.0,192713256.935991,3665.0,26521308.4733782,,,,
3666.0,5711847.401,3666.0,392310739.822815,3666.0,192885977.811999,3666.0,26547661.6526276,,,,
3667.0,5719401.514,3667.0,392601908.454727,3667.0,193058822.175993,3667.0,26574033.703268,,,,
3668.0,5726965.843,3668.0,392893274.846634,3668.0,193231749.372001,3668.0,26600425.1764993,,,,
3669.0,5734540.538,3669.0,393184740.118538,3669.0,193404779.575994,3669.0,26626834.8427217,,,,
3670.0,5742125.327,3670.0,393476403.150436,3670.0,193577913.092003,3670.0,26653263.804335,,,,
3671.0,5749720.501,3671.0,393768132.102333,3671.0,193751149.759996,3671.0,26679712.0613393,,,,
3672.0,5757326.039,3672.0,394060058.814224,3672.0,193924469.27599,3672.0,26706177.6056707,,,,
3673.0,5764941.583,3673.0,394352051.446114,3673.0,194097912.423998,3673.0,26732664.1142569,,,,
3674.0,5772567.641,3674.0,394644274.797997,3674.0,194271438.259991,3674.0,26759168.9006341,,,,
3675.0,5780203.986,3675.0,394936564.069878,3675.0,194445067.248,3675.0,26785691.8223384,,,,
3676.0,5787850.564,3676.0,395229018.141754,3676.0,194618820.043993,3676.0,26812234.3090976,,,,
3677.0,5795507.382,3677.0,395521571.093628,3677.0,194792655.512002,3677.0,26838796.2608477,,,,
3678.0,5803174.57,3678.0,395814354.765495,3678.0,194966593.987995,3678.0,26865376.0087249,,,,
3679.0,5810852.126,3679.0,396107171.397362,3679.0,195140635.936004,3679.0,26891974.839993,,,,
3680.0,5818540.051,3680.0,396400185.789223,3680.0,195314760.395997,3680.0,26918593.7875161,,,,
3681.0,5826238.294,3681.0,396693266.101082,3681.0,195489008.66399,3681.0,26945230.7431662,,,,
3682.0,5833946.889,3682.0,396986544.172935,3682.0,195663339.603999,3682.0,26971886.3582073,,,,
3683.0,5841665.817,3683.0,397279954.084785,3683.0,195837794.351992,3683.0,26998562.3015033,,,,
3684.0,5849395.062,3684.0,397573495.836632,3684.0,196012331.468001,3684.0,27025256.1681263,,,,
3685.0,5857134.838,3685.0,397867202.388474,3685.0,196186972.199994,3685.0,27051968.6517403,,,,
3686.0,5864884.963,3686.0,398161007.820313,3686.0,196361715.940002,3686.0,27078700.6427453,,,,
3687.0,5872645.473,3687.0,398454945.092148,3687.0,196536562.687996,3687.0,27105451.3779412,,,,
3688.0,5880416.343,3688.0,398749014.203979,3688.0,196711512.908004,3688.0,27132221.5781281,,,,
3689.0,5888197.744,3689.0,399043248.115807,3689.0,196886566.279998,3689.0,27159010.564906,,,,
3690.0,5895989.336,3690.0,399337613.86763,3690.0,197061702.339991,3690.0,27185818.3806749,,,,
3691.0,5903791.551,3691.0,399632177.379448,3691.0,197236961.887999,3691.0,27212646.0430347,,,,
3692.0,5911604.246,3692.0,399926773.851265,3692.0,197412304.427993,3692.0,27239491.8983855,,,,
3693.0,5919427.223,3693.0,400221535.123077,3693.0,197587750.120001,3693.0,27266356.6251273,,,,
3694.0,5927260.771,3694.0,400516461.194885,3694.0,197763319.459994,3694.0,27293239.6567961,,,,
3695.0,5935104.606,3695.0,400811519.106689,3695.0,197938971.472003,3695.0,27320143.2287198,,,,
3696.0,5942959.039,3696.0,401106675.898491,3696.0,198114726.651996,3696.0,27347065.5024345,,,,
3697.0,5950823.932,3697.0,401402030.450287,3697.0,198290585.12799,3697.0,27374007.1139402,,,,
3698.0,5958699.322,3698.0,401697516.842079,3698.0,198466546.787998,3698.0,27400966.3943729,,,,
3699.0,5966585.221,3699.0,401993135.073868,3699.0,198642611.599991,3699.0,27427945.9182605,,,,
3700.0,5974481.534,3700.0,402288852.185654,3700.0,198818759.244,3700.0,27454943.2382751,,,,
3701.0,5982388.325,3701.0,402584734.097435,3701.0,198995030.375993,3701.0,27481961.2257446,,,,
3702.0,5990305.772,3702.0,402880747.849213,3702.0,199171384.500002,3702.0,27508996.7549412,,,,
3703.0,5998233.614,3703.0,403176860.480988,3703.0,199347862.111995,3703.0,27536052.7819927,,,,
3704.0,6006172.011,3704.0,403473203.832756,3704.0,199524422.396004,3704.0,27563126.9867712,,,,
3705.0,6014120.931,3705.0,403769613.104523,3705.0,199701085.847997,3705.0,27590219.8933407,,,,
3706.0,6022080.506,3706.0,404066154.216286,3706.0,199877852.61199,3706.0,27617333.340165,,,,
3707.0,6030050.42,3707.0,404362893.088043,3707.0,200054722.687999,3707.0,27644463.9471165,,,,
3708.0,6038031.205,3708.0,404659664.9198,3708.0,200231695.771992,3708.0,27671614.5702589,,,,
3709.0,6046022.359,3709.0,404956667.47155,3709.0,200408772.184001,3709.0,27698784.4463922,,,,
3710.0,6054024.123,3710.0,405253834.823296,3710.0,200585951.731994,3710.0,27725974.0995804,,,,
3711.0,6062036.297,3711.0,405551068.095039,3711.0,200763234.608002,3711.0,27753181.5488957,,,,
3712.0,6070059.339,3712.0,405848433.206779,3712.0,200940620.491996,3712.0,27780408.420802,,,,
3713.0,6078092.924,3713.0,406145996.078514,3713.0,201118089.208004,3713.0,27807654.7152992,,,,
3714.0,6086137.048,3714.0,406443657.830246,3714.0,201295681.411998,3714.0,27834919.8811874,,,,
3715.0,6094191.751,3715.0,406741451.421974,3715.0,201473356.447991,3715.0,27862204.1728665,,,,
3716.0,6102257.103,3716.0,407039376.853699,3716.0,201651155.435999,3716.0,27889507.5479367,,,,
3717.0,6110333.041,3717.0,407337467.085419,3717.0,201829036.791993,3717.0,27916830.3879977,,,,
3718.0,6118419.646,3718.0,407635689.157135,3718.0,202007021.476001,3718.0,27944172.1418498,,,,
3719.0,6126517.038,3719.0,407934076.028847,3719.0,202185129.775995,3719.0,27971533.2334928,,,,
3720.0,6134624.966,3720.0,408232528.820557,3720.0,202363320.924003,3720.0,27998913.1541268,,,,
3721.0,6142743.463,3721.0,408531179.372261,3721.0,202541615.079996,3721.0,28026312.4973517,,,,
3722.0,6150872.688,3722.0,408829928.803963,3722.0,202720012.70799,3722.0,28053731.0511676,,,,
3723.0,6159012.588,3723.0,409128875.995659,3723.0,202898513.343998,3723.0,28081168.7307745,,,,
3724.0,6167163.155,3724.0,409427889.107353,3724.0,203077117.131991,3724.0,28108624.1217084,,,,
3725.0,6175324.551,3725.0,409727099.979042,3725.0,203255803.752,3725.0,28136100.6464972,,,,
3726.0,6183496.452,3726.0,410026409.730728,3726.0,203434614.019993,3726.0,28163595.9154769,,,,
3727.0,6191679.112,3727.0,410325884.28241,3727.0,203613527.600002,3727.0,28191110.0982477,,,,
3728.0,6199872.329,3728.0,410625457.714088,3728.0,203792544.187995,3728.0,28218642.3739454,,,,
3729.0,6208076.498,3729.0,410925228.905762,3729.0,203971643.752004,3729.0,28246195.3594981,,,,
3730.0,6216291.411,3730.0,411225098.977432,3730.0,204150866.819997,3730.0,28273767.5980417,,,,
3731.0,6224516.828,3731.0,411525100.889099,3731.0,204330172.71999,3731.0,28301357.8023123,,,,
3732.0,6232753.171,3732.0,411825267.600761,3732.0,204509602.251999,3732.0,28328967.9108379,,,,
3733.0,6241000.134,3733.0,412125566.15242,3733.0,204689114.167992,3733.0,28356597.7811544,,,,
3734.0,6249257.883,3734.0,412425963.584076,3734.0,204868750.180001,3734.0,28384245.3627979,,,,
3735.0,6257526.419,3735.0,412726525.815727,3735.0,205048468.719994,3735.0,28411913.7390963,,,,
3736.0,6265805.79,3736.0,413027252.847374,3736.0,205228290.716002,3736.0,28439599.9539218,,,,
3737.0,6274095.826,3737.0,413328111.719017,3737.0,205408236.215996,3737.0,28467306.6242022,,,,
3738.0,6282396.513,3738.0,413629102.430656,3738.0,205588264.388004,3738.0,28495031.1330095,,,,
3739.0,6290708.171,3739.0,413930192.022293,3739.0,205768395.871998,3739.0,28522776.5212718,,,,
3740.0,6299030.614,3740.0,414231446.413925,3740.0,205948630.379991,3740.0,28550539.2816611,,,,
3741.0,6307363.857,3741.0,414532865.605553,3741.0,206128968.183999,3741.0,28578323.3455053,,,,
3742.0,6315707.947,3742.0,414834416.637177,3742.0,206309409.315993,3742.0,28606125.2054765,,,,
3743.0,6324062.591,3743.0,415136066.548798,3743.0,206489953.584001,3743.0,28633946.9697026,,,,
3744.0,6332428.203,3744.0,415437914.220413,3744.0,206670601.035995,3744.0,28661787.3780558,,,,
3745.0,6340804.763,3745.0,415739860.772026,3745.0,206851351.640003,3745.0,28689646.9121999,,,,
3746.0,6349192.087,3746.0,416041939.163635,3746.0,207032205.555996,3746.0,28717527.1985989,,,,
3747.0,6357590.201,3747.0,416344182.35524,3747.0,207213162.49599,3747.0,28745424.7299249,,,,
3748.0,6365999.282,3748.0,416646524.426842,3748.0,207394222.731998,3748.0,28773343.6495058,,,,
3749.0,6374419.082,3749.0,416949097.218437,3749.0,207575386.135991,3749.0,28801280.2804137,,,,
3750.0,6382849.843,3750.0,417251735.930031,3750.0,207756652.852,3750.0,28829236.0795126,,,,
3751.0,6391291.287,3751.0,417554473.521622,3751.0,207938022.735993,3751.0,28857211.2588025,,,,
3752.0,6399743.763,3752.0,417857408.873207,3752.0,208119475.292002,3752.0,28885207.2327472,,,,
3753.0,6408207.222,3753.0,418160509.024788,3753.0,208301051.479995,3753.0,28913220.706019,,,,
3754.0,6416681.517,3754.0,418463675.096367,3754.0,208482730.996004,3754.0,28941253.8986817,,,,
3755.0,6425166.569,3755.0,418767038.92794,3755.0,208664513.663997,3755.0,28969307.8011993,,,,
3756.0,6433662.62,3756.0,419070534.59951,3756.0,208846379.17999,3756.0,28997379.627044,,,,
3757.0,6442169.467,3757.0,419374162.111076,3757.0,209028368.167999,3757.0,29025470.4938796,,,,
3758.0,6450687.438,3758.0,419677921.462639,3758.0,209210460.483992,3758.0,29053581.2921061,,,,
3759.0,6459216.215,3759.0,419981779.694199,3759.0,209392635.312001,3759.0,29081712.0369876,,,,
3760.0,6467755.693,3760.0,420285835.685753,3760.0,209574934.091994,3760.0,29109861.2563961,,,,
3761.0,6476306.426,3761.0,420590023.517303,3761.0,209757336.040002,3761.0,29138029.7287955,,,,
3762.0,6484868.052,3762.0,420894376.148849,3762.0,209939820.659996,3762.0,29166217.4965859,,,,
3763.0,6493440.576,3763.0,421198794.700394,3763.0,210122428.927989,3763.0,29194425.5926311,,,,
3764.0,6502024.036,3764.0,421503411.011932,3764.0,210305140.507998,3764.0,29222651.8664034,,,,
3765.0,6510618.37,3765.0,421808093.243469,3765.0,210487934.615991,3765.0,29250898.0715667,,,,
3766.0,6519223.987,3766.0,422112973.235001,3766.0,210670852.515999,3766.0,29279162.9785209,,,,
3767.0,6527840.266,3767.0,422418018.026527,3767.0,210853853.247993,3767.0,29307447.477666,,,,
3768.0,6536467.618,3768.0,422723161.698051,3768.0,211036977.468001,3768.0,29335752.7714661,,,,
3769.0,6545106.088,3769.0,423028470.169571,3769.0,211220205.159995,3769.0,29364076.1157931,,,,
3770.0,6553755.35,3770.0,423333910.481087,3770.0,211403515.380003,3770.0,29392418.5435112,,,,
3771.0,6562415.848,3771.0,423639449.6726,3771.0,211586949.391996,3771.0,29420780.5210201,,,,
3772.0,6571087.239,3772.0,423945186.624107,3772.0,211770486.41199,3772.0,29449161.8787201,,,,
3773.0,6579769.648,3773.0,424250989.495613,3773.0,211954106.103998,3773.0,29477563.9462749,,,,
3774.0,6588463.021,3774.0,424557056.047112,3774.0,212137849.747991,3774.0,29505984.1491567,,,,
3775.0,6597167.364,3775.0,424863188.518608,3775.0,212321696.56,3775.0,29534424.0290295,,,,
3776.0,6605882.887,3776.0,425169419.870102,3776.0,212505626.043993,3776.0,29562882.5258933,,,,
3777.0,6614609.324,3777.0,425475816.021591,3777.0,212689679.176002,3777.0,29591360.9541479,,,,
3778.0,6623346.983,3778.0,425782344.013077,3778.0,212873814.979995,3778.0,29619860.0922575,,,,
3779.0,6632095.721,3779.0,426089069.764557,3779.0,213058074.592004,3779.0,29648377.1536941,,,,
3780.0,6640855.239,3780.0,426395894.396034,3780.0,213242437.499997,3780.0,29676913.5529217,,,,
3781.0,6649625.937,3781.0,426702850.867508,3781.0,213426882.79199,3781.0,29705469.7563402,,,,
3782.0,6658407.878,3782.0,427009972.138977,3782.0,213611452.035999,3782.0,29734045.2551496,,,,
3783.0,6667200.646,3783.0,427317192.290443,3783.0,213796124.431992,3783.0,29762641.336614,,,,
3784.0,6676004.492,3784.0,427624577.241905,3784.0,213980899.980001,3784.0,29791255.4262053,,,,
3785.0,6684819.783,3785.0,427932094.033363,3785.0,214165778.855994,3785.0,29819889.2351876,,,,
3786.0,6693645.815,3786.0,428239775.624817,3786.0,214350740.260002,3786.0,29848541.9579609,,,,
3787.0,6702483.208,3787.0,428547622.016266,3787.0,214535825.759996,3787.0,29877214.8241251,,,,
3788.0,6711331.453,3788.0,428855534.327713,3788.0,214721013.963989,3788.0,29905908.2729442,,,,
3789.0,6720191.145,3789.0,429163611.439156,3789.0,214906305.783998,3789.0,29934619.5602903,,,,
3790.0,6729061.778,3790.0,429471853.350594,3790.0,215091700.307991,3790.0,29963350.4822274,,,,
3791.0,6737943.435,3791.0,429780194.142029,3791.0,215277198.447999,3791.0,29992101.9020193,,,,
3792.0,6746836.228,3792.0,430088666.77346,3792.0,215462799.755993,3792.0,30020871.6267383,,,,
3793.0,6755740.398,3793.0,430397337.164886,3793.0,215648504.072001,3793.0,30049661.4524482,,,,
3794.0,6764655.517,3794.0,430706172.356308,3794.0,215834311.699995,3794.0,30078471.6912129,,,,
3795.0,6773581.96,3795.0,431015073.467728,3795.0,216020222.640003,3795.0,30107299.5141048,,,,
3796.0,6782519.445,3796.0,431324139.379143,3796.0,216206236.731996,3796.0,30136146.9715875,,,,
3797.0,6791468.088,3797.0,431633304.170555,3797.0,216392353.99199,3797.0,30165014.4452612,,,,
3798.0,6800427.931,3798.0,431942666.721962,3798.0,216578574.419998,3798.0,30193902.6287898,,,,
3799.0,6809399.04,3799.0,432252161.113365,3799.0,216764897.999991,3799.0,30222808.6932454,,,,
3800.0,6818381.225,3800.0,432561820.304764,3800.0,216951345.532,3800.0,30251733.883492,,,,
3801.0,6827374.557,3801.0,432871578.37616,3801.0,217137875.591993,3801.0,30280680.8859934,,,,
3802.0,6836379.313,3802.0,433181468.287552,3802.0,217324529.444002,3802.0,30309645.5150218,,,,
3803.0,6845395.073,3803.0,433491522.99894,3803.0,217511265.823995,3803.0,30338630.8539051,,,,
3804.0,6854422.167,3804.0,433801709.550323,3804.0,217698105.516004,3804.0,30367634.4977155,,,,
3805.0,6863460.365,3805.0,434112027.941704,3805.0,217885068.839997,3805.0,30396658.6817807,,,,
3806.0,6872509.847,3806.0,434422478.17308,3806.0,218072115.01199,3806.0,30425701.2555729,,,,
3807.0,6881570.408,3807.0,434733126.164452,3807.0,218259284.815999,3807.0,30454764.5816201,,,,
3808.0,6890642.328,3808.0,435043840.075821,3808.0,218446557.931992,3808.0,30483846.8061942,,,,
3809.0,6899725.637,3809.0,435354751.747185,3809.0,218633913.736001,3809.0,30512949.2742232,,,,
3810.0,6908819.945,3810.0,435665795.258545,3810.0,218821393.027994,3810.0,30542070.0895792,,,,
3811.0,6917925.657,3811.0,435976904.689903,3811.0,219008975.632002,3811.0,30571211.4027901,,,,
3812.0,6927042.568,3812.0,436288244.841255,3812.0,219196641.067996,3812.0,30600371.360128,,,,
3813.0,6936170.863,3813.0,436599683.872604,3813.0,219384450.471989,3813.0,30629551.8153208,,,,
3814.0,6945310.3,3814.0,436911320.663948,3814.0,219572342.867998,3814.0,30658750.8298406,,,,
3815.0,6954460.933,3815.0,437222990.415291,3815.0,219760317.935991,3815.0,30687971.0630152,,,,
3816.0,6963623.142,3816.0,437534857.926628,3816.0,219948416.651999,3816.0,30717210.3371808,,,,
3817.0,6972796.503,3817.0,437846890.237961,3817.0,220136638.855993,3817.0,30746467.6618735,,,,
3818.0,6981980.926,3818.0,438159087.349289,3818.0,220324944.036001,3818.0,30775745.781221,,,,
3819.0,6991176.937,3819.0,438471383.340614,3819.0,220513352.383995,3819.0,30805044.1711594,,,,
3820.0,7000384.26,3820.0,438783811.171936,3820.0,220701884.380003,3820.0,30834361.6868888,,,,
3821.0,7009602.745,3821.0,439096403.803253,3821.0,220890498.887996,3821.0,30863697.3803452,,,,
3822.0,7018832.756,3822.0,439409062.354568,3822.0,221079216.86799,3822.0,30893054.0380565,,,,
3823.0,7028073.931,3823.0,439721951.625877,3823.0,221268058.655998,3823.0,30922430.4151587,,,,
3824.0,7037326.417,3824.0,440034939.777184,3824.0,221457003.275992,3824.0,30951827.0628518,,,,
3825.0,7046590.118,3825.0,440348092.728485,3825.0,221646030.904,3825.0,30981242.073136,,,,
3826.0,7055865.417,3826.0,440661377.519783,3826.0,221835182.163993,3826.0,31010677.523611,,,,
3827.0,7065152.088,3827.0,440974794.151077,3827.0,222024436.736002,3827.0,31040131.930277,,,,
3828.0,7074450.001,3828.0,441288342.622368,3828.0,222213794.315995,3828.0,31069604.64187,,,,
3829.0,7083759.287,3829.0,441602022.933655,3829.0,222403254.904004,3829.0,31099098.4025179,,,,
3830.0,7093079.975,3830.0,441915868.044937,3830.0,222592819.107997,3830.0,31128612.2217567,,,,
3831.0,7102411.852,3831.0,442229877.956215,3831.0,222782486.47999,3831.0,31158144.8275865,,,,
3832.0,7111755.338,3832.0,442544019.707489,3832.0,222972256.859999,3832.0,31187697.7888072,,,,
3833.0,7121110.138,3833.0,442858260.33876,3833.0,223162151.175992,3833.0,31217270.3846188,,,,
3834.0,7130476.327,3834.0,443172665.770027,3834.0,223352127.876001,3834.0,31246863.4782853,,,,
3835.0,7139853.803,3835.0,443487236.001289,3835.0,223542208.191994,3835.0,31276474.9192788,,,,
3836.0,7149242.852,3836.0,443801872.15255,3836.0,223732411.852002,3836.0,31306106.4188633,,,,
3837.0,7158643.316,3837.0,444116739.023804,3837.0,223922718.807996,3837.0,31335757.5954387,,,,
3838.0,7168055.081,3838.0,444431737.735054,3838.0,224113108.611989,3838.0,31365427.3466051,,,,
3839.0,7177478.317,3839.0,444746835.326302,3839.0,224303621.903998,3839.0,31395119.0372262,,,,
3840.0,7186912.82,3840.0,445062097.717545,3840.0,224494238.651991,3840.0,31424828.7783745,,,,
3841.0,7196358.982,3841.0,445377458.988785,3841.0,224684958.567999,3841.0,31454557.9421136,,,,
3842.0,7205816.413,3842.0,445693018.02002,3842.0,224875781.491993,3842.0,31484308.4093077,,,,
3843.0,7215285.501,3843.0,446008675.931252,3843.0,225066707.728001,3843.0,31514077.3086287,,,,
3844.0,7224765.927,3844.0,446324498.642479,3844.0,225257757.755995,3844.0,31543866.6210046,,,,
3845.0,7234257.605,3845.0,446640486.153702,3845.0,225448890.312003,3845.0,31573675.1711075,,,,
3846.0,7243761.167,3846.0,446956605.504921,3846.0,225640146.819996,3846.0,31603503.6254653,,,,
3847.0,7253275.923,3847.0,447272856.696136,3847.0,225831485.99999,3847.0,31633351.3599501,,,,
3848.0,7262802.161,3848.0,447589206.767349,3848.0,226022948.667998,3848.0,31663219.5498898,,,,
3849.0,7272339.78,3849.0,447905754.598557,3849.0,226214514.663991,3849.0,31693105.8751564,,,,
3850.0,7281889.193,3850.0,448222401.309761,3850.0,226406183.956,3850.0,31723013.970278,,,,
3851.0,7291449.782,3851.0,448539245.78096,3851.0,226597956.271993,3851.0,31752941.6999904,,,,
3852.0,7301021.936,3852.0,448856189.132156,3852.0,226789831.884002,3852.0,31782887.3954299,,,,
3853.0,7310605.753,3853.0,449173264.323349,3853.0,226981810.823995,3853.0,31812854.0975243,,,,
3854.0,7320201.082,3854.0,449490504.314537,3854.0,227173892.772004,3854.0,31842840.8582095,,,,
3855.0,7329807.685,3855.0,449807876.145721,3855.0,227366098.511997,3855.0,31872846.7022858,,,,
3856.0,7339425.977,3856.0,450125379.816902,3856.0,227558386.92399,3856.0,31902872.9017529,,,,
3857.0,7349055.643,3857.0,450443081.248077,3857.0,227750799.287999,3857.0,31932918.735811,,,,
3858.0,7358697.036,3858.0,450760881.55925,3858.0,227943314.659992,3858.0,31962983.73806,,,,
3859.0,7368349.677,3859.0,451078813.710419,3859.0,228135933.184001,3859.0,31993068.7565,,,,
3860.0,7378014.045,3860.0,451396877.701584,3860.0,228328654.891994,3860.0,32023173.7487309,,,,
3861.0,7387690.075,3861.0,451715139.452744,3861.0,228521479.896002,3861.0,32053298.1635527,,,,
3862.0,7397377.528,3862.0,452033467.123901,3862.0,228714428.531996,3862.0,32083442.3401655,,,,
3863.0,7407076.486,3863.0,452351959.595055,3863.0,228907460.015989,3863.0,32113605.8969692,,,,
3864.0,7416787.117,3864.0,452670649.826202,3864.0,229100615.131998,3864.0,32143791.0540278,,,,
3865.0,7426509.248,3865.0,452989438.937347,3865.0,229293853.095991,3865.0,32173994.9824133,,,,
3866.0,7436242.98,3866.0,453308392.848488,3866.0,229487214.387999,3866.0,32204218.2061898,,,,
3867.0,7445988.223,3867.0,453627445.639626,3867.0,229680679.295993,3867.0,32234462.5214212,,,,
3868.0,7455745.241,3868.0,453946663.230759,3868.0,229874247.212001,3868.0,32264724.6751796,,,,
3869.0,7465513.695,3869.0,454266045.621887,3869.0,230067918.295994,3869.0,32295008.7259928,,,,
3870.0,7475293.868,3870.0,454585559.853012,3870.0,230261692.836003,3870.0,32325310.5305331,,,,
3871.0,7485085.36,3871.0,454905172.964134,3871.0,230455590.863996,3871.0,32355634.6137281,,,,
3872.0,7494888.856,3872.0,455224983.835251,3872.0,230649571.57999,3872.0,32385975.8146502,,,,
3873.0,7504703.498,3873.0,455544893.586365,3873.0,230843676.087998,3873.0,32416338.1918272,,,,
3874.0,7514530.157,3874.0,455864968.137474,3874.0,231037883.747991,3874.0,32446721.3059951,,,,
3875.0,7524368.178,3875.0,456185174.52858,3875.0,231232194.736,3875.0,32477123.5883539,,,,
3876.0,7534217.997,3876.0,456505578.67968,3876.0,231426608.715993,3876.0,32507545.8869037,,,,
3877.0,7544079.453,3877.0,456826081.710777,3877.0,231621126.168002,3877.0,32537985.7695805,,,,
3878.0,7553952.373,3878.0,457146683.621872,3878.0,231815767.267995,3878.0,32568448.3125121,,,,
3879.0,7563837.147,3879.0,457467483.292961,3879.0,232010490.896004,3879.0,32598929.7268347,,,,
3880.0,7573733.54,3880.0,457788414.804047,3880.0,232205338.459997,3880.0,32629432.5294121,,,,
3881.0,7583641.312,3881.0,458109478.155128,3881.0,232400289.04799,3881.0,32659953.3825165,,,,
3882.0,7593561.121,3882.0,458430673.346207,3882.0,232595322.451999,3882.0,32690492.9221479,,,,
3883.0,7603492.308,3883.0,458752066.297279,3883.0,232790499.983992,3883.0,32721054.8404982,,,,
3884.0,7613435.427,3884.0,459073558.128349,3884.0,232985760.204001,3884.0,32751635.6149754,,,,
3885.0,7623390.035,3885.0,459395181.799416,3885.0,233181123.879994,3885.0,32782235.7272435,,,,
3886.0,7633356.347,3886.0,459716970.270477,3886.0,233376611.044002,3886.0,32812857.5669665,,,,
3887.0,7643334.643,3887.0,460038857.621536,3887.0,233572201.375996,3887.0,32843497.5844165,,,,
3888.0,7653324.103,3888.0,460360909.772591,3888.0,233767874.683989,3888.0,32874158.5661214,,,,
3889.0,7663325.602,3889.0,460683159.68364,3889.0,233963691.815998,3889.0,32904838.2767532,,,,
3890.0,7673338.71,3890.0,461005541.434685,3890.0,234159592.083991,3890.0,32935539.3756399,,,,
3891.0,7683363.657,3891.0,461327989.105728,3891.0,234355595.359999,3891.0,32966258.4402537,,,,
3892.0,7693400.133,3892.0,461650601.576767,3892.0,234551722.123993,3892.0,32996998.9355223,,,,
3893.0,7703448.493,3893.0,461973411.8078,3893.0,234747952.360001,3893.0,33027759.3621818,,,,
3894.0,7713508.542,3894.0,462296353.87883,3894.0,234944265.267994,3894.0,33058540.1018322,,,,
3895.0,7723580.13,3895.0,462619361.869858,3895.0,235140701.808003,3895.0,33089339.2040736,,,,
3896.0,7733663.752,3896.0,462942600.580879,3896.0,235337241.531996,3896.0,33120159.8489058,,,,
3897.0,7743758.953,3897.0,463265971.131897,3897.0,235533905.19199,3897.0,33150999.1955291,,,,
3898.0,7753865.888,3898.0,463589473.522911,3898.0,235730651.379998,3898.0,33181858.2615433,,,,
3899.0,7763984.687,3899.0,463913107.753922,3899.0,235927521.359991,3899.0,33212738.6581483,,,,
3900.0,7774115.0,3900.0,464236840.864929,3900.0,236124494.348,3900.0,33243637.4173443,,,,
3901.0,7784257.237,3901.0,464560771.735931,3901.0,236321570.807993,3901.0,33274558.8791951,,,,
3902.0,7794411.213,3902.0,464884834.44693,3902.0,236518750.420002,3902.0,33305497.373973,,,,
3903.0,7804577.073,3903.0,465209061.957924,3903.0,236716033.039995,3903.0,33336456.6905418,,,,
3904.0,7814754.412,3904.0,465533421.308914,3904.0,236913419.132004,3904.0,33367436.4201655,,,,
3905.0,7824944.0,3905.0,465857912.499901,3905.0,237110928.711997,3905.0,33398434.8787161,,,,
3906.0,7835144.927,3906.0,466182502.570885,3906.0,237308541.74799,3906.0,33429455.2343216,,,,
3907.0,7845358.003,3907.0,466507290.401863,3907.0,237506257.791999,3907.0,33460495.012518,,,,
3908.0,7855582.678,3908.0,466832210.072838,3908.0,237704077.163992,3908.0,33491553.5196414,,,,
3909.0,7865819.107,3909.0,467157327.503807,3909.0,237902020.024001,3909.0,33522632.9910197,,,,
3910.0,7876067.47,3910.0,467482477.894775,3910.0,238100045.859994,3910.0,33553733.0297889,,,,
3911.0,7886327.622,3911.0,467807859.005737,3911.0,238298215.664002,3911.0,33584852.533549,,,,
3912.0,7896599.623,3912.0,468133338.996696,3912.0,238496447.979996,3912.0,33615991.7143001,,,,
3913.0,7906883.413,3913.0,468459016.74765,3913.0,238694803.783989,3913.0,33647150.6144421,,,,
3914.0,7917179.017,3914.0,468784760.418602,3914.0,238893283.379998,3914.0,33678330.6755749,,,,
3915.0,7927486.48,3915.0,469110701.849548,3915.0,239091845.647991,3915.0,33709530.1592987,,,,
3916.0,7937805.697,3916.0,469436775.120491,3916.0,239290531.723999,3916.0,33740749.0232135,,,,
3917.0,7948136.813,3917.0,469763013.191429,3917.0,239489320.951993,3917.0,33771989.656983,,,,
3918.0,7958479.853,3918.0,470089317.182365,3918.0,239688213.492001,3918.0,33803248.5532796,,,,
3919.0,7968834.907,3919.0,470415785.973297,3919.0,239887209.039995,3919.0,33834528.4986311,,,,
3920.0,7979201.535,3920.0,470742419.564224,3920.0,240086328.380003,3920.0,33865827.3849095,,,,
3921.0,7989580.052,3921.0,471069250.915146,3921.0,240285530.407996,3921.0,33897147.9562428,,,,
3922.0,7999970.543,3922.0,471396181.146065,3922.0,240484856.08399,3922.0,33928486.5781031,,,,
3923.0,8010372.773,3923.0,471723243.21698,3923.0,240684305.695998,3923.0,33959846.5458182,,,,
3924.0,8020787.042,3924.0,472050437.127892,3924.0,240883837.835991,3924.0,33991226.7417243,,,,
3925.0,8031213.22,3925.0,472377828.798798,3925.0,241083493.608,3925.0,34022626.4450213,,,,
3926.0,8041651.187,3926.0,472705319.349701,3926.0,241283232.227993,3926.0,34054046.7581092,,,,
3927.0,8052101.243,3927.0,473032941.740601,3927.0,241483094.480002,3927.0,34085486.748188,,,,
3928.0,8062562.873,3928.0,473360761.891495,3928.0,241683060.203995,3928.0,34116947.9145217,,,,
3929.0,8073036.517,3929.0,473688680.922386,3929.0,241883149.416004,3929.0,34148427.6401823,,,,
3930.0,8083522.21,3930.0,474016764.753273,3930.0,242083321.299997,3930.0,34179927.5940339,,,,
3931.0,8094019.817,3931.0,474344947.464157,3931.0,242283617.13599,3931.0,34211448.1576764,,,,
3932.0,8104529.198,3932.0,474673294.975037,3932.0,242484015.979999,3932.0,34242988.8375738,,,,
3933.0,8115050.593,3933.0,475001807.285912,3933.0,242684517.975992,3933.0,34274547.9919982,,,,
3934.0,8125583.797,3934.0,475330517.356781,3934.0,242885123.300001,3934.0,34306130.1034773,,,,
3935.0,8136129.13,3935.0,475659326.307648,3935.0,243085852.255994,3935.0,34337731.0439474,,,,
3936.0,8146686.362,3936.0,475988234.138512,3936.0,243286684.540002,3936.0,34369352.6790084,,,,
3937.0,8157255.408,3937.0,476317306.769371,3937.0,243487619.815996,3937.0,34400993.3974604,,,,
3938.0,8167836.628,3938.0,476646544.200226,3938.0,243688658.707989,3938.0,34432653.2264394,,,,
3939.0,8178429.797,3939.0,476975913.471077,3939.0,243889800.463998,3939.0,34464334.4012732,,,,
3940.0,8189034.805,3940.0,477305381.621925,3940.0,244091066.011991,3940.0,34496037.0067618,,,,
3941.0,8199651.627,3941.0,477635080.492767,3941.0,244292434.871999,3941.0,34527758.5531775,,,,
3942.0,8210280.548,3942.0,477964878.243607,3942.0,244493906.739993,3942.0,34559499.946184,,,,
3943.0,8220921.593,3943.0,478294840.794441,3943.0,244695502.560001,3943.0,34591261.7522454,,,,
3944.0,8231574.352,3944.0,478624902.225273,3944.0,244897180.891995,3944.0,34623043.2624338,,,,
3945.0,8242239.425,3945.0,478955095.496101,3945.0,245098982.888003,3945.0,34654846.4576771,,,,
3946.0,8252916.357,3946.0,479285486.526924,3946.0,245300888.339996,3946.0,34686668.0850473,,,,
3947.0,8263605.268,3947.0,479616042.357742,3947.0,245502896.94399,3947.0,34718511.2278723,,,,
3948.0,8274306.103,3948.0,479946730.028557,3948.0,245705008.715998,3948.0,34750373.7084883,,,,
3949.0,8285019.152,3949.0,480277549.539368,3949.0,245907244.119991,3949.0,34782256.7988952,,,,
3950.0,8295743.985,3950.0,480608500.890175,3950.0,246109582.852,3950.0,34814157.6430292,,,,
3951.0,8306480.997,3951.0,480939551.120979,3951.0,246312024.591993,3951.0,34846082.1802818,,,,
3952.0,8317229.818,3952.0,481270766.151779,3952.0,246514590.268002,3952.0,34878025.4040615,,,,
3953.0,8327990.953,3953.0,481602211.902573,3953.0,246717238.471995,3953.0,34909988.8136321,,,,
3954.0,8338764.027,3954.0,481933756.533363,3954.0,246920031.108004,3954.0,34941973.1450575,,,,
3955.0,8349549.015,3955.0,482265433.00415,3955.0,247122906.271997,3955.0,34973976.5870099,,,,
3956.0,8360346.152,3956.0,482597208.354935,3956.0,247325884.74799,3956.0,35006001.3748172,,,,
3957.0,8371155.313,3957.0,482929181.465714,3957.0,247528987.015999,3957.0,35038044.3403514,,,,
3958.0,8381976.463,3958.0,483261286.416489,3958.0,247732192.291992,3958.0,35070109.8389405,,,,
3959.0,8392809.887,3959.0,483593523.20726,3959.0,247935480.400001,3959.0,35102194.4209205,,,,
3960.0,8403655.05,3960.0,483925957.758026,3960.0,248138912.779994,3960.0,35134298.1134275,,,,
3961.0,8414512.527,3961.0,484258491.188789,3961.0,248342448.168002,3961.0,35166423.5757893,,,,
3962.0,8425382.088,3962.0,484591189.419548,3962.0,248546087.027996,3962.0,35198570.044806,,,,
3963.0,8436263.638,3963.0,484923986.530304,3963.0,248749828.895989,3963.0,35230735.4547497,,,,
3964.0,8447157.192,3964.0,485256981.401054,3964.0,248953674.075998,3964.0,35262921.1352842,,,,
3965.0,8458062.89,3965.0,485590108.111801,3965.0,249157642.887991,3965.0,35295126.6624097,,,,
3966.0,8468980.917,3966.0,485923366.662544,3966.0,249361715.027999,3966.0,35327353.3657901,,,,
3967.0,8479910.718,3967.0,486256790.013283,3967.0,249565890.319993,3967.0,35359599.3492974,,,,
3968.0,8490852.808,3968.0,486590312.244019,3968.0,249770168.764001,3968.0,35391866.7634595,,,,
3969.0,8501806.837,3969.0,486923999.27475,3969.0,249974571.015994,3969.0,35424153.6850126,,,,
3970.0,8512772.925,3970.0,487257851.105476,3970.0,250179076.276003,3970.0,35456461.1315566,,,,
3971.0,8523751.327,3971.0,487591801.8162,3971.0,250383685.151996,3971.0,35488787.9430276,,,,
3972.0,8534741.693,3972.0,487925950.286919,3972.0,250588417.35599,3972.0,35521135.5915534,,,,
3973.0,8545744.383,3973.0,488260263.557632,3973.0,250793232.551998,3973.0,35553504.5859341,,,,
3974.0,8556759.112,3974.0,488594675.708344,3974.0,250998171.235991,3974.0,35585893.2844417,,,,
3975.0,8567785.89,3975.0,488929252.65905,3975.0,251203233.712,3975.0,35618301.1511403,,,,
3976.0,8578825.107,3976.0,489263928.489754,3976.0,251408378.875993,3976.0,35650730.7876937,,,,
3977.0,8589876.123,3977.0,489598769.120453,3977.0,251613647.976002,3977.0,35683179.280374,,,,
3978.0,8600939.463,3978.0,489933774.551147,3978.0,251818999.603995,3978.0,35715649.5429092,,,,
3979.0,8612014.867,3979.0,490268944.781837,3979.0,252024495.360004,3979.0,35748140.0760354,,,,
3980.0,8623102.4,3980.0,490604246.852524,3980.0,252230073.787997,3980.0,35780648.1932885,,,,
3981.0,8634202.302,3981.0,490939647.803207,3981.0,252435796.64799,3981.0,35813178.7587965,,,,
3982.0,8645314.208,3982.0,491275213.553886,3982.0,252641602.035999,3982.0,35845729.4252953,,,,
3983.0,8656438.113,3983.0,491610944.104561,3983.0,252847510.735992,3983.0,35878301.946449,,,,
3984.0,8667574.582,3984.0,491946872.41523,3984.0,253053543.228001,3984.0,35910893.2389297,,,,
3985.0,8678723.1,3985.0,492282833.685898,3985.0,253259678.727994,3985.0,35943504.7172013,,,,
3986.0,8689883.732,3986.0,492619025.676559,3986.0,253465917.700002,3986.0,35976135.6180638,,,,
3987.0,8701056.538,3987.0,492955316.547218,3987.0,253672280.159996,3987.0,36008788.4583811,,,,
3988.0,8712241.633,3988.0,493291772.217873,3988.0,253878746.075989,3988.0,36041461.2300894,,,,
3989.0,8723438.827,3989.0,493628359.728523,3989.0,254085294.519998,3989.0,36074154.7811886,,,,
3990.0,8734648.47,3990.0,493965112.039169,3990.0,254291987.091991,3990.0,36106868.7724786,,,,
3991.0,8745870.127,3991.0,494301996.189812,3991.0,254498762.495999,3991.0,36139600.9414957,,,,
3992.0,8757103.848,3992.0,494639078.100449,3992.0,254705682.171993,3992.0,36172354.6259676,,,,
3993.0,8768350.008,3993.0,494976225.931084,3993.0,254912684.536001,3993.0,36205130.3346943,,,,
3994.0,8779608.377,3994.0,495313538.561714,3994.0,255119810.531995,3994.0,36237924.560348,,,,
3995.0,8790878.785,3995.0,495650983.032341,3995.0,255327019.360003,3995.0,36270740.7254565,,,,
3996.0,8802161.682,3996.0,495988592.302963,3996.0,255534351.675996,3996.0,36303575.3226921,,,,
3997.0,8813456.778,3997.0,496326366.373581,3997.0,255741807.94399,3997.0,36336431.6049824,,,,
3998.0,8824763.998,3998.0,496664272.284195,3998.0,255949346.739998,3998.0,36369306.8281998,,,,
3999.0,8836083.632,3999.0,497002342.994804,3999.0,256157009.327991,3999.0,36402203.312472,,,,
4000.0,8847415.48,4000.0,497340512.585411,4000.0,256364795.708,4000.0,36435120.5761351,,,,
4001.0,8858760.465,4001.0,497678846.976013,4001.0,256572664.615993,4001.0,36468059.016053,,,,
4002.0,8870118.378,4002.0,498017346.166611,4002.0,256780657.620002,4002.0,36501016.7360979,,,,
4003.0,8881489.45,4003.0,498355944.237206,4003.0,256988773.967995,4003.0,36533994.7267337,,,,
4004.0,8892873.764,4004.0,498694740.067795,4004.0,257196973.292004,4004.0,36566992.3943604,,,,
4005.0,8904271.46,4005.0,499033667.73838,4005.0,257405295.959997,4005.0,36600012.255842,,,,
4006.0,8915682.659,4006.0,499372727.248962,4006.0,257613722.08399,4006.0,36633052.1335144,,,,
4007.0,8927107.135,4007.0,499711984.519539,4007.0,257822271.855999,4007.0,36666112.8753777,,,,
4008.0,8938545.573,4008.0,500051307.710114,4008.0,258030924.939992,4008.0,36699191.5405681,,,,
4009.0,8949997.232,4009.0,500390828.660683,4009.0,258239660.856001,4009.0,36732292.2300133,,,,
4010.0,8961462.803,4010.0,500730481.451248,4010.0,258448540.739994,4010.0,36765413.4444493,,,,
4011.0,8972942.099,4011.0,501070299.041809,4011.0,258657503.456002,4011.0,36798555.4959403,,,,
4012.0,8984435.134,4012.0,501410215.512367,4012.0,258866610.139996,4012.0,36831716.9123582,,,,
4013.0,8995941.782,4013.0,501750296.782921,4013.0,259075799.815989,4013.0,36864899.7594309,,,,
4014.0,9007462.628,4014.0,502090542.85347,4014.0,259285113.123998,4014.0,36898102.3954306,,,,
4015.0,9018997.263,4015.0,502430920.764015,4015.0,259494509.119991,4015.0,36931325.8684851,,,,
4016.0,9030545.621,4016.0,502771430.514557,4016.0,259704049.387999,4016.0,36964570.3753305,,,,
4017.0,9042108.221,4017.0,503112105.065094,4017.0,259913672.487993,4017.0,36997833.9655669,,,,
4018.0,9053684.636,4018.0,503452944.415627,4018.0,260123439.556001,4018.0,37031118.8439941,,,,
4019.0,9065274.981,4019.0,503793915.606155,4019.0,260333289.455994,4019.0,37064423.6538123,,,,
4020.0,9076879.726,4020.0,504134985.676682,4020.0,260543242.668003,4020.0,37097749.8942853,,,,
4021.0,9088498.512,4021.0,504476253.507202,4021.0,260753319.367996,4021.0,37131095.8388852,,,,
4022.0,9100131.44,4022.0,504817653.177719,4022.0,260963499.39599,4022.0,37164462.79014,,,,
4023.0,9111778.343,4023.0,505159184.688232,4023.0,261173803.199998,4023.0,37197848.8519218,,,,
4024.0,9123439.842,4024.0,505500880.998741,4024.0,261384189.691991,4024.0,37231257.0227584,,,,
4025.0,9135115.249,4025.0,505842742.109245,4025.0,261594720.296,4025.0,37264684.7857859,,,,
4026.0,9146805.109,4026.0,506184702.099747,4026.0,261805333.747993,4026.0,37298132.9042043,,,,
4027.0,9158509.216,4027.0,506526859.850243,4027.0,262016070.976002,4027.0,37331602.3108136,,,,
4028.0,9170227.583,4028.0,506869116.480736,4028.0,262226931.707995,4028.0,37365091.3096138,,,,
4029.0,9181960.546,4029.0,507211570.871223,4029.0,262437875.256004,4029.0,37398602.0782688,,,,
4030.0,9193707.515,4030.0,507554157.101707,4030.0,262648942.467997,4030.0,37432132.2118508,,,,
4031.0,9205469.124,4031.0,507896875.172188,4031.0,262860112.97599,4031.0,37465683.3520877,,,,
4032.0,9217245.094,4032.0,508239725.082664,4032.0,263071407.131999,4032.0,37499255.4413154,,,,
4033.0,9229035.678,4033.0,508582706.833138,4033.0,263282804.439992,4033.0,37532847.631534,,,,
4034.0,9240840.625,4034.0,508925853.383606,4034.0,263494305.220001,4034.0,37566459.9227436,,,,
4035.0,9252660.177,4035.0,509269131.774071,4035.0,263705909.007994,4035.0,37600093.417344,,,,
4036.0,9264494.284,4036.0,509612574.964531,4036.0,263917657.068002,4036.0,37633747.3249993,,,,
4037.0,9276342.785,4037.0,509956248.874985,4037.0,264129487.655996,4037.0,37667421.4455815,,,,
4038.0,9288205.92,4038.0,510299955.745438,4038.0,264341442.195989,4038.0,37701116.9968186,,,,
4039.0,9300083.719,4039.0,510643860.375885,4039.0,264553479.407998,4039.0,37734832.3946466,,,,
4040.0,9311976.019,4040.0,510987896.846329,4040.0,264765660.891991,4040.0,37768567.3270015,,,,
4041.0,9323883.21,4041.0,511332065.156769,4041.0,264977925.063999,4041.0,37802324.9348752,,,,
4042.0,9335804.951,4042.0,511676365.307205,4042.0,265190333.203993,4042.0,37836101.4836759,,,,
4043.0,9347741.457,4043.0,512020863.217636,4043.0,265402824.320001,4043.0,37869899.4902674,,,,
4044.0,9359692.609,4044.0,512365492.968063,4044.0,265615439.083995,4044.0,37903717.9099139,,,,
4045.0,9371658.372,4045.0,512710254.558487,4045.0,265828136.536003,4045.0,37937556.7120872,,,,
4046.0,9383639.355,4046.0,513055180.948906,4046.0,266040978.403996,4046.0,37971415.6729154,,,,
4047.0,9395634.633,4047.0,513400206.219322,4047.0,266253923.27999,4047.0,38005295.9219345,,,,
4048.0,9407644.964,4048.0,513745429.249733,4048.0,266466971.323998,4048.0,38039195.8750806,,,,
4049.0,9419670.074,4049.0,514090751.160141,4049.0,266680122.823991,4049.0,38073116.3260815,,,,
4050.0,9431710.17,4050.0,514436270.830544,4050.0,266893397.812,4050.0,38107059.3101372,,,,
4051.0,9443765.077,4051.0,514781922.340942,4051.0,267106796.607993,4051.0,38141021.4047199,,,,
4052.0,9455834.851,4052.0,515127738.651337,4052.0,267320278.076002,4052.0,38175004.5059574,,,,
4053.0,9467919.257,4053.0,515473653.841728,4053.0,267533883.175995,4053.0,38209007.2265219,,,,
4054.0,9480019.133,4054.0,515819733.832115,4054.0,267747612.228004,4054.0,38243031.9713412,,,,
4055.0,9492133.511,4055.0,516165945.662498,4055.0,267961423.807997,4055.0,38277076.3931514,,,,
4056.0,9504263.228,4056.0,516512355.252876,4056.0,268175379.67599,4056.0,38311142.4423525,,,,
4057.0,9516407.609,4057.0,516858896.68325,4057.0,268389418.199999,4057.0,38345228.3381444,,,,
4058.0,9528567.217,4058.0,517205602.91362,4058.0,268603580.531992,4058.0,38379334.0805274,,,,
4059.0,9540741.729,4059.0,517552375.063988,4059.0,268817846.016001,4059.0,38413462.1863651,,,,
4060.0,9552931.337,4060.0,517899377.934349,4060.0,269032235.307994,4060.0,38447608.9787298,,,,
4061.0,9565136.076,4061.0,518246479.684708,4061.0,269246727.736002,4061.0,38481778.3889493,,,,
4062.0,9577355.661,4062.0,518593779.195061,4062.0,269461323.347996,4062.0,38515967.3065597,,,,
4063.0,9589590.585,4063.0,518941177.585411,4063.0,269676042.735989,4063.0,38550177.681961,,,,
4064.0,9601840.472,4064.0,519288740.775757,4064.0,269890865.307998,4064.0,38584407.4799532,,,,
4065.0,9614105.986,4065.0,519636435.806099,4065.0,270105811.655991,4065.0,38618659.5566002,,,,
4066.0,9626385.99,4066.0,519984262.676437,4066.0,270320861.011999,4066.0,38652930.7437742,,,,
4067.0,9638681.567,4067.0,520332287.30677,4067.0,270536013.983993,4067.0,38687223.616003,,,,
4068.0,9650992.111,4068.0,520680443.7771,4068.0,270751290.300001,4068.0,38721535.6835588,,,,
4069.0,9663317.955,4069.0,521028699.127426,4069.0,270966670.071995,4069.0,38755871.5290333,,,,
4070.0,9675659.131,4070.0,521377185.197746,4070.0,271182152.868003,4070.0,38790225.6370348,,,,
4071.0,9688015.643,4071.0,521725770.148064,4071.0,271397759.599996,4071.0,38824600.7788272,,,,
4072.0,9700386.954,4072.0,522074486.938377,4072.0,271613469.33999,4072.0,38858996.0216105,,,,
4073.0,9712773.995,4073.0,522423401.488686,4073.0,271829302.871998,4073.0,38893412.0437846,,,,
4074.0,9725176.0,4074.0,522772414.918991,4074.0,272045219.235991,4074.0,38927850.6566776,,,,
4075.0,9737593.61,4075.0,523121626.109291,4075.0,272261279.568,4075.0,38962307.8136335,,,,
4076.0,9750026.47,4076.0,523470903.219589,4076.0,272477443.371993,4076.0,38996786.9100443,,,,
4077.0,9762474.589,4077.0,523820378.089882,4077.0,272693710.184002,4077.0,39031286.022646,,,,
4078.0,9774937.941,4078.0,524170017.76017,4078.0,272910080.451995,4078.0,39065806.8203025,,,,
4079.0,9787416.887,4079.0,524519789.270454,4079.0,273126574.224004,4079.0,39100347.067686,,,,
4080.0,9799911.13,4080.0,524869692.620735,4080.0,273343191.771997,4080.0,39134910.0177242,,,,
4081.0,9812420.87,4081.0,525219760.771011,4081.0,273559912.48799,4081.0,39169490.2126895,,,,
4082.0,9824946.05,4082.0,525569993.721283,4082.0,273776736.515999,4082.0,39204093.7039096,,,,
4083.0,9837486.372,4083.0,525920358.511551,4083.0,273993663.711992,4083.0,39238717.9745205,,,,
4084.0,9850042.676,4084.0,526270855.141815,4084.0,274210735.020001,4084.0,39273361.8373223,,,,
4085.0,9862614.155,4085.0,526621450.652077,4085.0,274427889.319994,4085.0,39308026.6491151,,,,
4086.0,9875201.239,4086.0,526972309.842331,4086.0,274645167.252002,4086.0,39342713.6547626,,,,
4087.0,9887803.52,4087.0,527323234.952583,4087.0,274862548.191996,4087.0,39377418.7533372,,,,
4088.0,9900421.629,4088.0,527674357.82283,4088.0,275080053.083989,4088.0,39412147.4025665,,,,
4089.0,9913055.086,4089.0,528025579.573074,4089.0,275297660.983998,4089.0,39446895.7287867,,,,
4090.0,9925704.344,4090.0,528376999.083313,4090.0,275515372.195991,4090.0,39481664.4951978,,,,
4091.0,9938368.843,4091.0,528728484.51355,4091.0,275733207.199999,4091.0,39516453.5321999,,,,
4092.0,9951049.083,4092.0,529080200.66378,4092.0,275951145.371993,4092.0,39551265.2718567,,,,
4093.0,9963744.926,4093.0,529432048.654007,4093.0,276169207.176001,4093.0,39586095.9524405,,,,
4094.0,9976456.581,4094.0,529784061.444229,4094.0,276387372.451994,4094.0,39620948.0636791,,,,
4095.0,9989183.441,4095.0,530136206.074448,4095.0,276605661.056003,4095.0,39655821.0391086,,,,
4096.0,10001926.19,4096.0,530488416.624664,4096.0,276824053.275996,4096.0,39690714.878729,,,,
4097.0,10014684.56,4097.0,530840890.854874,4097.0,277042548.35999,4097.0,39725628.9041403,,,,
4098.0,10027458.47,4098.0,531193431.005081,4098.0,277261167.539998,4098.0,39760563.6241424,,,,
4099.0,10040248.5,4099.0,531546135.955284,4099.0,277479889.727991,4099.0,39795520.1987994,,,,
4100.0,10053053.8,4100.0,531899005.705482,4100.0,277698735.404,4100.0,39830497.3832473,,,,
4101.0,10065874.62,4101.0,532252073.215675,4101.0,277917684.695993,4101.0,39865493.7630221,,,,
4102.0,10078711.87,4102.0,532605239.605865,4102.0,278136757.476002,4102.0,39900514.0055157,,,,
4103.0,10091564.3,4103.0,532958570.796051,4103.0,278355933.583995,4103.0,39935553.1041362,,,,
4104.0,10104432.76,4104.0,533312000.866234,4104.0,278575212.988004,4104.0,39970612.3885477,,,,
4105.0,10117316.77,4105.0,533665595.736412,4105.0,278794615.879997,4105.0,40005694.1212139,,,,
4106.0,10130216.74,4106.0,534019388.366585,4106.0,279014122.09999,4106.0,40040796.887671,,,,
4107.0,10143132.31,4107.0,534373345.796753,4107.0,279233752.095999,4107.0,40075917.8318551,,,,
4108.0,10156064.02,4108.0,534727402.106918,4108.0,279453485.099992,4108.0,40111061.309094,,,,
4109.0,10169011.06,4109.0,535081590.25708,4109.0,279673341.912001,4109.0,40146226.8105877,,,,
4110.0,10181974.55,4110.0,535435943.207237,4110.0,279893302.179994,4110.0,40181411.1682084,,,,
4111.0,10194953.47,4111.0,535790427.997391,4111.0,280113365.456002,4111.0,40216616.89882,,,,
4112.0,10207948.53,4112.0,536145077.58754,4112.0,280333552.379996,4112.0,40251843.7208864,,,,
4113.0,10220959.09,4113.0,536499859.017685,4113.0,280553842.759989,4113.0,40287091.8311436,,,,
4114.0,10233985.95,4114.0,536854838.207825,4114.0,280774256.627998,4114.0,40322359.0519278,,,,
4115.0,10247028.64,4115.0,537209916.277962,4115.0,280994794.303991,4115.0,40357647.8729669,,,,
4116.0,10260087.1,4116.0,537565192.108093,4116.0,281215414.651999,4116.0,40392959.4814607,,,,
4117.0,10273161.45,4117.0,537920566.818222,4117.0,281436158.791993,4117.0,40428290.0308815,,,,
4118.0,10286251.89,4118.0,538276073.368347,4118.0,281657026.564001,4118.0,40463642.4349571,,,,
4119.0,10299358.09,4119.0,538631810.638466,4119.0,281877997.663995,4119.0,40499015.9576236,,,,
4120.0,10312480.44,4120.0,538987679.748581,4120.0,282099092.396003,4120.0,40534408.8180811,,,,
4121.0,10325619.01,4121.0,539343614.778694,4121.0,282320290.439996,4121.0,40569823.4755293,,,,
4122.0,10338773.32,4122.0,539699780.528801,4122.0,282541591.65199,4122.0,40605258.5731685,,,,
4123.0,10351943.42,4123.0,540056078.118904,4123.0,282763016.495998,4123.0,40640716.0342624,,,,
4124.0,10365129.91,4124.0,540412474.589005,4124.0,282984544.811992,4124.0,40676193.5963473,,,,
4125.0,10378332.17,4125.0,540769035.8591,4125.0,283206196.616,4125.0,40711690.9473591,,,,
4126.0,10391550.98,4126.0,541125794.889191,4126.0,283427951.731993,4126.0,40747211.0586897,,,,
4127.0,10404785.18,4127.0,541482685.759277,4127.0,283649830.480002,4127.0,40782751.1285472,,,,
4128.0,10418035.89,4128.0,541839708.46936,4128.0,283871812.555995,4128.0,40818310.7905956,,,,
4129.0,10431302.46,4129.0,542196895.979439,4129.0,284093918.264004,4129.0,40853894.1728987,,,,
4130.0,10444585.22,4130.0,542554215.329514,4130.0,284316127.283997,4130.0,40889496.8929928,,,,
4131.0,10457884.06,4131.0,542911699.479584,4131.0,284538459.79199,4131.0,40925119.4020139,,,,
4132.0,10471199.3,4132.0,543269315.46965,4132.0,284760895.771999,4132.0,40960764.5288897,,,,
4133.0,10484530.27,4133.0,543627096.259712,4133.0,284983434.903992,4133.0,40996430.8320204,,,,
4134.0,10497877.57,4134.0,543985008.889771,4134.0,285206097.684001,4134.0,41032117.093678,,,,
4135.0,10511240.96,4135.0,544343053.359825,4135.0,285428863.775994,4135.0,41067824.8707904,,,,
4136.0,10524621.12,4136.0,544701295.589874,4136.0,285651753.660002,4136.0,41103553.2848297,,,,
4137.0,10538016.91,4137.0,545059669.65992,4137.0,285874767.031996,4137.0,41139301.857524,,,,
4138.0,10551428.99,4138.0,545418175.569962,4138.0,286097863.235989,4138.0,41175073.302473,,,,
4139.0,10564857.23,4139.0,545776879.239998,4139.0,286321103.711998,4139.0,41210864.5363489,,,,
4140.0,10578301.75,4140.0,546135681.790031,4140.0,286544447.355991,4140.0,41246677.2856797,,,,
4141.0,10591762.54,4141.0,546494649.14006,4141.0,286767894.151999,4141.0,41282509.6543374,,,,
4142.0,10605239.42,4142.0,546853781.290085,4142.0,286991464.739993,4142.0,41318364.2168499,,,,
4143.0,10618732.9,4143.0,547213012.320107,4143.0,287215138.656001,4143.0,41354239.3891533,,,,
4144.0,10632242.37,4144.0,547572441.110123,4144.0,287438936.043994,4144.0,41390136.0769116,,,,
4145.0,10645768.08,4145.0,547932034.700134,4145.0,287662836.904003,4145.0,41426052.9775967,,,,
4146.0,10659310.44,4146.0,548291727.170143,4146.0,287886861.395996,4146.0,41461991.9873367,,,,
4147.0,10672868.6,4147.0,548651584.440147,4147.0,288110989.05599,4147.0,41497950.1076036,,,,
4148.0,10686443.53,4148.0,549011606.510147,4148.0,288335240.363998,4148.0,41533930.2521253,,,,
4149.0,10700034.69,4149.0,549371760.420143,4149.0,288559595.127992,4149.0,41569931.6000379,,,,
4150.0,10713642.1,4150.0,549732046.170136,4150.0,288784053.06,4150.0,41605954.8874053,,,,
4151.0,10727265.94,4151.0,550092463.760124,4151.0,289008654.959993,4151.0,41641996.9460997,,,,
4152.0,10740906.11,4152.0,550453145.030106,4152.0,289233339.836002,4152.0,41678061.5378489,,,,
4153.0,10754562.56,4153.0,550813892.220085,4153.0,289458168.839995,4153.0,41714146.400189,,,,
4154.0,10768235.82,4154.0,551174804.21006,4154.0,289683080.516004,4154.0,41750252.6355199,,,,
4155.0,10781925.07,4155.0,551535848.040031,4155.0,289908115.999997,4155.0,41786380.1590417,,,,
4156.0,10795630.97,4156.0,551897056.669998,4156.0,290133275.11599,4156.0,41822529.1980183,,,,
4157.0,10809353.11,4157.0,552258397.139961,4157.0,290358537.687999,4157.0,41858697.6019219,,,,
4158.0,10823092.02,4158.0,552619902.40992,4158.0,290583923.603992,4158.0,41894888.2844802,,,,
4159.0,10836846.8,4159.0,552981572.479874,4159.0,290809412.992001,4159.0,41931099.3224295,,,,
4160.0,10850618.24,4160.0,553343341.429825,4160.0,291035026.011994,4160.0,41967331.3093697,,,,
4161.0,10864406.65,4161.0,553705308.139771,4161.0,291260742.344002,4161.0,42003586.4229645,,,,
4162.0,10878211.1,4162.0,554067472.609711,4162.0,291486582.323996,4162.0,42039859.7142865,,,,
4163.0,10892032.24,4163.0,554429637.079651,4163.0,291712525.471989,4163.0,42076156.8683271,,,,
4164.0,10905869.8,4164.0,554792065.229584,4164.0,291938592.395998,4164.0,42112472.6512307,,,,
4165.0,10919723.75,4165.0,555154625.219513,4165.0,292164762.487991,4165.0,42148810.2039891,,,,
4166.0,10933594.58,4166.0,555517317.049438,4166.0,292391056.371999,4166.0,42185169.4418024,,,,
4167.0,10947481.54,4167.0,555880206.639359,4167.0,292617453.567993,4167.0,42221548.9773426,,,,
4168.0,10961385.57,4168.0,556243228.069275,4168.0,292843974.252001,4168.0,42257950.3675376,,,,
4169.0,10975305.79,4169.0,556606381.339188,4169.0,293070598.407995,4169.0,42294372.3675235,,,,
4170.0,10989242.38,4170.0,556969666.449097,4170.0,293297346.196003,4170.0,42330815.5709002,,,,
4171.0,11003195.89,4171.0,557333083.399002,4171.0,293524197.151996,4171.0,42367280.7137318,,,,
4172.0,11017166.14,4172.0,557696698.108902,4172.0,293751171.73999,4172.0,42403765.3910903,,,,
4173.0,11031152.64,4173.0,558060444.658798,4173.0,293978249.799998,4173.0,42440272.4319035,,,,
4174.0,11045156.01,4174.0,558424388.968689,4174.0,294205451.347991,4174.0,42476799.5737078,,,,
4175.0,11059175.75,4175.0,558788399.198578,4175.0,294432756.208,4175.0,42513348.4277028,,,,
4176.0,11073212.64,4176.0,559152607.188461,4176.0,294660184.859993,4176.0,42549917.3826887,,,,
4177.0,11087265.79,4177.0,559516947.018341,4177.0,294887737.000002,4177.0,42586509.8035294,,,,
4178.0,11101335.58,4178.0,559881484.608215,4178.0,295115372.131995,4178.0,42623120.6564971,,,,
4179.0,11115422.35,4179.0,560246088.118088,4179.0,295343151.376004,4179.0,42659754.3817196,,,,
4180.0,11129525.39,4180.0,560610889.387955,4180.0,295571033.931997,4180.0,42696409.7071969,,,,
4181.0,11143645.28,4181.0,560975954.337814,4181.0,295799019.49599,4181.0,42733084.2280011,,,,
4182.0,11157782.03,4182.0,561341019.287674,4182.0,296027149.347999,4182.0,42769781.3666601,,,,
4183.0,11171935.39,4183.0,561706281.997528,4183.0,296255362.015992,4183.0,42806497.3614462,,,,
4184.0,11186105.72,4184.0,562071676.547379,4184.0,296483698.332001,4184.0,42843237.1612869,,,,
4185.0,11200292.5,4185.0,562437202.937225,4185.0,296712158.439994,4185.0,42879996.2989186,,,,
4186.0,11214496.02,4186.0,562802927.087067,4186.0,296940721.716002,4186.0,42916778.732805,,,,
4187.0,11228716.47,4187.0,563168783.076904,4187.0,297169408.767996,4187.0,42953580.6164184,,,,
4188.0,11242953.46,4188.0,563534770.906738,4188.0,297398198.987989,4188.0,42990404.4394866,,,,
4189.0,11257207.44,4189.0,563900890.576569,4189.0,297627112.855998,4189.0,43027248.6179456,,,,
4190.0,11271477.98,4190.0,564267208.006393,4190.0,297856150.659991,4190.0,43064114.7629956,,,,
4191.0,11285765.66,4191.0,564633657.276215,4191.0,298085270.991999,4191.0,43101002.3387003,,,,
4192.0,11300069.88,4192.0,565000238.386032,4192.0,298314535.611993,4192.0,43137909.024932,,,,
4193.0,11314391.25,4193.0,565367083.175842,4193.0,298543903.528001,4193.0,43174839.3466185,,,,
4194.0,11328729.22,4194.0,565733927.965652,4194.0,298773374.611995,4194.0,43211790.0236958,,,,
4195.0,11343084.3,4195.0,566101036.435455,4195.0,299002989.664003,4195.0,43248761.649764,,,,
4196.0,11357455.98,4196.0,566468210.825256,4196.0,299232687.851996,4196.0,43285753.4616232,,,,
4197.0,11371844.24,4197.0,566835582.975052,4197.0,299462509.52799,4197.0,43322768.654537,,,,
4198.0,11386250.02,4198.0,567203086.964844,4198.0,299692454.851998,4198.0,43359804.0332418,,,,
4199.0,11400672.22,4199.0,567570788.71463,4199.0,299922524.111991,4199.0,43396861.0393374,,,,
4200.0,11415111.59,4200.0,567938556.384415,4200.0,300152676.06,4200.0,43433937.7224239,,,,
4201.0,11429567.78,4201.0,568306521.814194,4201.0,300382972.119993,4201.0,43471035.7785013,,,,
4202.0,11444040.75,4202.0,568674619.083969,4202.0,300613371.348002,4202.0,43508156.7916335,,,,
4203.0,11458530.82,4203.0,569042848.193741,4203.0,300843873.887995,4203.0,43545298.2449565,,,,
4204.0,11473037.53,4204.0,569411275.063507,4204.0,301074520.844004,4204.0,43582460.4776704,,,,
4205.0,11487561.43,4205.0,569779833.77327,4205.0,301305250.343997,4205.0,43619643.9137752,,,,
4206.0,11502102.89,4206.0,570148656.163025,4206.0,301536103.47599,4206.0,43656849.5437348,,,,
4207.0,11516660.52,4207.0,570517478.55278,4207.0,301767080.399999,4207.0,43694075.2170213,,,,
4208.0,11531235.46,4208.0,570886498.70253,4208.0,301998181.115992,4208.0,43731322.7449626,,,,
4209.0,11545827.19,4209.0,571255650.692276,4209.0,302229364.520001,4209.0,43768591.4762948,,,,
4210.0,11560436.13,4210.0,571624934.522018,4210.0,302460692.035994,4210.0,43805882.0622818,,,,
4211.0,11575061.52,4211.0,571994416.111755,4211.0,302692122.864002,4211.0,43843192.0979957,,,,
4212.0,11589704.55,4212.0,572364029.541489,4212.0,302923656.859996,4212.0,43880525.4299644,,,,
4213.0,11604364.62,4213.0,572733840.731216,4213.0,303155335.127989,4213.0,43917879.117324,,,,
4214.0,11619041.35,4214.0,573103717.840942,4214.0,303387096.227998,4214.0,43955254.7712744,,,,
4215.0,11633735.66,4215.0,573473858.630661,4215.0,303619001.295991,4215.0,43992650.9230797,,,,
4216.0,11648446.37,4216.0,573844065.340378,4216.0,303851009.979999,4216.0,44030068.2206119,,,,
4217.0,11663174.66,4217.0,574214403.890091,4217.0,304083121.671993,4217.0,44067507.2031989,,,,
4218.0,11677919.98,4218.0,574584940.199799,4218.0,304315377.332001,4218.0,44104966.1171768,,,,
4219.0,11692682.0,4219.0,574955674.269501,4219.0,304547715.983994,4219.0,44142447.5065455,,,,
4220.0,11707461.71,4220.0,575326474.259201,4220.0,304780178.268003,4220.0,44179951.5137689,,,,
4221.0,11722257.95,4221.0,575697472.008896,4221.0,305012764.503996,4221.0,44217475.4523833,,,,
4222.0,11737071.51,4222.0,576068601.598587,4222.0,305245474.22799,4222.0,44255020.6791886,,,,
4223.0,11751902.34,4223.0,576439863.028275,4223.0,305478266.623998,4223.0,44292586.6853847,,,,
4224.0,11766750.16,4224.0,576811256.297958,4224.0,305711203.451992,4224.0,44330173.8101717,,,,
4225.0,11781615.24,4225.0,577182847.327637,4225.0,305944243.288,4225.0,44367784.0616135,,,,
4226.0,11796497.62,4226.0,577554636.11731,4226.0,306177407.059993,4226.0,44405414.4140461,,,,
4227.0,11811397.19,4227.0,577926490.826981,4227.0,306410673.856002,4227.0,44443066.3090696,,,,
4228.0,11826313.49,4228.0,578298543.296646,4228.0,306644064.587995,4228.0,44480739.4922839,,,,
4229.0,11841247.27,4229.0,578670727.606308,4229.0,306877578.968004,4229.0,44518433.1156892,,,,
4230.0,11856198.24,4230.0,579043043.755966,4230.0,307111196.355997,4230.0,44556149.2721492,,,,
4231.0,11871166.4,4231.0,579415557.665619,4231.0,307344937.67999,4231.0,44593886.8016001,,,,
4232.0,11886151.85,4232.0,579788269.335266,4232.0,307578782.171999,4232.0,44631646.5249057,,,,
4233.0,11901154.34,4233.0,580161046.924912,4233.0,307812750.455992,4233.0,44669424.5107384,,,,
4234.0,11916174.46,4234.0,580534022.274551,4234.0,308046821.892001,4234.0,44707226.9800258,,,,
4235.0,11931210.98,4235.0,580907129.464188,4235.0,308281016.975994,4235.0,44745048.5598401,,,,
4236.0,11946265.59,4236.0,581280368.49382,4236.0,308515335.852002,4236.0,44782891.8247093,,,,
4237.0,11961337.12,4237.0,581653739.363449,4237.0,308749758.039996,4237.0,44820758.2162332,,,,
4238.0,11976426.13,4238.0,582027307.993073,4238.0,308984303.875989,4238.0,44858644.311884,,,,
4239.0,11991532.27,4239.0,582401008.462692,4239.0,309218973.487998,4239.0,44896552.6013897,,,,
4240.0,12006655.69,4240.0,582774840.772308,4240.0,309453746.427991,4240.0,44934481.6702862,,,,
4241.0,12021796.72,4241.0,583148804.921921,4241.0,309688642.855999,4241.0,44972431.6033736,,,,
4242.0,12036954.56,4242.0,583522966.831528,4242.0,309923642.595993,4242.0,45010404.4087158,,,,
4243.0,12052130.16,4243.0,583897326.501129,4243.0,310158765.968001,4243.0,45048396.7485849,,,,
4244.0,12067322.56,4244.0,584271752.090729,4244.0,310394013.291995,4244.0,45086410.7735089,,,,
4245.0,12082532.96,4245.0,584646441.360321,4245.0,310629363.624003,4245.0,45124449.0274875,,,,
4246.0,12097760.36,4246.0,585021196.549912,4246.0,310864837.747996,4246.0,45162506.3919931,,,,
4247.0,12113005.15,4247.0,585396149.499496,4247.0,311100415.18399,4247.0,45200584.9327536,,,,
4248.0,12128267.29,4248.0,585771234.289078,4248.0,311336116.107998,4248.0,45238684.6192409,,,,
4249.0,12143546.95,4249.0,586146384.998657,4249.0,311571920.503991,4249.0,45276805.821183,,,,
4250.0,12158844.04,4250.0,586521799.388229,4250.0,311807869.012,4250.0,45314950.0649799,,,,
4251.0,12174158.39,4251.0,586897279.6978,4251.0,312043920.831993,4251.0,45353113.6737038,,,,
4252.0,12189490.23,4252.0,587273023.687363,4252.0,312280075.820002,4252.0,45391300.0698824,,,,
4253.0,12204839.39,4253.0,587648833.596924,4253.0,312516354.295995,4253.0,45429507.330252,,,,
4254.0,12220205.8,4254.0,588024775.346481,4254.0,312752756.868004,4254.0,45467735.6244123,,,,
4255.0,12235589.69,4255.0,588400914.856033,4255.0,312989262.447997,4255.0,45505987.5540274,,,,
4256.0,12250991.44,4256.0,588777252.12558,4256.0,313225891.81999,4256.0,45544257.5765696,,,,
4257.0,12266409.91,4257.0,589153655.315125,4257.0,313462644.823999,4257.0,45582551.5466304,,,,
4258.0,12281846.27,4258.0,589530322.184662,4258.0,313699501.299992,4258.0,45620866.6624181,,,,
4259.0,12297300.26,4259.0,589907054.974197,4259.0,313936481.264001,4259.0,45659201.2007967,,,,
4260.0,12312771.72,4260.0,590283919.603729,4260.0,314173584.875994,4260.0,45697559.5442301,,,,
4261.0,12328260.5,4261.0,590660981.993256,4261.0,314410792.104002,4261.0,45735938.7518543,,,,
4262.0,12343766.92,4262.0,591038176.222778,4262.0,314648102.179996,4262.0,45774338.8236694,,,,
4263.0,12359290.81,4263.0,591415502.292297,4263.0,314885556.687989,4263.0,45812759.6748754,,,,
4264.0,12374832.01,4264.0,591793026.121811,4264.0,315123114.347998,4264.0,45851203.3983361,,,,
4265.0,12390390.93,4265.0,592170681.791321,4265.0,315360795.655991,4265.0,45889667.9859878,,,,
4266.0,12405967.46,4266.0,592548469.300827,4266.0,315598580.275999,4266.0,45928154.1162302,,,,
4267.0,12421561.08,4267.0,592926454.570328,4267.0,315836488.687993,4267.0,45966661.5346635,,,,
4268.0,12437172.71,4268.0,593304571.679825,4268.0,316074520.748001,4268.0,46005190.6381517,,,,
4269.0,12452802.05,4269.0,593682820.629318,4269.0,316312655.959994,4269.0,46043741.7930306,,,,
4270.0,12468448.44,4270.0,594061333.258804,4270.0,316550914.964003,4270.0,46082312.9064365,,,,
4271.0,12484112.84,4271.0,594439911.808289,4271.0,316789277.279996,4271.0,46120906.6105611,,,,
4272.0,12499794.7,4272.0,594818622.197769,4272.0,317027763.24399,4272.0,46159522.1388126,,,,
4273.0,12515494.17,4273.0,595197464.427246,4273.0,317266372.839998,4273.0,46198157.995319,,,,
4274.0,12531211.15,4274.0,595576504.416718,4274.0,317505106.387991,4274.0,46236815.3096162,,,,
4275.0,12546945.54,4275.0,595955676.246185,4275.0,317743942.944,4275.0,46275495.3537042,,,,
4276.0,12562697.94,4276.0,596334979.915649,4276.0,317982903.291993,4276.0,46314196.913247,,,,
4277.0,12578468.07,4277.0,596714547.265106,4277.0,318221966.952002,4277.0,46352919.3369807,,,,
4278.0,12594255.47,4278.0,597094180.534561,4278.0,318461154.099995,4278.0,46391663.2185053,,,,
4279.0,12610060.4,4279.0,597473945.644012,4279.0,318700465.040004,4279.0,46430428.2186207,,,,
4280.0,12625883.52,4280.0,597853842.59346,4280.0,318939879.451997,4280.0,46469217.2781908,,,,
4281.0,12641723.69,4281.0,598234003.2229,4281.0,319179417.33599,4281.0,46508025.1090879,,,,
4282.0,12657582.29,4282.0,598614229.772339,4282.0,319419079.027999,4282.0,46546854.8794398,,,,
4283.0,12673458.01,4283.0,598994720.00177,4283.0,319658864.511992,4283.0,46585707.5220465,,,,
4284.0,12689351.84,4284.0,599375276.151199,4284.0,319898753.148001,4284.0,46624579.1903801,,,,
4285.0,12705262.86,4285.0,599755964.140625,4285.0,320138744.951994,4285.0,46663474.0701685,,,,
4286.0,12721191.74,4286.0,600136783.970047,4286.0,320378881.028002,4286.0,46702390.5773477,,,,
4287.0,12737138.6,4287.0,600517801.559464,4287.0,320619120.415996,4287.0,46741330.2959817,,,,
4288.0,12753103.13,4288.0,600899016.908875,4288.0,320859463.115989,4288.0,46780288.5315427,,,,
4289.0,12769085.23,4289.0,601280298.178284,4289.0,321099949.783998,4289.0,46819269.8937584,,,,
4290.0,12785085.24,4290.0,601661777.207687,4290.0,321340539.763991,4290.0,46858271.611365,,,,
4291.0,12801102.96,4291.0,602043388.077087,4291.0,321581233.055999,4291.0,46897296.0587624,,,,
4292.0,12817138.17,4292.0,602425196.706482,4292.0,321822070.475993,4292.0,46936342.7000146,,,,
4293.0,12833191.37,4293.0,602807137.175873,4293.0,322063011.048001,4293.0,46975410.1206577,,,,
4294.0,12849262.91,4294.0,603189209.48526,4294.0,322304075.571994,4294.0,47014497.0758277,,,,
4295.0,12865351.44,4295.0,603571413.634644,4295.0,322545243.248003,4295.0,47053608.2329164,,,,
4296.0,12881458.1,4296.0,603953881.46402,4296.0,322786534.571996,4296.0,47092740.535732,,,,
4297.0,12897582.28,4297.0,604336481.133392,4297.0,323027949.68799,4297.0,47131894.5236024,,,,
4298.0,12913724.77,4298.0,604719146.722763,4298.0,323269488.291998,4298.0,47171068.6972637,,,,
4299.0,12929884.6,4299.0,605101944.15213,4299.0,323511130.511992,4299.0,47210265.0919159,,,,
4300.0,12946062.43,4300.0,605485005.26149,4300.0,323752875.74,4300.0,47249484.1892228,,,,
4301.0,12962258.15,4301.0,605868132.290848,4301.0,323994765.239993,4301.0,47288724.7443205,,,,
4302.0,12978471.99,4302.0,606251457.0802,4302.0,324236757.908002,4302.0,47327984.9764092,,,,
4303.0,12994703.0,4303.0,606634913.709549,4303.0,324478874.207995,4303.0,47367267.9382886,,,,
4304.0,13010952.5,4304.0,607018502.178894,4304.0,324721114.460004,4304.0,47406573.5180228,,,,
4305.0,13027219.96,4305.0,607402288.408234,4305.0,324963457.863997,4305.0,47445899.9619479,,,,
4306.0,13043504.69,4306.0,607786206.47757,4306.0,325205924.91599,4306.0,47485247.2700639,,,,
4307.0,13059807.99,4307.0,608170322.3069,4307.0,325448495.279999,4307.0,47524617.2231706,,,,
4308.0,13076128.62,4308.0,608554504.056229,4308.0,325691209.915992,4308.0,47564009.3701322,,,,
4309.0,13092467.3,4309.0,608938949.48555,4309.0,325934027.704001,4309.0,47603422.3812846,,,,
4310.0,13108824.37,4310.0,609323526.754868,4310.0,326176948.659994,4310.0,47642856.2566279,,,,
4311.0,13125198.87,4311.0,609708235.864182,4311.0,326420013.888002,4311.0,47682313.428226,,,,
4312.0,13141591.25,4312.0,610093076.813492,4312.0,326663182.283996,4312.0,47721790.3887509,,,,
4313.0,13158001.94,4313.0,610478049.602798,4313.0,326906474.615989,4313.0,47761291.2967946,,,,
4314.0,13174430.17,4314.0,610863220.1521,4314.0,327149870.115998,4314.0,47800812.1633652,,,,
4315.0,13190876.29,4315.0,611248522.541397,4315.0,327393389.247991,4315.0,47840354.1485267,,,,
4316.0,13207340.95,4316.0,611633956.770691,4316.0,327637032.027999,4316.0,47879918.6667429,,,,
4317.0,13223823.19,4317.0,612019522.839981,4317.0,327880798.599993,4317.0,47919504.81235,,,,
4318.0,13240323.66,4318.0,612405286.669266,4318.0,328124668.484001,4318.0,47959111.822148,,,,
4319.0,13256842.18,4319.0,612791248.258545,4319.0,328368661.999995,4319.0,47998743.3154006,,,,
4320.0,13273378.31,4320.0,613177341.68782,4320.0,328612779.164003,4320.0,48038394.4856441,,,,
4321.0,13289932.49,4321.0,613563566.957092,4321.0,328856999.799996,4321.0,48078066.4352786,,,,
4322.0,13306505.07,4322.0,613949989.986359,4322.0,329101364.54799,4322.0,48117761.1995038,,,,
4323.0,13323095.38,4323.0,614336544.855621,4323.0,329345811.967998,4323.0,48157476.8855839,,,,
4324.0,13339703.47,4324.0,614723231.56488,4324.0,329590403.675991,4324.0,48197215.8102547,,,,
4325.0,13356330.09,4325.0,615110050.114136,4325.0,329835098.536,4325.0,48236976.0231164,,,,
4326.0,13372974.7,4326.0,615497066.423386,4326.0,330079917.187993,4326.0,48276755.658569,,,,
4327.0,13389637.21,4327.0,615884214.572632,4327.0,330324859.488002,4327.0,48316559.6078763,,,,
4328.0,13406318.02,4328.0,616271494.561874,4328.0,330569905.099995,4328.0,48356384.3365746,,,,
4329.0,13423016.32,4329.0,616658972.311111,4329.0,330815074.504004,4329.0,48396230.6926636,,,,
4330.0,13439733.48,4330.0,617046581.900345,4330.0,331060367.395997,4330.0,48436099.1578074,,,,
4331.0,13456468.37,4331.0,617434389.249573,4331.0,331305784.38399,4331.0,48475989.1655421,,,,
4332.0,13473221.28,4332.0,617822262.518799,4332.0,331551304.235999,4332.0,48515900.5462676,,,,
4333.0,13489992.3,4333.0,618210333.548019,4333.0,331796947.863992,4333.0,48555833.893584,,,,
4334.0,13506781.71,4334.0,618598602.337235,4334.0,332042715.444001,4334.0,48595787.5962912,,,,
4335.0,13523588.96,4335.0,618987002.966446,4335.0,332288606.671994,4335.0,48635766.0097171,,,,
4336.0,13540414.38,4336.0,619375535.435654,4336.0,332534601.052002,4336.0,48675764.3816699,,,,
4337.0,13557257.62,4337.0,619764265.664856,4337.0,332780719.079996,4337.0,48715784.2962136,,,,
4338.0,13574119.53,4338.0,620153061.814056,4338.0,333026961.043989,4338.0,48755825.8958121,,,,
4339.0,13590999.89,4339.0,620542121.64325,4339.0,333273306.175998,4339.0,48795890.0556013,,,,
4340.0,13607897.6,4340.0,620931247.392441,4340.0,333519774.795991,4340.0,48835975.6731815,,,,
4341.0,13624813.6,4341.0,621320570.901627,4341.0,333766367.351999,4341.0,48876083.4846164,,,,
4342.0,13641748.5,4342.0,621710026.250809,4342.0,334013083.715993,4342.0,48916212.8386421,,,,
4343.0,13658700.69,4343.0,622099679.359985,4343.0,334259903.232001,4343.0,48956362.1511948,,,,
4344.0,13675671.87,4344.0,622489398.38916,4344.0,334506846.235995,4344.0,48996535.4960662,,,,
4345.0,13692660.52,4345.0,622879315.178329,4345.0,334753913.336003,4345.0,49036729.7322644,,,,
4346.0,13709667.83,4346.0,623269429.727493,4346.0,335001083.603996,4346.0,49076946.3047815,,,,
4347.0,13726693.35,4347.0,623659676.116653,4347.0,335248397.98399,4347.0,49117184.7014254,,,,
4348.0,13743737.27,4348.0,624050120.265808,4348.0,335495815.371998,4348.0,49157442.7750602,,,,
4349.0,13760798.93,4349.0,624440630.334961,4349.0,335743356.855991,4349.0,49197724.7385497,,,,
4350.0,13777879.51,4350.0,624831338.164108,4350.0,335991001.668,4350.0,49238027.7358301,,,,
4351.0,13794977.64,4351.0,625222243.75325,4351.0,336238769.647993,4351.0,49278354.0293652,,,,
4352.0,13812094.22,4352.0,625613215.26239,4352.0,336486682.204002,4352.0,49318699.1790273,,,,
4353.0,13829229.35,4353.0,626004384.531525,4353.0,336734677.607995,4353.0,49359069.0665441,,,,
4354.0,13846382.29,4354.0,626395685.640656,4354.0,336982817.124004,4354.0,49399458.8854517,,,,
4355.0,13863553.79,4355.0,626787184.509781,4355.0,337231059.647997,4355.0,49439871.7462142,,,,
4356.0,13880743.71,4356.0,627178749.298904,4356.0,337479426.26799,4356.0,49480307.1671674,,,,
4357.0,13897951.71,4357.0,627570511.848022,4357.0,337727916.375999,4357.0,49520760.4266477,,,,
4358.0,13915178.2,4358.0,627962472.157135,4358.0,337976530.291992,4358.0,49561239.9232466,,,,
4359.0,13932422.77,4359.0,628354564.306244,4359.0,338225247.504001,4359.0,49601739.0391724,,,,
4360.0,13949685.91,4360.0,628746920.135345,4360.0,338474088.203994,4360.0,49642260.5185529,,,,
4361.0,13966967.2,4361.0,629139275.964447,4361.0,338723052.856002,4361.0,49682803.9373883,,,,
4362.0,13984266.97,4362.0,629531829.553543,4362.0,338972120.659996,4362.0,49723369.4347506,,,,
4363.0,14001584.95,4363.0,629924514.982636,4363.0,339221332.751989,4363.0,49763956.5323676,,,,
4364.0,14018921.06,4364.0,630317398.171722,4364.0,339470647.995998,4364.0,49804565.5117755,,,,
4365.0,14036275.93,4365.0,630710413.200806,4365.0,339720086.871991,4365.0,49845196.0337742,,,,
4366.0,14053649.16,4366.0,631103625.989883,4366.0,339969629.219999,4366.0,49885848.7496277,,,,
4367.0,14071040.97,4367.0,631496970.618958,4367.0,340219315.535993,4367.0,49926522.329672,,,,
4368.0,14088450.58,4368.0,631890447.088028,4368.0,340469105.324001,4368.0,49967219.0635072,,,,
4369.0,14105878.98,4369.0,632284055.397095,4369.0,340719018.743995,4369.0,50007935.4743332,,,,
4370.0,14123325.44,4370.0,632677861.466156,4370.0,340969055.972003,4370.0,50048676.453414,,,,
4371.0,14140790.44,4371.0,633071799.375214,4371.0,341219196.495996,4371.0,50089437.2790856,,,,
4372.0,14158274.22,4372.0,633465869.124268,4372.0,341469480.98799,4372.0,50130220.8345481,,,,
4373.0,14175776.04,4373.0,633860202.553314,4373.0,341719868.807998,4373.0,50171027.5166653,,,,
4374.0,14193296.56,4374.0,634254667.822357,4374.0,341970359.923991,4374.0,50211854.5541734,,,,
4375.0,14210835.28,4375.0,634649199.011398,4375.0,342220995.008,4375.0,50252704.0670722,,,,
4376.0,14228392.41,4376.0,635043927.960434,4376.0,342471733.563993,4376.0,50293575.7738259,,,,
4377.0,14245968.3,4377.0,635438854.669464,4377.0,342722616.088002,4377.0,50334469.5319704,,,,
4378.0,14263562.56,4378.0,635833847.298492,4378.0,342973602.227995,4378.0,50375383.1367058,,,,
4379.0,14281175.19,4379.0,636229037.687515,4379.0,343224691.376004,4379.0,50416320.234432,,,,
4380.0,14298806.29,4380.0,636624359.916534,4380.0,343475924.955997,4380.0,50457278.508413,,,,
4381.0,14316455.85,4381.0,637019879.905548,4381.0,343727261.54399,4381.0,50498259.5121848,,,,
4382.0,14334123.78,4382.0,637415531.734558,4382.0,343978721.763999,4382.0,50539262.3129474,,,,
4383.0,14351810.6,4383.0,637811381.323563,4383.0,344230305.935992,4383.0,50580286.7987648,,,,
4384.0,14369515.43,4384.0,638207296.832565,4384.0,344482013.740001,4384.0,50621334.438373,,,,
4385.0,14387238.94,4385.0,638603410.101563,4385.0,344733825.015994,4385.0,50662402.5181721,,,,
4386.0,14404981.22,4386.0,638999787.050552,4386.0,344985759.780002,4386.0,50703492.707026,,,,
4387.0,14422741.81,4387.0,639396229.91954,4387.0,345237838.655996,4387.0,50744605.3136066,,,,
4388.0,14440521.3,4388.0,639792804.628525,4388.0,345490000.379989,4388.0,50785738.8420422,,,,
4389.0,14458319.36,4389.0,640189577.097504,4389.0,345742306.359998,4389.0,50826894.8187325,,,,
4390.0,14476135.4,4390.0,640586481.406479,4390.0,345994715.667991,4390.0,50868073.1283497,,,,
4391.0,14493970.06,4391.0,640983517.55545,4391.0,346247269.087999,4391.0,50909274.1982856,,,,
4392.0,14511823.77,4392.0,641380685.544418,4392.0,346499925.835993,4392.0,50950495.7355484,,,,
4393.0,14529695.33,4393.0,641778117.213379,4393.0,346752706.360001,4393.0,50991738.391402,,,,
4394.0,14547585.99,4394.0,642175614.802338,4394.0,347005589.891995,4394.0,51033005.5307103,,,,
4395.0,14565495.25,4395.0,642573310.151291,4395.0,347258617.856003,4395.0,51074293.2798096,,,,
4396.0,14583422.97,4396.0,642971137.34024,4396.0,347511748.827996,4396.0,51115602.4595636,,,,
4397.0,14601369.52,4397.0,643369096.369186,4397.0,347765003.43199,4397.0,51156935.3867084,,,,
4398.0,14619334.43,4398.0,643767319.078125,4398.0,348018381.987998,4398.0,51198288.1604441,,,,
4399.0,14637318.14,4399.0,644165607.707062,4399.0,348271864.015991,4399.0,51239664.5967706,,,,
4400.0,14655320.33,4400.0,644564094.095993,4400.0,348525489.836,4400.0,51281062.0397519,,,,
4401.0,14673341.05,4401.0,644962712.324921,4401.0,348779219.303993,4401.0,51322482.2125239,,,,
4402.0,14691380.75,4402.0,645361462.393845,4402.0,349033092.564002,4402.0,51363924.1822868,,,,
4403.0,14709438.69,4403.0,645760410.222763,4403.0,349287048.671995,4403.0,51405386.9043046,,,,
4404.0,14727515.66,4404.0,646159489.891678,4404.0,349541128.556004,4404.0,51446873.2889131,,,,
4405.0,14745611.34,4405.0,646558701.400589,4405.0,349795373.207997,4405.0,51488380.4529125,,,,
4406.0,14763725.2,4406.0,646958044.749496,4406.0,350049700.85199,4406.0,51529911.5067666,,,,
4407.0,14781858.14,4407.0,647357651.778397,4407.0,350304151.807999,4407.0,51571462.9160116,,,,
4408.0,14800009.92,4408.0,647757324.727295,4408.0,350558726.571992,4408.0,51613036.3766474,,,,
4409.0,14818179.81,4409.0,648157195.436188,4409.0,350813425.288001,4409.0,51654631.803874,,,,
4410.0,14836368.97,4410.0,648557197.985077,4410.0,351068247.635994,4410.0,51696250.1033554,,,,
4411.0,14854576.17,4411.0,648957464.213959,4411.0,351323152.656002,4411.0,51737889.2670276,,,,
4412.0,14872802.7,4412.0,649357796.362839,4412.0,351578222.443996,4412.0,51779551.8117546,,,,
4413.0,14891047.85,4413.0,649758260.351715,4413.0,351833415.863989,4413.0,51821235.6446725,,,,
4414.0,14909311.62,4414.0,650158856.180588,4414.0,352088691.955998,4414.0,51862941.3017171,,,,
4415.0,14927594.16,4415.0,650559715.689453,4415.0,352344091.855991,4415.0,51904668.8710806,,,,
4416.0,14945895.57,4416.0,650960641.118317,4416.0,352599656.811999,4416.0,51946418.2645709,,,,
4417.0,14964215.75,4417.0,651361764.307175,4417.0,352855303.975993,4417.0,51988191.9447799,,,,
4418.0,14982554.36,4418.0,651763019.336029,4418.0,353111074.948001,4418.0,52029985.4987158,,,,
4419.0,15000911.94,4419.0,652164472.124878,4419.0,353366970.015995,4419.0,52071800.6800426,,,,
4420.0,15019288.21,4420.0,652565990.833725,4420.0,353622988.572003,4420.0,52113639.581624,,,,
4421.0,15037683.46,4421.0,652967773.222565,4421.0,353879131.079996,4421.0,52155500.7618603,,,,
4422.0,15056097.29,4422.0,653369687.451401,4422.0,354135396.89999,4422.0,52197382.1550235,,,,
4423.0,15074530.35,4423.0,653771733.520233,4423.0,354391745.887998,4423.0,52239286.8444414,,,,
4424.0,15092981.67,4424.0,654173977.34906,4424.0,354648259.291991,4424.0,52281212.3980502,,,,
4425.0,15111451.75,4425.0,654576287.097885,4425.0,354904896.504,4425.0,52323162.4351136,,,,
4426.0,15129941.15,4426.0,654978860.526703,4426.0,355161616.563993,4426.0,52365132.233968,,,,
4427.0,15148449.11,4427.0,655381499.875519,4427.0,355418460.400002,4427.0,52407125.1866132,,,,
4428.0,15166975.96,4428.0,655784336.984329,4428.0,355675468.683995,4428.0,52449139.4274492,,,,
4429.0,15185521.32,4429.0,656187371.853134,4429.0,355932559.960004,4429.0,52491176.79494,,,,
4430.0,15204085.87,4430.0,656590472.641937,4430.0,356189774.867997,4430.0,52533235.4506216,,,,
4431.0,15222669.21,4431.0,656993771.190735,4431.0,356447113.26399,4431.0,52575315.479294,,,,
4432.0,15241271.02,4432.0,657397201.579529,4432.0,356704575.611999,4432.0,52617419.9914212,,,,
4433.0,15259892.36,4433.0,657800829.728317,4433.0,356962161.911992,4433.0,52659544.8589392,,,,
4434.0,15278532.56,4434.0,658204589.717102,4434.0,357219871.844001,4434.0,52701692.683512,,,,
4435.0,15297191.18,4435.0,658608547.465881,4435.0,357477705.263994,4435.0,52743862.0778116,,,,
4436.0,15315868.93,4436.0,659012571.134659,4436.0,357735662.316002,4436.0,52786052.7331661,,,,
4437.0,15334565.63,4437.0,659416924.403427,4437.0,357993702.359996,4437.0,52828268.1263753,,,,
4438.0,15353281.36,4438.0,659821277.672195,4438.0,358251907.315989,4438.0,52870502.2909114,,,,
4439.0,15372015.77,4439.0,660225894.620956,4439.0,358510194.799998,4439.0,52912760.7693022,,,,
4440.0,15390769.2,4440.0,660630577.489716,4440.0,358768646.875991,4440.0,52955041.0175479,,,,
4441.0,15409541.27,4441.0,661035458.118469,4441.0,359027181.943999,4441.0,52997343.5139203,,,,
4442.0,15428332.53,4442.0,661440470.587219,4442.0,359285840.643993,4442.0,53039667.7801476,,,,
4443.0,15447142.68,4443.0,661845614.895966,4443.0,359544663.792001,4443.0,53082014.5217656,,,,
4444.0,15465971.68,4444.0,662250956.964706,4444.0,359803569.931995,4444.0,53124382.9484385,,,,
4445.0,15484819.89,4445.0,662656496.793442,4445.0,360062600.024003,4445.0,53166773.4265022,,,,
4446.0,15503686.82,4446.0,663062102.542175,4446.0,360321753.427996,4446.0,53209186.2951567,,,,
4447.0,15522572.89,4447.0,663467971.970901,4447.0,360581030.63999,4447.0,53251622.1208659,,,,
4448.0,15541477.73,4448.0,663873907.319626,4448.0,360840431.803998,4448.0,53294079.997966,,,,
4449.0,15560401.79,4449.0,664280040.428345,4449.0,361099956.599991,4449.0,53336559.3328569,,,,
4450.0,15579344.48,4450.0,664686371.297058,4450.0,361359564.068,4450.0,53379060.6920026,,,,
4451.0,15598306.53,4451.0,665092834.005768,4451.0,361619336.303993,4451.0,53421582.9424752,,,,
4452.0,15617287.38,4452.0,665499428.554474,4452.0,361879232.492002,4452.0,53464130.3276664,,,,
4453.0,15636287.13,4453.0,665906154.943176,4453.0,362139211.031995,4453.0,53506698.4345845,,,,
4454.0,15655306.34,4454.0,666313013.171875,4454.0,362399354.339988,4454.0,53549287.8025575,,,,
4455.0,15674344.3,4455.0,666720135.080566,4455.0,362659580.783997,4455.0,53591900.0699212,,,,
4456.0,15693401.04,4456.0,667127322.909256,4456.0,362919971.67599,4456.0,53634536.3967396,,,,
4457.0,15712477.14,4457.0,667534708.49794,4457.0,363180445.239999,4457.0,53677192.909349,,,,
4458.0,15731572.49,4458.0,667942291.846619,4458.0,363441042.611992,4458.0,53719872.830149,,,,
4459.0,15750686.38,4459.0,668349941.115295,4459.0,363701804.720001,4459.0,53762572.1735401,,,,
4460.0,15769819.52,4460.0,668757788.143967,4460.0,363962649.355994,4460.0,53805296.7635857,,,,
4461.0,15788972.0,4461.0,669165832.932632,4461.0,364223617.944002,4461.0,53848043.4626862,,,,
4462.0,15808143.23,4462.0,669574009.561295,4462.0,364484710.339996,4462.0,53890810.4595136,,,,
4463.0,15827333.51,4463.0,669982383.949951,4463.0,364745926.367989,4463.0,53933600.0741957,,,,
4464.0,15846543.08,4464.0,670390824.258606,4464.0,365007266.171998,4464.0,53976412.9274686,,,,
4465.0,15865771.97,4465.0,670799528.247253,4465.0,365268729.639991,4465.0,54019248.5681963,,,,
4466.0,15885019.46,4466.0,671208298.155899,4466.0,365530316.883999,4466.0,54062104.3947148,,,,
4467.0,15904286.27,4467.0,671617265.824539,4467.0,365791986.655993,4467.0,54104983.4598242,,,,
4468.0,15923572.3,4468.0,672026365.333176,4468.0,366053821.340001,4468.0,54147884.0675243,,,,
4469.0,15942877.2,4469.0,672435596.681808,4469.0,366315779.655995,4469.0,54190807.9714792,,,,
4470.0,15962201.55,4470.0,672845025.790436,4470.0,366577820.964003,4470.0,54233755.6804888,,,,
4471.0,15981544.65,4471.0,673254652.659058,4471.0,366840026.719996,4471.0,54276722.5000254,,,,
4472.0,16000907.22,4472.0,673664345.447678,4472.0,367102315.46799,4472.0,54319712.6158167,,,,
4473.0,16020289.03,4473.0,674074301.91629,4473.0,367364768.807998,4473.0,54362724.7829989,,,,
4474.0,16039689.6,4474.0,674484324.304901,4474.0,367627304.819991,4474.0,54405759.1440358,,,,
4475.0,16059109.63,4475.0,674894610.373505,4475.0,367890005.6,4475.0,54448817.1676635,,,,
4476.0,16078548.67,4476.0,675304962.362106,4476.0,368152789.051993,4476.0,54491896.225082,,,,
4477.0,16098006.76,4477.0,675715512.110703,4477.0,368415696.456002,4477.0,54534997.9851553,,,,
4478.0,16117484.27,4478.0,676126193.699295,4478.0,368678768.451995,4478.0,54578122.8990193,,,,
4479.0,16136980.8,4479.0,676537007.127884,4479.0,368941923.295988,4479.0,54621267.4898743,,,,
4480.0,16156496.85,4480.0,676948018.316467,4480.0,369205201.595997,4480.0,54664436.224984,,,,
4481.0,16176031.72,4481.0,677359161.345047,4481.0,369468603.87999,4481.0,54707628.0290845,,,,
4482.0,16195586.14,4482.0,677770502.133621,4482.0,369732129.939999,4482.0,54750840.0189758,,,,
4483.0,16215159.43,4483.0,678181974.762192,4483.0,369995779.487992,4483.0,54794076.0683219,,,,
4484.0,16234752.03,4484.0,678593645.150757,4484.0,370259552.812001,4484.0,54837334.5930587,,,,
4485.0,16254364.04,4485.0,679005447.379318,4485.0,370523449.943994,4485.0,54880613.5579864,,,,
4486.0,16273995.19,4486.0,679417381.447876,4486.0,370787470.884002,4486.0,54923915.5647689,,,,
4487.0,16293645.41,4487.0,679829513.276428,4487.0,371051615.279996,4487.0,54967239.8773422,,,,
4488.0,16313315.27,4488.0,680241776.944977,4488.0,371315883.803989,4488.0,55010586.1565063,,,,
4489.0,16333004.24,4489.0,680654238.37352,4489.0,371580234.679998,4489.0,55053955.8167252,,,,
4490.0,16352712.58,4490.0,681066831.642059,4490.0,371844750.467991,4490.0,55097346.3411349,,,,
4491.0,16372439.47,4491.0,681479556.750595,4491.0,372109390.063999,4491.0,55140760.0193353,,,,
4492.0,16392186.19,4492.0,681892479.619125,4492.0,372374153.291993,4492.0,55184195.8913906,,,,
4493.0,16411952.54,4493.0,682305534.327652,4493.0,372638999.192001,4493.0,55227655.0020366,,,,
4494.0,16431737.4,4494.0,682718720.876175,4494.0,372904010.003995,4494.0,55271136.2217374,,,,
4495.0,16451542.38,4495.0,683132105.184692,4495.0,373169103.488003,4495.0,55314639.068829,,,,
4496.0,16471365.66,4496.0,683545621.333206,4496.0,373434361.595996,4496.0,55358164.3065115,,,,
4497.0,16491209.12,4497.0,683959335.241714,4497.0,373699702.66399,4497.0,55401710.4931848,,,,
4498.0,16511071.64,4498.0,684373180.990219,4498.0,373965208.179998,4498.0,55445281.5873128,,,,
4499.0,16530953.56,4499.0,684787158.57872,4499.0,374230796.543991,4499.0,55488874.4512956,,,,
4500.0,16550855.2,4500.0,685201333.927216,4500.0,374496549.964,4500.0,55532489.9026051,,,,
4501.0,16570775.28,4501.0,685615772.955704,4501.0,374762385.591993,4501.0,55576125.5973696,,,,
4502.0,16590715.27,4502.0,686030211.984192,4502.0,375028345.028002,4502.0,55619785.2091248,,,,
4503.0,16610674.54,4503.0,686444848.772675,4503.0,375294469.519995,4503.0,55663467.4387347,,,,
4504.0,16630653.11,4504.0,686859617.401154,4504.0,375560676.539988,4504.0,55707172.4829355,,,,
4505.0,16650651.08,4505.0,687274649.709625,4505.0,375827007.335997,4505.0,55750898.3065271,,,,
4506.0,16670668.14,4506.0,687689682.018097,4506.0,376093461.93999,4506.0,55794648.4439734,,,,
4507.0,16690704.8,4507.0,688105043.926559,4507.0,376360040.031999,4507.0,55838419.1912106,,,,
4508.0,16710760.75,4508.0,688520405.835022,4508.0,376626783.179992,4508.0,55882213.7435025,,,,
4509.0,16730836.4,4509.0,688936031.423477,4509.0,376893608.856001,4509.0,55926029.5839852,,,,
4510.0,16750931.4,4510.0,689351788.851929,4510.0,377160558.019994,4510.0,55969867.7302588,,,,
4511.0,16771045.46,4511.0,689767678.120377,4511.0,377427631.280002,4511.0,56013727.6735232,,,,
4512.0,16791179.4,4512.0,690183765.148819,4512.0,377694828.347996,4512.0,56057612.1002422,,,,
4513.0,16811332.48,4513.0,690600049.937256,4513.0,377962148.871989,4513.0,56101517.6455521,,,,
4514.0,16831504.88,4514.0,691016400.645691,4514.0,378229593.203998,4514.0,56145446.3175168,,,,
4515.0,16851696.43,4515.0,691432949.11412,4515.0,378497161.343991,4515.0,56189396.9560722,,,,
4516.0,16871908.27,4516.0,691849695.342545,4516.0,378764853.259999,4516.0,56233370.4092185,,,,
4517.0,16892138.79,4517.0,692266573.410965,4517.0,379032668.983993,4517.0,56277365.4626196,,,,
4518.0,16912388.9,4518.0,692683583.319382,4518.0,379300608.164001,4518.0,56321383.5850114,,,,
4519.0,16932658.7,4519.0,693100725.067795,4519.0,379568671.471995,4519.0,56365423.843594,,,,
4520.0,16952948.36,4520.0,693518064.576202,4520.0,379836857.948003,4520.0,56409486.1264315,,,,
4521.0,16973256.7,4521.0,693935535.924606,4521.0,380105127.559996,4521.0,56453570.6302597,,,,
4522.0,16993584.95,4522.0,694353270.953003,4522.0,380373561.93999,4522.0,56497677.6942788,,,,
4523.0,17013932.54,4523.0,694771005.9814,4523.0,380642119.807998,4523.0,56541808.0545525,,,,
4524.0,17034299.57,4524.0,695189004.689789,4524.0,380910801.451991,4524.0,56585959.9574172,,,,
4525.0,17054686.2,4525.0,695607069.318176,4525.0,381179606.904,4525.0,56630135.4957365,,,,
4526.0,17075092.57,4526.0,696025529.466553,4526.0,381448495.171993,4526.0,56674332.3222467,,,,
4527.0,17095517.92,4527.0,696443923.694931,4527.0,381717548.208002,4527.0,56718552.0481476,,,,
4528.0,17115963.09,4528.0,696862581.603302,4528.0,381986724.731995,4528.0,56762795.2399033,,,,
4529.0,17136427.67,4529.0,697281305.431671,4529.0,382256025.031988,4529.0,56807060.3982498,,,,
4530.0,17156911.93,4530.0,697700292.940033,4530.0,382525408.179997,4530.0,56851346.4207872,,,,
4531.0,17177415.54,4531.0,698119346.368393,4531.0,382794956.09599,4531.0,56895655.3155793,,,,
4532.0,17197939.09,4532.0,698538597.556747,4532.0,383064627.467999,4532.0,56939987.8729622,,,,
4533.0,17218481.79,4533.0,698957980.585098,4533.0,383334382.007992,4533.0,56984342.4817358,,,,
4534.0,17239044.22,4534.0,699377561.373444,4534.0,383604300.964001,4534.0,57028718.7755643,,,,
4535.0,17259626.01,4535.0,699797274.001785,4535.0,383874343.727994,4535.0,57073118.7319836,,,,
4536.0,17280227.87,4536.0,700217184.390121,4536.0,384144469.628002,4536.0,57117541.5606575,,,,
4537.0,17300848.6,4537.0,700637226.618454,4537.0,384414759.367996,4537.0,57161984.5751224,,,,
4538.0,17321489.24,4538.0,701057400.686783,4538.0,384685173.811989,4538.0,57206451.930578,,,,
4539.0,17342149.06,4539.0,701477838.435104,4539.0,384955670.175998,4539.0,57250942.1582884,,,,
4540.0,17362829.38,4540.0,701898342.103424,4540.0,385226331.595991,4540.0,57295454.4373895,,,,
4541.0,17383528.54,4541.0,702319043.531738,4541.0,385497116.823999,4541.0,57339988.0046815,,,,
4542.0,17404247.8,4542.0,702739876.800049,4542.0,385767984.867993,4542.0,57384544.9530283,,,,
4543.0,17424986.6,4543.0,703160907.828354,4543.0,386039017.360001,4543.0,57429124.6311658,,,,
4544.0,17445744.64,4544.0,703582004.776657,4544.0,386310132.987994,4544.0,57473726.2487581,,,,
4545.0,17466522.33,4545.0,704003299.484955,4545.0,386581413.064003,4545.0,57518351.2745412,,,,
4546.0,17487319.87,4546.0,704424791.953247,4546.0,386852775.987996,4546.0,57562998.3517151,,,,
4547.0,17508137.11,4547.0,704846482.181534,4547.0,387124303.64799,4547.0,57607668.0467437,,,,
4548.0,17528974.14,4548.0,705268238.329819,4548.0,387395955.115998,4548.0,57652359.3691632,,,,
4549.0,17549830.34,4549.0,705690192.238098,4549.0,387667689.111992,4549.0,57697073.8453735,,,,
4550.0,17570706.74,4550.0,706112277.986374,4550.0,387939587.844,4550.0,57741810.9394385,,,,
4551.0,17591602.18,4551.0,706534561.494644,4551.0,388211569.423993,4551.0,57786571.9504942,,,,
4552.0,17612517.88,4552.0,706957108.682907,4552.0,388483715.740002,4552.0,57831353.9682048,,,,
4553.0,17633453.24,4553.0,707379655.87117,4553.0,388755985.863995,4553.0,57876158.9701062,,,,
4554.0,17654407.68,4554.0,707802400.819427,4554.0,389028338.515988,4554.0,57920986.1929983,,,,
4555.0,17675382.09,4555.0,708225343.527679,4555.0,389300855.903997,4555.0,57965836.1185453,,,,
4556.0,17696376.4,4556.0,708648418.075928,4556.0,389573456.13999,4556.0,58010708.265083,,,,
4557.0,17717390.58,4557.0,709071690.384171,4557.0,389846220.823999,4557.0,58055603.3958115,,,,
4558.0,17738423.81,4558.0,709495028.612412,4558.0,390119109.603992,4558.0,58100520.2115948,,,,
4559.0,17759477.12,4559.0,709918564.600647,4559.0,390392081.200001,4559.0,58145460.6899689,,,,
4560.0,17780550.02,4560.0,710342364.268875,4560.0,390665217.275994,4560.0,58190422.9381977,,,,
4561.0,17801642.97,4561.0,710766163.937103,4561.0,390938436.168002,4561.0,58235409.2730173,,,,
4562.0,17822755.7,4562.0,711190227.285324,4562.0,391211819.795996,4562.0,58280416.2176277,,,,
4563.0,17843887.74,4563.0,711614356.553543,4563.0,391485327.231989,4563.0,58325446.9672929,,,,
4564.0,17865039.85,4564.0,712038749.501755,4564.0,391758917.195998,4564.0,58370500.2771489,,,,
4565.0,17886211.45,4565.0,712463274.289963,4565.0,392032671.927991,4565.0,58415575.5535956,,,,
4566.0,17907403.01,4566.0,712887930.918167,4566.0,392306550.435999,4566.0,58460674.2110971,,,,
4567.0,17928614.11,4567.0,713312851.226364,4567.0,392580512.079993,4567.0,58505795.0624534,,,,
4568.0,17949845.41,4568.0,713737837.454559,4568.0,392854638.172001,4568.0,58550939.1795365,,,,
4569.0,17971096.19,4569.0,714163021.442749,4569.0,393128887.751995,4569.0,58596104.0488744,,,,
4570.0,17992366.93,4570.0,714588271.350937,4570.0,393403220.180003,4570.0,58641293.486467,,,,
4571.0,18013657.21,4571.0,715013719.019119,4571.0,393677717.343996,4571.0,58686503.8153865,,,,
4572.0,18034967.17,4572.0,715439364.447296,4572.0,393952338.60399,4572.0,58731739.7878246,,,,
4573.0,18056297.34,4573.0,715865141.715469,4573.0,394227042.103998,4573.0,58776995.2947896,,,,
4574.0,18077647.13,4574.0,716291116.743637,4574.0,394501910.659992,4574.0,58822274.0980094,,,,
4575.0,18099016.8,4575.0,716717223.611801,4575.0,394776902.992,4575.0,58867575.71582,,,,
4576.0,18120406.16,4576.0,717143528.23996,4576.0,395052018.811993,4576.0,58912900.6298853,,,,
4577.0,18141815.42,4577.0,717569898.788116,4577.0,395327258.440002,4577.0,58958246.8321414,,,,
4578.0,18163244.57,4578.0,717996598.936264,4578.0,395602621.843995,4578.0,59003616.9242522,,,,
4579.0,18184693.57,4579.0,718423365.00441,4579.0,395878068.095988,4579.0,59049009.9157539,,,,
4580.0,18206162.01,4580.0,718850328.83255,4580.0,396153678.795997,4580.0,59094424.7890463,,,,
4581.0,18227650.6,4581.0,719277358.580688,4581.0,396429413.27199,4581.0,59139860.4417296,,,,
4582.0,18249158.88,4582.0,719704586.088821,4582.0,396705271.555999,4582.0,59185321.9923315,,,,
4583.0,18270687.22,4583.0,720132011.356949,4583.0,396981253.935992,4583.0,59230803.7558603,,,,
4584.0,18292235.79,4584.0,720559502.545074,4584.0,397257359.484001,4584.0,59276310.5116438,,,,
4585.0,18313803.64,4585.0,720987257.413193,4585.0,397533589.159994,4585.0,59321837.6228182,,,,
4586.0,18335391.78,4586.0,721415144.121307,4586.0,397809942.292002,4586.0,59367390.2350472,,,,
4587.0,18356999.57,4587.0,721843162.669418,4587.0,398086419.231996,4587.0,59412963.2026671,,,,
4588.0,18378627.51,4588.0,722271378.977524,4588.0,398363020.267989,4588.0,59458558.9000778,,,,
4589.0,18400275.18,4589.0,722699727.125626,4589.0,398639744.791998,4589.0,59504177.9785432,,,,
4590.0,18421942.56,4590.0,723128273.033722,4590.0,398916592.803991,4590.0,59549818.8539994,,,,
4591.0,18443630.36,4591.0,723557016.701813,4591.0,399193564.911999,4591.0,59595483.7889103,,,,
4592.0,18465337.43,4592.0,723985826.289902,4592.0,399470660.507993,4592.0,59641171.453612,,,,
4593.0,18487065.0,4593.0,724414899.557983,4593.0,399747880.200001,4593.0,59686880.4065046,,,,
4594.0,18508811.92,4594.0,724844038.746063,4594.0,400025223.379995,4594.0,59732612.7404519,,,,
4595.0,18530579.23,4595.0,725273309.774139,4595.0,400302690.048003,4595.0,59778367.54979,,,,
4596.0,18552366.38,4596.0,725702844.482208,4596.0,400580321.771996,4596.0,59824145.9945828,,,,
4597.0,18574173.66,4597.0,726132445.110275,4597.0,400858036.34399,4597.0,59869946.9147664,,,,
4598.0,18596000.7,4598.0,726562243.498337,4598.0,401135874.083998,4598.0,59915769.1231408,,,,
4599.0,18617847.53,4599.0,726992239.646393,4599.0,401413877.199991,4599.0,59961614.20377,,,,
4600.0,18639714.75,4600.0,727422367.634445,4600.0,401691962.524,4600.0,60007483.7101899,,,,
4601.0,18661601.72,4601.0,727852627.462494,4601.0,401970171.943993,4601.0,60053373.5720007,,,,
4602.0,18683508.43,4602.0,728283085.050537,4602.0,402248546.132002,4602.0,60099287.7476662,,,,
4603.0,18705435.38,4603.0,728713740.398575,4603.0,402527002.847995,4603.0,60145225.9827864,,,,
4604.0,18727382.31,4604.0,729144593.506607,4604.0,402805624.299988,4604.0,60191183.7524335,,,,
4605.0,18749349.05,4605.0,729575512.534637,4605.0,403084328.887997,4605.0,60237166.9383353,,,,
4606.0,18771336.41,4606.0,730006563.402664,4606.0,403363197.63599,4606.0,60283172.0636918,,,,
4607.0,18793343.32,4607.0,730437812.030685,4607.0,403642149.519999,4607.0,60329201.0789031,,,,
4608.0,18815370.01,4608.0,730869192.498703,4608.0,403921266.139992,4608.0,60375251.2398413,,,,
4609.0,18837417.38,4609.0,731300770.726715,4609.0,404200505.960001,4609.0,60421323.5946342,,,,
4610.0,18859484.25,4610.0,731732546.714722,4610.0,404479829.203994,4610.0,60467418.9607539,,,,
4611.0,18881570.96,4611.0,732164388.622726,4611.0,404759316.608002,4611.0,60513539.4344563,,,,
4612.0,18903678.35,4612.0,732596494.210724,4612.0,405038928.107996,4612.0,60559680.3754855,,,,
4613.0,18925805.48,4613.0,733028797.558716,4613.0,405318663.383989,4613.0,60605842.6318416,,,,
4614.0,18947952.65,4614.0,733461166.826706,4614.0,405598522.179998,4614.0,60652033.1333802,,,,
4615.0,18970119.87,4615.0,733893667.934692,4615.0,405878463.791991,4615.0,60698240.9646458,,,,
4616.0,18992307.16,4616.0,734326432.722672,4616.0,406158570.459999,4616.0,60744473.3641661,,,,
4617.0,19014514.83,4617.0,734759329.350647,4617.0,406438800.295993,4617.0,60790728.0966132,,,,
4618.0,19036742.16,4618.0,735192291.898621,4618.0,406719154.260001,4618.0,60837005.955715,,,,
4619.0,19058989.66,4619.0,735625452.206589,4619.0,406999631.679994,4619.0,60883306.4326717,,,,
4620.0,19081257.54,4620.0,736058810.274551,4620.0,407280233.228003,4620.0,60929632.4106829,,,,
4621.0,19103545.26,4621.0,736492366.102509,4621.0,407560999.191996,4621.0,60975977.9232211,,,,
4622.0,19125852.82,4622.0,736926053.770462,4622.0,407841848.00399,4622.0,61022346.0536141,,,,
4623.0,19148180.59,4623.0,737359873.278412,4623.0,408122820.623998,4623.0,61068739.0066617,,,,
4624.0,19170528.82,4624.0,737793890.546356,4624.0,408403917.019991,4624.0,61115152.3422362,,,,
4625.0,19192897.12,4625.0,738228039.654297,4625.0,408685177.864,4625.0,61161590.5004654,,,,
4626.0,19215285.65,4626.0,738662386.522232,4626.0,408966521.555993,4626.0,61208050.0893495,,,,
4627.0,19237693.84,4627.0,739096865.230164,4627.0,409247989.024002,4627.0,61254535.3488881,,,,
4628.0,19260122.79,4628.0,739531409.858093,4628.0,409529621.259995,4628.0,61301040.7365537,,,,
4629.0,19282571.02,4629.0,739966284.086014,4629.0,409811336.311988,4629.0,61347569.590074,,,,
4630.0,19305039.97,4630.0,740401290.153931,4630.0,410093215.811997,4630.0,61394122.163849,,,,
4631.0,19327528.88,4631.0,740836428.061844,4631.0,410375219.40799,4631.0,61440695.0353509,,,,
4632.0,19350038.21,4632.0,741271763.729752,4632.0,410657305.851999,4632.0,61487293.4927075,,,,
4633.0,19372567.47,4633.0,741707099.397659,4633.0,410939556.423992,4633.0,61533912.9567189,,,,
4634.0,19395117.19,4634.0,742142764.665558,4634.0,411221930.804001,4634.0,61580555.4320571,,,,
4635.0,19417686.95,4635.0,742578561.773453,4635.0,411504388.607994,4635.0,61627223.9477778,,,,
4636.0,19440276.61,4636.0,743014490.721344,4636.0,411787010.572002,4636.0,61673912.6764255,,,,
4637.0,19462887.04,4637.0,743450617.42923,4637.0,412069756.631996,4637.0,61720622.5508,,,,
4638.0,19485517.52,4638.0,743886810.057114,4638.0,412352626.179989,4638.0,61767357.2783572,,,,
4639.0,19508167.68,4639.0,744323266.36499,4639.0,412635619.503998,4639.0,61814115.6108411,,,,
4640.0,19530838.15,4640.0,744759854.512863,4640.0,412918736.635991,4640.0,61860893.562652,,,,
4641.0,19553529.18,4641.0,745196706.340729,4641.0,413202018.215999,4641.0,61907697.5548454,,,,
4642.0,19576240.8,4642.0,745633558.168594,4642.0,413485382.931993,4642.0,61954523.9647657,,,,
4643.0,19598971.82,4643.0,746070607.756454,4643.0,413768871.136001,4643.0,62001373.5013406,,,,
4644.0,19621723.47,4644.0,746507855.104309,4644.0,414052524.075994,4644.0,62048243.3356425,,,,
4645.0,19644495.19,4645.0,746945234.29216,4645.0,414336259.864003,4645.0,62095139.803927,,,,
4646.0,19667287.4,4646.0,747382811.240005,4646.0,414620119.459996,4646.0,62142057.4179383,,,,
4647.0,19690099.77,4647.0,747820520.027847,4647.0,414904143.47199,4647.0,62188995.7536765,,,,
4648.0,19712932.13,4648.0,748258426.575684,4648.0,415188250.651998,4648.0,62235959.6209973,,,,
4649.0,19735784.95,4649.0,748696399.043518,4649.0,415472522.247991,4649.0,62282945.312445,,,,
4650.0,19758658.35,4650.0,749134635.191345,4650.0,415756917.652,4650.0,62329954.3849473,,,,
4651.0,19781551.57,4651.0,749573003.179169,4651.0,416041396.191993,4651.0,62376985.6207765,,,,
4652.0,19804465.37,4652.0,750011503.006989,4652.0,416326038.892002,4652.0,62424042.0489883,,,,
4653.0,19827399.13,4653.0,750450200.594803,4653.0,416610805.687995,4653.0,62471120.725327,,,,
4654.0,19850353.73,4654.0,750889161.86261,4654.0,416895695.939988,4654.0,62518217.4097926,,,,
4655.0,19873328.23,4655.0,751328123.130417,4655.0,417180710.319997,4655.0,62565342.7634407,,,,
4656.0,19896322.83,4656.0,751767348.078217,4656.0,417465848.15599,4656.0,62612489.9412156,,,,
4657.0,19919337.96,4657.0,752206704.866013,4657.0,417751109.511999,4657.0,62659660.0760453,,,,
4658.0,19942373.57,4658.0,752646127.573807,4658.0,418036536.211992,4658.0,62706850.8478019,,,,
4659.0,19965429.28,4659.0,753085813.961594,4659.0,418322045.152001,4659.0,62754065.4246132,,,,
4660.0,19988505.59,4660.0,753525698.109375,4660.0,418607677.867994,4660.0,62801302.9584792,,,,
4661.0,20011602.29,4661.0,753965582.257156,4661.0,418893475.640002,4661.0,62848563.7886,,,,
4662.0,20034718.92,4662.0,754405796.004929,4662.0,419179355.971996,4662.0,62895850.2893754,,,,
4663.0,20057855.94,4663.0,754846141.592697,4663.0,419465401.007989,4663.0,62943156.9182777,,,,
4664.0,20081013.73,4664.0,755286553.100464,4664.0,419751528.603998,4664.0,62990483.6753069,,,,
4665.0,20104191.12,4665.0,755727228.288223,4665.0,420037821.255991,4665.0,63037838.5927186,,,,
4666.0,20127389.75,4666.0,756168035.315979,4666.0,420324237.683999,4666.0,63085212.7902573,,,,
4667.0,20150607.9,4667.0,756609040.103729,4667.0,420610736.671993,4667.0,63132612.4888506,,,,
4668.0,20173846.93,4668.0,757050176.731476,4668.0,420897400.684001,4668.0,63180034.8052987,,,,
4669.0,20197106.47,4669.0,757491445.199219,4669.0,421184187.895995,4669.0,63227478.0978736,,,,
4670.0,20220386.27,4670.0,757932845.506958,4670.0,421471140.164003,4670.0,63274945.6195032,,,,
4671.0,20243686.25,4671.0,758374509.49469,4671.0,421758175.247996,4671.0,63322436.0981876,,,,
4672.0,20267006.84,4672.0,758816305.322418,4672.0,422045333.53199,4672.0,63369951.0603267,,,,
4673.0,20290347.89,4673.0,759258298.910141,4673.0,422332616.199998,4673.0,63417487.2529926,,,,
4674.0,20313709.06,4674.0,759700292.497864,4674.0,422620022.387991,4674.0,63465046.2331133,,,,
4675.0,20337090.66,4675.0,760142615.685577,4675.0,422907593.312,4675.0,63512630.7990886,,,,
4676.0,20360492.59,4676.0,760585070.713287,4676.0,423195247.051993,4676.0,63560233.3731909,,,,
4677.0,20383915.46,4677.0,761027591.660995,4677.0,423483065.272002,4677.0,63607861.9571479,,,,
4678.0,20407358.17,4678.0,761470376.288696,4678.0,423771007.555995,4678.0,63655514.1765595,,,,
4679.0,20430821.62,4679.0,761913292.756393,4679.0,424059032.399988,4679.0,63703189.4378259,,,,
4680.0,20454305.52,4680.0,762356472.904083,4680.0,424347221.979997,4680.0,63750886.8624192,,,,
4681.0,20477810.12,4681.0,762799653.051773,4681.0,424635535.33599,4681.0,63798607.3288671,,,,
4682.0,20501334.99,4682.0,763243096.879456,4682.0,424923972.211999,4682.0,63846351.4307698,,,,
4683.0,20524880.28,4683.0,763686672.547134,4683.0,425212533.471992,4683.0,63894116.6783994,,,,
4684.0,20548446.03,4684.0,764130314.134811,4684.0,425501258.892001,4684.0,63941904.8830837,,,,
4685.0,20572031.91,4685.0,764574219.402481,4685.0,425790067.127994,4685.0,63989717.8256227,,,,
4686.0,20595638.43,4686.0,765018322.430145,4686.0,426078999.460002,4686.0,64037555.3364164,,,,
4687.0,20619265.66,4687.0,765462557.297806,4687.0,426368095.951996,4687.0,64085412.042537,,,,
4688.0,20642913.53,4688.0,765906989.925461,4688.0,426657275.547989,4688.0,64133293.1473123,,,,
4689.0,20666581.38,4689.0,766351422.553116,4689.0,426946619.623998,4689.0,64181198.7355423,,,,
4690.0,20690270.24,4690.0,766796184.780762,4690.0,427236046.835991,4690.0,64229125.4694991,,,,
4691.0,20713978.92,4691.0,767241078.848404,4691.0,427525638.783999,4691.0,64277078.4982385,,,,
4692.0,20737708.91,4692.0,767686104.756042,4692.0,427815354.219993,4692.0,64325050.0133769,,,,
4693.0,20761459.08,4693.0,768131394.343674,4693.0,428105193.464001,4693.0,64373047.060098,,,,
4694.0,20785229.91,4694.0,768576683.931305,4694.0,428395156.483994,4694.0,64421066.2701458,,,,
4695.0,20809020.85,4695.0,769022237.198929,4695.0,428685243.312003,4695.0,64469111.6901763,,,,
4696.0,20832832.63,4696.0,769467922.306549,4696.0,428975453.627996,4696.0,64517175.6814057,,,,
4697.0,20856664.82,4697.0,769913739.254166,4697.0,429265828.67999,4697.0,64565265.1194178,,,,
4698.0,20880517.97,4698.0,770359819.881775,4698.0,429556286.579998,4698.0,64613376.9751566,,,,
4699.0,20904391.34,4699.0,770805966.429382,4699.0,429846909.535991,4699.0,64661511.0247502,,,,
4700.0,20928285.38,4700.0,771252310.736984,4700.0,430137614.7,4700.0,64709670.7449985,,,,
4701.0,20952199.44,4701.0,771698852.804581,4701.0,430428484.631993,4701.0,64757849.9997737,,,,
4702.0,20976134.43,4702.0,772145526.712173,4702.0,430719478.660002,4702.0,64806054.5012036,,,,
4703.0,21000090.26,4703.0,772592266.539764,4703.0,431010596.175995,4703.0,64854281.6204882,,,,
4704.0,21024066.13,4704.0,773039270.047348,4704.0,431301837.787988,4704.0,64902535.0040274,,,,
4705.0,21048062.95,4705.0,773486405.394928,4705.0,431593202.887997,4705.0,64950807.3284936,,,,
4706.0,21072080.95,4706.0,773933804.422501,4706.0,431884691.76399,4706.0,64999102.8644145,,,,
4707.0,21096118.52,4707.0,774381335.29007,4707.0,432176304.447999,4707.0,65047422.6293901,,,,
4708.0,21120177.15,4708.0,774828932.077637,4708.0,432468040.619992,4708.0,65095764.1336926,,,,
4709.0,21144256.48,4709.0,775276792.545197,4709.0,432759941.848001,4709.0,65144132.7807776,,,,
4710.0,21168356.26,4710.0,775724718.932755,4710.0,433051925.603994,4710.0,65192520.5926615,,,,
4711.0,21192476.58,4711.0,776172909.000305,4711.0,433344074.128002,4711.0,65240932.1553282,,,,
4712.0,21216617.95,4712.0,776621230.907852,4712.0,433636346.427996,4712.0,65289369.3886495,,,,
4713.0,21240779.36,4713.0,777069684.655396,4713.0,433928742.215989,4713.0,65337828.2764976,,,,
4714.0,21264961.75,4714.0,777518336.162933,4714.0,434221262.099998,4714.0,65386306.8684726,,,,
4715.0,21289164.45,4715.0,777967119.510468,4715.0,434513905.471991,4715.0,65434813.1968302,,,,
4716.0,21313388.03,4716.0,778416100.617996,4716.0,434806672.939999,4716.0,65483339.2293147,,,,
4717.0,21337632.46,4717.0,778865213.565521,4717.0,435099564.215993,4717.0,65531890.7628538,,,,
4718.0,21361897.53,4718.0,779314524.273041,4718.0,435392619.620001,4718.0,65580464.9990477,,,,
4719.0,21386182.84,4719.0,779763966.820557,4719.0,435685758.159994,4719.0,65629061.7377683,,,,
4720.0,21410489.2,4720.0,780213607.128067,4720.0,435979061.468003,4720.0,65677684.5168716,,,,
4721.0,21434815.7,4721.0,780663379.275574,4721.0,436272447.591996,4721.0,65726328.0177018,,,,
4722.0,21459163.69,4722.0,781113349.183075,4722.0,436565998.16399,4722.0,65774992.1554588,,,,
4723.0,21483531.84,4723.0,781563385.010574,4723.0,436859672.543998,4723.0,65823684.5383983,,,,
4724.0,21507921.25,4724.0,782013750.438065,4724.0,437153470.699991,4724.0,65872396.1166648,,,,
4725.0,21532330.57,4725.0,782464115.865555,4725.0,437447392.664,4725.0,65921133.7047858,,,,
4726.0,21556761.13,4726.0,782914744.973038,4726.0,437741479.075993,4726.0,65969890.8274339,,,,
4727.0,21581212.04,4727.0,783365440.000519,4727.0,438035648.624002,4727.0,66018672.1791366,,,,
4728.0,21605683.59,4728.0,783816398.707993,4728.0,438329982.907995,4728.0,66067477.844694,,,,
4729.0,21630176.32,4729.0,784267489.255463,4729.0,438624399.719988,4729.0,66116306.8913061,,,,
4730.0,21654689.36,4730.0,784718777.562927,4730.0,438918981.299997,4730.0,66165160.4213729,,,,
4731.0,21679223.3,4731.0,785170263.630386,4731.0,439213645.72799,4731.0,66214035.2667666,,,,
4732.0,21703778.19,4732.0,785621815.617844,4732.0,439508474.571999,4732.0,66262933.323615,,,,
4733.0,21728353.22,4733.0,786073565.365295,4733.0,439803468.471992,4733.0,66311853.3741902,,,,
4734.0,21752950.05,4734.0,786525512.872742,4734.0,440098545.220001,4734.0,66360798.871548,,,,
4735.0,21777566.47,4735.0,786977592.220184,4735.0,440393745.455994,4735.0,66409767.2106326,,,,
4736.0,21802204.25,4736.0,787429737.487625,4736.0,440689069.788002,4736.0,66458758.506772,,,,
4737.0,21826862.94,4737.0,787882212.355057,4737.0,440984558.567996,4737.0,66507770.9486382,,,,
4738.0,21851542.15,4738.0,788334819.062485,4738.0,441280129.875989,4738.0,66556811.211687,,,,
4739.0,21876242.08,4739.0,788787491.689911,4739.0,441575866.239998,4739.0,66605871.0940626,,,,
4740.0,21900962.72,4740.0,789240427.99733,4740.0,441871726.379991,4740.0,66654954.696693,,,,
4741.0,21925704.34,4741.0,789693496.144745,4741.0,442167710.039999,4741.0,66704059.7842503,,,,
4742.0,21950466.77,4742.0,790146696.132156,4742.0,442463817.475993,4742.0,66753190.3728621,,,,
4743.0,21975249.88,4743.0,790600093.879562,4743.0,442760049.008001,4743.0,66802345.0209287,,,,
4744.0,22000053.79,4744.0,791053755.306961,4744.0,443056404.027995,4744.0,66851521.2692501,,,,
4745.0,22024878.33,4745.0,791507416.73436,4745.0,443352923.496003,4745.0,66900723.1034261,,,,
4746.0,22049724.03,4746.0,791961275.921753,4746.0,443649526.099996,4746.0,66949945.150529,,,,
4747.0,22074590.46,4747.0,792415332.869141,4747.0,443946293.47199,4747.0,66999192.1898866,,,,
4748.0,22099477.69,4748.0,792869587.576523,4748.0,444243184.299998,4748.0,67048459.442171,,,,
4749.0,22124385.4,4749.0,793323974.123901,4749.0,444540199.255991,4749.0,67097754.939638,,,,
4750.0,22149314.32,4750.0,793778426.591278,4750.0,444837337.38,4750.0,67147070.5652318,,,,
4751.0,22174264.02,4751.0,794233208.658646,4751.0,445134599.599993,4751.0,67196409.7414805,,,,
4752.0,22199235.11,4752.0,794688056.646011,4752.0,445432026.588002,4752.0,67245771.5898558,,,,
4753.0,22224226.44,4753.0,795143102.393372,4753.0,445729536.391995,4753.0,67295158.9698138,,,,
4754.0,22249238.23,4754.0,795598279.980728,4754.0,446027210.643988,4754.0,67344568.9370986,,,,
4755.0,22274271.55,4755.0,796053655.328079,4755.0,446324967.743997,4755.0,67393997.7605103,,,,
4756.0,22299325.79,4756.0,796509162.515427,4756.0,446622889.89999,4756.0,67443456.0163045,,,,
4757.0,22324400.68,4757.0,796964999.302765,4757.0,446920935.543999,4757.0,67492932.7042257,,,,
4758.0,22349496.49,4758.0,797420836.090103,4758.0,447219104.963992,4758.0,67542436.7588014,,,,
4759.0,22374612.46,4759.0,797876870.637436,4759.0,447517438.832001,4759.0,67591961.3112319,,,,
4760.0,22399750.42,4760.0,798333037.024765,4760.0,447815855.835994,4760.0,67641510.1469892,,,,
4761.0,22424908.5,4761.0,798789401.172089,4761.0,448114396.360002,4761.0,67691082.5639292,,,,
4762.0,22450088.23,4762.0,799245897.159409,4762.0,448413101.907996,4762.0,67740679.2641959,,,,
4763.0,22475288.44,4763.0,799702590.906723,4763.0,448711930.655989,4763.0,67790295.2445896,,,,
4764.0,22500509.49,4764.0,800159416.494034,4764.0,449010883.787998,4764.0,67839939.1309657,,,,
4765.0,22525751.25,4765.0,800616439.841339,4765.0,449309919.159991,4765.0,67889604.4174687,,,,
4766.0,22551014.55,4766.0,801073660.948639,4766.0,449609119.587999,4766.0,67939291.6434265,,,,
4767.0,22576297.72,4767.0,801530947.975937,4767.0,449908484.751993,4767.0,67989003.152711,,,,
4768.0,22601602.91,4768.0,801988432.763229,4768.0,450207932.476001,4768.0,68038739.6847781,,,,
4769.0,22626928.52,4769.0,802446247.150513,4769.0,450507544.935995,4769.0,68088497.1929722,,,,
4770.0,22652275.84,4770.0,802904061.537796,4770.0,450807240.532003,4770.0,68138279.9478208,,,,
4771.0,22677643.24,4771.0,803362073.685074,4771.0,451107100.255996,4771.0,68188083.8483963,,,,
4772.0,22703031.79,4772.0,803820217.672348,4772.0,451407125.35599,4772.0,68237911.8084265,,,,
4773.0,22728441.24,4773.0,804278559.419617,4773.0,451707232.695998,4773.0,68287764.6216394,,,,
4774.0,22753872.13,4774.0,804737098.92688,4774.0,452007464.099991,4774.0,68337637.1084512,,,,
4775.0,22779323.19,4775.0,805195704.354141,4775.0,452307819.024,4775.0,68387537.5860455,,,,
4776.0,22804795.91,4776.0,805654573.461395,4776.0,452608338.683993,4776.0,68437457.9373667,,,,
4777.0,22830288.98,4777.0,806113574.408646,4777.0,452908982.120002,4777.0,68487403.3657426,,,,
4778.0,22855803.29,4778.0,806572773.115891,4778.0,453209708.403995,4778.0,68537372.8535732,,,,
4779.0,22881338.68,4779.0,807032037.743134,4779.0,453510599.455988,4779.0,68587363.0631306,,,,
4780.0,22906895.48,4780.0,807491566.050369,4780.0,453811614.283997,4780.0,68637379.7370706,,,,
4781.0,22932472.74,4781.0,807951226.197601,4781.0,454112793.55999,4781.0,68687418.9983374,,,,
4782.0,22958071.63,4782.0,808411084.104828,4782.0,454414055.971999,4782.0,68737478.2181312,,,,
4783.0,22983690.74,4783.0,808871073.852051,4783.0,454715482.831992,4783.0,68787564.1567074,,,,
4784.0,23009331.41,4784.0,809331261.359268,4784.0,455016992.540001,4784.0,68837673.0218105,,,,
4785.0,23034992.89,4785.0,809791580.706482,4785.0,455318666.983994,4785.0,68887805.1831683,,,,
4786.0,23060675.31,4786.0,810252031.893692,4786.0,455620465.236002,4786.0,68937960.8951808,,,,
4787.0,23086378.88,4787.0,810712680.840897,4787.0,455922386.943996,4787.0,68988138.2617201,,,,
4788.0,23112103.77,4788.0,811173527.548096,4788.0,456224432.779989,4788.0,69038339.7725142,,,,
4789.0,23137848.44,4789.0,811634440.175293,4789.0,456526643.063998,4789.0,69088564.325163,,,,
4790.0,23163615.02,4790.0,812095682.402481,4790.0,456828936.163991,4790.0,69138814.7180664,,,,
4791.0,23189403.0,4791.0,812556990.549667,4791.0,457131394.031999,4791.0,69189084.7302967,,,,
4792.0,23215212.07,4792.0,813018430.53685,4792.0,457433975.675993,4792.0,69239380.7523817,,,,
4793.0,23241042.04,4793.0,813480068.284027,4793.0,457736681.128001,4793.0,69289699.9011214,,,,
4794.0,23266893.05,4794.0,813941903.791199,4794.0,458039510.355995,4794.0,69340043.3637157,,,,
4795.0,23292764.61,4795.0,814403937.058365,4795.0,458342504.032003,4795.0,69390406.784837,,,,
4796.0,23318657.99,4796.0,814866102.165527,4796.0,458645580.555996,4796.0,69440800.4863407,,,,
4797.0,23344572.3,4797.0,815328399.112686,4797.0,458948822.13599,4797.0,69491208.6886436,,,,
4798.0,23370507.47,4798.0,815790893.819839,4798.0,459252146.243998,4798.0,69541645.8145289,,,,
4799.0,23396463.4,4799.0,816253454.446991,4799.0,459555634.799991,4799.0,69592104.2557411,,,,
4800.0,23422441.0,4800.0,816716278.754135,4800.0,459859288.7,4800.0,69642589.6701358,,,,
4801.0,23448439.78,4801.0,817179300.821274,4801.0,460163024.839993,4801.0,69693092.8925296,,,,
4802.0,23474459.67,4802.0,817642388.808411,4802.0,460466885.076002,4802.0,69743624.7841058,,,,
4803.0,23500500.02,4803.0,818105674.555542,4803.0,460770909.759995,4803.0,69794177.3126089,,,,
4804.0,23526562.11,4804.0,818569158.062668,4804.0,461075058.219988,4804.0,69844752.7133667,,,,
4805.0,23552644.93,4805.0,819032839.329788,4805.0,461379289.847997,4805.0,69895352.0039793,,,,
4806.0,23578749.25,4806.0,819496652.436905,4806.0,461683685.60399,4806.0,69945978.6612464,,,,
4807.0,23604874.62,4807.0,819960597.384018,4807.0,461988246.415999,4807.0,69996623.8354405,,,,
4808.0,23631021.07,4808.0,820424806.011124,4808.0,462292889.755992,4808.0,70047292.2210893,,,,
4809.0,23657188.72,4809.0,820889146.478226,4809.0,462597698.152001,4809.0,70097988.6517927,,,,
4810.0,23683376.92,4810.0,821353552.865326,4810.0,462902589.363994,4810.0,70148704.9019509,,,,
4811.0,23709587.16,4811.0,821818222.932419,4811.0,463207645.056002,4811.0,70199446.1138358,,,,
4812.0,23735818.81,4812.0,822282958.91951,4812.0,463512824.523996,4812.0,70250209.9435755,,,,
4813.0,23762070.5,4813.0,822747958.586594,4813.0,463818127.799989,4813.0,70300995.96717,,,,
4814.0,23788344.45,4814.0,823213090.093674,4814.0,464123554.531998,4814.0,70351808.3398191,,,,
4815.0,23814638.61,4815.0,823678419.360748,4815.0,464429146.639991,4815.0,70402642.960595,,,,
4816.0,23840954.41,4816.0,824143814.547821,4816.0,464734861.947999,4816.0,70453500.4536256,,,,
4817.0,23867291.86,4817.0,824609473.414886,4817.0,465040701.031993,4817.0,70504383.6173108,,,,
4818.0,23893649.93,4818.0,825075264.121948,4818.0,465346664.212001,4818.0,70555285.637123,,,,
4819.0,23920028.76,4819.0,825541186.669006,4819.0,465652750.879995,4819.0,70606216.6653177,,,,
4820.0,23946430.02,4820.0,826007372.896057,4820.0,465958961.356003,4820.0,70657167.2280393,,,,
4821.0,23972851.58,4821.0,826473756.883102,4821.0,466265336.567996,4821.0,70708142.3590156,,,,
4822.0,23999294.99,4822.0,826940140.870148,4822.0,466571835.26799,4822.0,70759141.5189186,,,,
4823.0,24025759.04,4823.0,827406788.537186,4823.0,466878417.103998,4823.0,70810161.8550764,,,,
4824.0,24052244.55,4824.0,827873633.964218,4824.0,467185163.707991,4824.0,70861208.7404168,,,,
4825.0,24078751.45,4825.0,828340545.311249,4825.0,467492033.48,4825.0,70912275.2993562,,,,
4826.0,24105279.37,4826.0,828807654.418274,4826.0,467799068.627993,4826.0,70963369.764278,,,,
4827.0,24131828.14,4827.0,829274961.285294,4827.0,468106186.304002,4827.0,71014486.5621267,,,,
4828.0,24158398.69,4828.0,829742399.99231,4828.0,468413468.715995,4828.0,71065626.57143,,,,
4829.0,24184990.74,4829.0,830210036.45932,4829.0,468720874.615988,4829.0,71116788.4353883,,,,
4830.0,24211603.18,4830.0,830677804.766327,4830.0,469028404.931997,4830.0,71167976.987601,,,,
4831.0,24238237.78,4831.0,831145770.833328,4831.0,469336058.41599,4831.0,71219186.4311406,,,,
4832.0,24264893.39,4832.0,831613934.660324,4832.0,469643876.667999,4832.0,71270419.086135,,,,
4833.0,24291569.88,4833.0,832082296.247314,4833.0,469951778.055992,4833.0,71321677.411784,,,,
4834.0,24318268.33,4834.0,832550789.674301,4834.0,470259843.892001,4834.0,71372958.9488878,,,,
4835.0,24344988.19,4835.0,833019349.021286,4835.0,470568033.215994,4835.0,71424262.4797183,,,,
4836.0,24371728.23,4836.0,833488237.968262,4836.0,470876346.924002,4836.0,71475591.2572035,,,,
4837.0,24398490.02,4837.0,833957126.915237,4837.0,471184783.831996,4837.0,71526942.5677435,,,,
4838.0,24425273.51,4838.0,834426213.622208,4838.0,471493385.795989,4838.0,71578319.5489381,,,,
4839.0,24452077.64,4839.0,834895564.009171,4839.0,471802111.247998,4839.0,71629715.7254596,,,,
4840.0,24478904.14,4840.0,835365046.23613,4840.0,472110919.515991,4840.0,71681137.9118358,,,,
4841.0,24505751.0,4841.0,835834660.303085,4841.0,472419933.831999,4841.0,71732585.3448666,,,,
4842.0,24532619.35,4842.0,836304472.130035,4842.0,472729030.643993,4842.0,71784055.9893521,,,,
4843.0,24559509.36,4843.0,836774415.796982,4843.0,473038251.264001,4843.0,71835545.1507646,,,,
4844.0,24586420.43,4844.0,837244491.303925,4844.0,473347636.331995,4844.0,71887063.7988316,,,,
4845.0,24613352.47,4845.0,837714830.49086,4845.0,473657145.496003,4845.0,71938602.5207534,,,,
4846.0,24640307.09,4846.0,838185367.43779,4846.0,473966737.187996,4846.0,71990167.5917299,,,,
4847.0,24667281.96,4847.0,838655970.304718,4847.0,474276534.89599,4847.0,72041754.2324331,,,,
4848.0,24694278.21,4848.0,839126770.931641,4848.0,474586415.131998,4848.0,72093365.5261911,,,,
4849.0,24721296.32,4849.0,839597703.39856,4849.0,474896419.175991,4849.0,72144999.0138038,,,,
4850.0,24748335.3,4850.0,840068833.625473,4850.0,475206587.956,4850.0,72196657.7480712,,,,
4851.0,24775396.54,4851.0,840540227.532379,4851.0,475516880.831993,4851.0,72248337.4584655,,,,
4852.0,24802478.15,4852.0,841011621.439285,4852.0,475827296.876002,4852.0,72300045.0748422,,,,
4853.0,24829581.64,4853.0,841483279.026184,4853.0,476137837.047995,4853.0,72351774.6001458,,,,
4854.0,24856706.51,4854.0,841955134.373077,4854.0,476448541.347988,4854.0,72403523.0663763,,,,
4855.0,24883852.31,4855.0,842427055.639969,4855.0,476759329.103997,4855.0,72455302.5761891,,,,
4856.0,24911020.29,4856.0,842899240.586853,4856.0,477070281.59599,4856.0,72507099.5005291,,,,
4857.0,24938209.14,4857.0,843371491.453735,4857.0,477381357.575999,4857.0,72558922.0955236,,,,
4858.0,24965419.37,4858.0,843843940.080612,4858.0,477692557.043992,4858.0,72610771.3787727,,,,
4859.0,24992650.76,4859.0,844316718.30748,4859.0,478003921.888001,4859.0,72662640.1965487,,,,
4860.0,25019904.32,4860.0,844789430.614349,4860.0,478315368.939994,4860.0,72714533.5825795,,,,
4861.0,25047178.74,4861.0,845262406.601212,4861.0,478627021.720002,4861.0,72766449.8408649,,,,
4862.0,25074474.53,4862.0,845735580.348068,4862.0,478938757.635996,4862.0,72818391.5154051,,,,
4863.0,25101792.68,4863.0,846208885.934921,4863.0,479250576.047989,4863.0,72870358.0125998,,,,
4864.0,25129131.11,4864.0,846682389.281769,4864.0,479562600.507998,4864.0,72922346.1643214,,,,
4865.0,25156491.09,4865.0,847156024.468613,4865.0,479874707.175991,4865.0,72974357.1882978,,,,
4866.0,25183872.95,4866.0,847629791.495453,4866.0,480186979.219999,4866.0,73026394.4765287,,,,
4867.0,25211276.48,4867.0,848103756.282288,4867.0,480499374.431993,4867.0,73078455.0610144,,,,
4868.0,25238700.77,4868.0,848577852.909119,4868.0,480811893.452001,4868.0,73130535.604027,,,,
4869.0,25266147.04,4869.0,849052279.135941,4869.0,481124577.527995,4869.0,73182643.3440942,,,,
4870.0,25293615.06,4870.0,849526705.362762,4870.0,481437344.132003,4870.0,73234775.143616,,,,
4871.0,25321103.96,4871.0,850001329.349579,4871.0,481750275.791996,4871.0,73286927.6953927,,,,
4872.0,25348614.03,4872.0,850476217.016388,4872.0,482063331.22799,4872.0,73339104.2760962,,,,
4873.0,25376146.96,4873.0,850951236.523193,4873.0,482376509.863998,4873.0,73391306.1034542,,,,
4874.0,25403700.05,4874.0,851426321.949997,4874.0,482689853.555991,4874.0,73443532.9230669,,,,
4875.0,25431274.63,4875.0,851901671.056793,4875.0,483003280.064,4875.0,73495781.9365344,,,,
4876.0,25458871.67,4876.0,852377217.923584,4876.0,483316871.339993,4876.0,73548051.1629289,,,,
4877.0,25486489.46,4877.0,852852764.790375,4877.0,483630586.104002,4877.0,73600347.7559778,,,,
4878.0,25514128.63,4878.0,853328641.257156,4878.0,483944424.963995,4878.0,73652665.8644816,,,,
4879.0,25541789.86,4879.0,853804583.643936,4879.0,484258387.311988,4879.0,73705012.0180399,,,,
4880.0,25569472.26,4880.0,854280723.79071,4880.0,484572514.107997,4880.0,73757379.687053,,,,
4881.0,25597176.34,4881.0,854757061.697479,4881.0,484886765.28799,4881.0,73809769.9433929,,,,
4882.0,25624902.19,4882.0,855233663.284241,4882.0,485201139.667999,4882.0,73862183.4959875,,,,
4883.0,25652649.0,4883.0,855710264.871002,4883.0,485515638.143992,4883.0,73914621.6168368,,,,
4884.0,25680416.85,4884.0,856187064.217758,4884.0,485830301.388001,4884.0,73967083.0882129,,,,
4885.0,25708207.61,4885.0,856664193.164505,4885.0,486145047.127994,4885.0,74019570.7695715,,,,
4886.0,25736019.41,4886.0,857141322.111252,4886.0,486459957.956002,4886.0,74072078.6638571,,,,
4887.0,25763851.98,4887.0,857618582.897995,4887.0,486774992.239996,4887.0,74124613.2463971,,,,
4888.0,25791707.73,4888.0,858096173.284729,4888.0,487090150.651989,4888.0,74177168.0418642,,,,
4889.0,25819583.44,4889.0,858573829.591461,4889.0,487405473.191998,4889.0,74229748.1687858,,,,
4890.0,25847481.72,4890.0,859051617.73819,4890.0,487720878.867991,4890.0,74282353.4880901,,,,
4891.0,25875401.56,4891.0,859529669.564911,4891.0,488036490.271999,4891.0,74334981.7339211,,,,
4892.0,25903342.67,4892.0,860007853.231628,4892.0,488352184.171993,4892.0,74387631.295079,,,,
4893.0,25931305.16,4893.0,860486168.738342,4893.0,488668002.200001,4893.0,74440307.4054195,,,,
4894.0,25959289.39,4894.0,860964682.005051,4894.0,488983984.963995,4894.0,74493006.1030867,,,,
4895.0,25987294.91,4895.0,861443393.031754,4895.0,489300091.216003,4895.0,74545730.1322086,,,,
4896.0,26015322.31,4896.0,861922169.978455,4896.0,489616280.315996,4896.0,74598476.4399853,,,,
4897.0,26043372.04,4897.0,862401276.525146,4897.0,489932634.15199,4897.0,74651245.9286887,,,,
4898.0,26071442.07,4898.0,862880514.911835,4898.0,490249152.435998,4898.0,74704039.3920468,,,,
4899.0,26099534.14,4899.0,863359819.218521,4899.0,490565754.175991,4899.0,74756859.1501875,,,,
4900.0,26127648.5,4900.0,863839321.285202,4900.0,490882520.044,4900.0,74809699.5147271,,,,
4901.0,26155784.22,4901.0,864319021.111877,4901.0,491199450.967993,4901.0,74862564.0540494,,,,
4902.0,26183940.51,4902.0,864798852.778549,4902.0,491516464.740002,4902.0,74915452.6222984,,,,
4903.0,26212119.58,4903.0,865278882.205215,4903.0,491833601.679995,4903.0,74968368.0789299,,,,
4904.0,26240319.97,4904.0,865759109.391876,4904.0,492150903.995988,4904.0,75021303.1243604,,,,
4905.0,26268541.69,4905.0,866239468.418533,4905.0,492468329.799997,4905.0,75074263.7861735,,,,
4906.0,26296786.03,4906.0,866719959.285187,4906.0,492785879.37999,4906.0,75127247.3745134,,,,
4907.0,26325050.56,4907.0,867200647.911835,4907.0,493103593.407999,4907.0,75180256.2400359,,,,
4908.0,26353337.95,4908.0,867681534.298477,4908.0,493421390.603992,4908.0,75233288.7104851,,,,
4909.0,26381646.4,4909.0,868162618.445114,4909.0,493739352.216001,4909.0,75286344.7315891,,,,
4910.0,26409976.22,4910.0,868643768.511749,4910.0,494057438.243994,4910.0,75339422.8312198,,,,
4911.0,26438328.72,4911.0,869125248.178375,4911.0,494375688.400002,4911.0,75392523.6335054,,,,
4912.0,26466702.29,4912.0,869606727.845001,4912.0,494694021.403996,4912.0,75445651.9720454,,,,
4913.0,26495097.4,4913.0,870088405.271622,4913.0,495012519.463989,4913.0,75498803.0980402,,,,
4914.0,26523514.99,4914.0,870570346.378235,4914.0,495331099.731998,4914.0,75551977.3506898,,,,
4915.0,26551953.37,4915.0,871052419.324844,4915.0,495649844.767991,4915.0,75605176.1410661,,,,
4916.0,26580413.51,4916.0,871534558.191452,4916.0,495968754.859999,4916.0,75658397.0404971,,,,
4917.0,26608895.9,4917.0,872017026.658051,4917.0,496287789.047993,4917.0,75711642.5929828,,,,
4918.0,26637399.07,4918.0,872499561.044647,4918.0,496606905.156001,4918.0,75764913.9857231,,,,
4919.0,26665925.2,4919.0,872982227.27124,4919.0,496926227.567995,4919.0,75818204.6585904,,,,
4920.0,26694472.7,4920.0,873465091.257828,4920.0,497245632.540003,4920.0,75871525.3574401,,,,
4921.0,26723041.06,4921.0,873948153.00441,4921.0,497565202.247996,4921.0,75924867.3716166,,,,
4922.0,26751631.59,4922.0,874431478.430985,4922.0,497884855.09199,4922.0,75978229.51392,,,,
4923.0,26780243.7,4923.0,874914935.697556,4923.0,498204672.383998,4923.0,76031618.968606,,,,
4924.0,26808878.27,4924.0,875398458.884125,4924.0,498524654.123991,4924.0,76085032.4522187,,,,
4925.0,26837534.01,4925.0,875882245.750687,4925.0,498844719.0,4925.0,76138467.7056861,,,,
4926.0,26866211.21,4926.0,876366098.537247,4926.0,499164948.323993,4926.0,76191927.2730083,,,,
4927.0,26894911.08,4927.0,876850149.083801,4927.0,499485301.744002,4927.0,76245413.1893851,,,,
4928.0,26923632.23,4928.0,877334397.39035,4928.0,499805819.611995,4928.0,76298920.7602886,,,,
4929.0,26952374.84,4929.0,877818843.456894,4929.0,500126379.655988,4929.0,76352454.4563748,,,,
4930.0,26981139.6,4930.0,878303355.443436,4930.0,500447186.067997,4930.0,76406011.1637877,,,,
4931.0,27009925.24,4931.0,878788131.10997,4931.0,500768075.00799,4931.0,76459586.9817276,,,,
4932.0,27038733.75,4932.0,879273104.536499,4932.0,501089047.083999,4932.0,76513192.6560499,,,,
4933.0,27067563.72,4933.0,879758143.883026,4933.0,501410224.887992,4933.0,76566819.1368991,,,,
4934.0,27096416.17,4934.0,880243380.989548,4934.0,501731485.508001,4934.0,76620469.7620029,,,,
4935.0,27125289.09,4935.0,880728881.776062,4935.0,502052951.535994,4935.0,76674145.5489614,,,,
4936.0,27154184.75,4936.0,881214580.322571,4936.0,502374500.700002,4936.0,76727845.1409746,,,,
4937.0,27183101.1,4937.0,881700278.86908,4937.0,502696173.351996,4937.0,76781565.7091147,,,,
4938.0,27212040.51,4938.0,882186241.095581,4938.0,503018010.771989,4938.0,76835311.0999094,,,,
4939.0,27241000.8,4939.0,882672335.162079,4939.0,503339971.967998,4939.0,76889082.5005588,,,,
4940.0,27269983.56,4940.0,883158561.068573,4940.0,503662016.011991,4940.0,76942878.5542628,,,,
4941.0,27298988.04,4941.0,883645050.65506,4941.0,503984224.791999,4941.0,76996698.9218215,,,,
4942.0,27328014.23,4942.0,884131672.081543,4942.0,504306598.019993,4942.0,77050540.095907,,,,
4943.0,27357062.0,4943.0,884618425.348022,4943.0,504629095.664001,4943.0,77104404.5662473,,,,
4944.0,27386131.59,4944.0,885105376.374496,4944.0,504951757.435995,4944.0,77158294.7072423,,,,
4945.0,27415222.97,4945.0,885592525.160965,4945.0,505274461.096003,4945.0,77212210.0100918,,,,
4946.0,27444336.65,4946.0,886079805.78743,4946.0,505597370.771996,4946.0,77266147.3066682,,,,
4947.0,27473471.86,4947.0,886567218.253891,4947.0,505920403.61599,4947.0,77320108.2386993,,,,
4948.0,27502629.13,4948.0,887054828.480347,4948.0,506243560.875998,4948.0,77374094.8413851,,,,
4949.0,27531809.0,4949.0,887542768.306793,4949.0,506566841.303991,4949.0,77428104.9099255,,,,
4950.0,27561009.7,4950.0,888030774.053238,4950.0,506890287.108,4950.0,77482138.9531206,,,,
4951.0,27590232.0,4951.0,888518845.719681,4951.0,507213815.119993,4951.0,77536196.3468425,,,,
4952.0,27619477.05,4952.0,889007115.146118,4952.0,507537508.188002,4952.0,77590276.8672192,,,,
4953.0,27648742.88,4953.0,889495648.252548,4953.0,507861365.735995,4953.0,77644382.3798505,,,,
4954.0,27678031.67,4954.0,889984313.198975,4954.0,508185306.387988,4954.0,77698514.5807364,,,,
4955.0,27707341.93,4955.0,890473109.985397,4955.0,508509411.807997,4955.0,77752664.1961493,,,,
4956.0,27736674.45,4956.0,890962104.531815,4956.0,508833681.67599,4956.0,77806841.1782167,,,,
4957.0,27766028.86,4957.0,891451230.918228,4957.0,509158034.071999,4957.0,77861042.4741388,,,,
4958.0,27795403.61,4958.0,891940555.064636,4958.0,509482551.523992,4958.0,77915267.7447157,,,,
4959.0,27824802.42,4959.0,892430076.971039,4959.0,509807151.792001,4959.0,77969518.8555471,,,,
4960.0,27854221.72,4960.0,892919730.717438,4960.0,510131916.827994,4960.0,78023789.9249055,,,,
4961.0,27883662.88,4961.0,893409516.303833,4961.0,510456846.312002,4961.0,78078085.8169185,,,,
4962.0,27913126.71,4962.0,893899631.490219,4962.0,510781858.931996,4962.0,78132407.5491861,,,,
4963.0,27942612.02,4963.0,894389878.516602,4963.0,511107035.999989,4963.0,78186755.1217084,,,,
4964.0,27972119.87,4964.0,894880125.542984,4964.0,511432337.163998,4964.0,78241121.9743576,,,,
4965.0,28001648.99,4965.0,895370702.169357,4965.0,511757802.455991,4965.0,78295513.3104614,,,,
4966.0,28031200.39,4966.0,895861344.715729,4966.0,512083350.915999,4966.0,78349929.29962,,,,
4967.0,28060773.86,4967.0,896352185.022095,4967.0,512409064.111993,4967.0,78404371.6378331,,,,
4968.0,28090369.21,4968.0,896843223.088455,4968.0,512734901.084001,4968.0,78458837.9507009,,,,
4969.0,28119986.08,4969.0,897334458.91481,4969.0,513060903.143995,4969.0,78513323.7132957,,,,
4970.0,28149625.06,4970.0,897825826.581162,4970.0,513386987.412003,4970.0,78567837.5209449,,,,
4971.0,28179286.2,4971.0,898317326.087509,4971.0,513713236.735996,4971.0,78622372.928849,,,,
4972.0,28208969.31,4972.0,898809023.353851,4972.0,514039609.54799,4972.0,78676934.1770077,,,,
4973.0,28238674.48,4973.0,899300918.380188,4973.0,514366147.127998,4973.0,78731521.435021,,,,
4974.0,28268401.41,4974.0,899793077.086517,4974.0,514692808.483991,4974.0,78786128.3123613,,,,
4975.0,28298150.91,4975.0,900285235.792847,4975.0,515019552.656,4975.0,78840761.0299561,,,,
4976.0,28327920.99,4976.0,900777658.179169,4976.0,515346461.595993,4976.0,78895417.8918056,,,,
4977.0,28357713.72,4977.0,901270146.485489,4977.0,515673535.304002,4977.0,78950098.2195099,,,,
4978.0,28387529.93,4978.0,901762964.3918,4978.0,516000732.787995,4978.0,79004801.7281409,,,,
4979.0,28417366.4,4979.0,902255782.298111,4979.0,516328053.759988,4979.0,79059530.7378266,,,,
4980.0,28447225.04,4980.0,902748863.884415,4980.0,516655498.827997,4980.0,79114284.2309669,,,,
4981.0,28477106.04,4981.0,903242077.310715,4981.0,516983108.66399,4981.0,79169059.154762,,,,
4982.0,28507008.71,4982.0,903735554.417007,4982.0,517310841.987999,4982.0,79223861.6148117,,,,
4983.0,28536934.26,4983.0,904229097.443298,4983.0,517638699.087992,4983.0,79278685.5597883,,,,
4984.0,28566881.25,4984.0,904722838.229584,4984.0,517966680.284001,4984.0,79333536.1930193,,,,
4985.0,28596850.23,4985.0,905216776.775864,4985.0,518294825.927994,4985.0,79388407.5785053,,,,
4986.0,28626840.57,4986.0,905710913.082138,4986.0,518623095.092002,4986.0,79443305.8218458,,,,
4987.0,28656854.3,4987.0,906205247.148407,4987.0,518951487.999996,4987.0,79498227.870241,,,,
4988.0,28686889.97,4988.0,906699647.134674,4988.0,519280005.323989,4988.0,79553170.0467631,,,,
4989.0,28716946.12,4989.0,907194244.880936,4989.0,519608727.767998,4989.0,79608141.1163397,,,,
4990.0,28747025.94,4990.0,907689040.387192,4990.0,519937533.347991,4990.0,79663133.2773712,,,,
4991.0,28777126.9,4991.0,908183901.813446,4991.0,520266462.415999,4991.0,79718150.2610573,,,,
4992.0,28807251.27,4992.0,908679092.839691,4992.0,520595556.219993,4992.0,79773189.7472702,,,,
4993.0,28837395.96,4993.0,909174349.785934,4993.0,520924733.160001,4993.0,79828256.4305376,,,,
4994.0,28867563.15,4994.0,909669804.492172,4994.0,521254074.259995,4994.0,79883344.0356598,,,,
4995.0,28897752.59,4995.0,910165391.038406,4995.0,521583580.416003,4995.0,79938458.3290367,,,,
4996.0,28927964.91,4996.0,910661241.264633,4996.0,521913169.387996,4996.0,79993597.4450682,,,,
4997.0,28958198.0,4997.0,911157157.410858,4997.0,522242964.08799,4997.0,80048760.8749544,,,,
4998.0,28988454.13,4998.0,911653337.237076,4998.0,522572841.603998,4998.0,80103944.2633675,,,,
4999.0,29018732.46,4999.0,912149648.90329,4999.0,522902842.927991,4999.0,80159154.8488351,,,,
5000.0,29049032.56,5000.0,912646158.329498,5000.0,523233008.7,5000.0,80214388.0521576,,,,
5001.0,29079354.1,5001.0,914512523.374346,5001.0,524819871.755114,,,,,,
5002.0,29109698.63,5002.0,916382646.079003,5002.0,526411482.888373,,,,,,
5003.0,29140064.92,5003.0,918256464.493637,5003.0,528007830.195096,,,,,,
5004.0,29170453.37,5004.0,920133939.873781,5004.0,529608939.311866,,,,,,
5005.0,29200863.67,5005.0,922015294.498012,5005.0,531214838.516996,,,,,,
5006.0,29231296.47,5006.0,923900357.152112,5006.0,532825576.093405,,,,,,
5007.0,29261751.12,5007.0,925789089.218829,5007.0,534441117.063461,,,,,,
5008.0,29292227.75,5008.0,927681646.62494,5008.0,536061406.061612,,,,,,
5009.0,29322727.34,5009.0,929577991.016549,5009.0,537686574.519667,,,,,,
5010.0,29353248.5,5010.0,931478059.762871,5010.0,539316609.076945,,,,,,
5011.0,29383792.32,5011.0,933381990.881963,5011.0,540951536.886974,,,,,,
5012.0,29414357.61,5012.0,935289587.615831,5012.0,542591302.568764,,,,,,
5013.0,29444944.58,5013.0,937201055.30446,5013.0,544235954.482941,,,,,,
5014.0,29475554.89,5014.0,939116440.853641,5014.0,545885540.802884,,,,,,
5015.0,29506187.39,5015.0,941035504.215678,5015.0,547540027.813781,,,,,,
5016.0,29536841.45,5016.0,942958316.604289,5016.0,549199485.272692,,,,,,
5017.0,29567518.78,5017.0,944885084.88178,5017.0,550863834.991586,,,,,,
5018.0,29598216.79,5018.0,946815652.935071,5018.0,552533169.066597,,,,,,
5019.0,29628937.24,5019.0,948749982.541492,5019.0,554207557.537624,,,,,,
5020.0,29659680.28,5020.0,950688391.467821,5020.0,555886858.871078,,,,,,
5021.0,29690445.68,5021.0,952630434.633226,5021.0,557571229.333184,,,,,,
5022.0,29721232.73,5022.0,954576319.825137,5022.0,559260632.425519,,,,,,
5023.0,29752042.68,5023.0,956526229.755704,5023.0,560955055.79948,,,,,,
5024.0,29782874.45,5024.0,958479922.339359,5024.0,562654482.576102,,,,,,
5025.0,29813728.23,5025.0,960437580.310884,5025.0,564359006.443345,,,,,,
5026.0,29844604.55,5026.0,962399029.293198,5026.0,566068655.195078,,,,,,
5027.0,29875503.46,5027.0,964364562.751699,5027.0,567783415.933695,,,,,,
5028.0,29906423.93,5028.0,966333716.500215,5028.0,569503252.172801,,,,,,
5029.0,29937366.86,5029.0,968307101.031624,5029.0,571228170.988585,,,,,,
5030.0,29968332.16,5030.0,970284293.641769,5030.0,572958350.222938,,,,,,
5031.0,29999319.24,5031.0,972265229.303699,5031.0,574693626.466305,,,,,,
5032.0,30030328.27,5032.0,974250340.614574,5032.0,576434070.762697,,,,,,
5033.0,30061361.08,5033.0,976239341.803858,5033.0,578179689.636949,,,,,,
5034.0,30092414.73,5034.0,978232278.671314,5034.0,579930598.779288,,,,,,
5035.0,30123491.37,5035.0,980229155.433111,5035.0,581686633.715747,,,,,,
5036.0,30154589.89,5036.0,982230045.882062,5036.0,583447929.160241,,,,,,
5037.0,30185711.26,5037.0,984234773.871983,5037.0,585214537.156426,,,,,,
5038.0,30216854.21,5038.0,986243774.916334,5038.0,586986356.637632,,,,,,
5039.0,30248019.8,5039.0,988256552.56793,5039.0,588763458.032878,,,,,,
5040.0,30279207.48,5040.0,990273402.913014,5040.0,590545895.127171,,,,,,
5041.0,30310417.62,5041.0,992294248.07661,5041.0,592333584.184978,,,,,,
5042.0,30341649.53,5042.0,994319034.527381,5042.0,594126687.180681,,,,,,
5043.0,30372905.4,5043.0,996348006.230003,5043.0,595925084.099885,,,,,,
5044.0,30404181.65,5044.0,998380916.119834,5044.0,597728819.076937,,,,,,
5045.0,30435481.35,5045.0,1000417850.49268,5045.0,599538036.744337,,,,,,
5046.0,30466802.73,5046.0,1002458843.16216,5046.0,601352542.515481,,,,,,
5047.0,30498146.18,5047.0,1004503898.68769,5047.0,603172501.755111,,,,,,
5048.0,30529512.77,5048.0,1006553062.45489,5048.0,604997873.936899,,,,,,
5049.0,30560901.96,5049.0,1008606186.3924,5049.0,606828667.920562,,,,,,
5050.0,30592312.3,5050.0,1010663498.44952,5050.0,608665001.029898,,,,,,
5051.0,30623745.12,5051.0,1012724891.53582,5051.0,610506706.565784,,,,,,
5052.0,30655200.81,5052.0,1014790410.86269,5052.0,612353920.736546,,,,,,
5053.0,30686679.54,5053.0,1016859948.90433,5053.0,614206698.054465,,,,,,
5054.0,30718179.45,5054.0,1018933693.41769,5054.0,616064952.896425,,,,,,
5055.0,30749702.17,5055.0,1021011424.9994,5055.0,617928720.821298,,,,,,
5056.0,30781247.39,5056.0,1023093412.7888,5056.0,619798075.323414,,,,,,
5057.0,30812814.3,5057.0,1025179396.60171,5057.0,621673042.090217,,,,,,
5058.0,30844404.51,5058.0,1027269717.63679,5058.0,623553563.159979,,,,,,
5059.0,30876016.56,5059.0,1029364084.18502,5059.0,625439647.304355,,,,,,
5060.0,30907650.76,5060.0,1031462572.64016,5060.0,627331348.721943,,,,,,
5061.0,30939307.64,5061.0,1033565227.81279,5061.0,629228758.410823,,,,,,
5062.0,30970986.59,5062.0,1035672126.49878,5062.0,631131753.830515,,,,,,
5063.0,31002688.54,5063.0,1037783160.9161,5063.0,633040455.974857,,,,,,
5064.0,31034412.51,5064.0,1039898375.73936,5064.0,634954824.471894,,,,,,
5065.0,31066158.45,5065.0,1042017920.76306,5065.0,636874867.927201,,,,,,
5066.0,31097927.97,5066.0,1044141582.78218,5066.0,638800754.01717,,,,,,
5067.0,31129719.06,5067.0,1046269326.01325,5067.0,640732235.038043,,,,,,
5068.0,31161532.73,5068.0,1048401526.46736,5068.0,642669576.075154,,,,,,
5069.0,31193368.84,5069.0,1050537817.39127,5069.0,644612574.24351,,,,,,
5070.0,31225227.14,5070.0,1052678462.49194,5070.0,646561401.250804,,,,,,
5071.0,31257108.4,5071.0,1054823246.93824,5071.0,648516080.637532,,,,,,
5072.0,31289011.61,5072.0,1056972248.31173,5072.0,650476538.679012,,,,,,
5073.0,31320937.62,5073.0,1059125618.17787,5073.0,652442865.758087,,,,,,
5074.0,31352885.25,5074.0,1061283288.02878,5074.0,654415004.618741,,,,,,
5075.0,31384856.01,5075.0,1063445188.91863,5075.0,656393078.040931,,,,,,
5076.0,31416849.39,5076.0,1065611399.20946,5076.0,658376979.216636,,,,,,
5077.0,31448865.34,5077.0,1067781923.72395,5077.0,660366847.789581,,,,,,
5078.0,31480902.67,5078.0,1069956619.09677,5078.0,662362609.6796,,,,,,
5079.0,31512963.84,5079.0,1072135825.64583,5079.0,664364354.827426,,,,,,
5080.0,31545046.12,5080.0,1074319286.48524,5080.0,666371961.472021,,,,,,
5081.0,31577151.64,5081.0,1076507080.54418,5081.0,668385567.364781,,,,,,
5082.0,31609279.55,5082.0,1078699063.5771,5082.0,670405231.765624,,,,,,
5083.0,31641429.98,5083.0,1080895726.79685,5083.0,672430896.91966,,,,,,
5084.0,31673602.63,5084.0,1083096439.04085,5084.0,674462537.170501,,,,,,
5085.0,31705798.25,5085.0,1085301653.07169,5085.0,676500261.357782,,,,,,
5086.0,31738016.41,5086.0,1087511263.40465,5086.0,678544027.022185,,,,,,
5087.0,31770256.5,5087.0,1089725085.6111,5087.0,680593959.495718,,,,,,
5088.0,31802519.81,5088.0,1091943424.7267,5088.0,682649884.524308,,,,,,
5089.0,31834804.88,5089.0,1094166288.59268,5089.0,684711942.897862,,,,,,
5090.0,31867112.54,5090.0,1096393490.35735,5090.0,686780192.735496,,,,,,
5091.0,31899443.32,5091.0,1098625151.18107,5091.0,688854593.057887,,,,,,
5092.0,31931796.41,5092.0,1100861008.2972,5092.0,690935151.965464,,,,,,
5093.0,31964172.14,5093.0,1103101484.9987,5093.0,693021877.520619,,,,,,
5094.0,31996569.41,5094.0,1105346281.72699,5094.0,695114830.261934,,,,,,
5095.0,32028989.37,5095.0,1107595593.53338,5095.0,697213967.197144,,,,,,
5096.0,32061433.31,5096.0,1109849501.59883,5096.0,699319414.229451,,,,,,
5097.0,32093898.22,5097.0,1112107744.22196,5097.0,701431129.055582,,,,,,
5098.0,32126387.19,5098.0,1114370440.63735,5098.0,703549054.343296,,,,,,
5099.0,32158897.52,5099.0,1116637672.03469,5099.0,705673316.102258,,,,,,
5100.0,32191431.24,5100.0,1118909443.48499,5100.0,707803938.030116,,,,,,
5101.0,32223986.48,5101.0,1121185606.67342,5101.0,709940862.487879,,,,,,
5102.0,32256565.03,5102.0,1123466435.09411,5102.0,712084150.376481,,,,,,
5103.0,32289166.74,5103.0,1125751703.13437,5103.0,714233824.838245,,,,,,
5104.0,32321789.91,5104.0,1128041531.08091,5104.0,716389828.087949,,,,,,
5105.0,32354435.25,5105.0,1130335731.73929,5105.0,718552354.57398,,,,,,
5106.0,32387104.13,5106.0,1132634617.30955,5106.0,720721227.205069,,,,,,
5107.0,32419795.62,5107.0,1134938077.81995,5107.0,722896522.067233,,,,,,
5108.0,32452509.85,5108.0,1137246195.86821,5108.0,725078366.953057,,,,,,
5109.0,32485245.96,5109.0,1139558744.04162,5109.0,727266652.001292,,,,,,
5110.0,32518005.54,5110.0,1141875882.21482,5110.0,729461452.031446,,,,,,
5111.0,32550787.4,5111.0,1144197537.63828,5111.0,731662829.797425,,,,,,
5112.0,32583591.61,5112.0,1146523908.59164,5112.0,733870794.665709,,,,,,
5113.0,32616418.26,5113.0,1148854884.75252,5113.0,736085182.013297,,,,,,
5114.0,32649267.41,5114.0,1151190471.23296,5114.0,738306241.086167,,,,,,
5115.0,32682139.41,5115.0,1153530710.5661,5115.0,740533860.801691,,,,,,
5116.0,32715034.91,5116.0,1155875648.77871,5116.0,742768103.750324,,,,,,
5117.0,32747952.26,5117.0,1158225171.53875,5117.0,745008938.403634,,,,,,
5118.0,32780892.55,5118.0,1160579246.19882,5118.0,747256550.112582,,,,,,
5119.0,32813855.12,5119.0,1162938035.11526,5119.0,749510745.704768,,,,,,
5120.0,32846840.96,5120.0,1165301501.99875,5120.0,751771748.766548,,,,,,
5121.0,32879848.28,5121.0,1167669730.84055,5121.0,754039421.549549,,,,,,
5122.0,32912879.67,5122.0,1170042531.64414,5122.0,756313800.005611,,,,,,
5123.0,32945932.5,5123.0,1172420104.68975,5123.0,758594933.5708,,,,,,
5124.0,32979009.11,5124.0,1174802418.39481,5124.0,760882844.83085,,,,,,
5125.0,33012107.01,5125.0,1177189435.60929,5125.0,763177598.365276,,,,,,
5126.0,33045228.73,5126.0,1179581081.68608,5126.0,765479215.903808,,,,,,
5127.0,33078372.38,5127.0,1181977680.21408,5127.0,767787627.332502,,,,,,
5128.0,33111539.45,5128.0,1184378801.26086,5128.0,770102921.242284,,,,,,
5129.0,33144728.68,5129.0,1186784922.4154,5129.0,772425040.721923,,,,,,
5130.0,33177940.18,5130.0,1189195495.8322,5130.0,774754061.392259,,,,,,
5131.0,33211175.48,5131.0,1191611043.42865,5131.0,777089981.164999,,,,,,
5132.0,33244432.93,5132.0,1194031330.25047,5132.0,779432889.319075,,,,,,
5133.0,33277713.06,5133.0,1196456441.75343,5133.0,781782784.445495,,,,,,
5134.0,33311016.13,5134.0,1198886222.12808,5134.0,784139619.083907,,,,,,
5135.0,33344341.77,5135.0,1201320998.82685,5135.0,786503403.523667,,,,,,
5136.0,33377689.79,5136.0,1203760535.46282,5136.0,788874271.009256,,,,,,
5137.0,33411060.9,5137.0,1206204756.09282,5137.0,791252243.015507,,,,,,
5138.0,33444455.03,5138.0,1208653827.49412,5138.0,793637125.333511,,,,,,
5139.0,33477871.04,5139.0,1211107953.45044,5139.0,796029188.526167,,,,,,
5140.0,33511310.16,5140.0,1213566941.29296,5140.0,798428442.692574,,,,,,
5141.0,33544771.8,5141.0,1216030633.53406,5141.0,800834646.992741,,,,,,
5142.0,33578257.63,5142.0,1218499361.0452,5142.0,803248129.988193,,,,,,
5143.0,33611764.82,5143.0,1220972639.8779,5143.0,805668707.516271,,,,,,
5144.0,33645295.27,5144.0,1223451164.08597,5144.0,808096516.123427,,,,,,
5145.0,33678848.01,5145.0,1225934495.06309,5145.0,810531439.347366,,,,,,
5146.0,33712423.89,5146.0,1228422673.44664,5146.0,812973691.265472,,,,,,
5147.0,33746022.34,5147.0,1230915950.58946,5147.0,815423203.901982,,,,,,
5148.0,33779643.17,5148.0,1233413850.00804,5148.0,817879929.512314,,,,,,
5149.0,33813287.44,5149.0,1235916776.69763,5149.0,820343945.898657,,,,,,
5150.0,33846954.02,5150.0,1238424901.32949,5150.0,822815321.208722,,,,,,
5151.0,33880643.84,5151.0,1240937781.62162,5151.0,825294066.203344,,,,,,
5152.0,33914356.01,5152.0,1243455705.84853,5152.0,827780073.354519,,,,,,
5153.0,33948092.18,5153.0,1245978596.70162,5153.0,830273538.937028,,,,,,
5154.0,33981849.09,5154.0,1248506507.32992,5154.0,832774336.236112,,,,,,
5155.0,34015629.69,5155.0,1251039513.64387,5155.0,835282631.363387,,,,,,
5156.0,34049434.15,5156.0,1253577349.51389,5156.0,837798277.607342,,,,,,
5157.0,34083260.06,5157.0,1256120208.389,5157.0,840321493.688778,,,,,,
5158.0,34117110.15,5158.0,1258668109.11992,5158.0,842852159.411204,,,,,,
5159.0,34150981.24,5159.0,1261221210.79105,5159.0,845390354.651169,,,,,,
5160.0,34184876.64,5160.0,1263779114.58359,5160.0,847936021.189115,,,,,,
5161.0,34218794.16,5161.0,1266342195.51153,5161.0,850489289.181299,,,,,,
5162.0,34252734.59,5162.0,1268910410.16356,5162.0,853050125.935962,,,,,,
5163.0,34286698.02,5163.0,1271483694.87584,5163.0,855618593.950186,,,,,,
5164.0,34320683.59,5164.0,1274061921.38821,5164.0,858194643.664768,,,,,,
5165.0,34354692.97,5165.0,1276645382.2585,5165.0,860778345.285078,,,,,,
5166.0,34388724.69,5166.0,1279233964.41319,5166.0,863369656.700593,,,,,,
5167.0,34422779.5,5167.0,1281827639.2013,5167.0,865968772.16387,,,,,,
5168.0,34456856.97,5168.0,1284426311.34149,5168.0,868575518.681967,,,,,,
5169.0,34490958.28,5169.0,1287030410.15037,5169.0,871190090.54416,,,,,,
5170.0,34525081.18,5170.0,1289639278.66933,5170.0,873812313.886732,,,,,,
5171.0,34559227.28,5171.0,1292253585.55375,5171.0,876442323.047163,,,,,,
5172.0,34593396.29,5172.0,1294872962.22033,5172.0,879080135.959105,,,,,,
5173.0,34627588.58,5173.0,1297497618.73092,5173.0,881725894.689184,,,,,,
5174.0,34661802.85,5174.0,1300127270.41187,5174.0,884379346.213412,,,,,,
5175.0,34696040.09,5175.0,1302762264.93039,5175.0,887040689.709509,,,,,,
5176.0,34730301.99,5176.0,1305402384.98805,5176.0,889710018.060704,,,,,,
5177.0,34764584.46,5177.0,1308047687.98241,5177.0,892387203.855805,,,,,,
5178.0,34798891.79,5178.0,1310698213.17715,5178.0,895072326.809013,,,,,,
5179.0,34833220.76,5179.0,1313354224.67832,5179.0,897765392.36511,,,,,,
5180.0,34867573.24,5180.0,1316015264.01327,5180.0,900466549.630504,,,,,,
5181.0,34901948.0,5181.0,1318681542.41046,5181.0,903175613.754807,,,,,,
5182.0,34936345.47,5182.0,1321353238.55492,5182.0,905892723.655523,,,,,,
5183.0,34970766.82,5183.0,1324030065.30186,5183.0,908617887.744899,,,,,,
5184.0,35005211.67,5184.0,1326712147.99952,5184.0,911351195.262095,,,,,,
5185.0,35039677.57,5185.0,1329399786.22037,5185.0,914092516.434929,,,,,,
5186.0,35074167.77,5186.0,1332092571.88795,5186.0,916842066.936352,,,,,,
5187.0,35108680.38,5187.0,1334790597.56899,5187.0,919599653.16695,,,,,,
5188.0,35143215.41,5188.0,1337494022.17759,5188.0,922365561.359015,,,,,,
5189.0,35177774.64,5189.0,1340202818.57502,5189.0,925139463.033698,,,,,,
5190.0,35212355.78,5190.0,1342916905.03299,5190.0,927921773.721613,,,,,,
5191.0,35246960.52,5191.0,1345636462.61341,5191.0,930712240.182605,,,,,,
5192.0,35281588.85,5192.0,1348361409.72631,5192.0,933511003.348784,,,,,,
5193.0,35316238.82,5193.0,1351091576.22471,5193.0,936318074.736678,,,,,,
5194.0,35350912.29,5194.0,1353827231.74072,5194.0,939133471.079285,,,,,,
5195.0,35385608.77,5195.0,1356568206.00136,5195.0,941957203.568939,,,,,,
5196.0,35420327.91,5196.0,1359314625.33418,5196.0,944789349.49298,,,,,,
5197.0,35455069.22,5197.0,1362066551.73672,5197.0,947629782.504606,,,,,,
5198.0,35489835.99,5198.0,1364823902.8486,5198.0,950478657.639657,,,,,,
5199.0,35524624.04,5199.0,1367586627.93537,5199.0,953335979.351823,,,,,,
5200.0,35559435.44,5200.0,1370354878.17518,5200.0,956201831.357355,,,,,,
5201.0,35594268.52,5201.0,1373128513.7368,5201.0,959076092.556035,,,,,,
5202.0,35629127.07,5202.0,1375907686.47724,5202.0,961958906.219814,,,,,,
5203.0,35664007.46,5203.0,1378692134.66092,5203.0,964850355.994645,,,,,,
5204.0,35698910.55,5204.0,1381482342.73322,5204.0,967750315.397714,,,,,,
5205.0,35733837.09,5205.0,1384278138.38647,5205.0,970658796.863617,,,,,,
5206.0,35768786.81,5206.0,1387079226.81686,5206.0,973575948.796296,,,,,,
5207.0,35803758.38,5207.0,1389885914.47822,5207.0,976501716.51103,,,,,,
5208.0,35838753.61,5208.0,1392698085.97898,5208.0,979436179.514476,,,,,,
5209.0,35873772.72,5209.0,1395515900.35738,5209.0,982379351.724607,,,,,,
5210.0,35908813.78,5210.0,1398339210.51265,5210.0,985331175.405949,,,,,,
5211.0,35943878.24,5211.0,1401168053.72891,5211.0,988291801.147574,,,,,,
5212.0,35978965.45,5212.0,1404002526.3527,5212.0,991261171.617319,,,,,,
5213.0,36014076.82,5213.0,1406842603.40518,5213.0,994239368.312582,,,,,,
5214.0,36049209.77,5214.0,1409688262.60805,5214.0,997226334.546677,,,,,,
5215.0,36084366.85,5215.0,1412539660.48014,5215.0,1000222153.36436,,,,,,
5216.0,36119546.55,5216.0,1415396408.19162,5216.0,1003226905.36738,,,,,,
5217.0,36154750.3,5217.0,1418259120.21245,5217.0,1006240462.27464,,,,,,
5218.0,36189976.59,5218.0,1421127407.37438,5218.0,1009262977.32452,,,,,,
5219.0,36225224.76,5219.0,1424001244.74684,5219.0,1012294464.12618,,,,,,
5220.0,36260496.64,5220.0,1426880699.63664,5220.0,1015334933.64526,,,,,,
5221.0,36295792.52,5221.0,1429765961.2332,5221.0,1018384401.15795,,,,,,
5222.0,36331110.71,5222.0,1432656913.49363,5222.0,1021442873.59004,,,,,,
5223.0,36366452.26,5223.0,1435553440.12366,5223.0,1024510369.2303,,,,,,
5224.0,36401816.47,5224.0,1438455700.0726,5224.0,1027587036.84495,,,,,,
5225.0,36437204.45,5225.0,1441363791.69814,5225.0,1030672752.60169,,,,,,
5226.0,36472614.09,5226.0,1444277506.2182,5226.0,1033767595.23918,,,,,,
5227.0,36508048.22,5227.0,1447197034.71892,5227.0,1036871722.99532,,,,,,
5228.0,36543504.81,5228.0,1450122413.90019,5228.0,1039984932.87558,,,,,,
5229.0,36578984.76,5229.0,1453053248.55233,5229.0,1043107380.65381,,,,,,
5230.0,36614488.46,5230.0,1455990317.99772,5230.0,1046238936.56711,,,,,,
5231.0,36650014.64,5231.0,1458932977.98561,5231.0,1049379968.95281,,,,,,
5232.0,36685564.89,5232.0,1461881297.28161,5232.0,1052530206.14471,,,,,,
5233.0,36721136.42,5233.0,1464835468.66289,5233.0,1055689732.39481,,,,,,
5234.0,36756732.09,5234.0,1467795774.82304,5234.0,1058858701.91182,,,,,,
5235.0,36792351.33,5235.0,1470761418.70806,5235.0,1062036915.01096,,,,,,
5236.0,36827993.15,5236.0,1473733303.73431,5236.0,1065224669.41676,,,,,,
5237.0,36863658.22,5237.0,1476710878.88066,5237.0,1068421763.00322,,,,,,
5238.0,36899346.19,5238.0,1479694273.45924,5238.0,1071628425.76056,,,,,,
5239.0,36935058.0,5239.0,1482683558.6138,5239.0,1074844452.34578,,,,,,
5240.0,36970792.96,5240.0,1485678799.31508,5240.0,1078070073.85374,,,,,,
5241.0,37006550.52,5241.0,1488679972.74214,5241.0,1081305301.91371,,,,,,
5242.0,37042330.83,5242.0,1491686961.6441,5242.0,1084549932.81246,,,,,,
5243.0,37078135.34,5243.0,1494700238.55772,5243.0,1087804197.1433,,,,,,
5244.0,37113963.67,5244.0,1497719059.10615,5244.0,1091068180.67963,,,,,,
5245.0,37149812.61,5245.0,1500743932.89851,5245.0,1094341751.24135,,,,,,
5246.0,37185686.65,5246.0,1503774580.91127,5246.0,1097625067.01326,,,,,,
5247.0,37221583.54,5247.0,1506811610.10533,5247.0,1100918067.29572,,,,,,
5248.0,37257503.73,5248.0,1509854330.75088,5248.0,1104220766.24559,,,,,,
5249.0,37293447.16,5249.0,1512903035.28602,5249.0,1107533250.00019,,,,,,
5250.0,37329413.18,5250.0,1515957854.45208,5250.0,1110855531.41972,,,,,,
5251.0,37365403.4,5251.0,1519018670.64514,5251.0,1114187697.1404,,,,,,
5252.0,37401417.09,5252.0,1522085614.74305,5252.0,1117529687.61911,,,,,,
5253.0,37437451.74,5253.0,1525158348.27025,5253.0,1120881588.28159,,,,,,
5254.0,37473512.05,5254.0,1528237250.60763,5254.0,1124243340.30371,,,,,,
5255.0,37509594.57,5255.0,1531322272.32202,5255.0,1127615028.00193,,,,,,
5256.0,37545699.51,5256.0,1534413448.24543,5256.0,1130996741.48607,,,,,,
5257.0,37581829.02,5257.0,1537510563.51235,5257.0,1134388417.67377,,,,,,
5258.0,37617981.23,5258.0,1540613748.97402,5258.0,1137790146.34933,,,,,,
5259.0,37654157.16,5259.0,1543723108.1118,5259.0,1141201941.95084,,,,,,
5260.0,37690355.56,5260.0,1546838744.99289,5260.0,1144623737.04689,,,,,,
5261.0,37726577.76,5261.0,1549960249.40248,5261.0,1148055773.09265,,,,,,
5262.0,37762823.03,5262.0,1553088169.91655,5262.0,1151497915.44992,,,,,,
5263.0,37799092.06,5263.0,1556222068.21091,5263.0,1154950176.14854,,,,,,
5264.0,37835383.55,5264.0,1559362075.54251,5264.0,1158412641.88073,,,,,,
5265.0,37871698.37,5265.0,1562508296.28916,5265.0,1161885401.94028,,,,,,
5266.0,37908036.69,5266.0,1565660835.41971,5266.0,1165368395.29668,,,,,,
5267.0,37944398.82,5267.0,1568819628.74962,5267.0,1168861710.90138,,,,,,
5268.0,37980782.97,5268.0,1571984530.50049,5268.0,1172365360.34776,,,,,,
5269.0,38017191.28,5269.0,1575155798.17697,5269.0,1175879360.75645,,,,,,
5270.0,38053623.34,5270.0,1578332990.07437,5270.0,1179403722.85589,,,,,,
5271.0,38090078.24,5271.0,1581516560.98016,5271.0,1182938537.15943,,,,,,
5272.0,38126556.05,5272.0,1584706616.96738,5272.0,1186483742.23038,,,,,,
5273.0,38163057.86,5273.0,1587902841.23377,5273.0,1190039423.40757,,,,,,
5274.0,38199582.69,5274.0,1591105140.72053,5274.0,1193605672.95666,,,,,,
5275.0,38236130.33,5275.0,1594314019.0606,5275.0,1197182354.80198,,,,,,
5276.0,38272701.31,5276.0,1597529012.12863,5276.0,1200769707.47573,,,,,,
5277.0,38309296.06,5277.0,1600750299.12626,5277.0,1204367668.50568,,,,,,
5278.0,38345913.59,5278.0,1603978238.94954,5278.0,1207976182.00428,,,,,,
5279.0,38382554.92,5279.0,1607212260.60579,5279.0,1211595405.12824,,,,,,
5280.0,38419219.84,5280.0,1610452722.91433,5280.0,1215225358.24812,,,,,,
5281.0,38455908.16,5281.0,1613699532.43558,5281.0,1218865976.3159,,,,,,
5282.0,38492618.67,5282.0,1616952997.52155,5282.0,1222517345.79351,,,,,,
5283.0,38529353.74,5283.0,1620212596.72373,5283.0,1226179489.34411,,,,,,
5284.0,38566111.35,5284.0,1623478563.29996,5284.0,1229852570.15611,,,,,,
5285.0,38602893.05,5285.0,1626751105.92095,5285.0,1233536371.85836,,,,,,
5286.0,38639698.21,5286.0,1630030029.66283,5286.0,1237231132.68869,,,,,,
5287.0,38676525.22,5287.0,1633315341.10131,5287.0,1240936726.96922,,,,,,
5288.0,38713376.61,5288.0,1636607249.82753,5288.0,1244653308.49705,,,,,,
5289.0,38750252.16,5289.0,1639905433.25329,5289.0,1248380901.18603,,,,,,
5290.0,38787149.9,5290.0,1643210380.07229,5290.0,1252119436.81526,,,,,,
5291.0,38824072.08,5291.0,1646521615.0696,5291.0,1255869005.04826,,,,,,
5292.0,38861016.37,5292.0,1649839373.71918,5292.0,1259629711.49921,,,,,,
5293.0,38897984.3,5293.0,1653163560.80483,5293.0,1263401472.4212,,,,,,
5294.0,38934976.77,5294.0,1656494490.19411,5294.0,1267184467.18453,,,,,,
5295.0,38971991.85,5295.0,1659832013.87698,5295.0,1270978563.01218,,,,,,
5296.0,39009030.07,5296.0,1663176064.91333,5296.0,1274783756.17142,,,,,,
5297.0,39046091.78,5297.0,1666526469.27223,5297.0,1278600313.12784,,,,,,
5298.0,39083177.55,5298.0,1669883566.53398,5298.0,1282428232.82223,,,,,,
5299.0,39120286.16,5299.0,1673247236.55298,5299.0,1286267227.77346,,,,,,
5300.0,39157417.96,5300.0,1676617613.89469,5300.0,1290117698.81812,,,,,,
5301.0,39194573.72,5301.0,1679994602.33714,5301.0,1293979576.88283,,,,,,
5302.0,39231752.31,5302.0,1683378184.74413,5302.0,1297852811.95621,,,,,,
5303.0,39268955.06,5303.0,1686768599.70369,5303.0,1301737333.78287,,,,,,
5304.0,39306180.19,5304.0,1690165519.29018,5304.0,1305633541.80692,,,,,,
5305.0,39343429.85,5305.0,1693568973.82335,5305.0,1309541068.97833,,,,,,
5306.0,39380703.33,5306.0,1696979386.79707,5306.0,1313460230.30384,,,,,,
5307.0,39417998.82,5307.0,1700396453.13874,5307.0,1317390909.36366,,,,,,
5308.0,39455317.89,5308.0,1703820179.68887,5308.0,1321333167.63775,,,,,,
5309.0,39492661.32,5309.0,1707250654.72117,5309.0,1325287193.0091,,,,,,
5310.0,39530027.98,5310.0,1710687699.23936,5310.0,1329252848.35657,,,,,,
5311.0,39567417.4,5311.0,1714131763.02727,5311.0,1333230129.57385,,,,,,
5312.0,39604831.89,5312.0,1717582387.08925,5312.0,1337219159.54681,,,,,,
5313.0,39642268.18,5313.0,1721039834.75852,5313.0,1341219931.06191,,,,,,
5314.0,39679727.89,5314.0,1724504067.3673,5314.0,1345232613.23112,,,,,,
5315.0,39717212.09,5315.0,1727975243.76859,5315.0,1349257155.99343,,,,,,
5316.0,39754718.75,5316.0,1731453137.11087,5316.0,1353293338.03175,,,,,,
5317.0,39792249.9,5317.0,1734937754.26436,5317.0,1357341715.73223,,,,,,
5318.0,39829804.11,5318.0,1738429443.11751,5318.0,1361401914.44745,,,,,,
5319.0,39867381.44,5319.0,1741927870.29948,5319.0,1365474038.35196,,,,,,
5320.0,39904983.08,5320.0,1745433384.47509,5320.0,1369558255.34854,,,,,,
5321.0,39942607.76,5321.0,1748945415.9968,5321.0,1373654556.73422,,,,,,
5322.0,39980256.55,5322.0,1752464678.30166,5322.0,1377762831.72323,,,,,,
5323.0,40017928.18,5323.0,1755990578.70365,5323.0,1381883248.45163,,,,,,
5324.0,40055623.15,5324.0,1759523511.08142,5324.0,1386015886.2291,,,,,,
5325.0,40093342.33,5325.0,1763063331.76819,5325.0,1390160698.62143,,,,,,
5326.0,40131084.45,5326.0,1766610284.79476,5326.0,1394317611.84947,,,,,,
5327.0,40168849.26,5327.0,1770164033.73648,5327.0,1398486948.42909,,,,,,
5328.0,40206639.53,5328.0,1773724714.82545,5328.0,1402668508.02119,,,,,,
5329.0,40244451.88,5329.0,1777292680.44077,5329.0,1406862307.83281,,,,,,
5330.0,40282288.34,5330.0,1780867226.18649,5330.0,1411068579.22202,,,,,,
5331.0,40320149.04,5331.0,1784449071.65659,5331.0,1415287428.53603,,,,,,
5332.0,40358032.05,5332.0,1788037987.12573,5332.0,1419518478.0848,,,,,,
5333.0,40395939.74,5333.0,1791633741.95949,5333.0,1423762048.07789,,,,,,
5334.0,40433869.53,5334.0,1795236820.032,5334.0,1428018094.72144,,,,,,
5335.0,40471824.57,5335.0,1798846773.11614,5335.0,1432286695.11494,,,,,,
5336.0,40509802.15,5336.0,1802463935.09028,5336.0,1436567958.81137,,,,,,
5337.0,40547802.54,5337.0,1806087986.345,5337.0,1440861901.66246,,,,,,
5338.0,40585827.47,5338.0,1809719501.13847,5338.0,1445168449.43772,,,,,,
5339.0,40623876.24,5339.0,1813357810.38524,5339.0,1449487620.15242,,,,,,
5340.0,40661948.32,5340.0,1817003359.18391,5340.0,1453819519.46818,,,,,,
5341.0,40700044.08,5341.0,1820656045.77144,5341.0,1458164320.89362,,,,,,
5342.0,40738163.55,5342.0,1824316118.11047,5342.0,1462521795.38999,,,,,,
5343.0,40776305.82,5343.0,1827983143.63106,5343.0,1466892111.88464,,,,,,
5344.0,40814472.27,5344.0,1831657419.90454,5344.0,1471275382.08474,,,,,,
5345.0,40852662.17,5345.0,1835338774.04577,5345.0,1475671528.52714,,,,,,
5346.0,40890876.13,5346.0,1839027786.34388,5346.0,1480080662.66242,,,,,,
5347.0,40929112.98,5347.0,1842723630.5444,5347.0,1484502861.45052,,,,,,
5348.0,40967373.57,5348.0,1846426927.1897,5348.0,1488937930.13042,,,,,,
5349.0,41005658.12,5349.0,1850137311.69804,5349.0,1493386346.69668,,,,,,
5350.0,41043966.06,5350.0,1853855033.42459,5350.0,1497847476.78698,,,,,,
5351.0,41082297.04,5351.0,1857580080.96329,5351.0,1502322086.76647,,,,,,
5352.0,41120652.53,5352.0,1861312389.15901,5352.0,1506809598.79676,,,,,,
5353.0,41159031.26,5353.0,1865052169.79867,5353.0,1511310625.36898,,,,,,
5354.0,41197433.37,5354.0,1868799076.11118,5354.0,1515824683.96131,,,,,,
5355.0,41235859.85,5355.0,1872553601.98529,5355.0,1520352257.3312,,,,,,
5356.0,41274308.87,5356.0,1876315287.65627,5356.0,1524892993.45198,,,,,,
5357.0,41312782.58,5357.0,1880084233.9084,5357.0,1529447124.99858,,,,,,
5358.0,41351279.55,5358.0,1883861067.87351,5358.0,1534014766.18235,,,,,,
5359.0,41389800.96,5359.0,1887644953.12108,5359.0,1538595835.57434,,,,,,
5360.0,41428344.96,5360.0,1891436140.88283,5360.0,1543190296.26329,,,,,,
5361.0,41466912.76,5361.0,1895234883.33721,5361.0,1547798377.34675,,,,,,
5362.0,41505504.47,5362.0,1899040943.62084,5362.0,1552420040.46216,,,,,,
5363.0,41544120.06,5363.0,1902854801.55937,5363.0,1557055302.35396,,,,,,
5364.0,41582758.95,5364.0,1906675879.58466,5364.0,1561704240.55366,,,,,,
5365.0,41621421.09,5365.0,1910504544.25103,5365.0,1566366872.15934,,,,,,
5366.0,41660107.77,5366.0,1914340785.95426,5366.0,1571043157.1418,,,,,,
5367.0,41698818.26,5367.0,1918184516.54535,5367.0,1575733328.35764,,,,,,
5368.0,41737551.49,5368.0,1922035611.68684,5368.0,1580437189.6374,,,,,,
5369.0,41776309.16,5369.0,1925894440.09625,5369.0,1585154972.28719,,,,,,
5370.0,41815089.74,5370.0,1929760913.01129,5370.0,1589886640.12062,,,,,,
5371.0,41853894.4,5371.0,1933634773.92137,5371.0,1594632365.05824,,,,,,
5372.0,41892723.29,5372.0,1937516030.28547,5372.0,1599391812.98378,,,,,,
5373.0,41931575.74,5373.0,1941405415.39652,5373.0,1604165455.74937,,,,,,
5374.0,41970452.29,5374.0,1945301981.59671,5374.0,1608953113.95166,,,,,,
5375.0,42009352.01,5375.0,1949206231.51181,5375.0,1613754804.26736,,,,,,
5376.0,42048275.15,5376.0,1953118371.25206,5376.0,1618570646.76948,,,,,,
5377.0,42087221.62,5377.0,1957038211.58178,5377.0,1623400817.30369,,,,,,
5378.0,42126192.91,5378.0,1960965395.39989,5378.0,1628245076.91571,,,,,,
5379.0,42165186.4,5379.0,1964900627.3892,5379.0,1633103601.01078,,,,,,
5380.0,42204205.64,5380.0,1968843351.02998,5380.0,1637976352.96284,,,,,,
5381.0,42243248.32,5381.0,1972793540.83907,5381.0,1642863665.45876,,,,,,
5382.0,42282313.27,5382.0,1976751937.61282,5382.0,1647765142.88862,,,,,,
5383.0,42321402.94,5383.0,1980718083.19522,5383.0,1652681117.59876,,,,,,
5384.0,42360515.71,5384.0,1984691852.43665,5384.0,1657611553.89827,,,,,,
5385.0,42399652.89,5385.0,1988673253.04523,5385.0,1662556628.01875,,,,,,
5386.0,42438814.41,5386.0,1992662661.05779,5386.0,1667516100.29949,,,,,,
5387.0,42477998.74,5387.0,1996659849.96102,5387.0,1672490407.70861,,,,,,
5388.0,42517207.09,5388.0,2000664930.19137,5388.0,1677479150.81538,,,,,,
5389.0,42556439.04,5389.0,2004677571.53583,5389.0,1682482504.78708,,,,,,
5390.0,42595694.66,5390.0,2008698727.05592,5390.0,1687500858.28273,,,,,,
5391.0,42634974.0,5391.0,2012727089.82975,5391.0,1692533600.83742,,,,,,
5392.0,42674278.37,5392.0,2016763644.42825,5392.0,1697581275.53806,,,,,,
5393.0,42713604.86,5393.0,2020807895.12049,5393.0,1702644062.45099,,,,,,
5394.0,42752956.01,5394.0,2024860221.34853,5394.0,1707721505.33253,,,,,,
5395.0,42792331.25,5395.0,2028920765.92684,5395.0,1712813889.44417,,,,,,
5396.0,42831728.83,5396.0,2032988792.98087,5396.0,1717921391.02881,,,,,,
5397.0,42871151.82,5397.0,2037065055.14206,5397.0,1723043713.6509,,,,,,
5398.0,42910598.15,5398.0,2041149054.24478,5398.0,1728181355.26961,,,,,,
5399.0,42950068.16,5399.0,2045241066.18328,5399.0,1733333961.88977,,,,,,
5400.0,42989562.24,5400.0,2049341205.11243,5400.0,1738501713.49317,,,,,,
5401.0,43029080.08,5401.0,2053449373.8027,5401.0,1743684736.83203,,,,,,
5402.0,43068620.39,5402.0,2057565927.84498,5402.0,1748883052.49776,,,,,,
5403.0,43108186.26,5403.0,2061689912.57053,5403.0,1754096573.30402,,,,,,
5404.0,43147775.47,5404.0,2065822192.89262,5404.0,1759325319.85592,,,,,,
5405.0,43187388.37,5405.0,2069962643.6119,5405.0,1764569577.05639,,,,,,
5406.0,43227025.77,5406.0,2074111166.05549,5406.0,1769829368.10578,,,,,,
5407.0,43266685.98,5407.0,2078268011.0735,5407.0,1775104444.82303,,,,,,
5408.0,43306371.09,5408.0,2082432810.26365,5408.0,1780395096.41634,,,,,,
5409.0,43346078.76,5409.0,2086605706.37092,5409.0,1785701391.91884,,,,,,
5410.0,43385810.42,5410.0,2090786951.35051,5410.0,1791023035.25537,,,,,,
5411.0,43425566.4,5411.0,2094976175.518,5411.0,1796360742.23398,,,,,,
5412.0,43465347.29,5412.0,2099173656.78023,5412.0,1801713728.39452,,,,,,
5413.0,43505150.82,5413.0,2103379378.37595,5413.0,1807082660.52396,,,,,,
5414.0,43544979.01,5414.0,2107593374.37852,5414.0,1812467342.82854,,,,,,
5415.0,43584829.89,5415.0,2111815628.49864,5415.0,1817867792.57076,,,,,,
5416.0,43624704.39,5416.0,2116046174.3565,5416.0,1823284144.44488,,,,,,
5417.0,43664604.02,5417.0,2120285131.42341,5417.0,1828716465.67898,,,,,,
5418.0,43704527.99,5418.0,2124532262.35908,5418.0,1834164891.03495,,,,,,
5419.0,43744475.04,5419.0,2128787328.34976,5419.0,1839629119.94298,,,,,,
5420.0,43784446.16,5420.0,2133051078.81636,5420.0,1845109542.75933,,,,,,
5421.0,43824440.6,5421.0,2137323164.19411,5421.0,1850605972.94569,,,,,,
5422.0,43864459.83,5422.0,2141603344.77145,5422.0,1856118640.26556,,,,,,
5423.0,43904501.46,5423.0,2145892237.83075,5423.0,1861647403.93384,,,,,,
5424.0,43944568.71,5424.0,2150189356.03681,5424.0,1867192512.83105,,,,,,
5425.0,43984658.85,5425.0,2154494843.48772,5425.0,1872753922.05699,,,,,,
5426.0,44024773.85,5426.0,2158808572.75947,5426.0,1878331653.55468,,,,,,
5427.0,44064911.54,5427.0,2163131324.13647,5427.0,1883925843.37444,,,,,,
5428.0,44105074.57,5428.0,2167462085.24502,5428.0,1889536398.44074,,,,,,
5429.0,44145259.56,5429.0,2171801500.92337,5429.0,1895163454.39795,,,,,,
5430.0,44185470.02,5430.0,2176149193.4535,5430.0,1900807033.35921,,,,,,
5431.0,44225704.24,5431.0,2180505443.60575,5431.0,1906467203.12621,,,,,,
5432.0,44265962.17,5432.0,2184870239.38629,5432.0,1912143824.15913,,,,,,
5433.0,44306244.54,5433.0,2189243610.68182,5433.0,1917837357.3254,,,,,,
5434.0,44346549.89,5434.0,2193625545.99027,5434.0,1923547664.04555,,,,,,
5435.0,44386879.77,5435.0,2198016074.72591,5435.0,1929274487.45999,,,,,,
5436.0,44427233.87,5436.0,2202415069.02789,5436.0,1935018450.36671,,,,,,
5437.0,44467611.58,5437.0,2206822791.22942,5437.0,1940779137.7894,,,,,,
5438.0,44508013.07,5438.0,2211238996.80014,5438.0,1946556685.6267,,,,,,
5439.0,44548438.36,5439.0,2215663831.05406,5439.0,1952351443.15363,,,,,,
5440.0,44588888.48,5440.0,2220097420.83044,5440.0,1958162988.01663,,,,,,
5441.0,44629361.6,5441.0,2224539912.73431,5441.0,1963991670.61951,,,,,,
5442.0,44669860.15,5442.0,2228990923.94411,5442.0,1969837303.28164,,,,,,
5443.0,44710381.9,5443.0,2233450600.06479,5443.0,1975700397.78168,,,,,,
5444.0,44750926.51,5444.0,2237919069.21221,5444.0,1981580533.07037,,,,,,
5445.0,44791495.49,5445.0,2242395964.53735,5445.0,1987478013.84931,,,,,,
5446.0,44832089.21,5446.0,2246881670.9031,5446.0,1993392742.33753,,,,,,
5447.0,44872707.5,5447.0,2251376472.69448,5447.0,1999325024.30009,,,,,,
5448.0,44913349.57,5448.0,2255879589.172,5448.0,2005274436.85914,,,,,,
5449.0,44954014.12,5449.0,2260391940.47712,5449.0,2011241612.33478,,,,,,
5450.0,44994704.9,5450.0,2264913020.09489,5450.0,2017226247.39039,,,,,,
5451.0,45035417.0,5451.0,2269442836.80836,5451.0,2023228245.40678,,,,,,
5452.0,45076155.21,5452.0,2273981399.40405,5452.0,2029248074.56191,,,,,,
5453.0,45116916.22,5453.0,2278528976.64677,5453.0,2035285476.13269,,,,,,
5454.0,45157702.41,5454.0,2283085455.95039,5454.0,2041340757.35043,,,,,,
5455.0,45198512.25,5455.0,2287650570.55191,5455.0,2047413656.2062,,,,,,
5456.0,45239346.15,5456.0,2292224866.09926,5456.0,2053504482.53432,,,,,,
5457.0,45280203.9,5457.0,2296808214.75813,5457.0,2059612970.71987,,,,,,
5458.0,45321084.83,5458.0,2301400240.74586,5458.0,2065739597.69186,,,,,,
5459.0,45361991.12,5459.0,2306001338.39403,5459.0,2071884222.17825,,,,,,
5460.0,45402920.8,5460.0,2310611655.92918,5460.0,2078046909.16525,,,,,,
5461.0,45443874.32,5461.0,2315230539.04458,5461.0,2084227476.59456,,,,,,
5462.0,45484852.75,5462.0,2319858785.9016,5462.0,2090426317.15676,,,,,,
5463.0,45525853.62,5463.0,2324495892.86902,5463.0,2096643415.82132,,,,,,
5464.0,45566879.83,5464.0,2329141981.09244,5464.0,2102878671.29115,,,,,,
5465.0,45607930.65,5465.0,2333797349.991,5465.0,2109132231.89526,,,,,,
5466.0,45649005.21,5466.0,2338461719.5533,5466.0,2115404285.97067,,,,,,
5467.0,45690102.86,5467.0,2343135377.03451,5467.0,2121694734.47621,,,,,,
5468.0,45731225.93,5468.0,2347818344.36296,5468.0,2128003434.00956,,,,,,
5469.0,45772371.72,5469.0,2352509809.33834,5469.0,2134330827.32468,,,,,,
5470.0,45813541.98,5470.0,2357210857.306,5470.0,2140676560.82904,,,,,,
5471.0,45854736.56,5471.0,2361921243.54226,5471.0,2147041200.03321,,,,,,
5472.0,45895955.41,5472.0,2366640421.31546,5472.0,2153424353.18221,,,,,,
5473.0,45937198.86,5473.0,2371368955.79361,5473.0,2159826210.6343,,,,,,
5474.0,45978465.33,5474.0,2376106567.98728,5474.0,2166246923.14987,,,,,,
5475.0,46019756.01,5475.0,2380853556.14156,5475.0,2172686515.5185,,,,,,
5476.0,46061071.95,5476.0,2385609920.19377,5476.0,2179144883.83747,,,,,,
5477.0,46102411.14,5477.0,2390375410.26249,5477.0,2185622348.60583,,,,,,
5478.0,46143775.11,5478.0,2395150286.47282,5478.0,2192118933.24238,,,,,,
5479.0,46185162.32,5479.0,2399934577.49313,5479.0,2198634240.46298,,,,,,
5480.0,46226573.64,5480.0,2404728022.13966,5480.0,2205168716.82006,,,,,,
5481.0,46268009.0,5481.0,2409530883.36271,5481.0,2211722389.60606,,,,,,
5482.0,46309468.87,5482.0,2414343188.24919,5482.0,2218295448.84501,,,,,,
5483.0,46350953.58,5483.0,2419164666.70434,5483.0,2224887755.50811,,,,,,
5484.0,46392461.03,5484.0,2423995879.97092,5484.0,2231499238.4572,,,,,,
5485.0,46433993.93,5485.0,2428836286.16142,5485.0,2238130280.64932,,,,,,
5486.0,46475549.93,5486.0,2433686174.46564,5486.0,2244780716.09045,,,,,,
5487.0,46517130.42,5487.0,2438545547.81737,5487.0,2251450569.86007,,,,,,
5488.0,46558735.57,5488.0,2443414422.94511,5488.0,2258140060.803,,,,,,
5489.0,46600363.44,5489.0,2448293083.80441,5489.0,2264849019.54848,,,,,,
5490.0,46642017.38,5490.0,2453180710.99294,5490.0,2271577737.52347,,,,,,
5491.0,46683693.72,5491.0,2458078138.07005,5491.0,2278326238.98247,,,,,,
5492.0,46725395.25,5492.0,2462985387.19622,5492.0,2285094718.39413,,,,,,
5493.0,46767121.22,5493.0,2467902182.36234,5493.0,2291883035.63734,,,,,,
5494.0,46808870.53,5494.0,2472827981.07766,5494.0,2298690947.18337,,,,,,
5495.0,46850645.13,5495.0,2477763907.61777,5495.0,2305518915.43601,,,,,,
5496.0,46892443.99,5496.0,2482709133.07467,5496.0,2312366964.896,,,,,,
5497.0,46934265.34,5497.0,2487664225.91406,5497.0,2319235124.0661,,,,,,
5498.0,46976112.55,5498.0,2492628918.87712,5498.0,2326123315.2555,,,,,,
5499.0,47017982.6,5499.0,2497603221.57595,5499.0,2333031498.89235,,,,,,
5500.0,47059877.92,5500.0,2502587422.5764,5500.0,2339960477.76919,,,,,,
5501.0,47101796.72,5501.0,2507581532.75343,5501.0,2346909296.83234,,,,,,
5502.0,47143740.27,5502.0,2512584721.13486,5502.0,2353878626.322,,,,,,
5503.0,47185707.5,5503.0,2517598120.92689,5503.0,2360868730.87083,,,,,,
5504.0,47227698.91,5504.0,2522621180.25565,5504.0,2367878854.81181,,,,,,
5505.0,47269714.69,5505.0,2527653907.10931,5505.0,2374909636.15728,,,,,,
5506.0,47311754.21,5506.0,2532696596.18268,5506.0,2381961102.25692,,,,,,
5507.0,47353819.9,5507.0,2537749256.4568,5507.0,2389033005.14923,,,,,,
5508.0,47395907.97,5508.0,2542811616.53695,5508.0,2396126090.83145,,,,,,
5509.0,47438021.2,5509.0,2547883686.0805,5509.0,2403239496.64554,,,,,,
5510.0,47480158.42,5510.0,2552966041.30894,5510.0,2410374034.37061,,,,,,
5511.0,47522320.16,5511.0,2558057842.86885,5511.0,2417529390.33063,,,,,,
5512.0,47564504.61,5512.0,2563159951.19291,5512.0,2424705933.76385,,,,,,
5513.0,47606715.38,5513.0,2568271809.63231,5513.0,2431903073.39487,,,,,,
5514.0,47648948.93,5514.0,2573393711.82494,5514.0,2439121452.61585,,,,,,
5515.0,47691206.89,5515.0,2578525669.06979,5515.0,2446361100.50105,,,,,,
5516.0,47733489.75,5516.0,2583667406.61776,5516.0,2453622044.94237,,,,,,
5517.0,47775796.54,5517.0,2588819218.54054,5517.0,2460904144.05841,,,,,,
5518.0,47818127.39,5518.0,2593981403.59435,5518.0,2468207482.1339,,,,,,
5519.0,47860483.64,5519.0,2599153397.69331,5519.0,2475532199.63684,,,,,,
5520.0,47902862.32,5520.0,2604335499.75393,5520.0,2482878494.72229,,,,,,
5521.0,47945265.96,5521.0,2609527717.84983,5521.0,2490246396.88919,,,,,,
5522.0,47987695.55,5522.0,2614729777.03846,5522.0,2497635762.03994,,,,,,
5523.0,48030147.9,5523.0,2619942260.9946,5523.0,2505046673.27617,,,,,,
5524.0,48072623.95,5524.0,2625164891.99552,5524.0,2512479445.05812,,,,,,
5525.0,48115125.53,5525.0,2630397684.29206,5525.0,2519933935.46072,,,,,,
5526.0,48157650.89,5526.0,2635640644.52746,5526.0,2527410172.84911,,,,,,
5527.0,48200201.42,5527.0,2640893782.86276,5527.0,2534908697.2998,,,,,,
5528.0,48242775.45,5528.0,2646156823.53952,5528.0,2542428737.00536,,,,,,
5529.0,48285373.56,5529.0,2651430645.054,5529.0,2549971071.78187,,,,,,
5530.0,48327996.22,5530.0,2656714384.86219,5530.0,2557535489.02101,,,,,,
5531.0,48370641.6,5531.0,2662008636.26643,5531.0,2565121675.72734,,,,,,
5532.0,48413313.37,5532.0,2667313118.1088,5532.0,2572730413.21791,,,,,,
5533.0,48456010.58,5533.0,2672628133.67261,5533.0,2580361148.30752,,,,,,
5534.0,48498730.37,5534.0,2677953694.46945,5534.0,2588014667.7026,,,,,,
5535.0,48541473.21,5535.0,2683288937.1601,5535.0,2595690412.42,,,,,,
5536.0,48584242.95,5536.0,2688635033.13527,5536.0,2603388705.84067,,,,,,
5537.0,48627035.66,5537.0,2693991412.30065,5537.0,2611109280.73528,,,,,,
5538.0,48669852.99,5538.0,2699358380.16815,5538.0,2618852759.66553,,,,,,
5539.0,48712694.96,5539.0,2704735069.32424,5539.0,2626618577.93953,,,,,,
5540.0,48755560.24,5540.0,2710123248.21118,5540.0,2634407233.97038,,,,,,
5541.0,48798450.88,5541.0,2715521448.32382,5541.0,2642218928.85374,,,,,,
5542.0,48841365.39,5542.0,2720929993.08105,5542.0,2650053351.46992,,,,,,
5543.0,48884305.3,5543.0,2726349469.70803,5543.0,2657910572.08015,,,,,,
5544.0,48927267.67,5544.0,2731779602.02748,5544.0,2665791050.84347,,,,,,
5545.0,48970255.89,5545.0,2737219804.79817,5545.0,2673694386.41413,,,,,,
5546.0,49013267.45,5546.0,2742670684.65289,5546.0,2681620912.44164,,,,,,
5547.0,49056303.3,5547.0,2748132541.79542,5547.0,2689570527.0197,,,,,,
5548.0,49099365.65,5548.0,2753604788.73935,5548.0,2697543695.02939,,,,,,
5549.0,49142450.56,5549.0,2759087457.4679,5549.0,2705539839.33312,,,,,,
5550.0,49185560.5,5550.0,2764581137.23457,5550.0,2713559638.24585,,,,,,
5551.0,49228694.6,5551.0,2770085538.98138,5551.0,2721602776.37443,,,,,,
5552.0,49271854.41,5552.0,2775600384.10046,5552.0,2729669633.01586,,,,,,
5553.0,49315035.78,5553.0,2781125972.33079,5553.0,2737760064.75062,,,,,,
5554.0,49358243.61,5554.0,2786662327.25612,5554.0,2745873967.67221,,,,,,
5555.0,49401474.49,5555.0,2792209750.26818,5555.0,2754011677.25732,,,,,,
5556.0,49444730.23,5556.0,2797767646.70369,5556.0,2762173227.99124,,,,,,
5557.0,49488011.46,5557.0,2803336343.56525,5557.0,2770358823.69217,,,,,,
5558.0,49531316.43,5558.0,2808916142.69064,5558.0,2778568321.80196,,,,,,
5559.0,49574646.0,5559.0,2814506751.44498,5559.0,2786801613.50236,,,,,,
5560.0,49617999.32,5560.0,2820108485.7721,5560.0,2795059357.5665,,,,,,
5561.0,49661378.52,5561.0,2825720455.88869,5561.0,2803340959.03161,,,,,,
5562.0,49704779.39,5562.0,2831343879.82768,5562.0,2811646934.21673,,,,,,
5563.0,49748206.9,5563.0,2836977851.37609,5563.0,2819976824.70941,,,,,,
5564.0,49791658.59,5564.0,2842622993.98891,5564.0,2828331469.8714,,,,,,
5565.0,49835134.45,5565.0,2848279012.31957,5565.0,2836710442.52425,,,,,,
5566.0,49878635.65,5566.0,2853946225.09797,5566.0,2845113915.9508,,,,,,
5567.0,49922160.34,5567.0,2859624336.06888,5567.0,2853542096.82605,,,,,,
5568.0,49965708.69,5568.0,2865313664.89717,5568.0,2861994842.65411,,,,,,
5569.0,50009283.72,5569.0,2871013914.41613,5569.0,2870472360.3509,,,,,,
5570.0,50052881.3,5570.0,2876725715.03687,5570.0,2878974535.90097,,,,,,
5571.0,50096505.04,5571.0,2882447839.25297,5571.0,2887501545.29642,,,,,,
5572.0,50140150.97,5572.0,2888181830.19017,5572.0,2896053599.74984,,,,,,
5573.0,50183823.06,5573.0,2893926494.87048,5573.0,2904630728.12192,,,,,,
5574.0,50227519.01,5574.0,2899682116.89419,5574.0,2913232963.31315,,,,,,
5575.0,50271239.93,5575.0,2905449642.52316,5575.0,2921860191.87219,,,,,,
5576.0,50314985.31,5576.0,2911227875.14541,5576.0,2930512917.01464,,,,,,
5577.0,50358753.86,5577.0,2917017410.9038,5577.0,2939190696.22348,,,,,,
5578.0,50402548.07,5578.0,2922817968.04672,5578.0,2947893890.04962,,,,,,
5579.0,50446366.48,5579.0,2928630164.58481,5579.0,2956622203.33466,,,,,,
5580.0,50490210.2,5580.0,2934453719.9023,5580.0,2965376673.30151,,,,,,
5581.0,50534077.44,5581.0,2940288016.34483,5581.0,2974156327.59833,,,,,,
5582.0,50577969.23,5582.0,2946133987.79803,5582.0,2982961857.14157,,,,,,
5583.0,50621885.58,5583.0,2951991646.96713,5583.0,2991792987.3379,,,,,,
5584.0,50665827.67,5584.0,2957860396.31566,5584.0,3000649749.43562,,,,,,
5585.0,50709793.17,5585.0,2963740857.58094,5585.0,3009532840.91487,,,,,,
5586.0,50753782.81,5586.0,2969632432.0052,5586.0,3018441964.06168,,,,,,
5587.0,50797797.94,5587.0,2975535719.07155,5587.0,3027376463.4975,,,,,,
5588.0,50841837.13,5588.0,2981449847.18861,5588.0,3036337415.22584,,,,,,
5589.0,50885900.24,5589.0,2987376348.09627,5589.0,3045324853.71553,,,,,,
5590.0,50929988.26,5590.0,2993313689.2429,5590.0,3054338456.91745,,,,,,
5591.0,50974101.24,5591.0,2999263109.27388,5591.0,3063377922.25159,,,,,,
5592.0,51018238.81,5592.0,3005223711.15916,5592.0,3072444312.75731,,,,,,
5593.0,51062400.62,5593.0,3011195826.48314,5593.0,3081536985.37063,,,,,,
5594.0,51106588.09,5594.0,3017179737.05771,5594.0,3090656316.17976,,,,,,
5595.0,51150798.25,5595.0,3023175480.85258,5595.0,3099802336.20025,,,,,,
5596.0,51195032.95,5596.0,3029182748.5496,5596.0,3108975081.11086,,,,,,
5597.0,51239293.86,5597.0,3035201551.51014,5597.0,3118174242.98849,,,,,,
5598.0,51283576.99,5598.0,3041232224.18742,5598.0,3127400896.563,,,,,,
5599.0,51327887.8,5599.0,3047274455.83324,5599.0,3136654035.07276,,,,,,
5600.0,51372222.04,5600.0,3053328257.82416,5600.0,3145934390.86426,,,,,,
5601.0,51416579.24,5601.0,3059394290.62825,5601.0,3155242002.90416,,,,,,
5602.0,51460962.63,5602.0,3065471889.91661,5602.0,3164576199.51952,,,,,,
5603.0,51505369.42,5603.0,3071560798.36997,5603.0,3173938424.11913,,,,,,
5604.0,51549802.03,5604.0,3077662272.45339,5604.0,3183327658.80774,,,,,,
5605.0,51594258.77,5605.0,3083775377.05467,5605.0,3192744285.82276,,,,,,
5606.0,51638740.53,5606.0,3089900093.63045,5606.0,3202188344.56157,,,,,,
5607.0,51683246.38,5607.0,3096037117.80511,5607.0,3211660222.57017,,,,,,
5608.0,51727776.49,5608.0,3102185808.00828,5608.0,3221159608.04469,,,,,,
5609.0,51772333.16,5609.0,3108346473.12947,5609.0,3230686882.16186,,,,,,
5610.0,51816912.1,5610.0,3114518827.42098,5610.0,3240241731.29181,,,,,,
5611.0,51861515.92,5611.0,3120703509.51446,5611.0,3249824544.81676,,,,,,
5612.0,51906145.53,5612.0,3126900202.8241,5612.0,3259435717.17993,,,,,,
5613.0,51950798.14,5613.0,3133108653.57619,5613.0,3269074568.10995,,,,,,
5614.0,51995475.73,5614.0,3139329768.83375,5614.0,3278741851.95806,,,,,,
5615.0,52040179.53,5615.0,3145562302.89319,5615.0,3288437243.99799,,,,,,
5616.0,52084907.07,5616.0,3151807228.04698,5616.0,3298160783.2975,,,,,,
5617.0,52129659.98,5617.0,3158064225.26543,5617.0,3307912861.35834,,,,,,
5618.0,52174436.27,5618.0,3164333340.60718,5618.0,3317693518.04308,,,,,,
5619.0,52219237.28,5619.0,3170614552.53624,5619.0,3327502786.07048,,,,,,
5620.0,52264063.48,5620.0,3176908206.88728,5620.0,3337340344.36608,,,,,,
5621.0,52308913.56,5621.0,3183214317.08304,5621.0,3347206953.30934,,,,,,
5622.0,52353788.99,5622.0,3189532561.63372,5622.0,3357102282.50621,,,,,,
5623.0,52398689.5,5623.0,3195862652.98371,5623.0,3367026372.53008,,,,,,
5624.0,52443614.87,5624.0,3202205201.90485,5624.0,3376979621.09982,,,,,,
5625.0,52488562.81,5625.0,3208559920.99548,5625.0,3386961706.33181,,,,,,
5626.0,52533537.45,5626.0,3214926859.2144,5626.0,3396973017.65225,,,,,,
5627.0,52578535.78,5627.0,3221306929.80201,5627.0,3407013238.92584,,,,,,
5628.0,52623558.65,5628.0,3227698608.30145,5628.0,3417083496.91571,,,,,,
5629.0,52668606.24,5629.0,3234103107.24505,5629.0,3427182732.25361,,,,,,
5630.0,52713679.9,5630.0,3240519876.92172,5630.0,3437311712.85579,,,,,,
5631.0,52758776.64,5631.0,3246949231.04544,5631.0,3447469744.60561,,,,,,
5632.0,52803899.85,5632.0,3253390803.96109,5632.0,3457657605.31153,,,,,,
5633.0,52849044.94,5633.0,3259844986.60122,5633.0,3467875315.01922,,,,,,
5634.0,52894217.77,5634.0,3266311451.48814,5634.0,3478122923.00112,,,,,,
5635.0,52939413.17,5635.0,3272790853.36186,5635.0,3488400102.2986,,,,,,
5636.0,52984633.95,5636.0,3279282562.79652,5636.0,3498707618.44602,,,,,,
5637.0,53029878.58,5637.0,3285787235.85979,5637.0,3509045148.69405,,,,,,
5638.0,53075149.71,5638.0,3292304241.82424,5638.0,3519413092.46401,,,,,,
5639.0,53120445.04,5639.0,3298833894.52304,5639.0,3529810748.98883,,,,,,
5640.0,53165764.2,5640.0,3305376248.53943,5640.0,3540238895.30963,,,,,,
5641.0,53211108.28,5641.0,3311931619.55537,5641.0,3550697573.52687,,,,,,
5642.0,53256477.75,5642.0,3318499029.11668,5642.0,3561186818.78579,,,,,,
5643.0,53301870.66,5643.0,3325079827.00354,5643.0,3571706675.93401,,,,,,
5644.0,53347290.87,5644.0,3331672990.35924,5644.0,3582256797.9395,,,,,,
5645.0,53392733.73,5645.0,3338279223.45611,5645.0,3592838354.22355,,,,,,
5646.0,53438202.69,5646.0,3344898237.51478,5646.0,3603450619.44646,,,,,,
5647.0,53483694.78,5647.0,3351530001.43051,5647.0,3614093648.7884,,,,,,
5648.0,53529212.17,5648.0,3358174527.71145,5648.0,3624767850.50043,,,,,,
5649.0,53574755.28,5649.0,3364832177.62433,5649.0,3635473263.02045,,,,,,
5650.0,53620321.86,5650.0,3371502312.56155,5650.0,3646209535.97657,,,,,,
5651.0,53665911.84,5651.0,3378185901.53775,5651.0,3656977489.71763,,,,,,
5652.0,53711529.45,5652.0,3384881954.73365,5652.0,3667776382.33919,,,,,,
5653.0,53757169.78,5653.0,3391591535.66256,5653.0,3678607379.32527,,,,,,
5654.0,53802836.65,5654.0,3398313605.88875,5654.0,3689469418.70139,,,,,,
5655.0,53848527.37,5655.0,3405049232.09269,5655.0,3700363644.1342,,,,,,
5656.0,53894243.67,5656.0,3411797372.69505,5656.0,3711289728.49707,,,,,,
5657.0,53939983.94,5657.0,3418558744.5919,5657.0,3722246949.39551,,,,,,
5658.0,53985748.75,5658.0,3425333313.03123,5658.0,3733236871.52331,,,,,,
5659.0,54031538.96,5659.0,3432121140.3083,5659.0,3744258379.17365,,,,,,
5660.0,54077352.52,5660.0,3438921886.03873,5660.0,3755312275.5453,,,,,,
5661.0,54123192.64,5661.0,3445735917.88737,5661.0,3766398232.75867,,,,,,
5662.0,54169057.39,5662.0,3452562843.9797,5662.0,3777516262.63488,,,,,,
5663.0,54214946.3,5663.0,3459403438.87666,5663.0,3788667206.70574,,,,,,
5664.0,54260859.39,5664.0,3466257310.47872,5664.0,3799850300.51364,,,,,,
5665.0,54306799.81,5665.0,3473124523.43592,5665.0,3811066394.02754,,,,,,
5666.0,54352762.89,5666.0,3480004682.21695,5666.0,3822315091.08218,,,,,,
5667.0,54398750.9,5667.0,3486898208.94427,5667.0,3833596466.84609,,,,,,
5668.0,54444764.37,5668.0,3493805065.07517,5668.0,3844910525.0901,,,,,,
5669.0,54490802.36,5669.0,3500725982.41074,5669.0,3856257752.98695,,,,,,
5670.0,54536865.34,5670.0,3507659591.19076,5670.0,3867637748.94708,,,,,,
5671.0,54582952.88,5671.0,3514606929.82363,5671.0,3879051736.783,,,,,,
5672.0,54629064.65,5672.0,3521568013.01551,5672.0,3890498575.9999,,,,,,
5673.0,54675202.94,5673.0,3528541825.63665,5673.0,3901978345.42098,,,,,,
5674.0,54721363.93,5674.0,3535529716.73168,5674.0,3913492199.69856,,,,,,
5675.0,54767551.81,5675.0,3542531087.30498,5675.0,3925039027.15079,,,,,,
5676.0,54813763.51,5676.0,3549545895.72896,5676.0,3936620067.04046,,,,,,
5677.0,54860001.3,5677.0,3556574155.11952,5677.0,3948234165.61188,,,,,,
5678.0,54906262.15,5678.0,3563616242.84517,5678.0,3959882517.26437,,,,,,
5679.0,54952549.16,5679.0,3570671808.87667,5679.0,3971565170.64078,,,,,,
5680.0,54998859.96,5680.0,3577741174.16751,5680.0,3983281425.48743,,,,,,
5681.0,55045196.52,5681.0,3584824102.2515,5681.0,3995032066.12079,,,,,,
5682.0,55091555.75,5682.0,3591921223.70644,5682.0,4006816764.03169,,,,,,
5683.0,55137942.34,5683.0,3599031570.26045,5683.0,4018635891.72547,,,,,,
5684.0,55184353.79,5684.0,3606155771.44953,5684.0,4030489584.41268,,,,,,
5685.0,55230789.09,5685.0,3613293532.32087,5685.0,4042377790.34733,,,,,,
5686.0,55277250.57,5686.0,3620445912.03118,5686.0,4054300230.24306,,,,,,
5687.0,55323734.74,5687.0,3627611511.07615,5687.0,4066258065.15076,,,,,,
5688.0,55370244.17,5688.0,3634791080.47368,5688.0,4078250220.89023,,,,,,
5689.0,55416780.56,5689.0,3641984573.91834,5689.0,4090277435.51847,,,,,,
5690.0,55463340.38,5690.0,3649192066.60736,5690.0,4102339433.07462,,,,,,
5691.0,55509926.0,5691.0,3656413882.85154,5691.0,4114437058.33918,,,,,,
5692.0,55556534.97,5692.0,3663648984.43368,5692.0,4126569501.82093,,,,,,
5693.0,55603169.78,5693.0,3670898127.95174,5693.0,4138737608.34096,,,,,,
5694.0,55649831.05,5694.0,3678161574.98528,5694.0,4150941051.71014,,,,,,
5695.0,55696514.65,5695.0,3685439093.21898,5695.0,4163179815.47131,,,,,,
5696.0,55743224.31,5696.0,3692730697.56097,5696.0,4175454438.95732,,,,,,
5697.0,55789958.62,5697.0,3700037023.59574,5697.0,4187764847.26932,,,,,,
5698.0,55836717.47,5698.0,3707356340.18063,5698.0,4200111208.37952,,,,,,
5699.0,55883501.36,5699.0,3714690782.02748,5699.0,4212493444.08402,,,,,,
5700.0,55930310.96,5700.0,3722038992.18371,5700.0,4224911663.32944,,,,,,
5701.0,55977145.24,5701.0,3729401360.93221,5701.0,4237365845.3539,,,,,,
5702.0,56024005.19,5702.0,3736777770.20416,5702.0,4249856541.6381,,,,,,
5703.0,56070888.62,5703.0,3744168677.55067,5703.0,4262384109.76027,,,,,,
5704.0,56117797.75,5704.0,3751574477.11574,5704.0,4274947026.10842,,,,,,
5705.0,56164731.93,5705.0,3758993668.87023,5705.0,4287547282.44767,,,,,,
5706.0,56211690.65,5706.0,3766427782.57787,5706.0,4300183797.51925,,,,,,
5707.0,56258673.14,5707.0,3773876074.5347,5707.0,4312857748.70387,,,,,,
5708.0,56305684.25,5708.0,3781338870.45398,5708.0,4325568048.35684,,,,,,
5709.0,56352716.76,5709.0,3788816253.99144,5709.0,4338315881.95293,,,,,,
5710.0,56399775.74,5710.0,3796307546.21378,5710.0,4351100086.48333,,,,,,
5711.0,56446858.68,5711.0,3803813767.98195,5711.0,4363922363.16681,,,,,,
5712.0,56493968.09,5712.0,3811334551.94308,5712.0,4376781484.92046,,,,,,
5713.0,56541100.86,5713.0,3818869983.47832,5713.0,4389677945.10322,,,,,,
5714.0,56588260.61,5714.0,3826419693.6557,5714.0,4402612173.5879,,,,,,
5715.0,56635443.01,5715.0,3833984009.27382,5715.0,4415583839.15089,,,,,,
5716.0,56682652.71,5716.0,3841563017.01518,5716.0,4428593289.10032,,,,,,
5717.0,56729886.26,5717.0,3849156972.85286,5717.0,4441640723.29916,,,,,,
5718.0,56777144.75,5718.0,3856765337.87909,5718.0,4454726497.79497,,,,,,
5719.0,56824429.0,5719.0,3864388367.07477,5719.0,4467849822.16698,,,,,,
5720.0,56871735.96,5720.0,3872026462.62433,5720.0,4481011578.49267,,,,,,
5721.0,56919070.64,5721.0,3879679252.05038,5721.0,4494211435.08586,,,,,,
5722.0,56966429.83,5722.0,3887346435.58313,5722.0,4507449826.02928,,,,,,
5723.0,57013812.46,5723.0,3895029120.59081,5723.0,4520726331.85453,,,,,,
5724.0,57061220.79,5724.0,3902726468.47923,5724.0,4534042310.10787,,,,,,
5725.0,57108654.25,5725.0,3910438330.41045,5725.0,4547396500.83726,,,,,,
5726.0,57156113.77,5726.0,3918165274.08146,5726.0,4560789885.49949,,,,,,
5727.0,57203598.38,5727.0,3925906999.45531,5727.0,4574221576.67512,,,,,,
5728.0,57251105.45,5728.0,3933663913.44607,5728.0,4587693237.21819,,,,,,
5729.0,57298639.96,5729.0,3941436032.14476,5729.0,4601203773.15498,,,,,,
5730.0,57346199.02,5730.0,3949222584.10569,5730.0,4614753230.15362,,,,,,
5731.0,57393781.96,5731.0,3957024370.62571,5731.0,4628341953.62172,,,,,,
5732.0,57441391.77,5732.0,3964841407.82225,5732.0,4641970460.76967,,,,,,
5733.0,57489025.38,5733.0,3972673631.9722,5733.0,4655639280.38519,,,,,,
5734.0,57536684.45,5734.0,3980521138.17834,5734.0,4669347511.03868,,,,,,
5735.0,57584367.61,5735.0,3988383545.85152,5735.0,4683095295.14705,,,,,,
5736.0,57632077.79,5736.0,3996260869.36369,5736.0,4696883068.39087,,,,,,
5737.0,57679812.54,5737.0,4004153837.31576,5737.0,4710711261.34356,,,,,,
5738.0,57727570.27,5738.0,4012062067.80702,5738.0,4724579448.70126,,,,,,
5739.0,57775355.8,5739.0,4019985658.20303,5739.0,4738488253.42369,,,,,,
5740.0,57823164.76,5740.0,4027924224.9754,5740.0,4752437637.00994,,,,,,
5741.0,57870998.28,5741.0,4035878499.74489,5741.0,4766427157.81266,,,,,,
5742.0,57918858.67,5742.0,4043847380.28458,5742.0,4780457359.66483,,,,,,
5743.0,57966743.74,5743.0,4051832400.97017,5743.0,4794528284.92599,,,,,,
5744.0,58014653.35,5744.0,4059833093.38547,5744.0,4808640761.41295,,,,,,
5745.0,58062586.85,5745.0,4067848520.3687,5745.0,4822793683.18441,,,,,,
5746.0,58110546.81,5746.0,4075879648.84984,5746.0,4836987768.57889,,,,,,
5747.0,58158532.18,5747.0,4083926262.51112,5747.0,4851223172.12204,,,,,,
5748.0,58206542.97,5748.0,4091988695.56595,5748.0,4865500436.28698,,,,,,
5749.0,58254577.52,5749.0,4100066964.74068,5749.0,4879818633.82415,,,,,,
5750.0,58302638.14,5750.0,4108160275.25897,5750.0,4894178692.68281,,,,,,
5751.0,58350722.32,5751.0,4116269859.31355,5751.0,4908580666.01088,,,,,,
5752.0,58398833.37,5752.0,4124394514.56176,5752.0,4923024608.54574,,,,,,
5753.0,58446969.02,5753.0,4132535069.27911,5753.0,4937510569.62757,,,,,,
5754.0,58495129.69,5754.0,4140691132.0416,5754.0,4952038103.00227,,,,,,
5755.0,58543314.93,5755.0,4148863445.60902,5755.0,4966608262.86428,,,,,,
5756.0,58591527.51,5756.0,4157050979.49432,5756.0,4981220490.39142,,,,,,
5757.0,58639762.78,5757.0,4165254386.81649,5757.0,4995875336.71426,,,,,,
5758.0,58688024.11,5758.0,4173474093.64579,5758.0,5010572852.1044,,,,,,
5759.0,58736310.84,5759.0,4181709066.7725,5759.0,5025313095.91468,,,,,,
5760.0,58784622.16,5760.0,4189960372.12456,5760.0,5040096122.04513,,,,,,
5761.0,58832959.32,5761.0,4198227614.49153,5761.0,5054922371.33711,,,,,,
5762.0,58881320.19,5762.0,4206510902.38088,5762.0,5069791385.83094,,,,,,
5763.0,58929707.3,5763.0,4214809838.91004,5763.0,5084703344.71049,,,,,,
5764.0,58978119.75,5764.0,4223125173.81043,5764.0,5099659587.07905,,,,,,
5765.0,59026557.17,5765.0,4231456094.44733,5765.0,5114658370.58465,,,,,,
5766.0,59075019.17,5766.0,4239803540.57911,5766.0,5129701427.73194,,,,,,
5767.0,59123506.22,5767.0,4248166603.10029,5767.0,5144787642.07391,,,,,,
5768.0,59172019.37,5768.0,4256546129.33299,5768.0,5159918242.67221,,,,,,
5769.0,59220556.44,5769.0,4264941815.52563,5769.0,5175091983.06461,,,,,,
5770.0,59269120.78,5770.0,4273353903.03962,5770.0,5190310735.40477,,,,,,
5771.0,59317709.68,5771.0,4281782183.72544,5771.0,5205573132.5157,,,,,,
5772.0,59366323.57,5772.0,4290226576.74108,5772.0,5220880260.93443,,,,,,
5773.0,59414960.5,5773.0,4298687097.60933,5773.0,5236231534.22153,,,,,,
5774.0,59463623.93,5774.0,4307164924.97349,5774.0,5251627910.5373,,,,,,
5775.0,59512314.01,5775.0,4315658170.80137,5775.0,5267068674.78709,,,,,,
5776.0,59561028.67,5776.0,4324168014.23159,5776.0,5282554264.89212,,,,,,
5777.0,59609767.1,5777.0,4332694050.19632,5777.0,5298084609.88914,,,,,,
5778.0,59658532.07,5778.0,4341237039.88456,5778.0,5313660420.25481,,,,,,
5779.0,59707322.88,5779.0,4349796254.79956,5779.0,5329281094.82251,,,,,,
5780.0,59756136.2,5780.0,4358372457.71877,5780.0,5344947749.30661,,,,,,
5781.0,59804978.2,5781.0,4366964170.59441,5781.0,5360659373.69938,,,,,,
5782.0,59853843.55,5782.0,4375573329.90525,5782.0,5376416956.32096,,,,,,
5783.0,59902733.86,5783.0,4384198779.6198,5783.0,5392220153.78392,,,,,,
5784.0,59951649.51,5784.0,4392840858.7332,5784.0,5408069424.8058,,,,,,
5785.0,60000591.77,5785.0,4401500010.91829,5785.0,5423964677.7998,,,,,,
5786.0,60049557.41,5786.0,4410175502.21359,5786.0,5439906258.83951,,,,,,
5787.0,60098548.5,5787.0,4418867348.23845,5787.0,5455894085.6638,,,,,,
5788.0,60147566.49,5788.0,4427576747.69967,5788.0,5471928064.98031,,,,,,
5789.0,60196608.32,5789.0,4436302430.00179,5789.0,5488008401.69102,,,,,,
5790.0,60245675.5,5790.0,4445045270.96454,5790.0,5504135549.11915,,,,,,
5791.0,60294768.04,5791.0,4453804532.69269,5791.0,5520309963.18148,,,,,,
5792.0,60343885.13,5792.0,4462581312.18961,5792.0,5536531305.76894,,,,,,
5793.0,60393027.34,5793.0,4471374220.90438,5793.0,5552799633.80344,,,,,,
5794.0,60442196.45,5794.0,4480185007.1427,5794.0,5569115406.31161,,,,,,
5795.0,60491391.33,5795.0,4489012280.61734,5795.0,5585477731.41583,,,,,,
5796.0,60540608.35,5796.0,4497856382.23485,5796.0,5601888013.16915,,,,,,
5797.0,60589854.06,5797.0,4506717763.51341,5797.0,5618346466.92143,,,,,,
5798.0,60639122.67,5798.0,4515596442.56387,5798.0,5634852044.47825,,,,,,
5799.0,60688416.24,5799.0,4524492326.51177,5799.0,5651405758.76926,,,,,,
5800.0,60737737.68,5800.0,4533405980.8185,5800.0,5668007668.01459,,,,,,
5801.0,60787083.28,5801.0,4542335347.64506,5801.0,5684657832.85309,,,,,,
5802.0,60836452.59,5802.0,4551282407.0023,5802.0,5701355753.34069,,,,,,
5803.0,60885848.98,5803.0,4560246738.20415,5803.0,5718102607.02946,,,,,,
5804.0,60935271.87,5804.0,4569228911.38703,5804.0,5734898697.95115,,,,,,
5805.0,60984716.57,5805.0,4578227624.83908,5805.0,5751742320.56052,,,,,,
5806.0,61034188.25,5806.0,4587244428.86746,5806.0,5768635300.18591,,,,,,
5807.0,61083684.98,5807.0,4596277919.92702,5807.0,5785577293.73161,,,,,,
5808.0,61133208.57,5808.0,4605329653.12244,5808.0,5802568763.34622,,,,,,
5809.0,61182755.96,5809.0,4614398319.3054,5809.0,5819609372.19908,,,,,,
5810.0,61232329.18,5810.0,4623484493.69582,5810.0,5836699580.73934,,,,,,
5811.0,61281926.64,5811.0,4632587632.84636,5811.0,5853839053.8013,,,,,,
5812.0,61331551.37,5812.0,4641709087.28625,5812.0,5871029045.69633,,,,,,
5813.0,61381199.06,5813.0,4650847985.86097,5813.0,5888267853.26455,,,,,,
5814.0,61430873.45,5814.0,4660004463.92944,5814.0,5905556906.68505,,,,,,
5815.0,61480571.97,5815.0,4669178748.76358,5815.0,5922896844.49215,,,,,,
5816.0,61530299.43,5816.0,4678370648.94531,5816.0,5940286577.17028,,,,,,
5817.0,61580047.94,5817.0,4687579493.79595,5817.0,5957726746.47438,,,,,,
5818.0,61629824.15,5818.0,4696806885.78312,5818.0,5975217812.07411,,,,,,
5819.0,61679625.04,5819.0,4706051704.89218,5819.0,5992759440.76474,,,,,,
5820.0,61729449.28,5820.0,4715314989.363,5820.0,6010351510.10194,,,,,,
5821.0,61779302.44,5821.0,4724595406.07148,5821.0,6027995249.92339,,,,,,
5822.0,61829178.63,5822.0,4733894325.76527,5822.0,6045690146.95188,,,,,,
5823.0,61879082.58,5823.0,4743211193.31911,5823.0,6063436067.18545,,,,,,
5824.0,61929009.19,5824.0,4752545696.48343,5824.0,6081233270.18394,,,,,,
5825.0,61978962.29,5825.0,4761898306.10261,5825.0,6099082622.54213,,,,,,
5826.0,62028940.73,5826.0,4771268131.60829,5826.0,6116983379.48339,,,,,,
5827.0,62078945.46,5827.0,4780657213.92604,5827.0,6134936411.27057,,,,,,
5828.0,62128973.53,5828.0,4790063546.40493,5828.0,6152941386.37097,,,,,,
5829.0,62179029.8,5829.0,4799488057.36137,5829.0,6170998768.67317,,,,,,
5830.0,62229108.22,5830.0,4808931096.13578,5830.0,6189108215.34404,,,,,,
5831.0,62279212.84,5831.0,4818392682.10279,5831.0,6207270004.98335,,,,,,
5832.0,62329344.45,5832.0,4827871917.00514,5832.0,6225485401.21168,,,,,,
5833.0,62379499.1,5833.0,4837369863.74072,5833.0,6243752461.44067,,,,,,
5834.0,62429682.57,5834.0,4846885033.57906,5834.0,6262073059.64542,,,,,,
5835.0,62479888.33,5835.0,4856419283.28843,5835.0,6280446860.67252,,,,,,
5836.0,62530121.03,5836.0,4865971711.20449,5836.0,6298873525.96257,,,,,,
5837.0,62580376.42,5837.0,4875543259.23728,5837.0,6317353935.61511,,,,,,
5838.0,62630661.07,5838.0,4885132560.01487,5838.0,6335888145.47008,,,,,,
5839.0,62680969.88,5839.0,4894740556.15837,5839.0,6354476231.62787,,,,,,
5840.0,62731303.76,5840.0,4904366338.42461,5840.0,6373117241.88547,,,,,,
5841.0,62781664.2,5841.0,4914011649.41795,5841.0,6391813278.20399,,,,,,
5842.0,62832048.35,5842.0,4923675713.13959,5842.0,6410563181.8867,,,,,,
5843.0,62882458.02,5843.0,4933357616.19521,5843.0,6429367839.10992,,,,,,
5844.0,62932892.95,5844.0,4943057841.0541,5844.0,6448226496.1018,,,,,,
5845.0,62983354.85,5845.0,4952777673.59712,5845.0,6467139835.21154,,,,,,
5846.0,63033841.85,5846.0,4962515865.91018,5846.0,6486108328.77299,,,,,,
5847.0,63084352.98,5847.0,4972272435.43396,5847.0,6505131640.91344,,,,,,
5848.0,63134890.21,5848.0,4982048536.02081,5848.0,6524210249.35948,,,,,,
5849.0,63185453.36,5849.0,4991842717.3698,5849.0,6543343188.25214,,,,,,
5850.0,63236041.34,5850.0,5001655997.07888,5850.0,6562532999.67741,,,,,,
5851.0,63286656.0,5851.0,5011489142.40037,5851.0,6581777269.10252,,,,,,
5852.0,63337294.81,5852.0,5021340147.10199,5852.0,6601078555.33168,,,,,,
5853.0,63387957.86,5853.0,5031210111.36815,5853.0,6620434850.04889,,,,,,
5854.0,63438648.25,5854.0,5041099248.92467,5854.0,6639847258.77289,,,,,,
5855.0,63489365.53,5855.0,5051007859.41537,5855.0,6659316255.17232,,,,,,
5856.0,63540105.07,5856.0,5060934731.0391,5856.0,6678841507.63122,,,,,,
5857.0,63590871.66,5857.0,5070881114.0915,5857.0,6698423495.32582,,,,,,
5858.0,63641664.35,5858.0,5080846888.09858,5858.0,6718062286.48161,,,,,,
5859.0,63692481.28,5859.0,5090831452.59341,5859.0,6737757306.64031,,,,,,
5860.0,63743324.68,5860.0,5100835589.19114,5860.0,6757510322.01298,,,,,,
5861.0,63794192.76,5861.0,5110858552.60953,5861.0,6777320355.1851,,,,,,
5862.0,63845086.59,5862.0,5120901463.55882,5862.0,6797187648.65851,,,,,,
5863.0,63896006.18,5863.0,5130962902.45149,5863.0,6817112093.97607,,,,,,
5864.0,63946950.75,5864.0,5141044183.60511,5864.0,6837095238.69283,,,,,,
5865.0,63997920.81,5865.0,5151144509.74322,5865.0,6857135851.97413,,,,,,
5866.0,64048917.69,5866.0,5161264234.93959,5866.0,6877234249.84674,,,,,,
5867.0,64099938.46,5867.0,5171404008.61403,5867.0,6897391322.38302,,,,,,
5868.0,64150985.37,5868.0,5181563220.99613,5868.0,6917606069.3162,,,,,,
5869.0,64202058.08,5869.0,5191742039.13019,5869.0,6937879881.15697,,,,,,
5870.0,64253154.54,5870.0,5201939848.49998,5870.0,6958212175.57646,,,,,,
5871.0,64304278.88,5871.0,5212157301.56728,5871.0,6978603842.32573,,,,,,
5872.0,64355428.09,5872.0,5222395092.53258,5872.0,6999054300.03353,,,,,,
5873.0,64406603.06,5873.0,5232652080.50326,5873.0,7019563453.72078,,,,,,
5874.0,64457802.65,5874.0,5242928620.8658,5874.0,7040133693.95339,,,,,,
5875.0,64509028.05,5875.0,5253225221.58055,5875.0,7060762117.46062,,,,,,
5876.0,64560279.63,5876.0,5263541903.44861,5876.0,7081450275.74101,,,,,,
5877.0,64611556.58,5877.0,5273878196.44707,5877.0,7102199082.46719,,,,,,
5878.0,64662858.07,5878.0,5284234610.76816,5878.0,7123006949.97475,,,,,,
5879.0,64714185.88,5879.0,5294611012.98919,5879.0,7143876443.18042,,,,,,
5880.0,64765537.72,5880.0,5305006252.75101,5880.0,7164804466.96288,,,,,,
5881.0,64816917.8,5881.0,5315422997.89041,5881.0,7185794936.22165,,,,,,
5882.0,64868323.27,5882.0,5325858957.54961,5882.0,7206844918.38047,,,,,,
5883.0,64919750.5,5883.0,5336314643.43639,5883.0,7227956670.97264,,,,,,
5884.0,64971207.11,5884.0,5346790909.06352,5884.0,7249129738.33825,,,,,,
5885.0,65022689.13,5885.0,5357287436.81457,5885.0,7270363908.13973,,,,,,
5886.0,65074195.25,5886.0,5367804089.24992,5886.0,7291658707.71409,,,,,,
5887.0,65125725.66,5887.0,5378340546.22778,5887.0,7313016560.75641,,,,,,
5888.0,65177283.41,5888.0,5388898163.90105,5888.0,7334435056.97758,,,,,,
5889.0,65228866.52,5889.0,5399474627.33621,5889.0,7355915925.61795,,,,,,
5890.0,65280476.94,5890.0,5410072292.50894,5890.0,7377459254.049,,,,,,
5891.0,65332111.28,5891.0,5420690180.62051,5891.0,7399065112.18316,,,,,,
5892.0,65383771.69,5892.0,5431328812.87115,5892.0,7420732881.62684,,,,,,
5893.0,65435457.58,5893.0,5441988210.72904,5893.0,7442464039.00643,,,,,,
5894.0,65487168.41,5894.0,5452667048.26361,5894.0,7464257258.98165,,,,,,
5895.0,65538905.45,5895.0,5463367031.60659,5895.0,7486114844.53759,,,,,,
5896.0,65590667.39,5896.0,5474087842.01489,5896.0,7508034658.3884,,,,,,
5897.0,65642455.98,5897.0,5484828654.35616,5897.0,7530017460.55032,,,,,,
5898.0,65694269.07,5898.0,5495590169.47413,5898.0,7552065007.4477,,,,,,
5899.0,65746110.04,5899.0,5506373080.49753,5899.0,7574175707.45188,,,,,,
5900.0,65797972.8,5900.0,5517175720.39028,5900.0,7596350475.79444,,,,,,
5901.0,65849864.8,5901.0,5528000306.90777,5901.0,7618590221.4724,,,,,,
5902.0,65901780.67,5902.0,5538845337.46277,5902.0,7640893353.39822,,,,,,
5903.0,65953721.54,5903.0,5549710321.0095,5903.0,7663261629.6864,,,,,,
5904.0,66005690.23,5904.0,5560597149.85789,5904.0,7685694415.45331,,,,,,
5905.0,66057682.61,5905.0,5571504312.76188,5905.0,7708192372.28715,,,,,,
5906.0,66109700.05,5906.0,5582433022.85124,5906.0,7730755000.94576,,,,,,
5907.0,66161744.38,5907.0,5593382277.23996,5907.0,7753383804.16338,,,,,,
5908.0,66213815.37,5908.0,5604352780.47937,5908.0,7776076584.63906,,,,,,
5909.0,66265910.48,5909.0,5615343867.33286,5909.0,7798835832.42434,,,,,,
5910.0,66318032.18,5910.0,5626356415.80073,5910.0,7821660778.823,,,,,,
5911.0,66370178.08,5911.0,5637389931.53655,5911.0,7844552352.7455,,,,,,
5912.0,66422353.01,5912.0,5648444608.41992,5912.0,7867509790.91471,,,,,,
5913.0,66474549.3,5913.0,5659520636.89579,5913.0,7890533168.51139,,,,,,
5914.0,66526773.29,5914.0,5670618731.39957,5914.0,7913624268.03326,,,,,,
5915.0,66579024.33,5915.0,5681737357.65098,5915.0,7936781473.25469,,,,,,
5916.0,66631298.71,5916.0,5692877573.96336,5916.0,7960005707.27973,,,,,,
5917.0,66683600.58,5917.0,5704038360.23182,5917.0,7983297171.13597,,,,,,
5918.0,66735925.31,5918.0,5715221299.84876,5918.0,8006655831.20955,,,,,,
5919.0,66788279.0,5919.0,5726426239.02455,5919.0,8030082509.52687,,,,,,
5920.0,66840657.0,5920.0,5737652332.48174,5920.0,8053575812.54523,,,,,,
5921.0,66893058.32,5921.0,5748899075.84385,5921.0,8077139001.55856,,,,,,
5922.0,66945488.51,5922.0,5760168406.75991,5922.0,8100768972.9787,,,,,,
5923.0,66997943.06,5923.0,5771459298.61694,5923.0,8124467401.1887,,,,,,
5924.0,67050423.71,5924.0,5782771426.70169,5924.0,8148234378.18496,,,,,,
5925.0,67102930.13,5925.0,5794105865.87432,5925.0,8172069982.86837,,,,,,
5926.0,67155464.37,5926.0,5805462092.47264,5926.0,8195975148.55425,,,,,,
5927.0,67208021.58,5927.0,5816839801.1468,5927.0,8219949201.68042,,,,,,
5928.0,67260604.49,5928.0,5828240235.1524,5928.0,8243992043.77872,,,,,,
5929.0,67313215.64,5929.0,5839661297.22569,5929.0,8268105546.53358,,,,,,
5930.0,67365848.18,5930.0,5851103905.15635,5930.0,8292287345.7388,,,,,,
5931.0,67418508.56,5931.0,5862569465.85143,5931.0,8316540740.22692,,,,,,
5932.0,67471195.05,5932.0,5874056777.32208,5932.0,8340863360.03915,,,,,,
5933.0,67523908.54,5933.0,5885566393.88557,5933.0,8365256224.66872,,,,,,
5934.0,67576645.33,5934.0,5897097803.83686,5934.0,8389719328.60991,,,,,,
5935.0,67629409.61,5935.0,5908651563.11377,5935.0,8414253620.28821,,,,,,
5936.0,67682198.43,5936.0,5920227316.2934,5936.0,8438858324.21817,,,,,,
5937.0,67735011.82,5937.0,5931825304.72862,5937.0,8463534383.82012,,,,,,
5938.0,67787853.47,5938.0,5943446404.44765,5938.0,8488281883.25613,,,,,,
5939.0,67840720.0,5939.0,5955088867.06737,5939.0,8513101777.11418,,,,,,
5940.0,67893612.36,5940.0,5966753789.62217,5940.0,8537992428.772,,,,,,
5941.0,67946531.64,5941.0,5978440654.85453,5941.0,8562955642.20887,,,,,,
5942.0,67999473.15,5942.0,5990150720.40423,5942.0,8587991503.11081,,,,,,
5943.0,68052445.26,5943.0,6001882772.06073,5943.0,8613098470.68128,,,,,,
5944.0,68105439.47,5944.0,6013637373.11281,5944.0,8638277399.42437,,,,,,
5945.0,68158459.61,5945.0,6025414700.05459,5945.0,8663530887.73331,,,,,,
5946.0,68211507.77,5946.0,6037214621.51002,5946.0,8688857388.28918,,,,,,
5947.0,68264577.82,5947.0,6049037313.00496,5947.0,8714255324.38718,,,,,,
5948.0,68317677.61,5948.0,6060882644.17801,5948.0,8739728164.60944,,,,,,
5949.0,68370800.4,5949.0,6072750789.58224,5949.0,8765274276.7446,,,,,,
5950.0,68423951.66,5950.0,6084641619.87546,5950.0,8790893750.27011,,,,,,
5951.0,68477125.68,5951.0,6096554609.76829,5951.0,8816588338.47686,,,,,,
5952.0,68530328.57,5952.0,6108491178.30109,5952.0,8842355721.21971,,,,,,
5953.0,68583554.9,5953.0,6120451049.18189,5953.0,8868198400.56072,,,,,,
5954.0,68636810.13,5954.0,6132433146.27611,5954.0,8894115666.89507,,,,,,
5955.0,68690087.61,5955.0,6144438890.57154,5955.0,8920107602.18491,,,,,,
5956.0,68743393.23,5956.0,6156466903.76742,5956.0,8946175172.72056,,,,,,
5957.0,68796721.86,5957.0,6168519014.09861,5957.0,8972317649.00217,,,,,,
5958.0,68850078.63,5958.0,6180592330.33093,5958.0,8998535889.14766,,,,,,
5959.0,68903462.04,5959.0,6192690491.1791,5959.0,9024829212.62868,,,,,,
5960.0,68956869.16,5960.0,6204811564.94582,5960.0,9051200222.48846,,,,,,
5961.0,69010302.92,5961.0,6216955163.55648,5961.0,9077645633.38301,,,,,,
5962.0,69063762.47,5962.0,6229122978.82205,5962.0,9104168092.66359,,,,,,
5963.0,69117247.38,5963.0,6241313362.38582,5963.0,9130766819.5813,,,,,,
5964.0,69170758.83,5964.0,6253527308.06554,5964.0,9157443614.9723,,,,,,
5965.0,69224293.77,5965.0,6265764568.2409,5965.0,9184196043.70185,,,,,,
5966.0,69277858.77,5966.0,6278025581.21454,5966.0,9211025893.41997,,,,,,
5967.0,69331446.46,5967.0,6290309809.55035,5967.0,9237934126.06,,,,,,
5968.0,69385061.37,5968.0,6302618400.15964,5968.0,9264919965.99031,,,,,,
5969.0,69438700.6,5969.0,6314950253.06639,5969.0,9291982684.85232,,,,,,
5970.0,69492366.34,5970.0,6327305390.06937,5970.0,9319124031.25019,,,,,,
5971.0,69546057.56,5971.0,6339684538.24806,5971.0,9346345013.92575,,,,,,
5972.0,69599777.21,5972.0,6352086875.142,5972.0,9373643111.64055,,,,,,
5973.0,69653522.74,5973.0,6364513835.98713,5973.0,9401020193.87249,,,,,,
5974.0,69707290.45,5974.0,6376963604.59438,5974.0,9428477177.25379,,,,,,
5975.0,69761086.37,5975.0,6389437905.75723,5975.0,9456013322.21088,,,,,,
5976.0,69814907.99,5976.0,6401935765.25909,5976.0,9483628694.36336,,,,,,
5977.0,69868754.26,5977.0,6414458206.78774,5977.0,9511323424.24405,,,,,,
5978.0,69922628.63,5978.0,6427004115.21537,5978.0,9539098471.05617,,,,,,
5979.0,69976527.2,5979.0,6439574792.19075,5979.0,9566954772.59369,,,,,,
5980.0,70030452.36,5980.0,6452168982.19684,5980.0,9594889842.92721,,,,,,
5981.0,70084403.0,5981.0,6464787415.62589,5981.0,9622906399.92072,,,,,,
5982.0,70138378.47,5982.0,6477429981.03756,5982.0,9651003646.23921,,,,,,
5983.0,70192379.82,5983.0,6490097412.06925,5983.0,9679181692.74096,,,,,,
5984.0,70246410.07,5984.0,6502787296.08025,5984.0,9707441512.7619,,,,,,
5985.0,70300463.05,5985.0,6515503245.03761,5985.0,9735783196.05923,,,,,,
5986.0,70354543.65,5986.0,6528242977.83011,5986.0,9764205981.34039,,,,,,
5987.0,70408650.86,5987.0,6541007540.81488,5987.0,9792710831.20296,,,,,,
5988.0,70462782.29,5988.0,6553795932.85032,5988.0,9821298723.19894,,,,,,
5989.0,70516938.72,5989.0,6566609204.87284,5989.0,9849968013.27991,,,,,,
5990.0,70571123.62,5990.0,6579445769.77263,5990.0,9878722296.03333,,,,,,
5991.0,70625333.24,5991.0,6592308556.78216,5991.0,9907558171.02254,,,,,,
5992.0,70679570.17,5992.0,6605195264.03501,5992.0,9936476617.31693,,,,,,
5993.0,70733829.34,5993.0,6618107079.98875,5993.0,9965478606.16423,,,,,,
5994.0,70788118.61,5994.0,6631043445.33706,5994.0,9994566005.62209,,,,,,
5995.0,70842431.33,5995.0,6644004255.87146,5995.0,10023735392.1221,,,,,,
5996.0,70896769.71,5996.0,6656990962.93723,5996.0,10052990390.0895,,,,,,
5997.0,70951135.62,5997.0,6670000990.72799,5997.0,10082328463.8538,,,,,,
5998.0,71005525.63,5998.0,6683036837.96941,5998.0,10111752362.8344,,,,,,
5999.0,71059944.24,5999.0,6696097479.3279,5999.0,10141261299.1358,,,,,,
6000.0,71114385.08,6000.0,6709183277.54009,6000.0,10170855374.9115,,,,,,
,,,,,,,,,,,
,,,,,,,,,,,
,,,,,,,,,,,
,,,,,,,,,,,
,,,,,,,,,,,
,,,,,,,,,,,
,,,,,,,,,,,
,,,,,,,,,,,
,,,,,,,,,,,
