ledger_scope,source_family,wiki_track_name,source_item,wiki_page_title,wiki_page_url,state_field,max_level_field,activation_field,contributor_id,semantic_type,operation,target_stat,raw_or_derived,dependencies,unlock_notes,wiki_semantic_note,confidence,uncertainty_notes,source_ref
bot,bot,Bonus,Amplify Bot / Bonus,Amplify Bot,https://the-tower-idle-tower-defense.fandom.com/wiki/Amplify_Bot,bot__amplify_bonus__level,bot__amplify_bonus__max_level,—,bot__amplify_bonus__multiplier,multiplier,multiply,amplify_bot_bonus_multiplier,raw,—,Bots are unlocked/upgraded in the Event Shop; unlock cost depends on how many other bots have been bought.,Bonus starts at x3.50 and has 30 levels; each level increases bonus by 0.4.,strong,Target stat is represented as a multiplier because the wiki defines the bonus as an x-based damage multiplier.,Amplify Bot lines 318-320
bot,bot,Cooldown,Amplify Bot / Cooldown,Amplify Bot,https://the-tower-idle-tower-defense.fandom.com/wiki/Amplify_Bot,bot__amplify_cooldown__level,bot__amplify_cooldown__max_level,—,bot__amplify_cooldown__cooldown_seconds,cooldown_seconds,set_cooldown_seconds,amplify_bot_cooldown_seconds,raw,—,Bots are unlocked/upgraded in the Event Shop; unlock cost depends on how many other bots have been bought.,Cooldown starts at 120 seconds and has 15 levels; each level decreases cooldown by 3 seconds.,strong,—,Amplify Bot lines 314-316
bot,bot,Duration,Amplify Bot / Duration,Amplify Bot,https://the-tower-idle-tower-defense.fandom.com/wiki/Amplify_Bot,bot__amplify_duration__level,bot__amplify_duration__max_level,—,bot__amplify_duration__duration_seconds,duration_seconds,set_duration_seconds,amplify_bot_duration_seconds,raw,—,Bots are unlocked/upgraded in the Event Shop; unlock cost depends on how many other bots have been bought.,Duration starts at 20 seconds and has 30 levels; each level increases duration by 0.5 seconds.,strong,—,Amplify Bot lines 307-313
bot,bot,Range,Amplify Bot / Range,Amplify Bot,https://the-tower-idle-tower-defense.fandom.com/wiki/Amplify_Bot,bot__amplify_range__level,bot__amplify_range__max_level,—,bot__amplify_range__range_m,range_m,set_range_m,amplify_bot_range_m,raw,range,Bots are unlocked/upgraded in the Event Shop; unlock cost depends on how many other bots have been bought.,Range starts at 25m and has 15 levels; each level increases range by 2m and the page states range is amplified by tower range.,strong,Effective active range is further amplified by tower range; this row captures the bot track output itself.,Amplify Bot lines 322-324
bot,bot,Cooldown,Flame Bot / Cooldown,Flame Bot,https://the-tower-idle-tower-defense.fandom.com/wiki/Flame_Bot,bot__flame_cooldown__level,bot__flame_cooldown__max_level,—,bot__flame_cooldown__cooldown_seconds,cooldown_seconds,set_cooldown_seconds,flame_bot_cooldown_seconds,raw,—,Bots are unlocked/upgraded in the Event Shop; unlock cost depends on how many other bots have been bought.,Cooldown starts at 75 seconds and has 15 levels reducing cooldown by 3 seconds per level.,strong,—,Flame Bot lines 314-316
bot,bot,Damage,Flame Bot / Damage,Flame Bot,https://the-tower-idle-tower-defense.fandom.com/wiki/Flame_Bot,bot__flame_damage__level,bot__flame_damage__max_level,—,bot__flame_damage__multiplier,multiplier,multiply,flame_bot_damage_multiplier,raw,"damage, crit_factor, crit_chance, super_crit_mult, super_crit_chance",Bots are unlocked/upgraded in the Event Shop; unlock cost depends on how many other bots have been bought.,Damage multiplier begins at x50 tower damage and has 30 levels increasing by +8x per level; page says it takes crit/super crit factor and chance into account and refers to Ultimate Weapons damage calculation.,strong,Target stat is represented as a damage multiplier because the wiki defines the bot track as x tower damage rather than an absolute damage scalar.,Flame Bot lines 317-319
bot,bot,Damage Reduction,Flame Bot / Damage Reduction,Flame Bot,https://the-tower-idle-tower-defense.fandom.com/wiki/Flame_Bot,bot__flame_damage_reduction__level,bot__flame_damage_reduction__max_level,—,bot__flame_damage_reduction__pct,pct,set_pct,flame_bot_damage_reduction_pct,raw,—,Bots are unlocked/upgraded in the Event Shop; unlock cost depends on how many other bots have been bought.,Damage reduction begins at 20% and has 25 levels increasing by 3% per level for burned enemies.,strong,—,Flame Bot lines 307-313
bot,bot,Range,Flame Bot / Range,Flame Bot,https://the-tower-idle-tower-defense.fandom.com/wiki/Flame_Bot,bot__flame_range__level,bot__flame_range__max_level,—,bot__flame_range__range_m,range_m,set_range_m,flame_bot_range_m,raw,range,Bots are unlocked/upgraded in the Event Shop; unlock cost depends on how many other bots have been bought.,Range begins with 30m and has 15 levels increasing by 4m per level; page states range is amplified by tower range.,strong,Effective active range is further amplified by tower range; this row captures the bot track output itself.,Flame Bot lines 321-323
bot,bot,Bonus,Golden Bot / Bonus,Golden Bot,https://the-tower-idle-tower-defense.fandom.com/wiki/Golden_Bot,bot__golden_bonus__level,bot__golden_bonus__max_level,—,bot__golden_bonus__multiplier,multiplier,multiply,golden_bot_bonus_multiplier,raw,—,Bots are unlocked/upgraded in the Event Shop; unlock cost depends on how many other bots have been purchased.,"Bonus starts at 2.0x and has 30 levels, each increasing the coin bonus by 0.2x; maximum is 8.0x.",strong,Target stat is represented as a multiplier because the wiki defines the bonus as an x-based coin multiplier.,Golden Bot lines 317-319
bot,bot,Cooldown,Golden Bot / Cooldown,Golden Bot,https://the-tower-idle-tower-defense.fandom.com/wiki/Golden_Bot,bot__golden_cooldown__level,bot__golden_cooldown__max_level,—,bot__golden_cooldown__cooldown_seconds,cooldown_seconds,set_cooldown_seconds,golden_bot_cooldown_seconds,raw,—,Bots are unlocked/upgraded in the Event Shop; unlock cost depends on how many other bots have been purchased.,"Cooldown starts at 120 seconds and has 15 levels, each decreasing cooldown by 3 seconds; minimum from bot upgrades alone is 75 seconds.",strong,"Labs can further reduce cooldown to 50 seconds, but that is a separate contributor family.",Golden Bot lines 313-315
bot,bot,Duration,Golden Bot / Duration,Golden Bot,https://the-tower-idle-tower-defense.fandom.com/wiki/Golden_Bot,bot__golden_duration__level,bot__golden_duration__max_level,—,bot__golden_duration__duration_seconds,duration_seconds,set_duration_seconds,golden_bot_duration_seconds,raw,—,Bots are unlocked/upgraded in the Event Shop; unlock cost depends on how many other bots have been purchased.,"Duration starts at 20 seconds and has 30 levels, each increasing duration by 0.5 seconds; maximum from bot upgrades alone is 35 seconds.",strong,"Labs can further increase duration to 45 seconds, but that is a separate contributor family.",Golden Bot lines 307-313
bot,bot,Range,Golden Bot / Range,Golden Bot,https://the-tower-idle-tower-defense.fandom.com/wiki/Golden_Bot,bot__golden_range__level,bot__golden_range__max_level,—,bot__golden_range__range_m,range_m,set_range_m,golden_bot_range_m,raw,range,Bots are unlocked/upgraded in the Event Shop; unlock cost depends on how many other bots have been purchased.,"Range starts at 20m and has 15 levels, each increasing range by 2m; page states range is amplified by tower range and can be further increased by relics and vault upgrades.",strong,"This row captures the bot track output itself, not later amplification by tower range or other families.",Golden Bot lines 320-322
bot,bot,Cooldown,Thunder Bot / Cooldown,Thunder Bot,https://the-tower-idle-tower-defense.fandom.com/wiki/Thunder_Bot,bot__thunder_cooldown__level,bot__thunder_cooldown__max_level,—,bot__thunder_cooldown__cooldown_seconds,cooldown_seconds,set_cooldown_seconds,thunder_bot_cooldown_seconds,raw,—,Bots are unlocked/upgraded in the Event Shop; unlock cost depends on how many other bots have been bought.,Cooldown starts at 120 seconds and has 15 levels.,strong,"Per-level reduction is evidenced in the cost table values 117, 114, 111, ... rather than explicitly stated in the description line.","Thunder Bot lines 315-317, 326-341"
bot,bot,Duration,Thunder Bot / Duration,Thunder Bot,https://the-tower-idle-tower-defense.fandom.com/wiki/Thunder_Bot,bot__thunder_duration__level,bot__thunder_duration__max_level,—,bot__thunder_duration__duration_seconds,duration_seconds,set_duration_seconds,thunder_bot_duration_seconds,raw,—,Bots are unlocked/upgraded in the Event Shop; unlock cost depends on how many other bots have been bought.,Duration increases the time enemies are stunned and has 20 levels.,strong,Base duration increment per level is visible in the cost table rather than the description line.,"Thunder Bot lines 309-313, 326-341"
bot,bot,Linger,Thunder Bot / Linger,Thunder Bot,https://the-tower-idle-tower-defense.fandom.com/wiki/Thunder_Bot,bot__thunder_linger__level,bot__thunder_linger__max_level,—,bot__thunder_linger__pct,pct,set_pct,thunder_bot_linger_slow_pct,raw,—,Bots are unlocked/upgraded in the Event Shop; unlock cost depends on how many other bots have been bought.,"Linger increases the slow percentage of the linger effect, starts at 20%, and has 20 levels.",strong,"Target stat is named thunder_bot_linger_slow_pct to reflect that the wiki describes the percent as the slow effect, not a generic linger scalar.",Thunder Bot lines 318-320
bot,bot,Range,Thunder Bot / Range,Thunder Bot,https://the-tower-idle-tower-defense.fandom.com/wiki/Thunder_Bot,bot__thunder_range__level,bot__thunder_range__max_level,—,bot__thunder_range__range_m,range_m,set_range_m,thunder_bot_range_m,raw,range,Bots are unlocked/upgraded in the Event Shop; unlock cost depends on how many other bots have been bought.,"Range covers the active area, is amplified by tower range, and has 15 levels.",strong,Effective active range is further amplified by tower range; this row captures the bot track output itself.,Thunder Bot lines 322-324
card,card,Area of Effect,Area of Effect,Cards,https://the-tower-idle-tower-defense.fandom.com/wiki/Cards,card__area_of_effect__level,card__area_of_effect__max_level,card__area_of_effect__equipped,card__area_of_effect__pct_bonus,pct_bonus,add_pct,area_of_effect_damage_pct_bonus,raw,inner_land_mines_damage_multiplier; poison_swamp_damage_multiplier; smart_missiles_damage_multiplier; flame_bot_damage_multiplier; land_mine_damage_multiplier,"Card must be equipped to have effect active. Unlock note on cards page: Epic, Tier 20 Wave 80.","Area of Effect increases area-effect damage for Inner Land Mine, Poison Swamp, Smart Missile, Flame Bot, and Land Mine by 5% to 25%.",strong,—,turn686721search1
card,card,Attack Speed,Attack Speed,Cards,https://the-tower-idle-tower-defense.fandom.com/wiki/Cards,card__attack_speed__level,card__attack_speed__max_level,card__attack_speed__equipped,card__attack_speed__multiplier,multiplier,multiply,attack_speed,raw,—,Card must be equipped to have effect active. Cards page lists values through Lv. 7.,Attack Speed card increases tower attack speed by x# from 1.25 to 2.15.,strong,—,turn686721search1
card,card,Berserker,Berserker,Cards,https://the-tower-idle-tower-defense.fandom.com/wiki/Cards,card__berserker__level,card__berserker__max_level,card__berserker__equipped,card__berserker__pct,pct,set_pct,berserker_absorbed_damage_pct,raw,—,Card must be equipped to have effect active. Cards page lists values through Lv. 7.,"Berserker increases damage by 0.8% to 1.4% of total damage absorbed this round, capped at x8 tower damage.",strong,"Run-state accumulation and x8 cap are behavior context, but the explicit level-scaled absorbed-damage percentage is clearly stated on the Cards page.",turn783968view1
card,card,Cash,Cash,Cards,https://the-tower-idle-tower-defense.fandom.com/wiki/Cards,card__cash__level,card__cash__max_level,card__cash__equipped,card__cash__multiplier,multiplier,multiply,cash_bonus_multiplier,raw,—,Card must be equipped to have effect active. Cards page lists values through Lv. 7.,Cash card increases all cash earned by x# from 1.20 to 2.40.,strong,—,turn686721search1
card,card,Coins,Coins,Cards,https://the-tower-idle-tower-defense.fandom.com/wiki/Cards,card__coins__level,card__coins__max_level,card__coins__equipped,card__coins__multiplier,multiplier,multiply,coins_multiplier,raw,—,Card must be equipped to have effect active. Cards page lists values through Lv. 7.,Coins card increases all coins earned by x# from 1.15 to 1.45.,strong,—,turn686721search1
card,card,Critical Chance,Critical Chance,Cards,https://the-tower-idle-tower-defense.fandom.com/wiki/Cards,card__critical_chance__level,card__critical_chance__max_level,card__critical_chance__equipped,card__critical_chance__chance_bonus,chance_bonus,add_chance,critical_chance,raw,—,Card must be equipped to have effect active. Cards page lists values through Lv. 7.,Critical Chance card increases critical chance by +#% from 5% to 11%.,strong,—,turn686721search1
card,card,Critical Coin,Critical Coin,Cards,https://the-tower-idle-tower-defense.fandom.com/wiki/Cards,card__critical_coin__level,card__critical_coin__max_level,card__critical_coin__equipped,card__critical_coin__chance,chance,set_chance,critical_coin_chance,raw,—,Card must be equipped to have effect active. Cards page lists values through Lv. 7.,Critical Coin grants a 15% to 33% chance for a basic enemy killed by a critical shot to drop coins.,strong,—,turn686721search1
card,card,Damage,Damage,Cards,https://the-tower-idle-tower-defense.fandom.com/wiki/Cards,card__damage__level,card__damage__max_level,card__damage__equipped,card__damage__multiplier,multiplier,multiply,damage,raw,—,Card must be equipped to have effect active. Cards page lists values through Lv. 7.,Damage card increases tower damage by x# from 1.50 at Lv.1 to 4.00 at Lv.7.,strong,—,turn686721search1
card,card,Death Ray,Death Ray,Cards,https://the-tower-idle-tower-defense.fandom.com/wiki/Cards,card__death_ray__level,card__death_ray__max_level,card__death_ray__equipped,card__death_ray__duration_seconds,duration_seconds,set_duration_seconds,death_ray_duration_seconds,raw,—,Card must be equipped to have effect active. Cards page lists values through Lv. 7.,Death Ray duration scales from 2.3s to 4.9s.,strong,The cards page snippet gives duration only; enabling the Death Ray effect itself is captured by activation_field rather than a separate contributor row.,turn686721search1
card,card,Demon Mode,Demon Mode,Cards,https://the-tower-idle-tower-defense.fandom.com/wiki/Cards,card__demon_mode__level,card__demon_mode__max_level,card__demon_mode__equipped,card__demon_mode__duration_seconds,duration_seconds,set_duration_seconds,demon_mode_duration_seconds,raw,—,Card must be equipped to have effect active. Cards page lists values through Lv. 7.,Demon Mode grants x3 damage and invincibility for 180s to 300s once per round.,strong,The x3 damage is fixed in the card description and not level-scaled; this row captures the level-scaled duration.,turn686721search1
card,card,Enemy Balance / Cash,Enemy Balance,Cards,https://the-tower-idle-tower-defense.fandom.com/wiki/Cards,card__enemy_balance__level,card__enemy_balance__max_level,card__enemy_balance__equipped,card__enemy_balance_cash__multiplier,multiplier,multiply,enemy_balance_cash_multiplier,raw,—,Card must be equipped to have effect active. Cards page lists values through Lv. 7.,Enemy Balance increases cash earned per kill with x# values from 1.30 to 1.90.,strong,Cards page gives one shared x# description covering spawn and cash-per-kill; split into spawn and cash outputs is deterministic and now accepted as normalized contributor decomposition.,turn686721search1
card,card,Enemy Balance / Spawn,Enemy Balance,Cards,https://the-tower-idle-tower-defense.fandom.com/wiki/Cards,card__enemy_balance__level,card__enemy_balance__max_level,card__enemy_balance__equipped,card__enemy_balance_spawn__multiplier,multiplier,multiply,enemy_balance_spawn_multiplier,raw,—,Card must be equipped to have effect active. Cards page lists values through Lv. 7.,Enemy Balance increases enemies spawned each wave; description gives x# values from 1.30 to 1.90.,strong,Cards page gives one shared x# description covering spawn and cash-per-kill; split into spawn and cash outputs is deterministic and now accepted as normalized contributor decomposition.,turn686721search1
card,card,Energy Net,Energy Net,Cards,https://the-tower-idle-tower-defense.fandom.com/wiki/Cards,card__energy_net__level,card__energy_net__max_level,card__energy_net__equipped,card__energy_net__duration_seconds,duration_seconds,set_duration_seconds,energy_net_duration_seconds,raw,—,Card must be equipped to have effect active. Cards page lists values through Lv. 7.,Energy Net immobilizes a boss for 2.5s to 4.3s.,strong,The cards page snippet gives immobilization duration only; activation is handled via activation_field.,turn686721search1
card,card,Energy Shield,Energy Shield,Cards,https://the-tower-idle-tower-defense.fandom.com/wiki/Cards,card__energy_shield__level,card__energy_shield__max_level,card__energy_shield__equipped,card__energy_shield__cooldown_seconds,cooldown_seconds,set_cooldown_seconds,energy_shield_recharge_cooldown_seconds,raw,—,Card must be equipped to have effect active. Cards page lists values through Lv. 7.,Energy Shield replenishes after 20 to 8 minutes; values converted conceptually to cooldown seconds in target stat naming.,strong,"The cards page expresses recharge in minutes. The contributor is kept as cooldown_seconds for schema consistency, with units normalized in the target stat name.",turn686721search1
card,card,Extra Defense,Extra Defense,Cards,https://the-tower-idle-tower-defense.fandom.com/wiki/Cards,card__extra_defense__level,card__extra_defense__max_level,card__extra_defense__equipped,card__extra_defense__pct_bonus,pct_bonus,add_pct,defense_pct,raw,—,Card must be equipped to have effect active. Cards page lists values through Lv. 7.,Extra Defense increases defense percent by +#% from 5% to 11%.,strong,—,turn686721search1
card,card,Extra Orb,Extra Orb,Cards,https://the-tower-idle-tower-defense.fandom.com/wiki/Cards,card__extra_orb__level,card__extra_orb__max_level,card__extra_orb__equipped,card__extra_orb__range_m,scalar_bonus,add_scalar,extra_orb_speed,raw,—,Card must be equipped to have effect active. Cards page lists values through Lv. 7.,Extra Orb card adds a separate spinning orb entity when equipped; the level-scaled parameter shown on the Cards page is that extra orb's speed from 0.30 to 0.90 across Lv.1-7.,strong,Card presence creates the extra orb entity; this row captures the explicit level-scaled speed parameter for that separate orb.,turn783968view0
card,card,Fortress,Fortress,Cards,https://the-tower-idle-tower-defense.fandom.com/wiki/Cards,card__fortress__level,card__fortress__max_level,card__fortress__equipped,card__fortress__multiplier,multiplier,multiply,defense_absolute,raw,—,Card must be equipped to have effect active. Cards page lists values through Lv. 7.,Fortress increases defense absolute by x# from 1.30 to 2.20.,strong,—,turn686721search1
card,card,Free Upgrades / Attack,Free Upgrades,Cards,https://the-tower-idle-tower-defense.fandom.com/wiki/Cards,card__free_upgrades__level,card__free_upgrades__max_level,card__free_upgrades__equipped,card__free_attack_upgrade__chance_bonus,chance_bonus,add_chance,free_attack_upgrade_chance,raw,—,Card must be equipped to have effect active. Cards page lists values through Lv. 7.,Free Upgrades increases all free upgrade chances per wave by 4% to 10%. Row normalized to attack chance target.,strong,"Single card affects attack, defense, and utility free-upgrade chances; split into three normalized contributor rows is deterministic and now accepted as stable decomposition.",turn686721search1
card,card,Free Upgrades / Defense,Free Upgrades,Cards,https://the-tower-idle-tower-defense.fandom.com/wiki/Cards,card__free_upgrades__level,card__free_upgrades__max_level,card__free_upgrades__equipped,card__free_defense_upgrade__chance_bonus,chance_bonus,add_chance,free_defense_upgrade_chance,raw,—,Card must be equipped to have effect active. Cards page lists values through Lv. 7.,Free Upgrades increases all free upgrade chances per wave by 4% to 10%. Row normalized to defense chance target.,strong,"Single card affects attack, defense, and utility free-upgrade chances; split into three normalized contributor rows is deterministic and now accepted as stable decomposition.",turn686721search1
card,card,Free Upgrades / Utility,Free Upgrades,Cards,https://the-tower-idle-tower-defense.fandom.com/wiki/Cards,card__free_upgrades__level,card__free_upgrades__max_level,card__free_upgrades__equipped,card__free_utility_upgrade__chance_bonus,chance_bonus,add_chance,free_utility_upgrade_chance,raw,—,Card must be equipped to have effect active. Cards page lists values through Lv. 7.,Free Upgrades increases all free upgrade chances per wave by 4% to 10%. Row normalized to utility chance target.,strong,"Single card affects attack, defense, and utility free-upgrade chances; split into three normalized contributor rows is deterministic and now accepted as stable decomposition.",turn686721search1
card,card,Health,Health,Cards,https://the-tower-idle-tower-defense.fandom.com/wiki/Cards,card__health__level,card__health__max_level,card__health__equipped,card__health__multiplier,multiplier,multiply,health,raw,—,Card must be equipped to have effect active. Cards page lists values through Lv. 7.,Health card increases tower health by x# from 1.50 to 4.00.,strong,—,turn686721search1
card,card,Health Regen,Health Regen,Cards,https://the-tower-idle-tower-defense.fandom.com/wiki/Cards,card__health_regen__level,card__health_regen__max_level,card__health_regen__equipped,card__health_regen__multiplier,multiplier,multiply,health_regen,raw,—,Card must be equipped to have effect active. Cards page lists values through Lv. 7.,Health Regen card increases tower health regen by x# / sec from 1.40 to 2.60.,strong,—,turn686721search1
card,card,Intro Sprint,Intro Sprint,Cards,https://the-tower-idle-tower-defense.fandom.com/wiki/Cards,card__intro_sprint__level,card__intro_sprint__max_level,card__intro_sprint__equipped,card__intro_sprint__count,count,set_count,intro_sprint_waves,raw,—,Card must be equipped to have effect active. Cards page lists values through Lv. 7.,"Intro Sprint increases the first sprinted waves from 20 to 100, up to highest wave, with no coin income during Intro Sprint.",strong,—,turn686721search1
card,card,Land Mine Stun,Land Mine Stun,Cards,https://the-tower-idle-tower-defense.fandom.com/wiki/Cards,card__land_mine_stun__level,card__land_mine_stun__max_level,card__land_mine_stun__equipped,card__land_mine_stun__duration_seconds,duration_seconds,set_duration_seconds,land_mine_stun_duration_seconds,raw,land_mine_chance,"Card must be equipped to have effect active. Unlock note on cards page: Rare, Tier 7 Wave 250.",Land Mine Stun makes land mines have a 40% chance to stun enemies for 1.4 to 3.8 seconds.,strong,—,turn686721search1
card,card,Nuke,Nuke,Cards,https://the-tower-idle-tower-defense.fandom.com/wiki/Cards,card__nuke__level,card__nuke__max_level,card__nuke__equipped,card__nuke__pct,pct,set_pct,nuke_enemy_fraction_pct,raw,—,"Card must be equipped to have effect active. Unlock note on cards page: Epic, Tier 11 Wave 10.",Nuke destroys 25% to 100% of enemies.,strong,—,turn686721search1
card,card,Plasma Cannon,Plasma Cannon,Cards,https://the-tower-idle-tower-defense.fandom.com/wiki/Cards,card__plasma_cannon__level,card__plasma_cannon__max_level,card__plasma_cannon__equipped,card__plasma_cannon__pct,pct,set_pct,plasma_cannon_boss_hp_pct,raw,—,"Card must be equipped to have effect active. Unlock note on cards page: Rare, Tier 2 Wave 750.",Plasma Cannon fires a shot at a boss dropping its health by 30% to 54%.,strong,—,turn686721search1
card,card,Range,Range,Cards,https://the-tower-idle-tower-defense.fandom.com/wiki/Cards,card__range__level,card__range__max_level,card__range__equipped,card__range__multiplier,multiplier,multiply,range,raw,—,Card must be equipped to have effect active. Cards page lists values through Lv. 7.,Range card increases tower range by x# from 1.15 to 1.45.,strong,—,turn686721search1
card,card,Recovery Package Chance,Recovery Package Chance,Cards,https://the-tower-idle-tower-defense.fandom.com/wiki/Cards,card__recovery_package_chance__level,card__recovery_package_chance__max_level,card__recovery_package_chance__equipped,card__recovery_package_chance__chance_bonus,chance_bonus,add_chance,package_chance,raw,—,"Card must be equipped to have effect active. Unlock note on cards page: Rare, Tier 2 Wave 750.",Recovery Package Chance increases package spawn chance by 15% to 33%.,strong,—,turn686721search1
card,card,Second Wind,Second Wind,Cards,https://the-tower-idle-tower-defense.fandom.com/wiki/Cards,card__second_wind__level,card__second_wind__max_level,card__second_wind__equipped,card__second_wind__duration_seconds,duration_seconds,set_duration_seconds,second_wind_shield_duration_seconds,raw,—,Card must be equipped to have effect active. Cards page lists values through Lv. 7.,Second Wind revives once per round and creates an invincible shield for 10s to 40s.,strong,The once-per-round revive behavior is activation/behavior logic; this row captures the level-scaled shield duration.,turn686721search1
card,card,Slow Aura,Slow Aura,Cards,https://the-tower-idle-tower-defense.fandom.com/wiki/Cards,card__slow_aura__level,card__slow_aura__max_level,card__slow_aura__equipped,card__slow_aura__pct,pct,set_pct,slow_aura_pct,raw,—,Card must be equipped to have effect active. Cards page lists values through Lv. 7.,Slow Aura decreases enemy speed in tower range by 13% to 31%.,strong,—,turn686721search1
card,card,Super Tower,Super Tower,Cards,https://the-tower-idle-tower-defense.fandom.com/wiki/Cards,card__super_tower__level,card__super_tower__max_level,card__super_tower__equipped,card__super_tower__multiplier,multiplier,multiply,super_tower_damage_multiplier,raw,—,Card must be equipped to have effect active. Cards page lists values through Lv. 7.,Super Tower increases tower damage by x2.5 to x5.0 for 15 seconds.,strong,The cards page also states a fixed 30 second cooldown; this row captures the level-scaled damage multiplier only.,turn686721search1
card,card,Ultimate Crit,Ultimate Crit,Cards,https://the-tower-idle-tower-defense.fandom.com/wiki/Cards,card__ultimate_crit__level,card__ultimate_crit__max_level,card__ultimate_crit__equipped,card__ultimate_crit__chance,chance,set_chance,ultimate_crit_chance,raw,—,"Card must be equipped to have effect active. Unlock note on cards page: Epic, Tier 14 Wave 50.",Ultimate Crit gives ultimate weapons a 1% to 3% chance to deal critical damage of tower critical factor.,strong,—,turn686721search1
card,card,Wave Accelerator,Wave Accelerator,Cards,https://the-tower-idle-tower-defense.fandom.com/wiki/Cards,card__wave_accelerator__level,card__wave_accelerator__max_level,card__wave_accelerator__equipped,card__wave_accelerator__pct,pct,set_pct,wave_cooldown_reduction_pct,raw,—,Card must be equipped to have effect active. Cards page lists values through Lv. 7.,Wave Accelerator reduces the cooldown between waves by 30% to 54%.,strong,—,turn686721search1
card,card,Wave Skip,Wave Skip,Cards,https://the-tower-idle-tower-defense.fandom.com/wiki/Cards,card__wave_skip__level,card__wave_skip__max_level,card__wave_skip__equipped,card__wave_skip__chance,chance,set_chance,wave_skip_chance,raw,—,Card must be equipped to have effect active. Cards page lists values through Lv. 7.,Wave Skip grants a 9% to 19% chance to skip a wave and earn prior-wave coins and cash x1.10.,strong,—,turn686721search1
enhancement,enhancement,Attack Speed,Attack Speed,Workshop Enhancement,https://the-tower-idle-tower-defense.fandom.com/wiki/Workshop_Enhancement,enhancement__attack_speed__level,enhancement__attack_speed__max_level,—,enhancement__attack_speed__multiplier,multiplier,multiply,attack_speed,raw,—,Requires 500 trillion coins to be spent on enhancements to unlock.,Increases Attack Speed by x1.0 when unlocked and increases by 0.01 per level. Has 75 levels for a max of 1.75x.,strong,—,Workshop Enhancement lines 547-549
enhancement,enhancement,Cash Bonus,Cash Bonus,Workshop Enhancement,https://the-tower-idle-tower-defense.fandom.com/wiki/Workshop_Enhancement,enhancement__cash_bonus__level,enhancement__cash_bonus__max_level,—,enhancement__cash_bonus__multiplier,multiplier,multiply,cash_bonus_multiplier,raw,—,Cash Bonus enhancement is unlocked for free after completing the Workshop Enhancement Labs.,"Increases the Cash Bonus multiplier by x1 when unlocked and increases by 0.01x per level. The Cash workshop enhancement also increases the cash per wave, interest percentage, and max interest per wave amount by 1% each upgrade as well. Has a maximum level of 400 for a 5x bonus.",strong,Primary row captures direct cash-bonus multiplier only; related cash-per-wave and interest spillover are recorded as separate contributor rows below.,Workshop Enhancement lines 898-900
enhancement,enhancement,Cash Bonus,Cash Bonus,Workshop Enhancement,https://the-tower-idle-tower-defense.fandom.com/wiki/Workshop_Enhancement,enhancement__cash_bonus__level,enhancement__cash_bonus__max_level,—,enhancement__cash_per_wave__multiplier,multiplier,multiply,cash_per_wave,raw,—,Cash Bonus enhancement is unlocked for free after completing the Workshop Enhancement Labs.,The Cash workshop enhancement also increases the cash per wave amount by 1% each upgrade.,strong,Derived from the same Cash Bonus enhancement row; emitted separately to preserve lineage into cash_per_wave.,Workshop Enhancement lines 898-900
enhancement,enhancement,Cash Bonus,Cash Bonus,Workshop Enhancement,https://the-tower-idle-tower-defense.fandom.com/wiki/Workshop_Enhancement,enhancement__cash_bonus__level,enhancement__cash_bonus__max_level,—,enhancement__interest_per_wave__multiplier,multiplier,multiply,interest_per_wave_pct,raw,—,Cash Bonus enhancement is unlocked for free after completing the Workshop Enhancement Labs.,The Cash workshop enhancement also increases the interest percentage by 1% each upgrade.,strong,"The wiki expresses this as a side effect of Cash Bonus enhancement, so it is split into its own contributor output.",Workshop Enhancement lines 898-900
enhancement,enhancement,Cash Bonus,Cash Bonus,Workshop Enhancement,https://the-tower-idle-tower-defense.fandom.com/wiki/Workshop_Enhancement,enhancement__cash_bonus__level,enhancement__cash_bonus__max_level,—,enhancement__max_interest__multiplier,multiplier,multiply,max_interest_cash,raw,—,Cash Bonus enhancement is unlocked for free after completing the Workshop Enhancement Labs.,The Cash workshop enhancement also increases the max interest per wave amount by 1% each upgrade.,strong,"The wiki expresses this as a side effect of Cash Bonus enhancement, so it is split into its own contributor output.",Workshop Enhancement lines 898-900
enhancement,enhancement,Cells/Kill Bonus,Cells/Kill Bonus,Workshop Enhancement/Utility/Cells Per Kill Bonus,https://the-tower-idle-tower-defense.fandom.com/wiki/Workshop_Enhancement/Utility/Cells_Per_Kill_Bonus,enhancement__cells_per_kill_bonus__level,enhancement__cells_per_kill_bonus__max_level,—,enhancement__cells_per_kill_bonus__multiplier,multiplier,multiply,cells_per_kill_bonus,raw,—,Requires 500 billion coins to be spent on Utility enhancements to unlock.,Increases Cells/Kill by x1 when unlocked and increases by 0.01x per level. Has a maximum level of 200 for a 3x bonus.,strong,"Future-facing if cells are outside current v1 static scope, but the enhancement track itself is wiki-defined.",Workshop Enhancement/Utility/Cells Per Kill Bonus snippet
enhancement,enhancement,Coin Bonus,Coin Bonus,Workshop Enhancement,https://the-tower-idle-tower-defense.fandom.com/wiki/Workshop_Enhancement,enhancement__coin_bonus__level,enhancement__coin_bonus__max_level,—,enhancement__coin_bonus__multiplier,multiplier,multiply,coin_bonus_multiplier,raw,—,Requires 50 billion coins to be spent on Utility enhancements to unlock.,Increases the Coin Bonus multiplier by x1 when unlocked and increases by 0.01x per level. Has a maximum level of 200 for a 3x bonus. Note: Coin Bonus enhancement affects tier bonus and Coins/kill.,strong,Primary row captures the direct coin-bonus multiplier; spillover to coins/kill is split below.,Workshop Enhancement lines 943-945
enhancement,enhancement,Coin Bonus,Coin Bonus,Workshop Enhancement,https://the-tower-idle-tower-defense.fandom.com/wiki/Workshop_Enhancement,enhancement__coin_bonus__level,enhancement__coin_bonus__max_level,—,enhancement__coins_per_kill_bonus__multiplier,multiplier,multiply,coins_per_kill_bonus,raw,—,Requires 50 billion coins to be spent on Utility enhancements to unlock.,Coin Bonus enhancement affects Coins/Kill as well as tier bonus.,strong,Split from the Coin Bonus note to preserve contributor lineage into the workshop coins/kill property.,Workshop Enhancement lines 943-945
enhancement,enhancement,Critical Factor,Critical Factor,Workshop Enhancement,https://the-tower-idle-tower-defense.fandom.com/wiki/Workshop_Enhancement,enhancement__critical_factor__level,enhancement__critical_factor__max_level,—,enhancement__critical_factor__multiplier,multiplier,multiply,critical_factor,raw,—,Requires 500 billion coins to be spent on enhancements to unlock.,Increases Crit Factor by 1.0x when unlocked and increases by 0.1 per level. Has 400 levels for a maximum of x5.,strong,"Page wording omits attack category in snippet, but it sits under attack enhancement.",Workshop Enhancement lines 412-414
enhancement,enhancement,Damage,Damage,Workshop Enhancement/Attack,https://the-tower-idle-tower-defense.fandom.com/wiki/Workshop_Enhancement/Attack,enhancement__damage__level,enhancement__damage__max_level,—,enhancement__damage__multiplier,multiplier,multiply,damage,raw,—,Unlocked for free after Workshop Enhancements are researched.,Starts at 1x and increases by 0.01x per level. Has a max of 400 levels for x5.,strong,—,Workshop Enhancement/Attack Damage snippet
enhancement,enhancement,Damage/Meter,Damage/Meter,Workshop Enhancement,https://the-tower-idle-tower-defense.fandom.com/wiki/Workshop_Enhancement,enhancement__damage_per_meter__level,enhancement__damage_per_meter__max_level,—,enhancement__damage_per_meter__multiplier,multiplier,multiply,damage_per_meter_multiplier,raw,—,Requires 5 trillion coins to be spent on attack enhancements to unlock.,Increases the Damage/Meter multiplier by x1 when unlocked and increases by 0.01x per level. Has a maximum level of 400 for a 5x bonus.,strong,Resolved property retains multiplier semantics because the base workshop stat is itself x-based.,Workshop Enhancement lines 457-459
enhancement,enhancement,Defense Absolute,Defense Absolute,Workshop Enhancement,https://the-tower-idle-tower-defense.fandom.com/wiki/Workshop_Enhancement,enhancement__defense_absolute__level,enhancement__defense_absolute__max_level,—,enhancement__defense_absolute__multiplier,multiplier,multiply,defense_absolute,raw,—,Requires 500 billion coins to be spent on defense enhancements to unlock.,Increases the Defense Absolute multiplier by x1 when unlocked and increases by 0.01x per level. Has a maximum level of 400 for a 5x bonus.,strong,—,Workshop Enhancement lines 727-729
enhancement,enhancement,Enemy Level Skips,Enemy Level Skips,Workshop Enhancement,https://the-tower-idle-tower-defense.fandom.com/wiki/Workshop_Enhancement,enhancement__enemy_level_skips__level,enhancement__enemy_level_skips__max_level,—,enhancement__enemy_attack_level_skip__multiplier,multiplier,multiply,enemy_attack_level_skip,raw,—,Requires 500 trillion coins to be spent on Utility enhancements to unlock.,Increases Enemy Health and Enemy Damage Level Skip multiplier by x1 when unlocked and increases by 0.01x per level. Has a maximum level of 60 for a 1.6x bonus.,strong,Single wiki track emits both attack-skip and health-skip contributors.,Workshop Enhancement lines 1490-1492
enhancement,enhancement,Enemy Level Skips,Enemy Level Skips,Workshop Enhancement,https://the-tower-idle-tower-defense.fandom.com/wiki/Workshop_Enhancement,enhancement__enemy_level_skips__level,enhancement__enemy_level_skips__max_level,—,enhancement__enemy_health_level_skip__multiplier,multiplier,multiply,enemy_health_level_skip,raw,—,Requires 500 trillion coins to be spent on Utility enhancements to unlock.,Increases Enemy Health and Enemy Damage Level Skip multiplier by x1 when unlocked and increases by 0.01x per level. Has a maximum level of 60 for a 1.6x bonus.,strong,Single wiki track emits both attack-skip and health-skip contributors.,Workshop Enhancement lines 1490-1492
enhancement,enhancement,Free Upgrades,Free Upgrades,Workshop Enhancement/Utility/Free Upgrades,https://the-tower-idle-tower-defense.fandom.com/wiki/Workshop_Enhancement/Utility/Free_Upgrades,enhancement__free_upgrades__level,enhancement__free_upgrades__max_level,—,enhancement__free_attack_upgrade__multiplier,multiplier,multiply,free_attack_upgrade_chance,raw,—,Requires 5 trillion coins to be spent on Utility enhancements to unlock.,Increases all Free Upgrades by x1 when unlocked and increases by 0.01x per level. Has a maximum level of 100 for a 2x bonus.,strong,Single wiki track emits three contributor outputs because the enhancement applies to all free-upgrade chance tracks.,Workshop Enhancement/Utility/Free Upgrades snippet
enhancement,enhancement,Free Upgrades,Free Upgrades,Workshop Enhancement/Utility/Free Upgrades,https://the-tower-idle-tower-defense.fandom.com/wiki/Workshop_Enhancement/Utility/Free_Upgrades,enhancement__free_upgrades__level,enhancement__free_upgrades__max_level,—,enhancement__free_defense_upgrade__multiplier,multiplier,multiply,free_defense_upgrade_chance,raw,—,Requires 5 trillion coins to be spent on Utility enhancements to unlock.,Increases all Free Upgrades by x1 when unlocked and increases by 0.01x per level. Has a maximum level of 100 for a 2x bonus.,strong,Single wiki track emits three contributor outputs because the enhancement applies to all free-upgrade chance tracks.,Workshop Enhancement/Utility/Free Upgrades snippet
enhancement,enhancement,Free Upgrades,Free Upgrades,Workshop Enhancement/Utility/Free Upgrades,https://the-tower-idle-tower-defense.fandom.com/wiki/Workshop_Enhancement/Utility/Free_Upgrades,enhancement__free_upgrades__level,enhancement__free_upgrades__max_level,—,enhancement__free_utility_upgrade__multiplier,multiplier,multiply,free_utility_upgrade_chance,raw,—,Requires 5 trillion coins to be spent on Utility enhancements to unlock.,Increases all Free Upgrades by x1 when unlocked and increases by 0.01x per level. Has a maximum level of 100 for a 2x bonus.,strong,Single wiki track emits three contributor outputs because the enhancement applies to all free-upgrade chance tracks.,Workshop Enhancement/Utility/Free Upgrades snippet
enhancement,enhancement,Health,Health,Workshop Enhancement/Defense,https://the-tower-idle-tower-defense.fandom.com/wiki/Workshop_Enhancement/Defense,enhancement__health__level,enhancement__health__max_level,—,enhancement__health__multiplier,multiplier,multiply,health,raw,—,Unlocked for free after completing the Workshop Enhancement Labs.,Increases Health by x1 when unlocked and increases by 0.01x per level. Has a maximum of 400 levels for a multiplier of x5.00.,strong,—,Workshop Enhancement lines 637-639
enhancement,enhancement,Health Regen,Health Regen,Workshop Enhancement,https://the-tower-idle-tower-defense.fandom.com/wiki/Workshop_Enhancement,enhancement__health_regen__level,enhancement__health_regen__max_level,—,enhancement__health_regen__multiplier,multiplier,multiply,health_regen,raw,—,Requires 50 billion coins to be spent on defense enhancements to unlock.,Increases the health regen multiplier by x1 when unlocked and increases by 0.01x per level. Has a maximum level of 400 for a 5x bonus.,strong,—,Workshop Enhancement lines 682-684
enhancement,enhancement,Land Mine Damage,Land Mine Damage,Workshop Enhancement,https://the-tower-idle-tower-defense.fandom.com/wiki/Workshop_Enhancement,enhancement__land_mine_damage__level,enhancement__land_mine_damage__max_level,—,enhancement__land_mine_damage__multiplier,multiplier,multiply,land_mine_damage_multiplier,derived,"damage, crit_factor, crit_chance, super_crit_mult, super_crit_chance",Requires 5 trillion coins to be spent on defense enhancements to unlock.,Increases Land Mine Damage multiplier by x1 when unlocked and increases by 0.06x per level. Has a maximum level of 400 for a 25x bonus.,strong,Resolved property retains multiplier semantics because land mine damage is derived from other combat stats.,Workshop Enhancement lines 772-774
enhancement,enhancement,Orb Size,Orb Size,Workshop Enhancement,https://the-tower-idle-tower-defense.fandom.com/wiki/Workshop_Enhancement,enhancement__orb_size__level,enhancement__orb_size__max_level,—,enhancement__orb_size__multiplier,multiplier,multiply,orb_size,raw,—,Requires 500 trillion coins to be spent on defense enhancements to unlock.,Increases Orb Size by x1 when unlocked and increases by 0.01x per level. Has a maximum level of 200 for 3x orb size.,strong,—,Workshop Enhancement lines 862-864
enhancement,enhancement,Packages,Packages,Workshop Enhancement,https://the-tower-idle-tower-defense.fandom.com/wiki/Workshop_Enhancement,enhancement__packages__level,enhancement__packages__max_level,—,enhancement__max_recovery__multiplier,multiplier,multiply,max_recovery_multiplier,derived,health,Requires 50 trillion coins to be spent on Utility enhancements to unlock.,Increases Max Recovery Package and Recovery Amount by x1 when unlocked and increases by 0.01x per level. Has a maximum level of 300 for a 4x bonus.,strong,Single wiki track emits both recovery amount and max recovery contributors.,Workshop Enhancement lines 1455-1457
enhancement,enhancement,Packages,Packages,Workshop Enhancement,https://the-tower-idle-tower-defense.fandom.com/wiki/Workshop_Enhancement,enhancement__packages__level,enhancement__packages__max_level,—,enhancement__recovery_amount_pct__multiplier,multiplier,multiply,recovery_amount_pct,derived,health,Requires 50 trillion coins to be spent on Utility enhancements to unlock.,Increases Max Recovery Package and Recovery Amount by x1 when unlocked and increases by 0.01x per level. Has a maximum level of 300 for a 4x bonus.,strong,Single wiki track emits both recovery amount and max recovery contributors.,Workshop Enhancement lines 1455-1457
enhancement,enhancement,Rend Armor,Rend Armor,Workshop Enhancement,https://the-tower-idle-tower-defense.fandom.com/wiki/Workshop_Enhancement,enhancement__rend_armor__level,enhancement__rend_armor__max_level,—,enhancement__rend_armor_chance__multiplier,multiplier,multiply,rend_armor_chance,raw,—,Requires 50 billion coins to be spent on damage enhancements to unlock.,"Applies a multiplier to Rend Max, chance, and Mult of x1 when unlocked and increases by 0.01x per level. Has a maximum level of 400 for a 5x bonus.",strong,Single wiki track emits three contributor outputs.,Workshop Enhancement lines 367-369
enhancement,enhancement,Rend Armor,Rend Armor,Workshop Enhancement,https://the-tower-idle-tower-defense.fandom.com/wiki/Workshop_Enhancement,enhancement__rend_armor__level,enhancement__rend_armor__max_level,—,enhancement__rend_armor_max__multiplier,multiplier,multiply,rend_armor_max,derived,—,Requires 50 billion coins to be spent on damage enhancements to unlock.,"Applies a multiplier to Rend Max, chance, and Mult of x1 when unlocked and increases by 0.01x per level. Has a maximum level of 400 for a 5x bonus.",strong,Single wiki track emits three contributor outputs.,Workshop Enhancement lines 367-369
enhancement,enhancement,Rend Armor,Rend Armor,Workshop Enhancement,https://the-tower-idle-tower-defense.fandom.com/wiki/Workshop_Enhancement,enhancement__rend_armor__level,enhancement__rend_armor__max_level,—,enhancement__rend_armor_mult__multiplier,multiplier,multiply,rend_armor_mult,raw,—,Requires 50 billion coins to be spent on damage enhancements to unlock.,"Applies a multiplier to Rend Max, chance, and Mult of x1 when unlocked and increases by 0.01x per level. Has a maximum level of 400 for a 5x bonus.",strong,Single wiki track emits three contributor outputs.,Workshop Enhancement lines 367-369
enhancement,enhancement,Super Crit Multi,Super Crit Multi,Workshop Enhancement,https://the-tower-idle-tower-defense.fandom.com/wiki/Workshop_Enhancement,enhancement__super_crit_mult__level,enhancement__super_crit_mult__max_level,—,enhancement__super_crit_mult__multiplier,multiplier,multiply,super_crit_multiplier,raw,—,Requires 50 trillion coins to be spent on enhancements to unlock.,Increases Super Crit Multi by x1.0 when unlocked and increases by 0.1 per level. Has a maximum of 400 levels for a x5 multiplier.,strong,—,Workshop Enhancement lines 502-504
enhancement,enhancement,Wall Health,Wall Health,Workshop Enhancement,https://the-tower-idle-tower-defense.fandom.com/wiki/Workshop_Enhancement,enhancement__wall_health__level,enhancement__wall_health__max_level,—,enhancement__wall_health__multiplier,multiplier,multiply,wall_health,derived,health,Requires 50 trillion coins to be spent on defense enhancements to unlock.,Increases Wall Health by x1 when unlocked and increases by 0.01x per level. Has a maximum level of 400 for a 5x bonus.,strong,Wall Health remains derived because the base wall stat depends on tower health.,Workshop Enhancement lines 817-819
lab,lab,Amplify Bot Cooldown,Amplify Bot Cooldown,Lab/Amplify Bot Cooldown,https://the-tower-idle-tower-defense.fandom.com/wiki/Lab/Amplify_Bot_Cooldown,lab__amplify_bot_cooldown__level,lab__amplify_bot_cooldown__max_level,—,lab__amplify_bot_cooldown__cooldown_seconds_reduction,cooldown_seconds_reduction,reduce_cooldown_seconds,amplify_bot_cooldown_seconds,raw,—,Unlock lab in milestones.,Reduces the bot cooldown by 1 second for each level. Has 25 levels for a 25-second reduction to cooldown.,strong,Tier/wave unlock differs by bot; see source page.,Amplify Bot Cooldown page snippet
active,lab,Amplify Bot Duration,Amplify Bot Duration,Lab/Amplify Bot Duration,https://the-tower-idle-tower-defense.fandom.com/wiki/Lab/Amplify_Bot_Duration,lab__amplify_bot_duration__level,lab__amplify_bot_duration__max_level,—,lab__amplify_bot_duration__duration_seconds_bonus,duration_seconds_bonus,add_duration_seconds,amplify_bot_duration_seconds,raw,bot__amplify_duration__duration_seconds,Unlock Lab in Milestones at tier 10 wave 50.,Increases the length of the bot activation. Has 20 levels increasing duration by 0.5s for a max increase of 10s.,strong,Target stat is modeled as additive duration on top of the base bot duration track.,turn226367search0
lab_basic,lab,Attack Speed,Attack Speed,Lab/Attack Speed,https://the-tower-idle-tower-defense.fandom.com/wiki/Lab/Attack_Speed,lab__attack_speed__level,lab__attack_speed__max_level,—,lab__attack_speed__bonus,bonus,review_required,attack_speed,raw,workshop__attack_speed__base,Unlocked with labs in Milestones at tier 1 wave 30.,There are 99 levels. Each level increases the increments of each workshop level and maximum workshop value.,strong,Contributor typed as bonus even though wiki frames it as increased workshop increments/max. 99 levels per page snippet.,Lab/Attack Speed snippet (turn386068search2)
lab,lab,Battle Condition Reduction,Battle Condition Reduction,Lab/Battle Condition Reduction,https://the-tower-idle-tower-defense.fandom.com/wiki/Lab/Battle_Condition_Reduction,lab__battle_condition_reduction__level,lab__battle_condition_reduction__max_level,—,lab__battle_condition_effect_reduction_pct__pct_bonus,pct_bonus,add_pct,battle_condition_effect_reduction_pct,raw,—,Unlocks at T18W1000. Does not apply to the Ultimate Weapon Duration battle condition.,Reduces the effect of active battle conditions by [x]%. Has 10 levels.,strong,Represents global BC-effect reduction; individual BC group labs remain separate future rows if needed.,turn982530search7
lab,lab,Black Hole Coin Bonus,Black Hole Coin Bonus,Lab/Black Hole Coin Bonus,https://the-tower-idle-tower-defense.fandom.com/wiki/Lab/Black_Hole_Coin_Bonus,lab__black_hole_coin_bonus__level,lab__black_hole_coin_bonus__max_level,—,lab__black_hole_coin_bonus__multiplier,multiplier,multiply,black_hole_coin_bonus_multiplier,raw,black_hole_duration_seconds,Available in Labs under Black Hole support research.,Extra coins are earned by enemies killed within Black Hole; enemies do not need to be killed by Black Hole or affected by its pull. Values shown from 1.50x upward.,strong,Applies to enemies killed in the Black Hole area; kill-source logic stays outside this direct contributor row.,turn521294search0
lab_extended,lab,Black Hole Damage,Black Hole Damage,Lab/Black Hole Damage,https://the-tower-idle-tower-defense.fandom.com/wiki/Lab/Black_Hole_Damage,lab__black_hole_damage__level,lab__black_hole_damage__max_level,—,lab__black_hole_damage__pct,pct,set_pct,black_hole_damage_pct,raw,—,Requires Black Hole.,Black Hole will do a percent damage of enemy total health per second. Protectors do not reduce damage from Black Hole. Has 10 levels with values from 0.20% to 2.00%.,strong,Modeled as the direct primary percent-valued Black Hole damage stat because the wiki presents this as the source track itself.,turn959693search0
lab,lab,Black Hole Disable Ranged Enemies,Black Hole Disable Ranged Enemies,Lab/Black Hole Disable Range Enemies,https://the-tower-idle-tower-defense.fandom.com/wiki/Lab/Black_Hole_Disable_Range_Enemies,lab__black_hole_disable_ranged_enemies__level,lab__black_hole_disable_ranged_enemies__max_level,—,lab__black_hole_disable_ranged_enemies__enabled,enabled,enable,black_hole_disable_ranged_enemies_enabled,raw,"black_hole_duration_seconds, black_hole_size",Unlocks at Tier 14 Wave 20. 1-level lab.,Ranged enemies inside Black Holes will not be able to fire even when in range.,strong,Direct behavior gate only; enemy-fire suppression logic remains outside the contributor ledger.,turn983657search0
lab_basic,lab,Cash Bonus,Cash Bonus,Lab/Cash Bonus,https://the-tower-idle-tower-defense.fandom.com/wiki/Lab/Cash_Bonus,lab__cash_bonus__level,lab__cash_bonus__max_level,—,lab__cash_bonus__bonus,bonus,add_scalar,cash_bonus_multiplier,raw,workshop__cash_bonus__multiplier,Unlocked with Labs in Milestones on tier 1 wave 30.,Has 99 levels. Each level increases the increments of each workshop upgrade and raises the maximum workshop value.,strong,Workshop-scaling lab contributor pinned by dedicated Cash Bonus lab page; modeled as additive scalar into the multiplier-shaped cash bonus stat.,Lab/Cash Bonus snippet (turn722442search1)
lab,lab,Cash/Wave,Cash/Wave,Lab/Cash Per Wave,https://the-tower-idle-tower-defense.fandom.com/wiki/Lab/Cash_Per_Wave,lab__cash_per_wave__level,lab__cash_per_wave__max_level,—,lab__cash_per_wave__bonus,bonus,add,cash_per_wave,raw,workshop utility cash per wave,Unlocked with lab in Milestones at tier 1 wave 30.,There are 99 levels. Each lab level increases the increments of the workshop levels and raises the maximum workshop value.,strong,Represented as a workshop-scaling contributor; exact value table not added in this pass.,turn174079search0
active,lab,Chain Lightning Shock,Chain Lightning Shock,Lab/Chain Lightning Shock,https://the-tower-idle-tower-defense.fandom.com/wiki/Lab/Chain_Lightning_Shock,lab__chain_lightning_shock__level,lab__chain_lightning_shock__max_level,—,lab__chain_lightning_shock__enabled,enabled,enable,chain_lightning_shock_enabled,raw,uw__chain_lightning_chance__pct; chain_lightning_damage_multiplier,Unlock lab in Ultimate Weapon research once Chain Lightning is available. Has 1 level.,"Chance to apply shock to enemies hit by Chain Lightning, causing enemies to receive more damage. Has 1 level; chance starts at 2.50% and multiplier starts at x1.10.",strong,Represented conservatively as an enable/base-state contributor because the same lab establishes both a starting chance and a starting multiplier that later dedicated labs extend.,turn475706view2
lab,lab,Chain Thunder,Chain Thunder,Lab/Chain Thunder,https://the-tower-idle-tower-defense.fandom.com/wiki/Lab/Chain_Thunder,lab__chain_thunder__level,lab__chain_thunder__max_level,—,lab__chain_thunder_max_damage_reduction__pct,pct,set_pct,chain_thunder_max_damage_reduction_pct,raw,chain lightning damage dealt as % of enemy health lost,Unlocks in Milestone at tier 16 wave 60.,Enemy Damage reduced by 10% for every 6% of health an enemy lost from Chain Lightning Damage up to a max percent. Has 30 levels increasing max reduction by 3% per level for a max reduction of 90%.,strong,Represented as the max reduction cap parameter; trigger logic stays in semantic note.,Lab/Chain Thunder page snippet
lab,lab,Chrono Field Damage Reduction,Chrono Field Damage Reduction,Lab/Chrono Field Damage Reduction,https://the-tower-idle-tower-defense.fandom.com/wiki/Lab/Chrono_Field_Damage_Reduction,lab__chrono_field_damage_reduction__level,lab__chrono_field_damage_reduction__max_level,—,lab__chrono_field_damage_reduction__enabled,enabled,enable,chrono_field_damage_reduction_enabled,raw,"chrono_field_duration_seconds, chrono_field_cooldown_seconds",1-level lab; unlocks Chrono Field Reduction % after completion.,Reduces damage taken by the tower when Chrono Field is active. Reduction starts at 10%. Has 1 level and the reduction is taken after defense absolute is calculated.,strong,Enable row captures the unlock/state gate; the direct reduction value is separated below for clarity.,turn983657search2
lab,lab,Chrono Field Damage Reduction,Chrono Field Damage Reduction,Lab/Chrono Field Damage Reduction,https://the-tower-idle-tower-defense.fandom.com/wiki/Lab/Chrono_Field_Damage_Reduction,lab__chrono_field_damage_reduction__level,lab__chrono_field_damage_reduction__max_level,—,lab__chrono_field_damage_reduction__pct,pct,set_pct,chrono_field_damage_reduction_pct,raw,chrono_field_damage_reduction_enabled,Starts at 10% and unlocks Reduction % after completion.,Reduces damage taken by the tower when Chrono Field is active. Reduction starts at 10%. Has 1 level.,strong,Stored as the base reduction value granted by the one-time unlock lab.,turn983657search2
lab_extended,lab,Chrono Field Duration,Chrono Field Duration,Lab/Chrono Field Duration,https://the-tower-idle-tower-defense.fandom.com/wiki/Lab/Chrono_Field_Duration,lab__chrono_field_duration__level,lab__chrono_field_duration__max_level,—,lab__chrono_field_duration__duration_seconds_bonus,duration_seconds_bonus,add_duration_seconds,chrono_field_duration_seconds,raw,uw__chrono_field_duration__duration_seconds,Requires Chrono Field.,Increases the duration of Chrono Field. Has 30 levels with +1 second per level shown on the page.,strong,Direct additive duration contributor to the base Chrono Field duration track.,turn364246search2
lab,lab,Chrono Field Range,Chrono Field Range,Lab/Chrono Field Range,https://the-tower-idle-tower-defense.fandom.com/wiki/Lab/Chrono_Field_Range,lab__chrono_field_range__level,lab__chrono_field_range__max_level,—,lab__chrono_field_range__range_m_bonus,range_m_bonus,add_range_m,chrono_field_range,raw,tower_range,Available in Labs under Ultimate Weapon research.,Extends the range of Chrono Field beyond the tower range. Has 20 levels.,strong,Modeled as an additive range extension beyond tower range as stated by the wiki.,turn983657search1
lab,lab,Chrono Field Reduction %,Chrono Field Reduction %,Lab/Chrono Field Reduction Percentage,https://the-tower-idle-tower-defense.fandom.com/wiki/Lab/Chrono_Field_Reduction_Percentage,lab__chrono_field_reduction_pct__level,lab__chrono_field_reduction_pct__max_level,—,lab__chrono_field_damage_reduction__pct_bonus,pct_bonus,add_pct,chrono_field_damage_reduction_pct,raw,chrono_field_damage_reduction_enabled,Unlocked after Chrono Field Damage Reduction is completed.,Increases the reduction of damage taken while Chrono Field is active. Has 30 levels.,strong,Target stat intentionally matches the base Chrono Field damage reduction stat rather than creating a separate alias.,turn983657search4
lab,lab,Coins/Kill Bonus,Coins/Kill Bonus,Lab/Coins Per Kill Bonus,https://the-tower-idle-tower-defense.fandom.com/wiki/Lab/Coins_Per_Kill_Bonus,lab__coins_per_kill_bonus__level,lab__coins_per_kill_bonus__max_level,—,lab__coins_per_kill_bonus__bonus,bonus,add,coins_per_kill_bonus_multiplier,raw,workshop utility coins per kill,Unlocked with labs in Milestones at tier 1 wave 30.,There are 99 levels. Each level increases the increments of the workshop levels and raises the maximum workshop value.,strong,Represented as a direct workshop-scaling contributor to the coins-per-kill bonus stat; exact per-level value table not added in this pass.,turn174079search2
lab_extended,lab,Coins/Wave,Coins/Wave,Lab/Coins Per Wave,https://the-tower-idle-tower-defense.fandom.com/wiki/Lab/Coins_Per_Wave,lab__coins_per_wave__level,lab__coins_per_wave__max_level,—,lab__coins_per_wave__bonus,bonus,add,coins_per_wave,raw,workshop__coins_per_wave__base,Unlocked with labs in Milestones at tier 1 wave 30.,There are 99 levels. Each level increases the increments of workshop levels and the maximum workshop value.,strong,Modeled as a direct workshop-scaling additive contributor to the coins-per-wave property.,turn573016search4; turn396472search6
lab_basic,lab,Critical Factor,Critical Factor,Lab/Critical Factor,https://the-tower-idle-tower-defense.fandom.com/wiki/Lab/Critical_Factor,lab__critical_factor__level,lab__critical_factor__max_level,—,lab__critical_factor__bonus,bonus,review_required,critical_factor,raw,workshop__critical_factor__base,Unlocked with labs in Milestones at tier 1 wave 30.,There are 99 levels. Each level increases the increments of the critical factor workshop and the maximum workshop value.,strong,Resolved property uses critical_factor to match existing workshop ledger. 99 levels per page snippet.,Lab/Critical Factor snippet (turn101130search0)
lab_basic,lab,Damage,Damage,Damage,https://the-tower-idle-tower-defense.fandom.com/wiki/Damage,lab__damage__level,lab__damage__max_level,—,lab__damage__bonus,bonus,review_required,damage,raw,workshop__damage__base,Unlocked with labs in Milestones at tier 1.,The damage lab increases the increments for each workshop level and the maximum value in the workshop.,strong,Search result exposes table values but not a concise max-level summary; max level left from wiki page interpretation below. Max levels not visible in search snippet; needs full page confirmation later.,Damage snippet (turn722442search7)
lab,lab,Damage/Meter,Damage Per Meter,Lab/Damage Per Meter,https://the-tower-idle-tower-defense.fandom.com/wiki/Lab/Damage_Per_Meter,lab__damage_per_meter__level,lab__damage_per_meter__max_level,—,lab__damage_per_meter__bonus,bonus,review_required,damage_per_meter_multiplier,raw,workshop damage per meter track,Unlock lab in milestones at tier 3 wave 30.,Each lab level increases the increments for each workshop level and raises the maximum workshop value.,strong,Operation remains review_required because the wiki wording is workshop-scaling rather than a plain additive scalar in engine terms.,Lab/Damage Per Meter page snippet
active,lab,Death Wave Armor Stripping,Death Wave Armor Stripping,Lab/Death Wave Armor Stripping,https://the-tower-idle-tower-defense.fandom.com/wiki/Lab/Death_Wave_Armor_Stripping,lab__death_wave_armor_stripping__level,lab__death_wave_armor_stripping__max_level,—,lab__death_wave_armor_stripping__count,count,set_count,death_wave_armor_strip_count,raw,"death_wave_effect_wave_count, battle_condition_enemy_armor",Has 10 levels.,"Each Effect Wave hit strips some amount of armor from an enemy, with a maximum reduction of 10. Values shown are 1 through 10 across the 10 levels.",strong,Target stat is modeled as armor stripped per effect-wave hit; broader battle-condition armor system remains outside this direct contributor row.,turn625692search3
lab,lab,Death Wave Cell Bonus,Death Wave Cell Bonus,Lab/Death Wave Cell Bonus,https://the-tower-idle-tower-defense.fandom.com/wiki/Lab/Death_Wave_Cell_Bonus,lab__death_wave_cell_bonus__level,lab__death_wave_cell_bonus__max_level,—,lab__death_wave_cell_bonus__multiplier,multiplier,multiply,death_wave_cell_bonus_multiplier,raw,—,Death Wave support lab.,Extra cell bonus applied to enemies hit by effect waves or killed by death wave (max of 3x cell bonus). Has 20 levels.,strong,Modeled as direct multiplier contributor to the DW cell-bonus stat; runtime application remains outside the ledger.,turn982530search3
lab,lab,Death Wave Coins Bonus,Death Wave Coins Bonus,Lab/Death Wave Coins Bonus,https://the-tower-idle-tower-defense.fandom.com/wiki/Lab/Death_Wave_Coins_Bonus,lab__death_wave_coin_bonus__level,lab__death_wave_coin_bonus__max_level,—,lab__death_wave_coin_bonus__multiplier,multiplier,multiply,death_wave_coin_bonus_multiplier,raw,"death_wave_count, death_wave_damage_multiplier",Available in Labs under Death Wave support research.,Extra coin bonus applied to enemies hit by effect waves or killed by Death Wave. Has 20 levels.,strong,Target stat uses singular coin_bonus naming for consistency with other income multipliers.,turn983657search3
lab,lab,Death Wave Damage Amplifier,Death Wave Damage Amplifier,Lab/Death Wave Damage Amplifier,https://the-tower-idle-tower-defense.fandom.com/wiki/Lab/Death_Wave_Damage_Amplifier,lab__death_wave_damage_amplifier__level,lab__death_wave_damage_amplifier__max_level,—,lab__death_wave_effect_wave_hit_damage__multiplier,multiplier,multiply,death_wave_effect_wave_hit_damage_multiplier,raw,death_wave_count,Available in Labs under Death Wave support research.,"Each Effect Wave hit on a given enemy will boost the damage that enemy takes from the Death Wave, with a max of +50x per Effect Wave. Has 30 levels.",strong,Stored as the per-effect-wave amplification contributor; cumulative stacking per enemy remains runtime logic.,turn983657search8
lab,lab,Death Wave Health,Death Wave Health,Lab/Death Wave Health,https://the-tower-idle-tower-defense.fandom.com/wiki/Lab/Death_Wave_Health,lab__death_wave_health__level,lab__death_wave_health__max_level,—,lab__death_wave_health__multiplier,multiplier,multiply,death_wave_health_bonus_multiplier,raw,"death wave marked/killed enemies, base health bonus mechanic",—,Maximum health bonus from killing enemies marked/killed by Death Wave increased (Max of 12.5x Base). Bonus health is tracked during a round by clicking on health in the workshop.,strong,The lab page directly states this is the maximum Death Wave health bonus parameter and gives a max of 12.5x base.,turn783968view2
lab_extended,lab,Defense Absolute,Defense Absolute,Lab/Defense Absolute,https://the-tower-idle-tower-defense.fandom.com/wiki/Lab/Defense_Absolute,lab__defense_absolute__level,lab__defense_absolute__max_level,—,lab__defense_absolute__bonus,bonus,add,defense_absolute,raw,workshop__defense_absolute__base,Unlocked at the start.,The lab increases the increments of each Defense Absolute workshop level and the maximum workshop value. There are 100 levels.,strong,Workshop-scaling contributor rather than a standalone defense-absolute stat table; represented as a direct additive contributor for ledger normalization.,turn700228search0
lab_basic,lab,Defense Percent,Defense Percent,Lab/Defense Percent,https://the-tower-idle-tower-defense.fandom.com/wiki/Lab/Defense_Percent,lab__defense_pct__level,lab__defense_pct__max_level,—,lab__defense_pct__pct_bonus,pct_bonus,add_pct,defense_pct,raw,workshop__defense_pct__pct,Unlocked in Milestones on tier 5 wave 30.,"There are 50 levels. The lab is added to the workshop totals; page notes the 98% cap is reachable with workshop, card, perks, and sub-module effects.",strong,"This is an additive contribution to an already percent-valued resolved property, not a new primary percent stat. 50 levels per page snippet.",Lab/Defense Percent snippet (turn722442search0)
lab_extended,lab,Enemy Attack Level Skip,Enemy Attack Level Skip,Lab/Enemy Attack Level Skip,https://the-tower-idle-tower-defense.fandom.com/wiki/Lab/Enemy_Attack_Level_Skip,lab__enemy_attack_level_skip__level,lab__enemy_attack_level_skip__max_level,—,lab__enemy_attack_level_skip__pct_bonus,pct_bonus,add_pct,enemy_attack_level_skip_pct,raw,workshop__enemy_attack_level_skip_pct__pct,Unlocked after Enemy Level Skip.,Page shows values increasing by 0.10 per level for Enemy Attack Level Skip.,strong,Represented as an additive percent contributor to the workshop Enemy Attack Level Skip property family.,turn573016search5
lab_basic,lab,Enemy Health Level Skip,Enemy Health Level Skip,Lab/Enemy Health Level Skip,https://the-tower-idle-tower-defense.fandom.com/wiki/Lab/Enemy_Health_Level_Skip,lab__enemy_health_level_skip__level,lab__enemy_health_level_skip__max_level,—,lab__enemy_health_level_skip__pct_bonus,pct_bonus,add_pct,enemy_health_level_skip_pct,raw,workshop__enemy_health_level_skip__pct,Has 20 levels.,Adds to the Enemy Health Level Skip workshop family; retrieved page shows +0.10 per level progression and Lab Upgrades index lists max level 20.,strong,,turn916358search1; turn194484search1
active,lab,Energy Shield Extra Hit,Energy Shield Extra Hit,Lab/Energy Shield,https://the-tower-idle-tower-defense.fandom.com/wiki/Lab/Energy_Shield,lab__energy_shield_extra_hit__level,lab__energy_shield_extra_hit__max_level,—,lab__energy_shield_extra_hit__count_bonus,count_bonus,add_count,energy_shield_charge_count,raw,card__energy_shield__equipped,Unlocked in Milestones at tier 4 wave 300.,Energy Shield Extra Hit has 2 levels; extra hits create new charges and Energy Shield recharges one charge at a time.,strong,Target stat is modeled as Energy Shield charge count; broader recharge sequencing remains runtime behavior and is intentionally not owned by this row.,turn418758search0
active,lab,Enhancement Coin Discount,Enhancement Coin Discount,Lab/Enhancement Coin Discount,https://the-tower-idle-tower-defense.fandom.com/wiki/Lab/Enhancement_Coin_Discount,lab__enhancement_coin_discount__level,lab__enhancement_coin_discount__max_level,—,lab__enhancement_coin_cost_reduction__pct,pct,set_pct,enhancement_coin_cost_reduction_pct,raw,—,Enhancement discount lab for Workshop Enhancement costs.,"Enhancement Coin Discount provides a percent reduction to enhancement coin costs, with the shown levels increasing by 0.30% per level.",strong,Search snippet clearly exposes value progression; max level should be confirmed from full page if later formula work needs it.,turn709366search3
lab,lab,Extra Black Hole,Extra Black Hole,Lab/Extra Black Hole,https://the-tower-idle-tower-defense.fandom.com/wiki/Lab/Extra_Black_Hole,lab__extra_black_hole__level,lab__extra_black_hole__max_level,—,lab__extra_black_hole__enabled,enabled,enable,extra_black_hole_enabled,raw,"black_hole_duration_seconds, black_hole_cooldown_seconds, black_hole_size",1-level lab.,"A 2nd black hole will spawn when Black Hole is active, always on the opposite side of the tower, with the same stats and abilities as the original.",strong,Modeled as an enable flag rather than a count stat because the wiki describes an unlock/state toggle at 1 level.,turn521294search1
lab,lab,Extra Extra Orbs,Extra Extra Orbs,Lab/Extra Extra Orbs,https://the-tower-idle-tower-defense.fandom.com/wiki/Lab/Extra_Extra_Orbs,lab__extra_extra_orbs__level,lab__extra_extra_orbs__max_level,card__extra_orb__equipped,lab__extra_orb_count__count_bonus,count_bonus,add_count,orbs,raw,Extra Orb card equipped,Lab unlocks in milestones at tier 6 wave 80.,Increases the number of orbs when the Extra Orb card is equipped. There are 2 levels.,strong,Target stat represented as orbs because the lab directly increases orb count only when the Extra Orb card is equipped.,Lab/Extra Extra Orbs page snippet
lab,lab,Extra Orb Adjuster,Extra Orb Adjuster,Lab/Extra Orb Adjuster,https://the-tower-idle-tower-defense.fandom.com/wiki/Lab/Extra_Orb_Adjuster,lab__extra_orb_adjuster__level,lab__extra_orb_adjuster__max_level,card__extra_orb__equipped,lab__extra_orb_adjuster__enabled,enabled,enable,extra_orb_adjuster_enabled,raw,"tower range, Extra Orb card equipped",Lab unlocks in milestones at tier 6 wave 50.,Allows orbs from the Extra Orb card to have their range adjusted during rounds between a minimum of 60m or 1x tower range and a maximum of 1.3x tower range; does not work while a boss is alive.,strong,"Represented as an enable/behavior flag rather than a static range contributor because the page describes an adjustment capability with bounds, not a single emitted value.",Lab/Extra Orb Adjuster page snippet
lab,lab,Flame Bot - Burn Stack,Flame Bot Burn Stack,Lab/Flame Bot - Burn Stack,https://the-tower-idle-tower-defense.fandom.com/wiki/Lab/Flame_Bot_-_Burn_Stack,lab__flame_bot_burn_stack__level,lab__flame_bot_burn_stack__max_level,—,lab__flame_bot_burn_stack__count_bonus,count_bonus,add_count,flame_bot_burn_stack_limit,raw,flame bot burn effect,Unlock Lab in Milestones at Tier 10 wave 50.,Allows successive hits by Flame Bot to stack the burn effect and cause the burn to tick faster. Has 5 levels adding 1 stack each level. There is a cap of 10 stacks of burn.,strong,The lab page directly states 5 levels adding 1 stack each level with a 10-stack cap.,turn783968view3
lab,lab,Flame Bot Cooldown,Flame Bot Cooldown,Lab/Flame Bot Cooldown,https://the-tower-idle-tower-defense.fandom.com/wiki/Lab/Flame_Bot_Cooldown,lab__flame_bot_cooldown__level,lab__flame_bot_cooldown__max_level,—,lab__flame_bot_cooldown__cooldown_seconds_reduction,cooldown_seconds_reduction,reduce_cooldown_seconds,flame_bot_cooldown_seconds,raw,—,Unlock lab in milestones.,Reduces the bot cooldown by 1 second for each level. Has 25 levels for a 25-second reduction to cooldown.,strong,Tier/wave unlock differs by bot; see source page.,Flame Bot Cooldown page snippet
active,lab,Game Speed,Game Speed,Lab/Game Speed,https://the-tower-idle-tower-defense.fandom.com/wiki/Lab/Game_Speed,lab__game_speed__level,lab__game_speed__max_level,—,lab__game_speed__multiplier,multiplier,set_multiplier,game_speed_multiplier,raw,—,Unlocked in Milestones at tier 1 wave 30.,Game Speed has 7 levels and sets game speed from x2.0 to x5.0.,strong,"None material for contributor identity, target mapping, or max level.",turn702323search1
lab_extended,lab,Garlic Thorns,Garlic Thorns,Lab/Garlic Thorns,https://the-tower-idle-tower-defense.fandom.com/wiki/Thorn_Damage,lab__garlic_thorns__level,lab__garlic_thorns__max_level,—,lab__garlic_thorns__pct,pct,set_pct,garlic_thorns_pct,raw,thorn_damage_pct,Unlocked at tier 2 wave 1000.,There are 10 upgrades. The lab causes Vampire elite enemies to take a percent of your thorns damage per second while using its ranged attack. Values shown 0.5 to 5.0.,strong,Special-case elite interaction represented as a direct percent parameter rather than full runtime behavior.,turn573016search3; turn396472search2; turn396472search14
lab,lab,Golden Bot Cooldown,Golden Bot Cooldown,Lab/Golden Bot Cooldown,https://the-tower-idle-tower-defense.fandom.com/wiki/Lab/Golden_Bot_Cooldown,lab__golden_bot_cooldown__level,lab__golden_bot_cooldown__max_level,—,lab__golden_bot_cooldown__cooldown_seconds_reduction,cooldown_seconds_reduction,reduce_cooldown_seconds,golden_bot_cooldown_seconds,raw,—,Unlock lab in milestones.,Reduces the bot cooldown by 1 second for each level. Has 25 levels for a 25-second reduction to cooldown.,strong,Tier/wave unlock differs by bot; see source page.,Golden Bot Cooldown page snippet
lab,lab,Golden Bot Duration,Golden Bot Duration,Lab/Golden Bot Duration,https://the-tower-idle-tower-defense.fandom.com/wiki/Lab/Golden_Bot_Duration,lab__golden_bot_duration__level,lab__golden_bot_duration__max_level,—,lab__golden_bot_duration__duration_seconds_bonus,duration_seconds_bonus,add_duration_seconds,golden_bot_duration_seconds,raw,—,Unlock Lab in Milestones at tier 10 wave 50.,Has 20 levels increasing duration by 0.5s for a max increase of 10s.,strong,—,Golden Bot Duration page snippet
lab_basic,lab,Golden Tower Bonus,Golden Tower Bonus,Golden Tower,https://the-tower-idle-tower-defense.fandom.com/wiki/Golden_Tower,lab__golden_tower_bonus__level,lab__golden_tower_bonus__max_level,—,lab__golden_tower_bonus__bonus,bonus,review_required,golden_tower_bonus_multiplier,raw,uw__golden_tower_bonus__multiplier,Golden Tower labs unlock in Milestones at tier 4 wave 200 after owning Golden Tower.,"Has 25 levels, with each level increasing the Golden Tower bonus by 0.15, for a total additional bonus of 3.75.",strong,"Resolved property is multiplier-shaped, but lab page expresses additive increase to the GT bonus track. 25 levels per page snippet.",Golden Tower labs snippet (turn722442search9)
lab_basic,lab,Golden Tower Duration,Golden Tower Duration,Lab/Golden Tower Duration,https://the-tower-idle-tower-defense.fandom.com/wiki/Lab/Golden_Tower_Duration,lab__golden_tower_duration__level,lab__golden_tower_duration__max_level,—,lab__golden_tower_duration__duration_seconds_bonus,duration_seconds_bonus,add_duration_seconds,golden_tower_duration_seconds,raw,uw__golden_tower_duration__duration_seconds,Golden Tower labs unlock in Milestones at tier 4 wave 200 after owning Golden Tower.,"Has 20 levels, each increasing the duration of Golden Tower, for a total duration increase of 20s.",strong,Resolved property is explicitly unit-tagged because the lab effect is stated in seconds. 20 levels per page snippet.,Golden Tower Duration snippet (turn735016search0; turn735016search4)
lab_basic,lab,Health,Health,Lab/Health,https://the-tower-idle-tower-defense.fandom.com/wiki/Lab/Health,lab__health__level,lab__health__max_level,—,lab__health__bonus,bonus,review_required,health,raw,workshop__health__base,Unlocked at the start.,Lab upgrades increase the increments of each workshop level as well as raise the maximum workshop health.,strong,Wiki wording implies workshop-scaling contribution rather than a simple standalone scalar; retained as bonus for contributor typing. Max levels not visible in search snippet; needs full page confirmation later.,Lab/Health snippet (turn386068search1)
lab_basic,lab,Health Regen,Health Regen,Lab/Health Regen,https://the-tower-idle-tower-defense.fandom.com/wiki/Lab/Health_Regen,lab__health_regen__level,lab__health_regen__max_level,—,lab__health_regen__bonus,bonus,review_required,health_regen,raw,workshop__health_regen__base,Unlocked at the start.,The lab increases the increments of each workshop level and raises the maximum workshop value. There are 100 levels.,strong,Contributor effect is workshop-scaling rather than a directly listed flat amount. 100 levels per page snippet.,Lab/Health Regen snippet (turn386068search4; turn735016search3)
active,lab,Inner Land Mine - Chrono Jump,Inner Land Mine - Chrono Jump,Lab/Inner Land Mine - Chrono Jump,https://the-tower-idle-tower-defense.fandom.com/wiki/Lab/Inner_Land_Mine_-_Chrono_Jump,lab__inner_land_mine_chrono_jump__level,lab__inner_land_mine_chrono_jump__max_level,—,lab__inner_land_mine_chrono_jump_charge__duration_seconds,duration_seconds,set_duration_seconds,inner_land_mine_chrono_jump_charge_seconds,raw,"uw_plus__charged_mine__rotation_rate, inner_land_mines_hit_count",Requires ILM+. Has 10 levels.,"When an enemy is hit by an Inner Land Mine, the charge is boosted by this lab times the number of times that enemy has hit an Inner Land Mine. Values run from 5s to 50s.",strong,Modeled as a direct charge-time parameter even though runtime application scales by repeated enemy hits.,turn625692search4
lab,lab,Inner Mine Blast Radius,Inner Mine Blast Radius,Lab/Inner Mine Blast Radius,https://the-tower-idle-tower-defense.fandom.com/wiki/Lab/Inner_Mine_Blast_Radius,lab__inner_mine_blast_radius__level,lab__inner_mine_blast_radius__max_level,—,lab__inner_land_mines_blast_radius__range_m_bonus,range_m_bonus,add_range_m,inner_land_mines_blast_radius,raw,inner land mines,—,Increases the area Inner Land Mines will damage when it is triggered. Has 20 levels.,strong,Represented as a radius/range increase parameter.,Lab/Inner Mine Blast Radius page snippet
lab,lab,Inner Mine Rotation Speed,Inner Mine Rotation Speed,Lab/Inner Mine Rotation Speed,https://the-tower-idle-tower-defense.fandom.com/wiki/Lab/Inner_Mine_Rotation_Speed,lab__inner_mine_rotation_speed__level,lab__inner_mine_rotation_speed__max_level,—,lab__inner_land_mines_rotation_rate__rotation_rate,rotation_rate,set_rotation_rate,inner_land_mines_rotation_rate,raw,inner land mines,—,Increase the speed that mines rotate around the tower. Has 20 levels.,strong,Modeled as a direct rotation-rate contributor.,Lab/Inner Mine Rotation Speed page snippet
lab,lab,Inner Mine Stun,Inner Mine Stun,Lab/Inner Mine Stun,https://the-tower-idle-tower-defense.fandom.com/wiki/Lab/Inner_Mine_Stun,lab__inner_mine_stun__level,lab__inner_mine_stun__max_level,—,lab__inner_land_mines_stun__enabled,enabled,enable,inner_land_mines_stun_enabled,raw,inner land mines,—,When inner mines explode they will stun nearby enemies for 2.5 seconds. Has 1 level.,strong,Enable flag for stun behavior; base duration is captured separately below.,Lab/Inner Mine Stun page snippet
lab,lab,Inner Mine Stun,Inner Mine Stun,Lab/Inner Mine Stun,https://the-tower-idle-tower-defense.fandom.com/wiki/Lab/Inner_Mine_Stun,lab__inner_mine_stun__level,lab__inner_mine_stun__max_level,—,lab__inner_land_mines_stun_duration__duration_seconds,duration_seconds,set_duration_seconds,inner_land_mines_stun_duration_seconds,raw,inner land mines stun enabled,—,Base stun duration for the unlocked Inner Mine stun effect is 2.5 seconds.,strong,Direct fixed duration from the one-level unlock lab.,Lab/Inner Mine Stun page snippet
lab_extended,lab,Interest,Interest,Lab/Interest,https://the-tower-idle-tower-defense.fandom.com/wiki/Lab/Interest,lab__interest__level,lab__interest__max_level,—,lab__interest__bonus,bonus,add,interest_per_wave_pct,raw,workshop__interest_per_wave_pct__pct,Unlocked with labs in Milestones at tier 1 wave 30.,Interest increases the increments of each Interest/Wave workshop level and the maximum workshop value. There are 99 levels.,strong,Modeled as a direct workshop-scaling additive contributor to the interest-per-wave percent property.,turn700228search8
active,lab,Lab Speed,Lab Speed,Lab/Lab Speed,https://the-tower-idle-tower-defense.fandom.com/wiki/Lab/Lab_Speed,lab__lab_speed__level,lab__lab_speed__max_level,—,lab__lab_speed__multiplier,multiplier,set_multiplier,lab_speed_multiplier,raw,—,Unlocked in Milestones at tier 1 wave 150.,Lab Speed has 99 levels and increases lab speed from 1.02x upward; lab speed stacks multiplicatively with relic lab speed bonuses.,strong,"None material for contributor identity, target mapping, or max level.",turn522006search0
active,lab,Labs Coin Discount,Labs Coin Discount,Lab/Labs Coin Discount,https://the-tower-idle-tower-defense.fandom.com/wiki/Lab/Labs_Coin_Discount,lab__labs_coin_discount__level,lab__labs_coin_discount__max_level,—,lab__labs_coin_cost_reduction__pct,pct,set_pct,lab_coin_cost_reduction_pct,raw,—,Unlocked with labs in Milestones at tier 1 wave 30.,"Labs Coin Discount has 99 levels and provides a percent reduction to lab coin costs, starting at 0.30% and increasing by 0.30% per level.",strong,Target-stat naming reflects a direct lab coin cost reduction parameter rather than full cost formula ownership.,turn709366search2
lab_extended,lab,Land Mine Damage,Land Mine Damage,Lab/Land Mine Damage,https://the-tower-idle-tower-defense.fandom.com/wiki/Lab/Land_Mine_Damage,lab__land_mine_damage__level,lab__land_mine_damage__max_level,—,lab__land_mine_damage__pct_bonus,pct_bonus,add_pct,land_mine_damage_multiplier,raw,workshop__land_mine_damage_multiplier__multiplier,Unlock Lab in Milestones at Tier 6 Wave 30.,Increases the amount of damage land mine deals by an additional percent. Has 20 levels with values from 10% to 200%.,strong,Modeled as an additive percent contributor to the land mine damage multiplier; target naming follows the existing workshop/enhancement convention.,turn364246search1
lab_extended,lab,Land Mine Decay,Land Mine Decay,Lab/Land Mine Decay,https://the-tower-idle-tower-defense.fandom.com/wiki/Lab/Land_Mine_Decay,lab__land_mine_decay__level,lab__land_mine_decay__max_level,—,lab__land_mine_decay__duration_seconds,duration_seconds,set_duration_seconds,land_mine_decay_seconds,raw,—,Unlock Lab in Milestones at Tier 6 Wave 30.,Increase the amount of time before land mines explode without being hit. Has 35 upgrades with values increasing by 0.5s per level.,strong,Represented as a direct duration parameter for land mine auto-explosion delay.,turn364246search0
active,lab,Light Speed Shots,Light Speed Shots,Lab/Light Speed Shots,https://the-tower-idle-tower-defense.fandom.com/wiki/Lab/Light_Speed_Shots,lab__light_speed_shots__level,lab__light_speed_shots__max_level,—,lab__light_speed_shots__enabled,enabled,enable,light_speed_shots_enabled,raw,projectile_attack_resolution,Unlocked in Milestones at tier 7 wave 10. Has 1 level.,"Allows projectiles, once fired, to travel instantly to their target. An untargeted enemy between the tower and the target can still block the shot and take damage instead.",strong,"Modeled as an enable flag only; full projectile interception behavior remains part of runtime combat logic, not this contributor row.",turn475706view3
lab,lab,Lightning Amplifier - Scatter,Lightning Amplifier - Scatter,Lab/Lightning Amplifier - Scatter,https://the-tower-idle-tower-defense.fandom.com/wiki/Lab/Lightning_Amplifier_-_Scatter,lab__lightning_amplifier_scatter__level,lab__lightning_amplifier_scatter__max_level,—,lab__chain_lightning_scatter_damage__multiplier,multiplier,set_multiplier,chain_lightning_scatter_damage_multiplier,raw,chain lightning consecutive hits on scatter enemies,Unlock Lab in Milestones on tier 16 wave 60.,Increases chain lightning damage done to scatters by each consecutive hit as an additive bonus; values are 1+ higher than shown to add to the original 1x damage from the first hit.,strong,Target stat represents the per-consecutive-hit scatter-only damage multiplier parameter.,Lab/Lightning Amplifier - Scatter page snippet
lab,lab,Max Interest,Max Interest,Lab/Max Interest,https://the-tower-idle-tower-defense.fandom.com/wiki/Lab/Max_Interest,lab__max_interest__level,lab__max_interest__max_level,—,lab__max_interest_cash__bonus,bonus,add,max_interest_cash,raw,—,Unlocked with labs in Milestones at tier 1 wave 30.,Increases the maximum amount of interest you can receive (starts at $50). There are 15 levels.,strong,Exact value table not added in this pass; represented as additive contributor to max_interest_cash.,turn982530search0
lab,lab,Missile Amplifier,Missile Amplifier,Lab/Missile Amplifier,https://the-tower-idle-tower-defense.fandom.com/wiki/Lab/Missile_Amplifier,lab__missile_amplifier__level,lab__missile_amplifier__max_level,—,lab__smart_missiles_chain_hit_damage__multiplier,multiplier,set_multiplier,smart_missiles_chain_hit_damage_multiplier,raw,successive smart missile hits on same target,—,Each missile hit on target amplifies the damage for the next missile on the same target (additive). Has 25 levels.,strong,Represented as the additive chain-hit damage multiplier parameter rather than flattening into generic smart missile damage.,Lab/Missile Amplifier page snippet
lab_extended,lab,Missile Barrage,Missile Barrage,Lab/Missile Barrage,https://the-tower-idle-tower-defense.fandom.com/wiki/Lab/Missile_Barrage,lab__missile_barrage__level,lab__missile_barrage__max_level,—,lab__missile_barrage__enabled,enabled,enable,missile_barrage_enabled,raw,—,Unlocks Missile Barrage and then unlocks Missile Barrage Quantity after completion.,Once per run launch a barrage of missiles at the same time. This ability is manually activated during a round with a base amount of 20 missiles. Has 1 level.,strong,Represented as an enable/state gate; the base missile count stated on the page is captured separately in notes rather than forced into an extra contributor row here.,turn884868search0
lab_extended,lab,Missile Barrage Quantity,Missile Barrage Quantity,Lab/Missile Barrage Quantity,https://the-tower-idle-tower-defense.fandom.com/wiki/Lab/Missile_Barrage_Quantity,lab__missile_barrage_quantity__level,lab__missile_barrage_quantity__max_level,lab__missile_barrage__enabled,lab__missile_barrage_missile_count__count,count,set_count,missile_barrage_missile_count,raw,lab__missile_barrage__enabled,Unlocked after Missile Barrage completion.,"Increases missiles launched during Missile Barrage. Has 6 levels with displayed values 25, 30, 35, 40, 45, 50.",strong,"Modeled as the total missile-count parameter after Missile Barrage is unlocked. The base unlock page states 20 missiles, while the Quantity page lists total counts of 25 to 50.",turn189982search2 + prior Missile Barrage Quantity page
active,lab,Missile Despawn Time,Missile Despawn Time,Lab/Missile Despawn Time,https://the-tower-idle-tower-defense.fandom.com/wiki/Lab/Missile_Despawn_Time,lab__missile_despawn_time__level,lab__missile_despawn_time__max_level,—,lab__smart_missiles_despawn_time__duration_seconds,duration_seconds,set_duration_seconds,smart_missiles_despawn_time_seconds,raw,uw__smart_missiles_cooldown__cooldown_seconds,Has 20 levels.,Increase time until missiles disappear without hitting an enemy. Values shown rise from 1 to at least 15 seconds in the retrieved table.,strong,Modeled as a direct duration parameter for missile lifetime rather than a behavioral flag.,turn625692search1
lab,lab,Missiles Explosion,Missiles Explosion,Lab/Missiles Explosion,https://the-tower-idle-tower-defense.fandom.com/wiki/Lab/Missiles_Explosion,lab__missiles_explosion__level,lab__missiles_explosion__max_level,—,lab__missiles_explosion__enabled,enabled,enable,smart_missiles_explosion_enabled,raw,smart missiles,Unlocks Missile Radius after completion.,Missiles deal area of effect damage damaging surrounding enemies. Has 1 level. Starting radius is 0.30.,strong,Represented as an enable flag for the explosion behavior; the unlocked follow-on radius lab is separate.,Lab/Missiles Explosion page snippet
lab,lab,Missiles Radius,Missiles Radius,Lab/Missiles Radius,https://the-tower-idle-tower-defense.fandom.com/wiki/Lab/Missiles_Radius,lab__missiles_radius__level,lab__missiles_radius__max_level,lab__missiles_explosion__enabled,lab__smart_missiles_explosion_radius__range_m_bonus,range_m_bonus,add_range_m,smart_missiles_explosion_radius,raw,smart missiles explosion enabled,Unlocked after Missile Explosion.,Increase the radius of the missiles explosion. Has 20 levels.,strong,Represented as direct explosion radius increase after the explosion lab unlock.,Lab/Missiles Radius page snippet
lab_basic,lab,Orb Boss Hit,Orb Boss Hit,Lab/Orb Boss Hit,https://the-tower-idle-tower-defense.fandom.com/wiki/Lab/Orb_Boss_Hit,lab__orb_boss_hit__level,lab__orb_boss_hit__max_level,—,lab__orb_boss_hit_pct__pct,pct,set_pct,orb_boss_hit_pct,raw,—,Unlocked at tier 6 wave 750.,There are 10 levels. The lab allows orbs to deal damage to bosses for a percent of their total health.,strong,This is a primary percent-valued lab-emitted property rather than a bonus to an existing workshop stat. 10 levels per page snippet.,Lab/Orb Boss Hit snippet (turn735016search1)
lab_basic,lab,Orb Speed,Orb Speed,Lab/Orb Speed,https://the-tower-idle-tower-defense.fandom.com/wiki/Lab/Orb_Speed,lab__orb_speed__level,lab__orb_speed__max_level,—,lab__orb_speed__bonus,bonus,review_required,orb_speed,raw,workshop__orb_speed__base,Unlocked at tier 3 wave 80.,There are 20 upgrades. The upgrades add to the orb speed workshop values.,strong,Additive semantic is explicit in page wording. 20 levels per page snippet.,Lab/Orb Speed snippet (turn101130search1)
lab,lab,Package After Boss,Package After Boss,Lab/Package After Boss,https://the-tower-idle-tower-defense.fandom.com/wiki/Lab/Package_After_Boss,lab__package_after_boss__level,lab__package_after_boss__max_level,—,lab__package_after_boss__enabled,enabled,enable,package_after_boss_enabled,raw,—,1-level lab unlock.,Package spawns after boss wave.,strong,Represented as a direct enable flag only; runtime spawning remains outside the contributor ledger.,turn473482search3
lab,lab,Poison Swamp Stun,Poison Swamp Stun,Lab/Poison Swamp Stun,https://the-tower-idle-tower-defense.fandom.com/wiki/Lab/Poison_Swamp_Stun,lab__poison_swamp_stun__level,lab__poison_swamp_stun__max_level,—,lab__poison_swamp_stun__enabled,enabled,enable,poison_swamp_stun_enabled,raw,poison swamp,Unlocks Swamp Stun Chance and Swamp Stun Time after completion.,Chance to stun enemies entering Poison Swamp. Enemies can be stunned once per entry and may be stunned again upon re-entry or entering another Poison Swamp. Has 1 level.,strong,Enable flag only; base chance and duration are captured as separate direct contributors below because the wiki specifies starting values.,Lab/Poison Swamp Stun page snippet
lab,lab,Poison Swamp Stun,Poison Swamp Stun,Lab/Poison Swamp Stun,https://the-tower-idle-tower-defense.fandom.com/wiki/Lab/Poison_Swamp_Stun,lab__poison_swamp_stun__level,lab__poison_swamp_stun__max_level,—,lab__poison_swamp_stun_chance__chance,chance,set_chance,poison_swamp_stun_chance,raw,poison swamp stun enabled,Starts with a 5% chance to stun for 1 second.,Base chance to stun enemies entering Poison Swamp from the unlock lab.,strong,Modeled as a direct base chance contributor from the unlock lab because the wiki states the starting chance explicitly.,Lab/Poison Swamp Stun page snippet
lab,lab,Poison Swamp Stun,Poison Swamp Stun,Lab/Poison Swamp Stun,https://the-tower-idle-tower-defense.fandom.com/wiki/Lab/Poison_Swamp_Stun,lab__poison_swamp_stun__level,lab__poison_swamp_stun__max_level,—,lab__poison_swamp_stun_duration__duration_seconds,duration_seconds,set_duration_seconds,poison_swamp_stun_duration_seconds,raw,poison swamp stun enabled,Starts with a 5% chance to stun for 1 second.,Base stun duration from the unlock lab.,strong,Modeled as a direct base duration contributor from the unlock lab because the wiki states the starting duration explicitly.,Lab/Poison Swamp Stun page snippet
lab,lab,Range,Range,Lab/Range,https://the-tower-idle-tower-defense.fandom.com/wiki/Lab/Range,lab__range__level,lab__range__max_level,—,lab__range_m__range_m_bonus,range_m_bonus,add_range_m,range_m,raw,—,Unlock lab in Milestones at tier 2 wave 30.,There are 80 levels in the lab. Each level increases the increments of each workshop level and the maximum workshop value.,strong,Represented as an additive range contributor to the workshop-derived range stat; exact per-level table not added in this pass.,turn982530search10
lab,lab,Recharge Demon Mode,Recharge Demon Mode,Lab/Recharge Demon Mode,https://the-tower-idle-tower-defense.fandom.com/wiki/Lab/Recharge_Demon_Mode,lab__recharge_demon_mode__level,lab__recharge_demon_mode__max_level,—,lab__demon_mode_recharge_waves__count,count,set_count,demon_mode_recharge_waves,raw,—,Unlock Lab in Milestones at tier 14 wave 60.,Allows Demon Mode to recharge a number of waves after activating. Has 7 levels.,strong,Modeled as direct wave-count parameter; full recharge runtime remains outside the contributor ledger.,turn982530search13
lab_extended,lab,Recharge Missile Barrage,Recharge Missile Barrage,Lab/Recharge Missile Barrage,https://the-tower-idle-tower-defense.fandom.com/wiki/Lab/Recharge_Missile_Barrage,lab__recharge_missile_barrage__level,lab__recharge_missile_barrage__max_level,lab__missile_barrage__enabled,lab__missile_barrage_recharge_waves__count,count,set_count,missile_barrage_recharge_waves,raw,lab__missile_barrage__enabled,Unlock Lab in Milestones at tier 14 wave 60.,"Allows Missile Barrage to recharge after a number of waves. Has 7 levels with values 1500, 1250, 1000, 750, 500, 350, 200.",strong,Modeled as a direct recharge-wave parameter; full once-per-run recharge runtime remains outside the contributor ledger.,turn884868search2
active,lab,Recharge Nuke,Recharge Nuke,Lab/Recharge Nuke,https://the-tower-idle-tower-defense.fandom.com/wiki/Lab/Recharge_Nuke,lab__recharge_nuke__level,lab__recharge_nuke__max_level,—,lab__nuke_recharge_waves__count,count,set_count,nuke_recharge_waves,raw,card__nuke__equipped,Unlock Lab in Milestones at tier 14 wave 60. Has 7 levels.,"Nuke will recharge after a number of waves. Values are 1500, 1250, 1000, 750, 550, 400, and 300 waves across 7 levels.",strong,Modeled as a wave-count recharge parameter; broader once-per-run/runtime card system remains outside this contributor row.,turn475706view1
lab_extended,lab,Recovery Package Amount,Recovery Package Amount,Lab/Recovery Package Amount,https://the-tower-idle-tower-defense.fandom.com/wiki/Lab/Recovery_Package_Amount,lab__recovery_amount_pct__level,lab__recovery_amount_pct__max_level,—,lab__recovery_amount_pct__pct_bonus,pct_bonus,add_pct,recovery_amount_pct,derived,"workshop__recovery_amount_pct__pct,health",Unlocked after Recovery Packages are available.,Adds to max recovery amount workshop. Has 20 levels with values increasing by 0.40% per level.,strong,Target stat is the package-heal percent of current maximum health; represented as an additive percent contributor to the workshop-derived recovery amount relationship.,turn700228search5
lab_basic,lab,Recovery Package Chance,Recovery Package Chance,Lab/Recovery Package Chance,https://the-tower-idle-tower-defense.fandom.com/wiki/Lab/Recovery_Package_Chance,lab__package_chance__level,lab__package_chance__max_level,—,lab__package_chance__chance_bonus,chance_bonus,add_chance,package_chance,raw,workshop__package_chance__chance,Lab track for package spawn chance.,Increase the workshop chance the package spawns after a wave. Has 20 levels.,strong,Lab naming uses package_chance resolved property rather than full UI title for consistency with workshop utility slice. 20 levels per page snippet.,Lab/Recovery Package Chance snippet (turn722442search2)
lab_extended,lab,Recovery Package Max,Recovery Package Max,Lab/Recovery Package Max,https://the-tower-idle-tower-defense.fandom.com/wiki/Lab/Recovery_Package_Max,lab__max_recovery__level,lab__max_recovery__max_level,—,lab__max_recovery__bonus,bonus,add,max_recovery_multiplier,derived,"workshop__max_recovery__multiplier,health",Unlocked after Recovery Packages are available.,Increases the max amount of health recovery packages can heal. Has 20 levels.,strong,,turn916358search2
active,lab,Rend Armor Max,Rend Armor Max,Lab/Rend Armor Max,https://the-tower-idle-tower-defense.fandom.com/wiki/Lab/Rend_Armor_Max,lab__rend_armor_max__level,lab__rend_armor_max__max_level,—,lab__rend_armor_max__pct_bonus,pct_bonus,add_pct,rend_armor_max,raw,workshop__rend_armor_multiplier__multiplier,Unlock lab in Milestones at tier 13 wave 10. Has 30 levels per Lab Upgrades index.,Each level increases the maximum multiplier Rend Armor can apply. Visible values run from 825% upward in 25% increments.,strong,Target stat uses existing rend_armor_max target naming already present in enhancement/module_sub rows; later cleanup may normalize rend target naming family-wide.,turn515335search1
lab,lab,Shatter Shards,Shatter Shards,Lab/Shatter Shards,https://the-tower-idle-tower-defense.fandom.com/wiki/Lab/Shatter_Shards,lab__shatter_shards__level,lab__shatter_shards__max_level,—,lab__module_shatter_shards__pct_bonus,pct_bonus,add_pct,module_shatter_shards_pct,raw,module shatter system,Unlock Lab at tier 16 wave 40.,Increases the amount of shards earned when shattering modules. There are 5 levels increasing shards earned by 20% per level for a total increase of 100%.,strong,"Economic/module-resource target, not a combat stat.",Lab/Shatter Shards page snippet
lab,lab,Shock Chance,Shock Chance,Lab/Shock Chance,https://the-tower-idle-tower-defense.fandom.com/wiki/Lab/Shock_Chance,lab__shock_chance__level,lab__shock_chance__max_level,—,lab__shock_chance__chance,chance,set_chance,shock_chance,raw,chain_lightning,Available in Labs under Ultimate Weapon research.,Chance Chain Lightning will apply shock to enemies. Has 30 levels.,strong,Represents only the direct chance contributor; shock damage scaling remains on separate rows.,turn176375search7
lab,lab,Shock Multiplier,Shock Multiplier,Lab/Shock Multiplier,https://the-tower-idle-tower-defense.fandom.com/wiki/Lab/Shock_Multiplier,lab__shock_multiplier__level,lab__shock_multiplier__max_level,—,lab__shock_multiplier__multiplier,multiplier,multiply,shock_damage_multiplier,raw,shock-applied enemies,—,The extra damage enemies affected by shock receive. Has 14 levels.,strong,Target stat represented as a dedicated shock damage multiplier parameter rather than flattening it into generic damage.,Lab/Shock Multiplier page snippet
lab,lab,Shockwave Size,Shockwave Size,Lab/Shockwave Size,https://the-tower-idle-tower-defense.fandom.com/wiki/Lab/Shockwave_Size,lab__shockwave_size__level,lab__shockwave_size__max_level,—,lab__shockwave_size__bonus,bonus,add,shockwave_size,raw,—,Unlock lab in Milestones at tier 3 wave 50. Lab screen includes an adjuster up to researched level when not in a round.,Each level adds to the shockwave size workshop value. There are 20 upgrades.,strong,"Modeled as additive contribution to shockwave_size; adjuster behavior is runtime selection, not separate contributor rows.",turn982530search2
lab,lab,Spotlight Coin Bonus,Spotlight Coin Bonus,Lab/Spotlight Coin Bonus,https://the-tower-idle-tower-defense.fandom.com/wiki/Lab/Spotlight_Coin_Bonus,lab__spotlight_coin_bonus__level,lab__spotlight_coin_bonus__max_level,—,lab__spotlight_coin_bonus__multiplier,multiplier,multiply,spotlight_coin_bonus_multiplier,raw,"spotlight_angle_degrees, spotlight_count",Available in Labs under Spotlight support research.,Provides a coin multiplier to enemies killed in Spotlight; enemies do not need to be killed by Spotlight. Values shown from 1.10 upward.,strong,Kill-source logic remains outside this direct multiplier row.,turn920260search2
lab,lab,Spotlight Missiles,Spotlight Missiles,Lab/Spotlight Missiles,https://the-tower-idle-tower-defense.fandom.com/wiki/Lab/Spotlight_Missiles,lab__spotlight_missiles__level,lab__spotlight_missiles__max_level,—,lab__spotlight_missiles_interval__interval_seconds,interval_seconds,set_interval_seconds,spotlight_missiles_interval_seconds,raw,"spotlight, missile damage determined by smart missiles damage","When unlocked in milestones, display shows missiles every 20 seconds; Spotlight will not fire missiles until first lab level is unlocked and frequency is 19 seconds.","Tower fires missiles from the tower after a period of time. Has 18 levels with values shown as 19s, 18s, ...",strong,Represented as the firing interval parameter for Spotlight Missiles.,Lab/Spotlight Missiles page snippet
active,lab,Starting Cash,Starting Cash,Lab/Starting Cash,https://the-tower-idle-tower-defense.fandom.com/wiki/Lab/Starting_Cash,lab__starting_cash__level,lab__starting_cash__max_level,—,lab__starting_cash__base,base,set_base,starting_cash,raw,—,Unlocked in Milestones at tier 1 wave 30.,Starting Cash has 99 levels and the visible value table reaches 495 cash at level 99.,strong,The snippet exposes the level count and late-table values clearly; contributor identity and target mapping are direct.,turn702323search0
lab,lab,Super Crit Chance,Super Crit Chance,Lab/Super Crit Chance,https://the-tower-idle-tower-defense.fandom.com/wiki/Lab/Super_Crit_Chance,lab__super_crit_chance__level,lab__super_crit_chance__max_level,—,lab__super_crit_chance__pct_bonus,pct_bonus,add_pct,super_crit_chance,raw,—,—,Has 50 levels. Each level adds to the workshop value.,strong,—,Lab/Super Crit Chance page snippet
lab,lab,Super Crit Mult,Super Crit Mult,Lab/Super Crit Mult,https://the-tower-idle-tower-defense.fandom.com/wiki/Lab/Super_Crit_Mult,lab__super_crit_mult__level,lab__super_crit_mult__max_level,—,lab__super_crit_mult__bonus,bonus,add,super_crit_multiplier,raw,—,Super crit support lab.,Has 40 levels. Each level increases the increments of each workshop upgrade and raises the maximum value.,strong,Exact value table not added in this pass; represented as additive contributor to super_crit_mult.,turn982530search18
lab_extended,lab,Super Tower Bonus,Super Tower Bonus,Lab/Super Tower Bonus,https://the-tower-idle-tower-defense.fandom.com/wiki/Lab/Super_Tower_Bonus,lab__super_tower_bonus__level,lab__super_tower_bonus__max_level,card__super_tower__equipped,lab__super_tower_bonus__multiplier,multiplier,multiply,super_tower_damage_multiplier,raw,card__super_tower__multiplier,Unlocked in Milestones at tier 8 wave 300.,Increases the multiplier on the Super Tower card. Has 30 levels.,strong,Equip-gated through the Super Tower card; represented as a multiplicative contributor to the Super Tower damage multiplier family.,turn396472search0; turn396472search4
lab,lab,Swamp Radius,Swamp Radius,Lab/Swamp Radius,https://the-tower-idle-tower-defense.fandom.com/wiki/Lab/Swamp_Radius,lab__swamp_radius__level,lab__swamp_radius__max_level,—,lab__poison_swamp_radius__range_m_bonus,range_m_bonus,add_range_m,poison_swamp_radius,raw,poison swamp,—,Increases the size of poison swamp. Has 30 levels.,strong,"Contract extended with add_range_m because this is a direct range/radius increase, not a standalone set-range track.",Lab/Swamp Radius page snippet
active,lab,Swamp Rend - Additional Enemies,Swamp Rend - Additional Enemies,Lab/Swamp Rend - Additional Enemies,https://the-tower-idle-tower-defense.fandom.com/wiki/Lab/Swamp_Rend_-_Additional_Enemies,lab__swamp_rend_additional_enemies__level,lab__swamp_rend_additional_enemies__max_level,lab__poison_swamp_stun__enabled,lab__poison_swamp_rend_additional_enemies__enabled,enabled,enable,poison_swamp_rend_additional_enemies_enabled,raw,lab__poison_swamp_rend_basic_enemies__pct,Unlock lab in Milestones at tier 16 wave 50. Has 6 levels.,"Allows Swamp Rend to apply to additional enemy types. The six levels enable Ranged, Fast, Tank, Protector, Boss, and Vampire enemies respectively.",strong,"Modeled as an enable-style contributor controlling eligible enemy classes rather than six separate rows, because the simulator only needs the scoped applicability gate at this ledger level.",turn625692search6
active,lab,Swamp Rend - Basic Enemies,Swamp Rend - Basic Enemies,Lab/Swamp Rend - Basic Enemies,https://the-tower-idle-tower-defense.fandom.com/wiki/Lab/Swamp_Rend_-_Basic_Enemies,lab__swamp_rend_basic_enemies__level,lab__swamp_rend_basic_enemies__max_level,lab__poison_swamp_stun__enabled,lab__poison_swamp_rend_basic_enemies__pct,pct,set_pct,poison_swamp_rend_basic_enemies_pct,raw,"poison_swamp_damage, currently_applied_rend",Unlock lab in Milestones at tier 16 wave 50. Has 30 levels.,"When basic enemies are hurt by Poison Swamp, damage is increased by a percent of currently applied Rend. Each level adds 3% for a total of 90%.",strong,"Activation dependency is modeled conservatively through the swamp system; the direct contributor is the percent-of-rend term, not the full runtime damage formula.",turn625692search2
lab,lab,Swamp Stun Chance,Swamp Stun Chance,Lab/Swamp Stun Chance,https://the-tower-idle-tower-defense.fandom.com/wiki/Lab/Swamp_Stun_Chance,lab__swamp_stun_chance__level,lab__swamp_stun_chance__max_level,lab__poison_swamp_stun__enabled,lab__poison_swamp_stun_chance__chance_bonus,chance_bonus,add_chance,poison_swamp_stun_chance,raw,poison swamp stun enabled,Unlocked after completing Poison Swamp Stun.,Increases the chance enemies are stunned by Poison Swamp. Has 30 levels.,strong,Treated as additive to the base 5% chance established by Poison Swamp Stun.,Lab/Swamp Stun Chance page snippet
lab,lab,Swamp Stun Time,Swamp Stun Time,Lab/Swamp Stun Time,https://the-tower-idle-tower-defense.fandom.com/wiki/Lab/Swamp_Stun_Time,lab__swamp_stun_time__level,lab__swamp_stun_time__max_level,lab__poison_swamp_stun__enabled,lab__poison_swamp_stun_duration__duration_seconds_bonus,duration_seconds_bonus,add_duration_seconds,poison_swamp_stun_duration_seconds,raw,poison swamp stun enabled,Unlocked after completing Poison Swamp Stun.,Increases the duration enemies are stunned by Poison Swamp. Has 30 levels.,strong,Treated as additive to the base 1-second duration established by Poison Swamp Stun.,Lab/Swamp Stun Time page snippet
lab,lab,Thunder Bot Cooldown,Thunder Bot Cooldown,Lab/Thunder Bot Cooldown,https://the-tower-idle-tower-defense.fandom.com/wiki/Lab/Thunder_Bot_Cooldown,lab__thunder_bot_cooldown__level,lab__thunder_bot_cooldown__max_level,—,lab__thunder_bot_cooldown__cooldown_seconds_reduction,cooldown_seconds_reduction,reduce_cooldown_seconds,thunder_bot_cooldown_seconds,raw,—,Unlock lab in milestones.,Reduces the bot cooldown by 1 second for each level. Has 25 levels for a 25-second reduction to cooldown.,strong,Tier/wave unlock differs by bot; see source page.,Thunder Bot Cooldown page snippet
active,lab,Thunder Bot Linger Time,Thunder Bot Linger Time,Lab/Thunder Bot Linger Time,https://the-tower-idle-tower-defense.fandom.com/wiki/Lab/Thunder_Bot_Linger_Time,lab__thunder_bot_linger_time__level,lab__thunder_bot_linger_time__max_level,—,lab__thunder_bot_linger_duration__duration_seconds_bonus,duration_seconds_bonus,add_duration_seconds,thunder_bot_linger_duration_seconds,raw,bot__thunder_linger__pct,Unlock Lab in Milestones at tier 10 wave 60.,Increases the duration of the linger effect by 0.5s per level. Has 20 levels for a total of 13 seconds.,strong,Target stat is modeled as linger duration rather than slow strength; the wiki cleanly pins duration semantics and max levels.,turn475706view0
lab,lab,Wall Fortification,Wall Fortification,Wall Labs/Wall Fortification,https://the-tower-idle-tower-defense.fandom.com/wiki/Wall_Labs/Wall_Fortification,lab__wall_fortification__level,lab__wall_fortification__max_level,—,lab__wall_fortification__pct,pct,set_pct,wall_fortification_pct,raw,wall_regen,Unlocks in Milestones at tier 14 wave 60.,"Has 60 levels. Increases the percentage of wall health that can be regenerated beyond maximum, shown as 20%, 40%, 60% and upward on the value table. Wall Regen is required to heal health beyond maximum.",strong,Represents the fortification percentage capacity shown on the lab page; Wall Regen is still required to heal into this fortification pool.,turn189982search4
active,lab,Wall Health,Wall Health,Wall Labs/Wall Health,https://the-tower-idle-tower-defense.fandom.com/wiki/Wall_Labs/Wall_Health,lab__wall_health__level,lab__wall_health__max_level,—,lab__wall_health__pct_bonus,pct_bonus,add_pct,wall_health,raw,"workshop__wall_health__ratio, health",Unlock labs in Milestones at tier 8 wave 10. Has 50 upgrades.,Increases the maximum health of the wall. Retrieved table shows +2% per level progression.,strong,,turn303720search2
lab,lab,Wall Invincibility,Wall Invincibility,Wall Labs/Wall Invincibility,https://the-tower-idle-tower-defense.fandom.com/wiki/Wall_Labs/Wall_Invincibility,lab__wall_invincibility__level,lab__wall_invincibility__max_level,—,lab__wall_invincibility__duration_seconds,duration_seconds,set_duration_seconds,wall_invincibility_duration_seconds,raw,wall_rebuild_seconds,Unlocks in Milestones at tier 12 wave 10.,"Has 10 upgrades. Wall will be invincible for a number of seconds after it rebuilds, up to 10 seconds.",strong,Exact per-level table not added in this pass; represented as the direct invincibility-duration contributor.,turn774609search3
active,lab,Wall Rebuild,Wall Rebuild,Wall Labs/Wall Rebuild,https://the-tower-idle-tower-defense.fandom.com/wiki/Wall_Labs/Wall_Rebuild,lab__wall_rebuild__level,lab__wall_rebuild__max_level,—,lab__wall_rebuild__interval_seconds_reduction,interval_seconds_reduction,reduce_interval_seconds,wall_rebuild_seconds,raw,workshop__wall_rebuild_seconds__duration_seconds,Unlock labs in Milestones at tier 8 wave 10. Has 20 upgrades.,Reduces the rebuild time of the wall by a number of seconds. Retrieved table shows -10s per level progression.,strong,,turn303720search4
lab,lab,Wall Regen,Wall Regen,Wall Labs/Wall Regen,https://the-tower-idle-tower-defense.fandom.com/wiki/Wall_Labs/Wall_Regen,lab__wall_regen__level,lab__wall_regen__max_level,—,lab__wall_regen__ratio,ratio,apply_ratio,wall_regen,derived,health_regen,Unlocks in Milestones at tier 10 wave 70.,Has 30 upgrades. Allows the wall to regenerate HP based on a percent of the tower's Health Regen. Needed to heal the health available from Wall Fortification.,strong,Represented as a direct ratio contributor to the derived wall_regen stat; exact numeric table not added in this pass.,turn106889search3
lab,lab,Wall Thorns,Wall Thorns,Wall Labs/Wall Thorns,https://the-tower-idle-tower-defense.fandom.com/wiki/Wall_Labs/Wall_Thorns,lab__wall_thorns__level,lab__wall_thorns__max_level,—,lab__wall_thorns__ratio,ratio,apply_ratio,wall_thorns,derived,thorns_pct,Unlocks in Milestones at tier 10 wave 70.,Has 20 levels. Allows the wall to do thorn damage based on a percent of the tower's thorn damage.,strong,Represented as a ratio onto the derived wall_thorns stat; exact numeric table not added in this pass.,turn774609search1
active,lab,Workshop Attack Discount,Workshop Attack Discount,Lab/Workshop Attack Discount,https://the-tower-idle-tower-defense.fandom.com/wiki/Lab/Workshop_Attack_Discount,lab__workshop_attack_discount__level,lab__workshop_attack_discount__max_level,—,lab__workshop_attack_cost_reduction__pct,pct,set_pct,workshop_attack_cost_reduction_pct,raw,—,Unlocked in Milestones at tier 1 wave 40.,Workshop Attack Discount has 99 levels and the value table reaches 49.50% cost reduction at level 99.,strong,Target-stat naming reflects the direct attack-workshop cost reduction parameter rather than full price formula ownership.,turn702323search2
active,lab,Workshop Defense Discount,Workshop Defense Discount,Workshop Defense Discount,https://the-tower-idle-tower-defense.fandom.com/wiki/Workshop_Defense_Discount,lab__workshop_defense_discount__level,lab__workshop_defense_discount__max_level,—,lab__workshop_defense_cost_reduction__pct,pct,set_pct,workshop_defense_cost_reduction_pct,raw,—,Unlock lab in Milestones at tier 2 wave 50. Has 99 levels.,Reduces the cost to upgrade defense workshop upgrades with coins.,strong,,turn194484search0
active,lab,Workshop Utility Discount,Workshop Utility Discount,Lab/Workshop Utility Discount,https://the-tower-idle-tower-defense.fandom.com/wiki/Lab/Workshop_Utility_Discount,lab__workshop_utility_discount__level,lab__workshop_utility_discount__max_level,—,lab__workshop_utility_cost_reduction__pct,pct,set_pct,workshop_utility_cost_reduction_pct,raw,—,Unlocked in Milestones on tier 2 wave 60.,Workshop Utility Discount has 99 levels and is a direct percent reduction to workshop utility costs.,strong,"The retrieved snippet pins identity, unlock tier, and max-level count more clearly than the full value table.",turn418758search1
module_main,module_main,Armor Main Effect,Armor,Modules,https://the-tower-idle-tower-defense.fandom.com/wiki/Modules,module_main__armor__level,module_main__armor__max_level,module_main__armor__equipped,module_main__health__multiplier,multiplier,multiply,health,raw,module rarity/star state controls main-effect scaling and max level,Requires a module equipped in the relevant slot; module main effect is the only effect increased by leveling the module.,Main effect for armor modules is an increase to health; leveling the module increases only this main effect. Maximum level depends on module rarity and stars. Merging explicitly increases the main stat value and the main stat scaling; max level depends on rarity/star progression.,medium,"Contributor identity, slot-to-target mapping, level-driven progression, and rarity/star-driven max-level behavior are pinned. Exact regular emitted main-effect value tables remain unsourced from the wiki text pulled so far.","Modules lines 332, 357, 392-393, 438-444; Modules page main effect section and Modules/Merging page note that merging increases main stat value and main stat scaling while increasing max level."
module_main,module_main,Cannon Main Effect,Cannon,Modules,https://the-tower-idle-tower-defense.fandom.com/wiki/Modules,module_main__cannon__level,module_main__cannon__max_level,module_main__cannon__equipped,module_main__damage__multiplier,multiplier,multiply,damage,raw,module rarity/star state controls main-effect scaling and max level,Requires a module equipped in the relevant slot; module main effect is the only effect increased by leveling the module.,Main effect for cannon modules is an increase to tower damage; leveling the module increases only this main effect. Maximum level depends on module rarity and stars. Merging explicitly increases the main stat value and the main stat scaling; max level depends on rarity/star progression.,medium,"Contributor identity, slot-to-target mapping, level-driven progression, and rarity/star-driven max-level behavior are pinned. Exact regular emitted main-effect value tables remain unsourced from the wiki text pulled so far.","Modules lines 332, 357, 392-393, 438-444; Modules page main effect section and Modules/Merging page note that merging increases main stat value and main stat scaling while increasing max level."
module_main,module_main,Core Main Effect,Core,Modules,https://the-tower-idle-tower-defense.fandom.com/wiki/Modules,module_main__core__level,module_main__core__max_level,module_main__core__equipped,module_main__ultimate_weapon_damage__multiplier,multiplier,multiply,ultimate_weapon_damage_multiplier,raw,module rarity/star state controls main-effect scaling and max level,Requires a module equipped in the relevant slot; module main effect is the only effect increased by leveling the module.,Main effect for core modules is an increase to Ultimate Weapon damage; leveling the module increases only this main effect. Maximum level depends on module rarity and stars. Merging explicitly increases the main stat value and the main stat scaling; max level depends on rarity/star progression.,medium,"Contributor identity, slot-to-target mapping, level-driven progression, and rarity/star-driven max-level behavior are pinned. Exact regular emitted main-effect value tables remain unsourced from the wiki text pulled so far.","Modules lines 332, 357, 392-393, 438-444; Modules page main effect section and Modules/Merging page note that merging increases main stat value and main stat scaling while increasing max level."
module_main,module_main,Generator Main Effect,Generator,Modules,https://the-tower-idle-tower-defense.fandom.com/wiki/Modules,module_main__generator__level,module_main__generator__max_level,module_main__generator__equipped,module_main__coin_bonus__multiplier,multiplier,multiply,coin_bonus_multiplier,raw,module rarity/star state controls main-effect scaling and max level,Requires a module equipped in the relevant slot; module main effect is the only effect increased by leveling the module.,Main effect for generator modules is an increase to Coin Bonus; leveling the module increases only this main effect. Maximum level depends on module rarity and stars. Merging explicitly increases the main stat value and the main stat scaling; max level depends on rarity/star progression.,medium,"Contributor identity, slot-to-target mapping, level-driven progression, and rarity/star-driven max-level behavior are pinned. Exact regular emitted main-effect value tables remain unsourced from the wiki text pulled so far.","Modules lines 332, 357, 392-393, 438-444; Modules page main effect section and Modules/Merging page note that merging increases main stat value and main stat scaling while increasing max level."
module_sub,module_sub,Attack Range,Attack Range,Sub-Module Effects,https://the-tower-idle-tower-defense.fandom.com/wiki/Sub-Module_Effects,module_sub__attack_range__tier,module_sub__attack_range__max_tier,module_sub__attack_range__equipped,module_sub__attack_range__range_m,range_m,set_range_m,range_m,raw,—,"Module sub-module effect; available on modules, rarity of the sub-module is independent of module rarity.",Cannon sub-module adds Attack Range in meters with rarity values 2m to 30m.,strong,Value depends on sub-module rarity tier; assist-module efficiency and hard caps may further constrain realized effect.,Sub-Module Effects lines 304-309
module_sub,module_sub,Attack Speed,Attack Speed,Sub-Module Effects,https://the-tower-idle-tower-defense.fandom.com/wiki/Sub-Module_Effects,module_sub__attack_speed__tier,module_sub__attack_speed__max_tier,module_sub__attack_speed__equipped,module_sub__attack_speed__base,base,set_base,attack_speed,raw,—,"Module sub-module effect; available on modules, rarity of the sub-module is independent of module rarity.",Cannon sub-module adds Attack Speed with rarity values 0.3 to 5.,strong,Value depends on sub-module rarity tier; assist-module efficiency and hard caps may further constrain realized effect.,Sub-Module Effects lines 304-306
module_sub,module_sub,Black Hole - Cooldown,Black Hole - Cooldown,Sub-Module Effects,https://the-tower-idle-tower-defense.fandom.com/wiki/Sub-Module_Effects,module_sub__black_hole_cooldown__tier,module_sub__black_hole_cooldown__max_tier,module_sub__black_hole_cooldown__equipped,module_sub__black_hole_cooldown__cooldown_seconds_reduction,cooldown_seconds_reduction,reduce_cooldown_seconds,black_hole_cooldown_seconds,raw,—,"Module sub-module effect; available on modules, rarity of the sub-module is independent of module rarity.",Core sub-module reduces Black Hole Cooldown by 2s to 4s where available.,strong,Value depends on sub-module rarity tier; assist-module efficiency and hard caps may further constrain realized effect.,Sub-Module Effects lines 357-364
module_sub,module_sub,Black Hole - Duration,Black Hole - Duration,Sub-Module Effects,https://the-tower-idle-tower-defense.fandom.com/wiki/Sub-Module_Effects,module_sub__black_hole_duration__tier,module_sub__black_hole_duration__max_tier,module_sub__black_hole_duration__equipped,module_sub__black_hole_duration__duration_seconds_bonus,duration_seconds_bonus,add_duration_seconds,black_hole_duration_seconds,raw,—,"Module sub-module effect; available on modules, rarity of the sub-module is independent of module rarity.",Core sub-module adds Black Hole Duration by 2s to 4s where available.,strong,Value depends on sub-module rarity tier; assist-module efficiency and hard caps may further constrain realized effect.,Sub-Module Effects lines 357-363
module_sub,module_sub,Black Hole - Size,Black Hole - Size,Sub-Module Effects,https://the-tower-idle-tower-defense.fandom.com/wiki/Sub-Module_Effects,module_sub__black_hole_size__tier,module_sub__black_hole_size__max_tier,module_sub__black_hole_size__equipped,module_sub__black_hole_size__range_m,range_m,set_range_m,black_hole_size_m,raw,—,"Module sub-module effect; available on modules, rarity of the sub-module is independent of module rarity.",Core sub-module adds Black Hole Size by 2m to 12m.,strong,Value depends on sub-module rarity tier; assist-module efficiency and hard caps may further constrain realized effect.,Sub-Module Effects lines 357-362
module_sub,module_sub,Bounce Shot Chance,Bounce Shot Chance,Sub-Module Effects,https://the-tower-idle-tower-defense.fandom.com/wiki/Sub-Module_Effects,module_sub__bounce_shot_chance__tier,module_sub__bounce_shot_chance__max_tier,module_sub__bounce_shot_chance__equipped,module_sub__bounce_shot_chance__pct_bonus,pct_bonus,add_pct,bounce_shot_chance,raw,—,"Module sub-module effect; available on modules, rarity of the sub-module is independent of module rarity.",Cannon sub-module adds Bounce Shot Chance % with rarity values 2 to 12 where available.,strong,Value depends on sub-module rarity tier; assist-module efficiency and hard caps may further constrain realized effect.,Sub-Module Effects lines 315-315
module_sub,module_sub,Bounce Shot Range,Bounce Shot Range,Sub-Module Effects,https://the-tower-idle-tower-defense.fandom.com/wiki/Sub-Module_Effects,module_sub__bounce_shot_range__tier,module_sub__bounce_shot_range__max_tier,module_sub__bounce_shot_range__equipped,module_sub__bounce_shot_range__range_m_bonus,range_m_bonus,set_range_m,bounce_shot_range_m,raw,—,"Module sub-module effect; available on modules, rarity of the sub-module is independent of module rarity.",Cannon sub-module adds Bounce Shot Range with rarity values 0.5m to 2.0m where available.,strong,Value depends on sub-module rarity tier; assist-module efficiency and hard caps may further constrain realized effect.,Sub-Module Effects lines 317-317
module_sub,module_sub,Bounce Shot Targets,Bounce Shot Targets,Sub-Module Effects,https://the-tower-idle-tower-defense.fandom.com/wiki/Sub-Module_Effects,module_sub__bounce_shot_targets__tier,module_sub__bounce_shot_targets__max_tier,module_sub__bounce_shot_targets__equipped,module_sub__bounce_shot_targets__count_bonus,count_bonus,add_count,bounce_shot_targets,raw,—,"Module sub-module effect; available on modules, rarity of the sub-module is independent of module rarity.",Cannon sub-module adds Bounce Shot Targets with rarity values 1 to 4 where available.,strong,Value depends on sub-module rarity tier; assist-module efficiency and hard caps may further constrain realized effect.,Sub-Module Effects lines 316-316
module_sub,module_sub,Cash / Wave,Cash / Wave,Sub-Module Effects,https://the-tower-idle-tower-defense.fandom.com/wiki/Sub-Module_Effects,module_sub__cash_wave__tier,module_sub__cash_wave__max_tier,module_sub__cash_wave__equipped,module_sub__cash_wave__base,base,set_base,cash_per_wave,raw,—,"Module sub-module effect; available on modules, rarity of the sub-module is independent of module rarity.",Generator sub-module adds Cash / Wave with rarity values 30 to 1000.,strong,Value depends on sub-module rarity tier; assist-module efficiency and hard caps may further constrain realized effect.,Sub-Module Effects lines 342-345
module_sub,module_sub,Cash Bonus,Cash Bonus,Sub-Module Effects,https://the-tower-idle-tower-defense.fandom.com/wiki/Sub-Module_Effects,module_sub__cash_bonus__tier,module_sub__cash_bonus__max_tier,module_sub__cash_bonus__equipped,module_sub__cash_bonus__base,base,set_base,cash_bonus_multiplier,raw,—,"Module sub-module effect; available on modules, rarity of the sub-module is independent of module rarity.",Generator sub-module adds Cash Bonus with rarity values 0.1 to 2.5.,strong,Value depends on sub-module rarity tier; assist-module efficiency and hard caps may further constrain realized effect.,Sub-Module Effects lines 342-344
module_sub,module_sub,Chain Lightning - Chance,Chain Lightning - Chance,Sub-Module Effects,https://the-tower-idle-tower-defense.fandom.com/wiki/Sub-Module_Effects,module_sub__chain_lightning_chance__tier,module_sub__chain_lightning_chance__max_tier,module_sub__chain_lightning_chance__equipped,module_sub__chain_lightning_chance__pct_bonus,pct_bonus,add_pct,chain_lightning_chance,raw,—,"Module sub-module effect; available on modules, rarity of the sub-module is independent of module rarity.",Core sub-module adds Chain Lightning Chance % with rarity values 2 to 15.,strong,Value depends on sub-module rarity tier; assist-module efficiency and hard caps may further constrain realized effect.,Sub-Module Effects lines 384-384
module_sub,module_sub,Chain Lightning - Damage,Chain Lightning - Damage,Sub-Module Effects,https://the-tower-idle-tower-defense.fandom.com/wiki/Sub-Module_Effects,module_sub__chain_lightning_damage__tier,module_sub__chain_lightning_damage__max_tier,module_sub__chain_lightning_damage__equipped,module_sub__chain_lightning_damage__multiplier,multiplier,set_multiplier,chain_lightning_damage_multiplier,raw,—,"Module sub-module effect; available on modules, rarity of the sub-module is independent of module rarity.",Core sub-module adds Chain Lightning Damage with rarity values 8x to 250x.,strong,Value depends on sub-module rarity tier; assist-module efficiency and hard caps may further constrain realized effect.,Sub-Module Effects lines 382-382
module_sub,module_sub,Chain Lightning - Quantity,Chain Lightning - Quantity,Sub-Module Effects,https://the-tower-idle-tower-defense.fandom.com/wiki/Sub-Module_Effects,module_sub__chain_lightning_quantity__tier,module_sub__chain_lightning_quantity__max_tier,module_sub__chain_lightning_quantity__equipped,module_sub__chain_lightning_quantity__count_bonus,count_bonus,add_count,chain_lightning_quantity,raw,—,"Module sub-module effect; available on modules, rarity of the sub-module is independent of module rarity.",Core sub-module adds Chain Lightning Quantity with rarity values 1 to 4 where available.,strong,Value depends on sub-module rarity tier; assist-module efficiency and hard caps may further constrain realized effect.,Sub-Module Effects lines 383-383
module_sub,module_sub,Chrono Field - Cooldown,Chrono Field - Cooldown,Sub-Module Effects,https://the-tower-idle-tower-defense.fandom.com/wiki/Sub-Module_Effects,module_sub__chrono_field_cooldown__tier,module_sub__chrono_field_cooldown__max_tier,module_sub__chrono_field_cooldown__equipped,module_sub__chrono_field_cooldown__cooldown_seconds_reduction,cooldown_seconds_reduction,reduce_cooldown_seconds,chrono_field_cooldown_seconds,raw,—,"Module sub-module effect; available on modules, rarity of the sub-module is independent of module rarity.",Core sub-module reduces Chrono Field Cooldown by 4s to 10s where available.,strong,"When Chrono Field cooldown is maxed with workshop stats and/or lab, this sub effect is banned from rolls for free.",Sub-Module Effects lines 357-369
module_sub,module_sub,Chrono Field - Duration,Chrono Field - Duration,Sub-Module Effects,https://the-tower-idle-tower-defense.fandom.com/wiki/Sub-Module_Effects,module_sub__chrono_field_duration__tier,module_sub__chrono_field_duration__max_tier,module_sub__chrono_field_duration__equipped,module_sub__chrono_field_duration__duration_seconds_bonus,duration_seconds_bonus,add_duration_seconds,chrono_field_duration_seconds,raw,—,"Module sub-module effect; available on modules, rarity of the sub-module is independent of module rarity.",Core sub-module adds Chrono Field Duration by 4s to 10s where available.,strong,"When Chrono Field duration is maxed with workshop stats and/or lab, this sub effect is banned from rolls for free.",Sub-Module Effects lines 357-367
module_sub,module_sub,Chrono Field - Speed Reduction,Chrono Field - Speed Reduction,Sub-Module Effects,https://the-tower-idle-tower-defense.fandom.com/wiki/Sub-Module_Effects,module_sub__chrono_field_speed_reduction__tier,module_sub__chrono_field_speed_reduction__max_tier,module_sub__chrono_field_speed_reduction__equipped,module_sub__chrono_field_speed_reduction__pct_bonus,pct_bonus,add_pct,chrono_field_speed_reduction_pct,raw,—,"Module sub-module effect; available on modules, rarity of the sub-module is independent of module rarity.",Core sub-module adds Chrono Field Speed Reduction % with rarity values 3 to 15 where available.,strong,Additional stats from assist module sub-effects do not bypass the 90% Chrono Field slow cap.,Sub-Module Effects lines 357-368
module_sub,module_sub,Coins / Kill Bonus,Coins / Kill Bonus,Sub-Module Effects,https://the-tower-idle-tower-defense.fandom.com/wiki/Sub-Module_Effects,module_sub__coins_kill_bonus__tier,module_sub__coins_kill_bonus__max_tier,module_sub__coins_kill_bonus__equipped,module_sub__coins_kill_bonus__base,base,set_base,coins_per_kill_bonus_multiplier,raw,—,"Module sub-module effect; available on modules, rarity of the sub-module is independent of module rarity.",Generator sub-module adds Coins / Kill Bonus with rarity values 0.1 to 0.6.,strong,Value depends on sub-module rarity tier; assist-module efficiency and hard caps may further constrain realized effect.,Sub-Module Effects lines 342-346
module_sub,module_sub,Coins / Wave,Coins / Wave,Sub-Module Effects,https://the-tower-idle-tower-defense.fandom.com/wiki/Sub-Module_Effects,module_sub__coins_wave__tier,module_sub__coins_wave__max_tier,module_sub__coins_wave__equipped,module_sub__coins_wave__base,base,set_base,coins_per_wave,raw,—,"Module sub-module effect; available on modules, rarity of the sub-module is independent of module rarity.",Generator sub-module adds Coins / Wave with rarity values 20 to 350.,strong,Value depends on sub-module rarity tier; assist-module efficiency and hard caps may further constrain realized effect.,Sub-Module Effects lines 342-347
module_sub,module_sub,Crit Chance,Crit Chance,Sub-Module Effects,https://the-tower-idle-tower-defense.fandom.com/wiki/Sub-Module_Effects,module_sub__crit_chance__tier,module_sub__crit_chance__max_tier,module_sub__crit_chance__equipped,module_sub__crit_chance__pct_bonus,pct_bonus,add_pct,critical_chance,raw,—,"Module sub-module effect; available on modules, rarity of the sub-module is independent of module rarity.",Cannon sub-module adds Crit Chance % with rarity values 2 to 10.,strong,Value depends on sub-module rarity tier; assist-module efficiency and hard caps may further constrain realized effect.,Sub-Module Effects lines 304-307
module_sub,module_sub,Crit Factor,Crit Factor,Sub-Module Effects,https://the-tower-idle-tower-defense.fandom.com/wiki/Sub-Module_Effects,module_sub__crit_factor__tier,module_sub__crit_factor__max_tier,module_sub__crit_factor__equipped,module_sub__crit_factor__base,base,set_base,critical_factor,raw,—,"Module sub-module effect; available on modules, rarity of the sub-module is independent of module rarity.",Cannon sub-module adds Crit Factor with rarity values 2 to 15.,strong,Value depends on sub-module rarity tier; assist-module efficiency and hard caps may further constrain realized effect.,Sub-Module Effects lines 304-308
module_sub,module_sub,Damage / Meter,Damage / Meter,Sub-Module Effects,https://the-tower-idle-tower-defense.fandom.com/wiki/Sub-Module_Effects,module_sub__damage_meter__tier,module_sub__damage_meter__max_tier,module_sub__damage_meter__equipped,module_sub__damage_meter__base,base,set_base,damage_per_meter,raw,—,"Module sub-module effect; available on modules, rarity of the sub-module is independent of module rarity.",Cannon sub-module adds Damage / Meter with rarity values 0.005 to 0.15.,strong,Value depends on sub-module rarity tier; assist-module efficiency and hard caps may further constrain realized effect.,Sub-Module Effects lines 304-310
module_sub,module_sub,Death Defy,Death Defy,Sub-Module Effects,https://the-tower-idle-tower-defense.fandom.com/wiki/Sub-Module_Effects,module_sub__death_defy__tier,module_sub__death_defy__max_tier,module_sub__death_defy__equipped,module_sub__death_defy__chance_bonus,chance_bonus,add_chance,death_defy_chance,raw,—,"Module sub-module effect; available on modules, rarity of the sub-module is independent of module rarity.",Armor sub-module adds Death Defy chance with rarity values 1.5% to 5% where available.,strong,Additional stats from assist module sub-effects do not bypass the 40% Death Defy cap.,Sub-Module Effects lines 323-339
module_sub,module_sub,Death Wave - Cooldown,Death Wave - Cooldown,Sub-Module Effects,https://the-tower-idle-tower-defense.fandom.com/wiki/Sub-Module_Effects,module_sub__death_wave_cooldown__tier,module_sub__death_wave_cooldown__max_tier,module_sub__death_wave_cooldown__equipped,module_sub__death_wave_cooldown__cooldown_seconds_reduction,cooldown_seconds_reduction,reduce_cooldown_seconds,death_wave_cooldown_seconds,raw,—,"Module sub-module effect; available on modules, rarity of the sub-module is independent of module rarity.",Core sub-module reduces Death Wave Cooldown by 6s to 13s where available.,strong,Value depends on sub-module rarity tier; assist-module efficiency and hard caps may further constrain realized effect.,Sub-Module Effects lines 357-372
module_sub,module_sub,Death Wave - Damage,Death Wave - Damage,Sub-Module Effects,https://the-tower-idle-tower-defense.fandom.com/wiki/Sub-Module_Effects,module_sub__death_wave_damage__tier,module_sub__death_wave_damage__max_tier,module_sub__death_wave_damage__equipped,module_sub__death_wave_damage__multiplier,multiplier,set_multiplier,death_wave_damage_multiplier,raw,—,"Module sub-module effect; available on modules, rarity of the sub-module is independent of module rarity.",Core sub-module adds Death Wave Damage with rarity values 8x to 250x.,strong,Value depends on sub-module rarity tier; assist-module efficiency and hard caps may further constrain realized effect.,Sub-Module Effects lines 357-370
module_sub,module_sub,Death Wave - Quantity,Death Wave - Quantity,Sub-Module Effects,https://the-tower-idle-tower-defense.fandom.com/wiki/Sub-Module_Effects,module_sub__death_wave_quantity__tier,module_sub__death_wave_quantity__max_tier,module_sub__death_wave_quantity__equipped,module_sub__death_wave_quantity__count_bonus,count_bonus,add_count,death_wave_effect_wave_quantity,raw,—,"Module sub-module effect; available on modules, rarity of the sub-module is independent of module rarity.",Core sub-module adds Death Wave Quantity with rarity values 1 to 3 where available.,strong,Value depends on sub-module rarity tier; assist-module efficiency and hard caps may further constrain realized effect.,Sub-Module Effects lines 357-371
module_sub,module_sub,Defense,Defense,Sub-Module Effects,https://the-tower-idle-tower-defense.fandom.com/wiki/Sub-Module_Effects,module_sub__defense__tier,module_sub__defense__max_tier,module_sub__defense__equipped,module_sub__defense__pct_bonus,pct_bonus,add_pct,defense_pct,raw,—,"Module sub-module effect; available on modules, rarity of the sub-module is independent of module rarity.",Armor sub-module adds Defense % with rarity values 1 to 8.,strong,Additional stats from assist module sub-effects do not bypass the 98% defense cap.,Sub-Module Effects lines 323-326
module_sub,module_sub,Defense Absolute,Defense Absolute,Sub-Module Effects,https://the-tower-idle-tower-defense.fandom.com/wiki/Sub-Module_Effects,module_sub__defense_absolute__tier,module_sub__defense_absolute__max_tier,module_sub__defense_absolute__equipped,module_sub__defense_absolute__pct_bonus,pct_bonus,add_pct,defense_absolute,raw,—,"Module sub-module effect; available on modules, rarity of the sub-module is independent of module rarity.",Armor sub-module adds Defense Absolute % with rarity values 15 to 1000.,strong,Value depends on sub-module rarity tier; assist-module efficiency and hard caps may further constrain realized effect.,Sub-Module Effects lines 323-327
module_sub,module_sub,Enemy Attack Level Skip,Enemy Attack Level Skip,Sub-Module Effects,https://the-tower-idle-tower-defense.fandom.com/wiki/Sub-Module_Effects,module_sub__enemy_attack_level_skip__tier,module_sub__enemy_attack_level_skip__max_tier,module_sub__enemy_attack_level_skip__equipped,module_sub__enemy_attack_level_skip__pct_bonus,pct_bonus,add_pct,enemy_attack_level_skip_pct,raw,—,"Module sub-module effect; available on modules, rarity of the sub-module is independent of module rarity.",Generator sub-module adds Enemy Attack Level Skip % with rarity values 2 to 8 where available.,strong,Value depends on sub-module rarity tier; assist-module efficiency and hard caps may further constrain realized effect.,Sub-Module Effects lines 342-355
module_sub,module_sub,Enemy Health Level Skip,Enemy Health Level Skip,Sub-Module Effects,https://the-tower-idle-tower-defense.fandom.com/wiki/Sub-Module_Effects,module_sub__enemy_health_level_skip__tier,module_sub__enemy_health_level_skip__max_tier,module_sub__enemy_health_level_skip__equipped,module_sub__enemy_health_level_skip__pct_bonus,pct_bonus,add_pct,enemy_health_level_skip_pct,raw,—,"Module sub-module effect; available on modules, rarity of the sub-module is independent of module rarity.",Generator sub-module adds Enemy Health Level Skip % with rarity values 2 to 8 where available.,strong,Value depends on sub-module rarity tier; assist-module efficiency and hard caps may further constrain realized effect.,Sub-Module Effects lines 342-356
module_sub,module_sub,Free Attack Upgrade,Free Attack Upgrade,Sub-Module Effects,https://the-tower-idle-tower-defense.fandom.com/wiki/Sub-Module_Effects,module_sub__free_attack_upgrade__tier,module_sub__free_attack_upgrade__max_tier,module_sub__free_attack_upgrade__equipped,module_sub__free_attack_upgrade__chance_bonus,chance_bonus,add_chance,free_attack_upgrade_chance,raw,—,"Module sub-module effect; available on modules, rarity of the sub-module is independent of module rarity.",Generator sub-module adds Free Attack Upgrade chance with rarity values 2% to 12.,strong,Value depends on sub-module rarity tier; assist-module efficiency and hard caps may further constrain realized effect.,Sub-Module Effects lines 342-348
module_sub,module_sub,Free Defense Upgrade,Free Defense Upgrade,Sub-Module Effects,https://the-tower-idle-tower-defense.fandom.com/wiki/Sub-Module_Effects,module_sub__free_defense_upgrade__tier,module_sub__free_defense_upgrade__max_tier,module_sub__free_defense_upgrade__equipped,module_sub__free_defense_upgrade__chance_bonus,chance_bonus,add_chance,free_defense_upgrade_chance,raw,—,"Module sub-module effect; available on modules, rarity of the sub-module is independent of module rarity.",Generator sub-module adds Free Defense Upgrade chance with rarity values 2% to 12.,strong,Value depends on sub-module rarity tier; assist-module efficiency and hard caps may further constrain realized effect.,Sub-Module Effects lines 342-349
module_sub,module_sub,Free Utility Upgrade,Free Utility Upgrade,Sub-Module Effects,https://the-tower-idle-tower-defense.fandom.com/wiki/Sub-Module_Effects,module_sub__free_utility_upgrade__tier,module_sub__free_utility_upgrade__max_tier,module_sub__free_utility_upgrade__equipped,module_sub__free_utility_upgrade__chance_bonus,chance_bonus,add_chance,free_utility_upgrade_chance,raw,—,"Module sub-module effect; available on modules, rarity of the sub-module is independent of module rarity.",Generator sub-module adds Free Utility Upgrade chance with rarity values 2% to 12.,strong,Value depends on sub-module rarity tier; assist-module efficiency and hard caps may further constrain realized effect.,Sub-Module Effects lines 342-350
module_sub,module_sub,Golden Tower - Bonus,Golden Tower - Bonus,Sub-Module Effects,https://the-tower-idle-tower-defense.fandom.com/wiki/Sub-Module_Effects,module_sub__golden_tower_bonus__tier,module_sub__golden_tower_bonus__max_tier,module_sub__golden_tower_bonus__equipped,module_sub__golden_tower_bonus__base,base,set_base,golden_tower_bonus_multiplier,raw,—,"Module sub-module effect; available on modules, rarity of the sub-module is independent of module rarity.",Core sub-module adds Golden Tower Bonus with rarity values 1 to 4 where available.,strong,Value depends on sub-module rarity tier; assist-module efficiency and hard caps may further constrain realized effect.,Sub-Module Effects lines 357-359
module_sub,module_sub,Golden Tower - Cooldown,Golden Tower - Cooldown,Sub-Module Effects,https://the-tower-idle-tower-defense.fandom.com/wiki/Sub-Module_Effects,module_sub__golden_tower_cooldown__tier,module_sub__golden_tower_cooldown__max_tier,module_sub__golden_tower_cooldown__equipped,module_sub__golden_tower_cooldown__cooldown_seconds_reduction,cooldown_seconds_reduction,reduce_cooldown_seconds,golden_tower_cooldown_seconds,raw,—,"Module sub-module effect; available on modules, rarity of the sub-module is independent of module rarity.",Core sub-module reduces Golden Tower Cooldown by 5s to 12s where available.,strong,Value depends on sub-module rarity tier; assist-module efficiency and hard caps may further constrain realized effect.,Sub-Module Effects lines 357-361
module_sub,module_sub,Golden Tower - Duration,Golden Tower - Duration,Sub-Module Effects,https://the-tower-idle-tower-defense.fandom.com/wiki/Sub-Module_Effects,module_sub__golden_tower_duration__tier,module_sub__golden_tower_duration__max_tier,module_sub__golden_tower_duration__equipped,module_sub__golden_tower_duration__duration_seconds_bonus,duration_seconds_bonus,add_duration_seconds,golden_tower_duration_seconds,raw,—,"Module sub-module effect; available on modules, rarity of the sub-module is independent of module rarity.",Core sub-module adds Golden Tower Duration by 2s to 7s where available.,strong,Value depends on sub-module rarity tier; assist-module efficiency and hard caps may further constrain realized effect.,Sub-Module Effects lines 357-360
module_sub,module_sub,Health Regen,Health Regen,Sub-Module Effects,https://the-tower-idle-tower-defense.fandom.com/wiki/Sub-Module_Effects,module_sub__health_regen__tier,module_sub__health_regen__max_tier,module_sub__health_regen__equipped,module_sub__health_regen__pct_bonus,pct_bonus,add_pct,health_regen,raw,—,"Module sub-module effect; available on modules, rarity of the sub-module is independent of module rarity.",Armor sub-module adds Health Regen % with rarity values 20 to 400.,strong,Value depends on sub-module rarity tier; assist-module efficiency and hard caps may further constrain realized effect.,Sub-Module Effects lines 323-325
module_sub,module_sub,Inner Land Mines - Cooldown,Inner Land Mines - Cooldown,Sub-Module Effects,https://the-tower-idle-tower-defense.fandom.com/wiki/Sub-Module_Effects,module_sub__inner_land_mines_cooldown__tier,module_sub__inner_land_mines_cooldown__max_tier,module_sub__inner_land_mines_cooldown__equipped,module_sub__inner_land_mines_cooldown__cooldown_seconds_reduction,cooldown_seconds_reduction,reduce_cooldown_seconds,inner_land_mines_cooldown_seconds,raw,—,"Module sub-module effect; available on modules, rarity of the sub-module is independent of module rarity.",Core sub-module reduces Inner Land Mines Cooldown by 5s to 13s where available.,strong,Additional stats from assist module sub-effects do not bypass the 37s ILM cooldown cap.,Sub-Module Effects lines 378-378
module_sub,module_sub,Inner Land Mines - Damage,Inner Land Mines - Damage,Sub-Module Effects,https://the-tower-idle-tower-defense.fandom.com/wiki/Sub-Module_Effects,module_sub__inner_land_mines_damage__tier,module_sub__inner_land_mines_damage__max_tier,module_sub__inner_land_mines_damage__equipped,module_sub__inner_land_mines_damage__multiplier,multiplier,set_multiplier,inner_land_mines_damage_multiplier,raw,—,"Module sub-module effect; available on modules, rarity of the sub-module is independent of module rarity.",Core sub-module adds Inner Land Mines Damage with rarity values 8x to 250x.,strong,Value depends on sub-module rarity tier; assist-module efficiency and hard caps may further constrain realized effect.,Sub-Module Effects lines 376-376
module_sub,module_sub,Inner Land Mines - Quantity,Inner Land Mines - Quantity,Sub-Module Effects,https://the-tower-idle-tower-defense.fandom.com/wiki/Sub-Module_Effects,module_sub__inner_land_mines_quantity__tier,module_sub__inner_land_mines_quantity__max_tier,module_sub__inner_land_mines_quantity__equipped,module_sub__inner_land_mines_quantity__count_bonus,count_bonus,add_count,inner_land_mines_quantity,raw,—,"Module sub-module effect; available on modules, rarity of the sub-module is independent of module rarity.",Core sub-module adds Inner Land Mines Quantity with rarity values 1 to 3 where available.,strong,Value depends on sub-module rarity tier; assist-module efficiency and hard caps may further constrain realized effect.,Sub-Module Effects lines 377-377
module_sub,module_sub,Interest / Wave,Interest / Wave,Sub-Module Effects,https://the-tower-idle-tower-defense.fandom.com/wiki/Sub-Module_Effects,module_sub__interest_wave__tier,module_sub__interest_wave__max_tier,module_sub__interest_wave__equipped,module_sub__interest_wave__pct_bonus,pct_bonus,add_pct,interest_per_wave_pct,raw,—,"Module sub-module effect; available on modules, rarity of the sub-module is independent of module rarity.",Generator sub-module adds Interest / Wave % with rarity values 2 to 8 where available.,strong,Value depends on sub-module rarity tier; assist-module efficiency and hard caps may further constrain realized effect.,Sub-Module Effects lines 342-351
module_sub,module_sub,Knockback Chance,Knockback Chance,Sub-Module Effects,https://the-tower-idle-tower-defense.fandom.com/wiki/Sub-Module_Effects,module_sub__knockback_chance__tier,module_sub__knockback_chance__max_tier,module_sub__knockback_chance__equipped,module_sub__knockback_chance__pct_bonus,pct_bonus,add_pct,knockback_chance,raw,—,"Module sub-module effect; available on modules, rarity of the sub-module is independent of module rarity.",Armor sub-module adds Knockback Chance % with rarity values 2 to 9 where available.,strong,Value depends on sub-module rarity tier; assist-module efficiency and hard caps may further constrain realized effect.,Sub-Module Effects lines 323-330
module_sub,module_sub,Knockback Force,Knockback Force,Sub-Module Effects,https://the-tower-idle-tower-defense.fandom.com/wiki/Sub-Module_Effects,module_sub__knockback_force__tier,module_sub__knockback_force__max_tier,module_sub__knockback_force__equipped,module_sub__knockback_force__base,base,set_base,knockback_force,raw,—,"Module sub-module effect; available on modules, rarity of the sub-module is independent of module rarity.",Armor sub-module adds Knockback Force with rarity values 0.1 to 1.5 where available.,strong,Value depends on sub-module rarity tier; assist-module efficiency and hard caps may further constrain realized effect.,Sub-Module Effects lines 323-331
module_sub,module_sub,Land Mine Chance,Land Mine Chance,Sub-Module Effects,https://the-tower-idle-tower-defense.fandom.com/wiki/Sub-Module_Effects,module_sub__land_mine_chance__tier,module_sub__land_mine_chance__max_tier,module_sub__land_mine_chance__equipped,module_sub__land_mine_chance__pct_bonus,pct_bonus,add_pct,land_mine_chance,raw,—,"Module sub-module effect; available on modules, rarity of the sub-module is independent of module rarity.",Armor sub-module adds Land Mine Chance % with rarity values 1.5 to 12 where available.,strong,Value depends on sub-module rarity tier; assist-module efficiency and hard caps may further constrain realized effect.,Sub-Module Effects lines 323-337
module_sub,module_sub,Land Mine Damage,Land Mine Damage,Sub-Module Effects,https://the-tower-idle-tower-defense.fandom.com/wiki/Sub-Module_Effects,module_sub__land_mine_damage__tier,module_sub__land_mine_damage__max_tier,module_sub__land_mine_damage__equipped,module_sub__land_mine_damage__pct_bonus,pct_bonus,add_pct,land_mine_damage,raw,—,"Module sub-module effect; available on modules, rarity of the sub-module is independent of module rarity.",Armor sub-module adds Land Mine Damage % with rarity values 30 to 800 where available.,strong,Value depends on sub-module rarity tier; assist-module efficiency and hard caps may further constrain realized effect.,Sub-Module Effects lines 323-336
module_sub,module_sub,Land Mine Radius,Land Mine Radius,Sub-Module Effects,https://the-tower-idle-tower-defense.fandom.com/wiki/Sub-Module_Effects,module_sub__land_mine_radius__tier,module_sub__land_mine_radius__max_tier,module_sub__land_mine_radius__equipped,module_sub__land_mine_radius__base,base,set_base,land_mine_radius,raw,—,"Module sub-module effect; available on modules, rarity of the sub-module is independent of module rarity.",Armor sub-module adds Land Mine Radius with rarity values 0.1 to 1.0 where available.,strong,Value depends on sub-module rarity tier; assist-module efficiency and hard caps may further constrain realized effect.,Sub-Module Effects lines 323-338
module_sub,module_sub,Lifesteal,Lifesteal,Sub-Module Effects,https://the-tower-idle-tower-defense.fandom.com/wiki/Sub-Module_Effects,module_sub__lifesteal__tier,module_sub__lifesteal__max_tier,module_sub__lifesteal__equipped,module_sub__lifesteal__pct_bonus,pct_bonus,add_pct,lifesteal,raw,—,"Module sub-module effect; available on modules, rarity of the sub-module is independent of module rarity.",Armor sub-module adds Lifesteal % with rarity values 0.3 to 2.0 where available.,strong,Value depends on sub-module rarity tier; assist-module efficiency and hard caps may further constrain realized effect.,Sub-Module Effects lines 323-329
module_sub,module_sub,Max Recovery,Max Recovery,Sub-Module Effects,https://the-tower-idle-tower-defense.fandom.com/wiki/Sub-Module_Effects,module_sub__max_recovery__tier,module_sub__max_recovery__max_tier,module_sub__max_recovery__equipped,module_sub__max_recovery__base,base,set_base,max_recovery_multiplier,raw,—,"Module sub-module effect; available on modules, rarity of the sub-module is independent of module rarity.",Generator sub-module adds Max Recovery with rarity values 0.4 to 1.5 where available.,strong,Value depends on sub-module rarity tier; assist-module efficiency and hard caps may further constrain realized effect.,Sub-Module Effects lines 342-353
module_sub,module_sub,Max Rend Armor Multi,Max Rend Armor Multi,Sub-Module Effects,https://the-tower-idle-tower-defense.fandom.com/wiki/Sub-Module_Effects,module_sub__max_rend_armor_multi__tier,module_sub__max_rend_armor_multi__max_tier,module_sub__max_rend_armor_multi__equipped,module_sub__max_rend_armor_multi__pct_bonus,pct_bonus,add_pct,rend_armor_max,raw,—,"Module sub-module effect; available on modules, rarity of the sub-module is independent of module rarity.",Cannon sub-module adds Max Rend Armor Multi % with rarity values 200 to 500 where available.,strong,Value depends on sub-module rarity tier; assist-module efficiency and hard caps may further constrain realized effect.,Sub-Module Effects lines 322-322
module_sub,module_sub,Multishot Chance,Multishot Chance,Sub-Module Effects,https://the-tower-idle-tower-defense.fandom.com/wiki/Sub-Module_Effects,module_sub__multishot_chance__tier,module_sub__multishot_chance__max_tier,module_sub__multishot_chance__equipped,module_sub__multishot_chance__pct_bonus,pct_bonus,add_pct,multishot_chance,raw,—,"Module sub-module effect; available on modules, rarity of the sub-module is independent of module rarity.",Cannon sub-module adds Multishot Chance % with rarity values 3 to 13 where available.,strong,Value depends on sub-module rarity tier; assist-module efficiency and hard caps may further constrain realized effect.,Sub-Module Effects lines 311-311
module_sub,module_sub,Multishot Targets,Multishot Targets,Sub-Module Effects,https://the-tower-idle-tower-defense.fandom.com/wiki/Sub-Module_Effects,module_sub__multishot_targets__tier,module_sub__multishot_targets__max_tier,module_sub__multishot_targets__equipped,module_sub__multishot_targets__count_bonus,count_bonus,add_count,multishot_targets,raw,—,"Module sub-module effect; available on modules, rarity of the sub-module is independent of module rarity.",Cannon sub-module adds Multishot Targets with rarity values 1 to 4 where available.,strong,Value depends on sub-module rarity tier; assist-module efficiency and hard caps may further constrain realized effect.,Sub-Module Effects lines 312-312
module_sub,module_sub,Orb Speed,Orb Speed,Sub-Module Effects,https://the-tower-idle-tower-defense.fandom.com/wiki/Sub-Module_Effects,module_sub__orb_speed__tier,module_sub__orb_speed__max_tier,module_sub__orb_speed__equipped,module_sub__orb_speed__base,base,set_base,orb_speed,raw,—,"Module sub-module effect; available on modules, rarity of the sub-module is independent of module rarity.",Armor sub-module adds Orb Speed with rarity values 1 to 3 where available.,strong,Value depends on sub-module rarity tier; assist-module efficiency and hard caps may further constrain realized effect.,Sub-Module Effects lines 323-332
module_sub,module_sub,Orbs,Orbs,Sub-Module Effects,https://the-tower-idle-tower-defense.fandom.com/wiki/Sub-Module_Effects,module_sub__orbs__tier,module_sub__orbs__max_tier,module_sub__orbs__equipped,module_sub__orbs__count_bonus,count_bonus,add_count,orbs,raw,—,"Module sub-module effect; available on modules, rarity of the sub-module is independent of module rarity.",Armor sub-module adds Orbs with rarity values 1 to 2 where available.,strong,Value depends on sub-module rarity tier; assist-module efficiency and hard caps may further constrain realized effect.,Sub-Module Effects lines 323-333
module_sub,module_sub,Package Chance,Package Chance,Sub-Module Effects,https://the-tower-idle-tower-defense.fandom.com/wiki/Sub-Module_Effects,module_sub__package_chance__tier,module_sub__package_chance__max_tier,module_sub__package_chance__equipped,module_sub__package_chance__chance_bonus,chance_bonus,add_chance,package_chance,raw,—,"Module sub-module effect; available on modules, rarity of the sub-module is independent of module rarity.",Generator sub-module adds Package Chance % with rarity values 5 to 15 where available.,strong,Value depends on sub-module rarity tier; assist-module efficiency and hard caps may further constrain realized effect.,Sub-Module Effects lines 342-354
module_sub,module_sub,Poison Swamp - Cooldown,Poison Swamp - Cooldown,Sub-Module Effects,https://the-tower-idle-tower-defense.fandom.com/wiki/Sub-Module_Effects,module_sub__poison_swamp_cooldown__tier,module_sub__poison_swamp_cooldown__max_tier,module_sub__poison_swamp_cooldown__equipped,module_sub__poison_swamp_cooldown__cooldown_seconds_reduction,cooldown_seconds_reduction,reduce_cooldown_seconds,poison_swamp_cooldown_seconds,raw,—,"Module sub-module effect; available on modules, rarity of the sub-module is independent of module rarity.",Core sub-module reduces Poison Swamp Cooldown by 2s to 10s where available.,strong,Value depends on sub-module rarity tier; assist-module efficiency and hard caps may further constrain realized effect.,Sub-Module Effects lines 381-381
module_sub,module_sub,Poison Swamp - Damage,Poison Swamp - Damage,Sub-Module Effects,https://the-tower-idle-tower-defense.fandom.com/wiki/Sub-Module_Effects,module_sub__poison_swamp_damage__tier,module_sub__poison_swamp_damage__max_tier,module_sub__poison_swamp_damage__equipped,module_sub__poison_swamp_damage__multiplier,multiplier,set_multiplier,poison_swamp_damage_multiplier,raw,—,"Module sub-module effect; available on modules, rarity of the sub-module is independent of module rarity.",Core sub-module adds Poison Swamp Damage with rarity values 8x to 250x.,strong,Value depends on sub-module rarity tier; assist-module efficiency and hard caps may further constrain realized effect.,Sub-Module Effects lines 379-379
module_sub,module_sub,Poison Swamp - Duration,Poison Swamp - Duration,Sub-Module Effects,https://the-tower-idle-tower-defense.fandom.com/wiki/Sub-Module_Effects,module_sub__poison_swamp_duration__tier,module_sub__poison_swamp_duration__max_tier,module_sub__poison_swamp_duration__equipped,module_sub__poison_swamp_duration__duration_seconds_bonus,duration_seconds_bonus,add_duration_seconds,poison_swamp_duration_seconds,raw,—,"Module sub-module effect; available on modules, rarity of the sub-module is independent of module rarity.",Core sub-module adds Poison Swamp Duration by 2s to 10s where available.,strong,Value depends on sub-module rarity tier; assist-module efficiency and hard caps may further constrain realized effect.,Sub-Module Effects lines 380-380
module_sub,module_sub,Rapid Fire Chance,Rapid Fire Chance,Sub-Module Effects,https://the-tower-idle-tower-defense.fandom.com/wiki/Sub-Module_Effects,module_sub__rapid_fire_chance__tier,module_sub__rapid_fire_chance__max_tier,module_sub__rapid_fire_chance__equipped,module_sub__rapid_fire_chance__pct_bonus,pct_bonus,add_pct,rapid_fire_chance,raw,—,"Module sub-module effect; available on modules, rarity of the sub-module is independent of module rarity.",Cannon sub-module adds Rapid Fire Chance % with rarity values 2 to 12 where available.,strong,Value depends on sub-module rarity tier; assist-module efficiency and hard caps may further constrain realized effect.,Sub-Module Effects lines 313-313
module_sub,module_sub,Rapid Fire Duration,Rapid Fire Duration,Sub-Module Effects,https://the-tower-idle-tower-defense.fandom.com/wiki/Sub-Module_Effects,module_sub__rapid_fire_duration__tier,module_sub__rapid_fire_duration__max_tier,module_sub__rapid_fire_duration__equipped,module_sub__rapid_fire_duration__duration_seconds_bonus,duration_seconds_bonus,add_duration_seconds,rapid_fire_duration_seconds,raw,—,"Module sub-module effect; available on modules, rarity of the sub-module is independent of module rarity.",Cannon sub-module adds Rapid Fire Duration with rarity values 0.4s to 3.5s where available.,strong,Value depends on sub-module rarity tier; assist-module efficiency and hard caps may further constrain realized effect.,Sub-Module Effects lines 314-314
module_sub,module_sub,Recovery Amount,Recovery Amount,Sub-Module Effects,https://the-tower-idle-tower-defense.fandom.com/wiki/Sub-Module_Effects,module_sub__recovery_amount__tier,module_sub__recovery_amount__max_tier,module_sub__recovery_amount__equipped,module_sub__recovery_amount__pct_bonus,pct_bonus,add_pct,recovery_amount_pct,raw,—,"Module sub-module effect; available on modules, rarity of the sub-module is independent of module rarity.",Generator sub-module adds Recovery Amount % with rarity values 3 to 10 where available.,strong,Value depends on sub-module rarity tier; assist-module efficiency and hard caps may further constrain realized effect.,Sub-Module Effects lines 342-352
module_sub,module_sub,Rend Armor Chance,Rend Armor Chance,Sub-Module Effects,https://the-tower-idle-tower-defense.fandom.com/wiki/Sub-Module_Effects,module_sub__rend_armor_chance__tier,module_sub__rend_armor_chance__max_tier,module_sub__rend_armor_chance__equipped,module_sub__rend_armor_chance__pct_bonus,pct_bonus,add_pct,rend_armor_chance,raw,—,"Module sub-module effect; available on modules, rarity of the sub-module is independent of module rarity.",Cannon sub-module adds Rend Armor Chance % with rarity values 2 to 8 where available.,strong,Value depends on sub-module rarity tier; assist-module efficiency and hard caps may further constrain realized effect.,Sub-Module Effects lines 320-320
module_sub,module_sub,Rend Armor Multi,Rend Armor Multi,Sub-Module Effects,https://the-tower-idle-tower-defense.fandom.com/wiki/Sub-Module_Effects,module_sub__rend_armor_multi__tier,module_sub__rend_armor_multi__max_tier,module_sub__rend_armor_multi__equipped,module_sub__rend_armor_multi__pct_bonus,pct_bonus,add_pct,rend_armor_mult,raw,—,"Module sub-module effect; available on modules, rarity of the sub-module is independent of module rarity.",Cannon sub-module adds Rend Armor Multi % with rarity values 2 to 8 where available.,strong,Value depends on sub-module rarity tier; assist-module efficiency and hard caps may further constrain realized effect.,Sub-Module Effects lines 321-321
module_sub,module_sub,Shockwave Frequency,Shockwave Frequency,Sub-Module Effects,https://the-tower-idle-tower-defense.fandom.com/wiki/Sub-Module_Effects,module_sub__shockwave_frequency__tier,module_sub__shockwave_frequency__max_tier,module_sub__shockwave_frequency__equipped,module_sub__shockwave_frequency__interval_seconds_reduction,interval_seconds_reduction,reduce_interval_seconds,shockwave_interval_seconds,raw,—,"Module sub-module effect; available on modules, rarity of the sub-module is independent of module rarity.",Armor sub-module reduces Shockwave Frequency by 1s to 4s where available.,strong,Additional stats from assist module sub-effects do not bypass the 7s Shockwave Frequency hard cap.,Sub-Module Effects lines 323-335
module_sub,module_sub,Shockwave Size,Shockwave Size,Sub-Module Effects,https://the-tower-idle-tower-defense.fandom.com/wiki/Sub-Module_Effects,module_sub__shockwave_size__tier,module_sub__shockwave_size__max_tier,module_sub__shockwave_size__equipped,module_sub__shockwave_size__base,base,set_base,shockwave_size,raw,—,"Module sub-module effect; available on modules, rarity of the sub-module is independent of module rarity.",Armor sub-module adds Shockwave Size with rarity values 0.1 to 1.0 where available.,strong,Value depends on sub-module rarity tier; assist-module efficiency and hard caps may further constrain realized effect.,Sub-Module Effects lines 323-334
module_sub,module_sub,Smart Missiles - Cooldown,Smart Missiles - Cooldown,Sub-Module Effects,https://the-tower-idle-tower-defense.fandom.com/wiki/Sub-Module_Effects,module_sub__smart_missiles_cooldown__tier,module_sub__smart_missiles_cooldown__max_tier,module_sub__smart_missiles_cooldown__equipped,module_sub__smart_missiles_cooldown__cooldown_seconds_reduction,cooldown_seconds_reduction,reduce_cooldown_seconds,smart_missiles_cooldown_seconds,raw,—,"Module sub-module effect; available on modules, rarity of the sub-module is independent of module rarity.",Core sub-module reduces Smart Missiles Cooldown by 2s to 6s where available.,strong,Value depends on sub-module rarity tier; assist-module efficiency and hard caps may further constrain realized effect.,Sub-Module Effects lines 375-375
module_sub,module_sub,Smart Missiles - Damage,Smart Missiles - Damage,Sub-Module Effects,https://the-tower-idle-tower-defense.fandom.com/wiki/Sub-Module_Effects,module_sub__smart_missiles_damage__tier,module_sub__smart_missiles_damage__max_tier,module_sub__smart_missiles_damage__equipped,module_sub__smart_missiles_damage__multiplier,multiplier,set_multiplier,smart_missiles_damage_multiplier,raw,—,"Module sub-module effect; available on modules, rarity of the sub-module is independent of module rarity.",Core sub-module adds Smart Missiles Damage with rarity values 8 to 250.,strong,Value depends on sub-module rarity tier; assist-module efficiency and hard caps may further constrain realized effect.,Sub-Module Effects lines 373-373
module_sub,module_sub,Smart Missiles - Quantity,Smart Missiles - Quantity,Sub-Module Effects,https://the-tower-idle-tower-defense.fandom.com/wiki/Sub-Module_Effects,module_sub__smart_missiles_quantity__tier,module_sub__smart_missiles_quantity__max_tier,module_sub__smart_missiles_quantity__equipped,module_sub__smart_missiles_quantity__count_bonus,count_bonus,add_count,smart_missiles_quantity,raw,—,"Module sub-module effect; available on modules, rarity of the sub-module is independent of module rarity.",Core sub-module adds Smart Missiles Quantity with rarity values 1 to 5 where available.,strong,Value depends on sub-module rarity tier; assist-module efficiency and hard caps may further constrain realized effect.,Sub-Module Effects lines 374-374
module_sub,module_sub,Spotlight - Angle,Spotlight - Angle,Sub-Module Effects,https://the-tower-idle-tower-defense.fandom.com/wiki/Sub-Module_Effects,module_sub__spotlight_angle__tier,module_sub__spotlight_angle__max_tier,module_sub__spotlight_angle__equipped,module_sub__spotlight_angle__angle_degrees,angle_degrees,set_angle_degrees,spotlight_angle_degrees,raw,—,"Module sub-module effect; available on modules, rarity of the sub-module is independent of module rarity.",Core sub-module adds Spotlight Angle with rarity values 3 to 15 degrees where available.,strong,Value depends on sub-module rarity tier; assist-module efficiency and hard caps may further constrain realized effect.,Sub-Module Effects lines 357-366
module_sub,module_sub,Spotlight - Bonus,Spotlight - Bonus,Sub-Module Effects,https://the-tower-idle-tower-defense.fandom.com/wiki/Sub-Module_Effects,module_sub__spotlight_bonus__tier,module_sub__spotlight_bonus__max_tier,module_sub__spotlight_bonus__equipped,module_sub__spotlight_bonus__base,base,set_base,spotlight_bonus_multiplier,raw,—,"Module sub-module effect; available on modules, rarity of the sub-module is independent of module rarity.",Core sub-module adds Spotlight Bonus with rarity values 1.2 to 20.,strong,Value depends on sub-module rarity tier; assist-module efficiency and hard caps may further constrain realized effect.,Sub-Module Effects lines 357-365
module_sub,module_sub,Super Crit Chance,Super Crit Chance,Sub-Module Effects,https://the-tower-idle-tower-defense.fandom.com/wiki/Sub-Module_Effects,module_sub__super_crit_chance__tier,module_sub__super_crit_chance__max_tier,module_sub__super_crit_chance__equipped,module_sub__super_crit_chance__pct_bonus,pct_bonus,add_pct,super_crit_chance,raw,—,"Module sub-module effect; available on modules, rarity of the sub-module is independent of module rarity.",Cannon sub-module adds Super Crit Chance % with rarity values 3 to 10 where available.,strong,Value depends on sub-module rarity tier; assist-module efficiency and hard caps may further constrain realized effect.,Sub-Module Effects lines 318-318
module_sub,module_sub,Super Crit Multi,Super Crit Multi,Sub-Module Effects,https://the-tower-idle-tower-defense.fandom.com/wiki/Sub-Module_Effects,module_sub__super_crit_multi__tier,module_sub__super_crit_multi__max_tier,module_sub__super_crit_multi__equipped,module_sub__super_crit_multi__base,base,set_base,super_crit_multiplier,raw,—,"Module sub-module effect; available on modules, rarity of the sub-module is independent of module rarity.",Cannon sub-module adds Super Crit Multi with rarity values 2 to 7 where available.,strong,Value depends on sub-module rarity tier; assist-module efficiency and hard caps may further constrain realized effect.,Sub-Module Effects lines 319-319
module_sub,module_sub,Thorns Damage,Thorns Damage,Sub-Module Effects,https://the-tower-idle-tower-defense.fandom.com/wiki/Sub-Module_Effects,module_sub__thorns_damage__tier,module_sub__thorns_damage__max_tier,module_sub__thorns_damage__equipped,module_sub__thorns_damage__base,base,set_base,thorns,raw,—,"Module sub-module effect; available on modules, rarity of the sub-module is independent of module rarity.",Armor sub-module adds Thorns Damage with rarity values 2 to 10 where available.,strong,Value depends on sub-module rarity tier; assist-module efficiency and hard caps may further constrain realized effect.,Sub-Module Effects lines 323-328
module_sub,module_sub,Wall Health,Wall Health,Sub-Module Effects,https://the-tower-idle-tower-defense.fandom.com/wiki/Sub-Module_Effects,module_sub__wall_health__tier,module_sub__wall_health__max_tier,module_sub__wall_health__equipped,module_sub__wall_health__pct_bonus,pct_bonus,add_pct,wall_health,raw,—,"Module sub-module effect; available on modules, rarity of the sub-module is independent of module rarity.",Armor sub-module adds Wall Health % with rarity values 20 to 120 where available.,strong,Value depends on sub-module rarity tier; assist-module efficiency and hard caps may further constrain realized effect.,Sub-Module Effects lines 323-340
module_sub,module_sub,Wall Rebuild,Wall Rebuild,Sub-Module Effects,https://the-tower-idle-tower-defense.fandom.com/wiki/Sub-Module_Effects,module_sub__wall_rebuild__tier,module_sub__wall_rebuild__max_tier,module_sub__wall_rebuild__equipped,module_sub__wall_rebuild__interval_seconds_reduction,interval_seconds_reduction,reduce_interval_seconds,wall_rebuild_seconds,raw,—,"Module sub-module effect; available on modules, rarity of the sub-module is independent of module rarity.",Armor sub-module reduces Wall Rebuild by 20s to 100s where available.,strong,Additional stats from assist module sub-effects do not bypass the 150s Wall Rebuild cap.,Sub-Module Effects lines 323-341
module_unique,module_unique,Duration,Amplifying Strike,Epic Module Unique Effect,https://the-tower-idle-tower-defense.fandom.com/wiki/Epic_Module_Unique_Effect,module_unique__amplifying_strike__tier,module_unique__amplifying_strike__max_tier,module_unique__amplifying_strike__equipped,module_unique__amplifying_strike__duration__duration_seconds,duration_seconds,set_duration_seconds,amplifying_strike_duration_seconds,raw,damage,Epic modules drawn as epics have a unique effect; merging rares to epic does not create unique abilities.,"Amplifying Strike causes killing a boss or elite to increase Tower Damage by 5x for [x]s, with rarity values 5, 11, 18, 26.",strong,Row captures the direct scaled unique-effect parameter from the wiki; fixed non-scaled behavior terms are kept in the semantic note rather than split into separate contributors.,Epic Module Unique Effect lines 307-310
module_unique,module_unique,Shockwave Vulnerability Multiplier,Anti-Cube Portal,Epic Module Unique Effect,https://the-tower-idle-tower-defense.fandom.com/wiki/Epic_Module_Unique_Effect,module_unique__anti_cube_portal__tier,module_unique__anti_cube_portal__max_tier,module_unique__anti_cube_portal__equipped,module_unique__anti_cube_portal__shockwave_vulnerability_multiplier__multiplier,multiplier,set_multiplier,shockwave_vulnerability_multiplier,raw,—,Epic modules drawn as epics have a unique effect; merging rares to epic does not create unique abilities.,"Anti-Cube Portal makes enemies take [x]x damage for 7s after they are hit by a shockwave, with rarity values 10, 15, 20, 25.",strong,Row captures the direct scaled unique-effect parameter from the wiki; fixed non-scaled behavior terms are kept in the semantic note rather than split into separate contributors.,Epic Module Unique Effect lines 311-313
module_unique,module_unique,Bounce Damage Per Bounce,Astral Deliverance,Epic Module Unique Effect,https://the-tower-idle-tower-defense.fandom.com/wiki/Epic_Module_Unique_Effect,module_unique__astral_deliverance__tier,module_unique__astral_deliverance__max_tier,module_unique__astral_deliverance__equipped,module_unique__astral_deliverance__bounce_damage_per_bounce__pct,pct,set_pct,bounce_shot_damage_per_bounce_pct,raw,bounce_shot_targets,Epic modules drawn as epics have a unique effect; merging rares to epic does not create unique abilities.,"Astral Deliverance causes each bounce to increase projectile damage by [x]% with rarity values 20, 40, 60, 80.",strong,Row captures the direct scaled unique-effect parameter from the wiki; fixed non-scaled behavior terms are kept in the semantic note rather than split into separate contributors.,Epic Module Unique Effect lines 300-302
module_unique,module_unique,Bounce Shot Range Ratio,Astral Deliverance,Epic Module Unique Effect,https://the-tower-idle-tower-defense.fandom.com/wiki/Epic_Module_Unique_Effect,module_unique__astral_deliverance__tier,module_unique__astral_deliverance__max_tier,module_unique__astral_deliverance__equipped,module_unique__astral_deliverance__bounce_shot_range_ratio__ratio,ratio,apply_ratio,bounce_shot_range_ratio,raw,"range_m, bounce_shot_range_m",Epic modules drawn as epics have a unique effect; merging rares to epic does not create unique abilities.,Astral Deliverance increases bounce shot range by 3% of the tower’s total range; the scaled table value applies to per-bounce projectile damage increase separately.,strong,Row captures the direct scaled unique-effect parameter from the wiki; fixed non-scaled behavior terms are kept in the semantic note rather than split into separate contributors.,Epic Module Unique Effect lines 300-302
module_unique,module_unique,Guaranteed Super Crit Attacks,Being Annihilator,Epic Module Unique Effect,https://the-tower-idle-tower-defense.fandom.com/wiki/Epic_Module_Unique_Effect,module_unique__being_annihilator__tier,module_unique__being_annihilator__max_tier,module_unique__being_annihilator__equipped,module_unique__being_annihilator__guaranteed_super_crit_attacks__count,count,set_count,being_annihilator_guaranteed_supercrit_attacks,raw,—,Epic modules drawn as epics have a unique effect; merging rares to epic does not create unique abilities.,"Being Annihilator makes the next [x] attacks guaranteed super crits when you super crit, with rarity values 3, 4, 5, 6.",strong,Row captures the direct scaled unique-effect parameter from the wiki; fixed non-scaled behavior terms are kept in the semantic note rather than split into separate contributors.,Epic Module Unique Effect lines 303-303
module_unique,module_unique,Free Upgrade Coin Kill Bonus Per Upgrade Pct,Black Hole Digestor,Epic Module Unique Effect,https://the-tower-idle-tower-defense.fandom.com/wiki/Epic_Module_Unique_Effect,module_unique__black_hole_digestor__tier,module_unique__black_hole_digestor__max_tier,module_unique__black_hole_digestor__equipped,module_unique__black_hole_digestor__free_upgrade_coin_kill_bonus_per_upgrade_pct__pct,pct,set_pct,free_upgrade_coin_kill_bonus_per_upgrade_pct,raw,"free_attack_upgrade_chance, free_defense_upgrade_chance, free_utility_upgrade_chance",Epic modules drawn as epics have a unique effect; merging rares to epic does not create unique abilities.,"Black Hole Digestor temporarily grants [x]% extra Coins/Kill Bonus for each free upgrade triggered on the current wave, with rarity values 3, 5, 7, 10.",strong,Row captures the direct scaled unique-effect parameter from the wiki; fixed non-scaled behavior terms are kept in the semantic note rather than split into separate contributors.,Epic Module Unique Effect lines 328-333
module_unique,module_unique,Death Mark Chance,Death Penalty,Epic Module Unique Effect,https://the-tower-idle-tower-defense.fandom.com/wiki/Epic_Module_Unique_Effect,module_unique__death_penalty__tier,module_unique__death_penalty__max_tier,module_unique__death_penalty__equipped,module_unique__death_penalty__death_mark_chance__chance,chance,set_chance,death_penalty_mark_chance,raw,—,Epic modules drawn as epics have a unique effect; merging rares to epic does not create unique abilities.,"Death Penalty gives [x]% chance to mark an enemy for death when it spawns, causing the first hit to destroy it, with rarity values 5, 8, 11, 15.",strong,Row captures the direct scaled unique-effect parameter from the wiki; fixed non-scaled behavior terms are kept in the semantic note rather than split into separate contributors.,Epic Module Unique Effect lines 304-304
module_unique,module_unique,Shock Max Stacks,Dimension Core,Epic Module Unique Effect,https://the-tower-idle-tower-defense.fandom.com/wiki/Epic_Module_Unique_Effect,module_unique__dimension_core__tier,module_unique__dimension_core__max_tier,module_unique__dimension_core__equipped,module_unique__dimension_core__shock_max_stacks__count,count,set_count,shock_max_stacks,raw,"chain_lightning_chance, chain_lightning_damage_multiplier",Epic modules drawn as epics have a unique effect; merging rares to epic does not create unique abilities.,"Dimension Core doubles shock chance and multiplier for Chain Lightning and lets shock multiplier stack on the same enemy up to max stack [x], with rarity values 5, 10, 15, 20.",strong,Row captures the direct scaled unique-effect parameter from the wiki; fixed non-scaled behavior terms are kept in the semantic note rather than split into separate contributors.,Epic Module Unique Effect lines 340-345
module_unique,module_unique,UW Cooldown Reduction On Package,Galaxy Compressor,Epic Module Unique Effect,https://the-tower-idle-tower-defense.fandom.com/wiki/Epic_Module_Unique_Effect,module_unique__galaxy_compressor__tier,module_unique__galaxy_compressor__max_tier,module_unique__galaxy_compressor__equipped,module_unique__galaxy_compressor__uw_cooldown_reduction_on_package__cooldown_seconds_reduction,cooldown_seconds_reduction,reduce_cooldown_seconds,uw_cooldown_package_reduction_seconds,raw,package_chance,Epic modules drawn as epics have a unique effect; merging rares to epic does not create unique abilities.,"Galaxy Compressor makes collecting a recovery package reduce the cooldown of all Ultimate Weapons except Poison Swamp by [x]s, with rarity values 10, 13, 17, 20.",strong,Row captures the direct scaled unique-effect parameter from the wiki; fixed non-scaled behavior terms are kept in the semantic note rather than split into separate contributors.,Epic Module Unique Effect lines 325-326
module_unique,module_unique,Poison Miss Attack Chance,Harmony Conductor,Epic Module Unique Effect,https://the-tower-idle-tower-defense.fandom.com/wiki/Epic_Module_Unique_Effect,module_unique__harmony_conductor__tier,module_unique__harmony_conductor__max_tier,module_unique__harmony_conductor__equipped,module_unique__harmony_conductor__poison_miss_attack_chance__chance,chance,set_chance,poison_miss_attack_chance,raw,—,Epic modules drawn as epics have a unique effect; merging rares to epic does not create unique abilities.,"Harmony Conductor gives poisoned enemies [x]% chance to miss-attack, halved for bosses, with rarity values 15, 20, 25, 30.",strong,Row captures the direct scaled unique-effect parameter from the wiki; fixed non-scaled behavior terms are kept in the semantic note rather than split into separate contributors.,Epic Module Unique Effect lines 339-339
module_unique,module_unique,Rend Instantly Max Chance,Havoc Bringer,Epic Module Unique Effect,https://the-tower-idle-tower-defense.fandom.com/wiki/Epic_Module_Unique_Effect,module_unique__havoc_bringer__tier,module_unique__havoc_bringer__max_tier,module_unique__havoc_bringer__equipped,module_unique__havoc_bringer__rend_instantly_max_chance__chance,chance,set_chance,rend_instant_max_chance,raw,—,Epic modules drawn as epics have a unique effect; merging rares to epic does not create unique abilities.,"Havoc Bringer gives [x]% chance for rend armor to instantly go to max, with rarity values 10, 13, 15, 20.",strong,Row captures the direct scaled unique-effect parameter from the wiki; fixed non-scaled behavior terms are kept in the semantic note rather than split into separate contributors.,Epic Module Unique Effect lines 305-305
module_unique,module_unique,Synced UW Cooldown Offset,Multiverse Nexus,Epic Module Unique Effect,https://the-tower-idle-tower-defense.fandom.com/wiki/Epic_Module_Unique_Effect,module_unique__multiverse_nexus__tier,module_unique__multiverse_nexus__max_tier,module_unique__multiverse_nexus__equipped,module_unique__multiverse_nexus__synced_uw_cooldown_offset__cooldown_seconds,cooldown_seconds,set_cooldown_seconds,multiverse_nexus_cooldown_offset_seconds,raw,"death_wave_cooldown_seconds, golden_tower_cooldown_seconds, black_hole_cooldown_seconds",Epic modules drawn as epics have a unique effect; merging rares to epic does not create unique abilities.,"Multiverse Nexus syncs Death Wave, Golden Tower, and Black Hole and sets the cooldown to their average plus/minus [x]s, with rarity values 20, 10, 1, -10.",strong,Row captures the direct scaled unique-effect parameter from the wiki; fixed non-scaled behavior terms are kept in the semantic note rather than split into separate contributors.,Epic Module Unique Effect lines 341-341
module_unique,module_unique,Orb Debuff Per Hit Pct,Negative Mass Projector,Epic Module Unique Effect,https://the-tower-idle-tower-defense.fandom.com/wiki/Epic_Module_Unique_Effect,module_unique__negative_mass_projector__tier,module_unique__negative_mass_projector__max_tier,module_unique__negative_mass_projector__equipped,module_unique__negative_mass_projector__orb_debuff_per_hit_pct__pct,pct,set_pct,orb_debuff_per_hit_pct,raw,—,Epic modules drawn as epics have a unique effect; merging rares to epic does not create unique abilities.,"Negative Mass Projector reduces enemy damage and speed by [x]% per orb hit, stacking to a max reduction of 50%, with rarity values 1.0, 1.5, 2.0, 2.5.",strong,Row captures the direct scaled unique-effect parameter from the wiki; fixed non-scaled behavior terms are kept in the semantic note rather than split into separate contributors.,Epic Module Unique Effect lines 313-314
module_unique,module_unique,Reflected Spotlight Damage Multiplier,Om Chip,Epic Module Unique Effect,https://the-tower-idle-tower-defense.fandom.com/wiki/Epic_Module_Unique_Effect,module_unique__om_chip__tier,module_unique__om_chip__max_tier,module_unique__om_chip__equipped,module_unique__om_chip__reflected_spotlight_damage_multiplier__multiplier,multiplier,set_multiplier,om_chip_reflected_damage_multiplier,raw,spotlight_bonus_multiplier,Epic modules drawn as epics have a unique effect; merging rares to epic does not create unique abilities.,"Om Chip makes bosses reflect Spotlight to nearby enemies, increasing their received damage by x[x], with rarity values 2, 4, 7, 15.",strong,Row captures the direct scaled unique-effect parameter from the wiki; fixed non-scaled behavior terms are kept in the semantic note rather than split into separate contributors.,Epic Module Unique Effect lines 336-338
module_unique,module_unique,Electron Count,Orbital Augment,Epic Module Unique Effect,https://the-tower-idle-tower-defense.fandom.com/wiki/Epic_Module_Unique_Effect,module_unique__orbital_augment__tier,module_unique__orbital_augment__max_tier,module_unique__orbital_augment__equipped,module_unique__orbital_augment__electron_count__count,count,set_count,electrons,raw,—,Epic modules drawn as epics have a unique effect; merging rares to epic does not create unique abilities.,"Orbital Augment adds [x] orbiting Electrons around the tower, with rarity values 2, 4, 6, 8. Each Electron deals 15% of remaining health, quarter effective against Bosses and Fleets.",strong,Row captures the direct scaled unique-effect parameter from the wiki; fixed non-scaled behavior terms are kept in the semantic note rather than split into separate contributors.,Epic Module Unique Effect lines 318-318
module_unique,module_unique,Damage Per Cash Digit Pct,Project Funding,Epic Module Unique Effect,https://the-tower-idle-tower-defense.fandom.com/wiki/Epic_Module_Unique_Effect,module_unique__project_funding__tier,module_unique__project_funding__max_tier,module_unique__project_funding__equipped,module_unique__project_funding__damage_per_cash_digit_pct__pct,pct,set_pct,project_funding_damage_per_digit_pct,raw,damage,Epic modules drawn as epics have a unique effect; merging rares to epic does not create unique abilities.,"Project Funding multiplies Tower damage by [x]% of the number of digits in current cash, with rarity values 12.5, 25, 50, 100; effective multiplier note kept in semantic note.",strong,Row captures the direct scaled unique-effect parameter from the wiki; fixed non-scaled behavior terms are kept in the semantic note rather than split into separate contributors.,Epic Module Unique Effect lines 329-332
module_unique,module_unique,ELS Reduction Proc Chance,Pulsar Harvester,Epic Module Unique Effect,https://the-tower-idle-tower-defense.fandom.com/wiki/Epic_Module_Unique_Effect,module_unique__pulsar_harvester__tier,module_unique__pulsar_harvester__max_tier,module_unique__pulsar_harvester__equipped,module_unique__pulsar_harvester__els_reduction_proc_chance__chance,chance,set_chance,pulsar_harvester_proc_chance,raw,—,Epic modules drawn as epics have a unique effect; merging rares to epic does not create unique abilities.,"Pulsar Harvester gives each projectile hit a [x]% chance to reduce enemy Health and Attack level by 1, with rarity values 1.0, 1.5, 2.0, 2.5.",strong,Row captures the direct scaled unique-effect parameter from the wiki; fixed non-scaled behavior terms are kept in the semantic note rather than split into separate contributors.,Epic Module Unique Effect lines 327-334
module_unique,module_unique,Attack Speed Boost Duration,Restorative Bonus,Epic Module Unique Effect,https://the-tower-idle-tower-defense.fandom.com/wiki/Epic_Module_Unique_Effect,module_unique__restorative_bonus__tier,module_unique__restorative_bonus__max_tier,module_unique__restorative_bonus__equipped,module_unique__restorative_bonus__attack_speed_boost_duration__duration_seconds,duration_seconds,set_duration_seconds,restorative_bonus_duration_seconds,raw,"package_chance, attack_speed",Epic modules drawn as epics have a unique effect; merging rares to epic does not create unique abilities.,"Restorative Bonus makes packages grant a 50% attack speed boost for [x]s, decaying for 60 seconds, with rarity values 15, 20, 25, 30.",strong,Row captures the direct scaled unique-effect parameter from the wiki; fixed non-scaled behavior terms are kept in the semantic note rather than split into separate contributors.,Epic Module Unique Effect lines 330-335
module_unique,module_unique,Wall Health Regen Multiplier,Sharp Fortitude,Epic Module Unique Effect,https://the-tower-idle-tower-defense.fandom.com/wiki/Epic_Module_Unique_Effect,module_unique__sharp_fortitude__tier,module_unique__sharp_fortitude__max_tier,module_unique__sharp_fortitude__equipped,module_unique__sharp_fortitude__wall_health_regen_multiplier__multiplier,multiplier,set_multiplier,wall_health_regen_multiplier,raw,"wall_health, wall_regen",Epic modules drawn as epics have a unique effect; merging rares to epic does not create unique abilities.,"Sharp Fortitude increases the Wall’s health and regen by x[x], with rarity values 1.25, 1.5, 2, 2.5; the subsequent-hit wall-thorns damage clause is noted but not split separately here.",strong,Row captures the direct scaled unique-effect parameter from the wiki; fixed non-scaled behavior terms are kept in the semantic note rather than split into separate contributors.,Epic Module Unique Effect lines 317-317
module_unique,module_unique,Mass Reduction Pct,Shrink Ray,Epic Module Unique Effect,https://the-tower-idle-tower-defense.fandom.com/wiki/Epic_Module_Unique_Effect,module_unique__shrink_ray__tier,module_unique__shrink_ray__max_tier,module_unique__shrink_ray__equipped,module_unique__shrink_ray__mass_reduction_pct__pct,pct,set_pct,shrink_ray_mass_reduction_pct,raw,—,Epic modules drawn as epics have a unique effect; merging rares to epic does not create unique abilities.,"Shrink Ray applies a non-stacking effect that decreases enemy mass by [x]% with rarity values 10, 20, 30, 40; proc chance is fixed at 1%.",strong,Row captures the direct scaled unique-effect parameter from the wiki; fixed non-scaled behavior terms are kept in the semantic note rather than split into separate contributors.,Epic Module Unique Effect lines 306-306
module_unique,module_unique,Bot Range Bonus,Singularity Harness,Epic Module Unique Effect,https://the-tower-idle-tower-defense.fandom.com/wiki/Epic_Module_Unique_Effect,module_unique__singularity_harness__tier,module_unique__singularity_harness__max_tier,module_unique__singularity_harness__equipped,module_unique__singularity_harness__bot_range_bonus__range_m_bonus,range_m_bonus,set_range_m,bot_range_m_bonus,raw,"flame_bot_range_m, thunder_bot_range_m, golden_bot_range_m, amplify_bot_range_m",Epic modules drawn as epics have a unique effect; merging rares to epic does not create unique abilities.,"Singularity Harness increases the range of each bot by +[x]m, with rarity values 5, 8, 11, 15; enemies hit by Flame Bot receive double damage is noted but not split as a second contributor row here.",strong,Row captures the direct scaled unique-effect parameter from the wiki; fixed non-scaled behavior terms are kept in the semantic note rather than split into separate contributors.,Epic Module Unique Effect lines 323-325
module_unique,module_unique,Inner Land Mine Spawn Chance,Space Displacer,Epic Module Unique Effect,https://the-tower-idle-tower-defense.fandom.com/wiki/Epic_Module_Unique_Effect,module_unique__space_displacer__tier,module_unique__space_displacer__max_tier,module_unique__space_displacer__equipped,module_unique__space_displacer__inner_land_mine_spawn_chance__chance,chance,set_chance,inner_land_mine_spawn_chance,raw,"land_mine_chance, inner_land_mines_damage_multiplier",Epic modules drawn as epics have a unique effect; merging rares to epic does not create unique abilities.,"Space Displacer gives landmines a [x]% chance to spawn as an Inner Land Mine instead of a normal mine, with rarity values 15, 20, 25, 30.",strong,Row captures the direct scaled unique-effect parameter from the wiki; fixed non-scaled behavior terms are kept in the semantic note rather than split into separate contributors.,Epic Module Unique Effect lines 316-321
module_unique,module_unique,Package Max Recovery Heal Pct,Wormhole Redirector,Epic Module Unique Effect,https://the-tower-idle-tower-defense.fandom.com/wiki/Epic_Module_Unique_Effect,module_unique__wormhole_redirector__tier,module_unique__wormhole_redirector__max_tier,module_unique__wormhole_redirector__equipped,module_unique__wormhole_redirector__package_max_recovery_heal_pct__pct,pct,set_pct,package_max_recovery_heal_pct,raw,"health_regen, max_recovery_multiplier",Epic modules drawn as epics have a unique effect; merging rares to epic does not create unique abilities.,"Wormhole Redirector lets Health Regen heal up to [x]% of Package Max Recovery, with rarity values 25, 50, 75, 100.",strong,Row captures the direct scaled unique-effect parameter from the wiki; fixed non-scaled behavior terms are kept in the semantic note rather than split into separate contributors.,Epic Module Unique Effect lines 315-315
relic_total,relic,Relic total (coins_multiplier),Relic total -> coins_multiplier,Relics,https://the-tower-idle-tower-defense.fandom.com/wiki/Relics,relic__aggregate__owned_set,—,—,relic__coins_multiplier__total_pct_bonus,pct_bonus,add_pct,coins_multiplier,raw,—,Collectible-level relic rows intentionally de-scoped; ledger tracks aggregate family-total contributor only.,Aggregate relic-family total affecting coins_multiplier: +26% across included owned relics in scoped set.,strong,"Aggregate built from included relic subset in current scoped ledger, not every relic in the game. Included source items: T:I Flux, T:VII Aether, T:XIII Hyper, Silver Badge, Dreamcatcher, Alien Head.",turn640568view0
relic_total,relic,Relic total (critical_factor),Relic total -> critical_factor,Relics,https://the-tower-idle-tower-defense.fandom.com/wiki/Relics,relic__aggregate__owned_set,—,—,relic__critical_factor__total_pct_bonus,pct_bonus,add_pct,critical_factor,raw,Feeds crit-dependent downstream damage calculations and crit-derived mechanics.,Collectible-level relic rows intentionally de-scoped; ledger tracks aggregate family-total contributor only.,Aggregate relic-family total affecting critical_factor: +43% across included owned relics in scoped set.,strong,"Aggregate built from included relic subset in current scoped ledger, not every relic in the game. Included source items: T:III Pulse, T:XV Celestial, Gold Badge, Legend Badge, 2nd Tower Birthday, 5th Tower Birthday, Spirit Wolf, Stinger, Spooky Bat.",turn640568view0
relic_total,relic,Relic total (damage),Relic total -> damage,Relics,https://the-tower-idle-tower-defense.fandom.com/wiki/Relics,relic__aggregate__owned_set,—,—,relic__damage__total_pct_bonus,pct_bonus,add_pct,damage,raw,Feeds damage-based downstream stats and mechanics that scale from tower damage.,Collectible-level relic rows intentionally de-scoped; ledger tracks aggregate family-total contributor only.,Aggregate relic-family total affecting damage: +36% across included owned relics in scoped set.,strong,"Aggregate built from included relic subset in current scoped ledger, not every relic in the game. Included source items: T:IV Harmonic, T:XIV Arcane, T:XIX Atomic, Copper Badge, 1st Tower Birthday, Bacteriophage, Honey Drop, Space Sundial.",turn640568view0
relic_total,relic,Relic total (damage_per_meter_multiplier),Relic total -> damage_per_meter_multiplier,Relics,https://the-tower-idle-tower-defense.fandom.com/wiki/Relics,relic__aggregate__owned_set,—,—,relic__damage_per_meter_multiplier__total_pct_bonus,pct_bonus,add_pct,damage_per_meter_multiplier,raw,Feeds damage-per-meter calculations and mechanics depending on damage/meter.,Collectible-level relic rows intentionally de-scoped; ledger tracks aggregate family-total contributor only.,Aggregate relic-family total affecting damage_per_meter_multiplier: +39% across included owned relics in scoped set.,strong,"Aggregate built from included relic subset in current scoped ledger, not every relic in the game. Included source items: T:VIII Graviton, T:X Plasma, T:XVII Nebula, Champion Badge, 3rd Tower Birthday, 6th Tower Birthday, Alien Warp Drive.",turn640568view0
relic_total,relic,Relic total (defense_absolute),Relic total -> defense_absolute,Relics,https://the-tower-idle-tower-defense.fandom.com/wiki/Relics,relic__aggregate__owned_set,—,—,relic__defense_absolute__total_pct_bonus,pct_bonus,add_pct,defense_absolute,raw,—,Collectible-level relic rows intentionally de-scoped; ledger tracks aggregate family-total contributor only.,Aggregate relic-family total affecting defense_absolute: +26% across included owned relics in scoped set.,strong,"Aggregate built from included relic subset in current scoped ledger, not every relic in the game. Included source items: T:VI Nova, T:XI Resonance, No Spoon, Ionized Plasma, Contained Ions, Cherry.",turn640568view0
relic_total,relic,Relic total (health),Relic total -> health,Relics,https://the-tower-idle-tower-defense.fandom.com/wiki/Relics,relic__aggregate__owned_set,—,—,relic__health__total_pct_bonus,pct_bonus,add_pct,health,raw,Impacts health-derived stats such as wall_health and max-recovery-relative health ceilings where applicable.,Collectible-level relic rows intentionally de-scoped; ledger tracks aggregate family-total contributor only.,Aggregate relic-family total affecting health: +46% across included owned relics in scoped set.,strong,"Aggregate built from included relic subset in current scoped ledger, not every relic in the game. Included source items: T:V Ether, T:IX Fusion, T:XVI Quantum, Tower Master, 4th Tower Birthday, Red Pill, Neuron, Aurora Vortex, Man Skull.",turn640568view0
relic_total,relic,Relic total (lab_speed_multiplier),Relic total -> lab_speed_multiplier,Relics,https://the-tower-idle-tower-defense.fandom.com/wiki/Relics,relic__aggregate__owned_set,—,—,relic__lab_speed_multiplier__total_pct_bonus,pct_bonus,add_pct,lab_speed_multiplier,raw,—,Collectible-level relic rows intentionally de-scoped; ledger tracks aggregate family-total contributor only.,Aggregate relic-family total affecting lab_speed_multiplier: +41% across included owned relics in scoped set.,strong,"Aggregate built from included relic subset in current scoped ledger, not every relic in the game. Included source items: T:II Lumin, T:XII Chrono, T:XVIII Singularity, T:XXI Eclipse, Platinum Badge, Plasma Arc, Ancient Tome.",turn640568view0
relic_total,relic,Relic total (ultimate_damage_multiplier),Relic total -> ultimate_damage_multiplier,Relics,https://the-tower-idle-tower-defense.fandom.com/wiki/Relics,relic__aggregate__owned_set,—,—,relic__ultimate_damage_multiplier__total_pct_bonus,pct_bonus,add_pct,ultimate_damage_multiplier,raw,Feeds damage-dealing ultimate weapon calculations that use ultimate damage scaling.,Collectible-level relic rows intentionally de-scoped; ledger tracks aggregate family-total contributor only.,Aggregate relic-family total affecting ultimate_damage_multiplier: +8% across included owned relics in scoped set.,strong,"Aggregate built from included relic subset in current scoped ledger, not every relic in the game. Included source items: T:XX Cyber.",turn640568view0
relic_total,relic,Relic total (wall_rebuild_seconds),Relic total -> wall_rebuild_seconds,Relics,https://the-tower-idle-tower-defense.fandom.com/wiki/Relics,relic__aggregate__owned_set,—,—,relic__wall_rebuild_seconds__total_interval_seconds_reduction,interval_seconds_reduction,reduce_interval_seconds,wall_rebuild_seconds,raw,Affects wall rebuild timer directly.,Collectible-level relic rows intentionally de-scoped; ledger tracks aggregate family-total contributor only.,Aggregate relic-family total affecting wall_rebuild_seconds: -2s across included owned relics in scoped set.,strong,"Aggregate built from included relic subset in current scoped ledger, not every relic in the game. Included source items: Haunted Mirror.",turn640568view0
uw,uw,Cooldown,Black Hole / Cooldown,Black Hole,https://the-tower-idle-tower-defense.fandom.com/wiki/Black_Hole,uw__black_hole_cooldown__level,uw__black_hole_cooldown__max_level,—,uw__black_hole_cooldown__cooldown_seconds,cooldown_seconds,set_cooldown_seconds,black_hole_cooldown_seconds,raw,—,Unlocked in Ultimate Weapon menu after purchase of the UW.,Black Hole cooldown has 15 levels and the page shows it decreasing from 200s to 50s.,strong,—,turn552121search2
uw,uw,Duration,Black Hole / Duration,Black Hole,https://the-tower-idle-tower-defense.fandom.com/wiki/Black_Hole,uw__black_hole_duration__level,uw__black_hole_duration__max_level,—,uw__black_hole_duration__duration_seconds,duration_seconds,set_duration_seconds,black_hole_duration_seconds,raw,—,Unlocked in Ultimate Weapon menu after purchase of the UW.,Black Hole duration has 23 levels and the page shows it increasing from 15s to 38s.,strong,—,turn552121search2
uw,uw,Size,Black Hole / Size,Black Hole,https://the-tower-idle-tower-defense.fandom.com/wiki/Black_Hole,uw__black_hole_size__level,uw__black_hole_size__max_level,—,uw__black_hole_size__range_m,range_m,set_range_m,black_hole_size_m,raw,range,Unlocked in Ultimate Weapon menu after purchase of the UW.,Black Hole size has 20 levels and the page shows it increasing from 30m to 70m. The page separately notes distance from the tower is determined by tower range.,strong,This row captures size only; black-hole distance scaling with tower range is related but distinct.,turn552121search2
uw,uw,Chance,Chain Lightning / Chance,Chain Lightning,https://the-tower-idle-tower-defense.fandom.com/wiki/Chain_Lightning,uw__chain_lightning_chance__level,uw__chain_lightning_chance__max_level,—,uw__chain_lightning_chance__chance,chance,set_chance,chain_lightning_chance,raw,—,Unlocked in Ultimate Weapon menu after purchase of the UW.,Chance track has 15 levels; page snippet shows values from 5.0% upward as the chance on enemy hit to spawn chain lightning.,strong,—,turn551037search0
uw,uw,Damage,Chain Lightning / Damage,Chain Lightning,https://the-tower-idle-tower-defense.fandom.com/wiki/Chain_Lightning,uw__chain_lightning_damage__level,uw__chain_lightning_damage__max_level,—,uw__chain_lightning_damage__multiplier,multiplier,multiply,chain_lightning_damage_multiplier,raw,"damage, crit_factor, crit_chance, super_crit_mult, super_crit_chance",Unlocked in Ultimate Weapon menu after purchase of the UW.,Chain Lightning damage is a percent/multiplier of tower damage accounting for crit and super crit; basic upgrades page shows Damage has 31 levels and values from 2x upward.,strong,—,turn551037search0
uw,uw,Quantity,Chain Lightning / Quantity,Chain Lightning,https://the-tower-idle-tower-defense.fandom.com/wiki/Chain_Lightning,uw__chain_lightning_quantity__level,uw__chain_lightning_quantity__max_level,—,uw__chain_lightning_quantity__count,count,set_count,chain_lightning_count,raw,—,Unlocked in Ultimate Weapon menu after purchase of the UW.,Quantity has 4 levels; values shown begin at 1 and increase to 5 chain lightnings on the page snippet.,strong,—,turn551037search0
uw,uw,Cooldown,Chrono Field / Cooldown,Chrono Field,https://the-tower-idle-tower-defense.fandom.com/wiki/Chrono_Field,uw__chrono_field_cooldown__level,uw__chrono_field_cooldown__max_level,—,uw__chrono_field_cooldown__cooldown_seconds,cooldown_seconds,set_cooldown_seconds,chrono_field_cooldown_seconds,raw,—,Unlocked in Ultimate Weapon menu after purchase of the UW.,Chrono Field cooldown has 12 levels and the page shows it decreasing from 180s to 60s; the page notes duration can exceed cooldown at minimum cooldown.,strong,—,turn551037search2
uw,uw,Duration,Chrono Field / Duration,Chrono Field,https://the-tower-idle-tower-defense.fandom.com/wiki/Chrono_Field,uw__chrono_field_duration__level,uw__chrono_field_duration__max_level,—,uw__chrono_field_duration__duration_seconds,duration_seconds,set_duration_seconds,chrono_field_duration_seconds,raw,—,Unlocked in Ultimate Weapon menu after purchase of the UW.,Chrono Field duration has 35 levels and the page shows it increasing from 5s to 40s.,strong,—,turn551037search2
uw,uw,Slow,Chrono Field / Slow,Chrono Field,https://the-tower-idle-tower-defense.fandom.com/wiki/Chrono_Field,uw__chrono_field_slow__level,uw__chrono_field_slow__max_level,—,uw__chrono_field_slow__pct,pct,set_pct,chrono_field_slow_pct,raw,—,Unlocked in Ultimate Weapon menu after purchase of the UW.,Chrono Field slow has 11 levels and the page shows values from 20% to 75%.,strong,—,turn551037search2
uw,uw,Cooldown,Death Wave / Cooldown,Death Wave/Basic Upgrades,https://the-tower-idle-tower-defense.fandom.com/wiki/Death_Wave/Basic_Upgrades,uw__death_wave_cooldown__level,uw__death_wave_cooldown__max_level,—,uw__death_wave_cooldown__cooldown_seconds,cooldown_seconds,set_cooldown_seconds,death_wave_cooldown_seconds,raw,—,Unlocked in Ultimate Weapon menu after purchase of the UW.,Cooldown has 25 levels and the page shows it decreasing from 300s to 50s.,strong,—,turn357213search1
uw,uw,Damage,Death Wave / Damage,Death Wave/Basic Upgrades,https://the-tower-idle-tower-defense.fandom.com/wiki/Death_Wave/Basic_Upgrades,uw__death_wave_damage__level,uw__death_wave_damage__max_level,—,uw__death_wave_damage__multiplier,multiplier,multiply,death_wave_damage_multiplier,raw,"damage, crit_factor, crit_chance, super_crit_mult, super_crit_chance",Unlocked in Ultimate Weapon menu after purchase of the UW.,Death Wave damage has 30 levels with values from 2x to 9119x on the basic upgrades page.,strong,"The page snippet does not restate the full damage formula in the excerpt, so dependency shape follows the general UW damage pattern and may need page-level confirmation later.",turn357213search1
uw,uw,Effect Wave Quantity,Death Wave / Effect Wave Quantity,Death Wave/Basic Upgrades,https://the-tower-idle-tower-defense.fandom.com/wiki/Death_Wave/Basic_Upgrades,uw__death_wave_quantity__level,uw__death_wave_quantity__max_level,—,uw__death_wave_quantity__count,count,set_count,death_wave_count,raw,—,Unlocked in Ultimate Weapon menu after purchase of the UW.,Effect Wave Quantity has 4 levels and the page shows values from 1 to 5 waves.,strong,—,turn357213search1
uw,uw,Cooldown,Golden Tower / Cooldown,Golden Tower/Basic Upgrades,https://the-tower-idle-tower-defense.fandom.com/wiki/Golden_Tower/Basic_Upgrades,uw__golden_tower_cooldown__level,uw__golden_tower_cooldown__max_level,—,uw__golden_tower_cooldown__cooldown_seconds,cooldown_seconds,set_cooldown_seconds,golden_tower_cooldown_seconds,raw,—,Unlocked in Ultimate Weapon menu after purchase of the UW.,Golden Tower cooldown has 20 levels and the page shows it decreasing from 300s to 100s.,strong,—,turn281835search3
uw,uw,Duration,Golden Tower / Duration,Golden Tower/Basic Upgrades,https://the-tower-idle-tower-defense.fandom.com/wiki/Golden_Tower/Basic_Upgrades,uw__golden_tower_duration__level,uw__golden_tower_duration__max_level,—,uw__golden_tower_duration__duration_seconds,duration_seconds,set_duration_seconds,golden_tower_duration_seconds,raw,—,Unlocked in Ultimate Weapon menu after purchase of the UW.,Golden Tower duration has 38 levels and the page shows it increasing from 15s to 53s.,strong,—,turn281835search3
uw,uw,Multiplier,Golden Tower / Multiplier,Golden Tower/Basic Upgrades,https://the-tower-idle-tower-defense.fandom.com/wiki/Golden_Tower/Basic_Upgrades,uw__golden_tower_bonus__level,uw__golden_tower_bonus__max_level,—,uw__golden_tower_bonus__multiplier,multiplier,multiply,golden_tower_bonus_multiplier,raw,—,Unlocked in Ultimate Weapon menu after purchase of the UW.,Golden Tower multiplier has 20 levels and the page shows values from 5.0x to 21.0x while active.,strong,—,turn281835search3
uw,uw,Cooldown,Inner Land Mines / Cooldown,Inner Land Mines/Basic Upgrades,https://the-tower-idle-tower-defense.fandom.com/wiki/Inner_Land_Mines/Basic_Upgrades,uw__inner_land_mines_cooldown__level,uw__inner_land_mines_cooldown__max_level,—,uw__inner_land_mines_cooldown__cooldown_seconds,cooldown_seconds,set_cooldown_seconds,inner_land_mines_cooldown_seconds,raw,—,Unlocked in Ultimate Weapon menu after purchase of the UW.,Cooldown has 15 levels and the page shows it decreasing from 200s to 50s.,strong,—,turn357213search3
uw,uw,Damage,Inner Land Mines / Damage,Inner Land Mines/Basic Upgrades,https://the-tower-idle-tower-defense.fandom.com/wiki/Inner_Land_Mines/Basic_Upgrades,uw__inner_land_mines_damage__level,uw__inner_land_mines_damage__max_level,—,uw__inner_land_mines_damage__multiplier,multiplier,multiply,inner_land_mines_damage_multiplier,raw,"damage, crit_factor, crit_chance, super_crit_mult, super_crit_chance",Unlocked in Ultimate Weapon menu after purchase of the UW.,Inner Land Mines damage has 30 levels with values from 10.00x to 3021.00x on the basic upgrades page.,strong,The snippet labels the track as Damage % while values are presented as x multipliers; represented here as a multiplier for engine consistency.,turn357213search3
uw,uw,Quantity,Inner Land Mines / Quantity,Inner Land Mines/Basic Upgrades,https://the-tower-idle-tower-defense.fandom.com/wiki/Inner_Land_Mines/Basic_Upgrades,uw__inner_land_mines_quantity__level,uw__inner_land_mines_quantity__max_level,—,uw__inner_land_mines_quantity__count,count,set_count,inner_land_mines_count,raw,—,Unlocked in Ultimate Weapon menu after purchase of the UW.,Quantity has 3 levels and values shown from 3 to 6 mines.,strong,—,turn357213search3
uw,uw,Cooldown,Poison Swamp / Cooldown,Poison Swamp,https://the-tower-idle-tower-defense.fandom.com/wiki/Poison_Swamp,uw__poison_swamp_cooldown__level,uw__poison_swamp_cooldown__max_level,—,uw__poison_swamp_cooldown__cooldown_seconds,cooldown_seconds,set_cooldown_seconds,poison_swamp_cooldown_seconds,raw,—,Unlocked in Ultimate Weapon menu after purchase of the UW.,Poison Swamp cooldown has 15 levels and the page shows it decreasing from 125s to 50s.,strong,—,turn552121search3
uw,uw,Damage,Poison Swamp / Damage,Poison Swamp,https://the-tower-idle-tower-defense.fandom.com/wiki/Poison_Swamp,uw__poison_swamp_damage__level,uw__poison_swamp_damage__max_level,—,uw__poison_swamp_damage__multiplier,multiplier,multiply,poison_swamp_damage_multiplier,raw,"damage, crit_factor, crit_chance, super_crit_mult, super_crit_chance",Unlocked in Ultimate Weapon menu after purchase of the UW.,Poison Swamp damage has 30 levels with values from 10.00x to 3021.00x. The page notes overlapping swamps do not stack entry damage from multiple swamps.,strong,"The page snippet in hand does not restate the full damage formula, so dependency shape follows the general UW damage pattern and may need page-level confirmation later.",turn552121search3
uw,uw,Duration,Poison Swamp / Duration,Poison Swamp,https://the-tower-idle-tower-defense.fandom.com/wiki/Poison_Swamp,uw__poison_swamp_duration__level,uw__poison_swamp_duration__max_level,—,uw__poison_swamp_duration__duration_seconds,duration_seconds,set_duration_seconds,poison_swamp_duration_seconds,raw,—,Unlocked in Ultimate Weapon menu after purchase of the UW.,Poison Swamp duration has 14 levels and the page shows it increasing from 30s to 100s.,strong,—,turn552121search3
uw,uw,Cooldown,Smart Missiles / Cooldown,Smart Missiles/Basic Upgrades,https://the-tower-idle-tower-defense.fandom.com/wiki/Smart_Missiles/Basic_Upgrades,uw__smart_missiles_cooldown__level,uw__smart_missiles_cooldown__max_level,—,uw__smart_missiles_cooldown__cooldown_seconds,cooldown_seconds,set_cooldown_seconds,smart_missiles_cooldown_seconds,raw,—,Unlocked in Ultimate Weapon menu after purchase of the UW.,Cooldown has 16 levels and the basic upgrades page shows it decreasing from 180s to 20s.,strong,—,turn357213search0
uw,uw,Damage,Smart Missiles / Damage,Smart Missiles/Basic Upgrades,https://the-tower-idle-tower-defense.fandom.com/wiki/Smart_Missiles/Basic_Upgrades,uw__smart_missiles_damage__level,uw__smart_missiles_damage__max_level,—,uw__smart_missiles_damage__multiplier,multiplier,multiply,smart_missiles_damage_multiplier,raw,"damage, crit_factor, crit_chance, super_crit_mult, super_crit_chance",Unlocked in Ultimate Weapon menu after purchase of the UW.,Smart Missiles damage is a multiplier of tower damage accounting for crit and super crit; basic upgrades page shows Damage has 30 levels with values from 10x to 3021x.,strong,—,turn357213search0
uw,uw,Quantity,Smart Missiles / Quantity,Smart Missiles/Basic Upgrades,https://the-tower-idle-tower-defense.fandom.com/wiki/Smart_Missiles/Basic_Upgrades,uw__smart_missiles_quantity__level,uw__smart_missiles_quantity__max_level,—,uw__smart_missiles_quantity__count,count,set_count,smart_missiles_quantity,raw,—,Unlocked in Ultimate Weapon menu after purchase of the UW.,Quantity has 15 levels and the basic upgrades snippet shows counts from 5 to 20 missiles.,strong,—,turn357213search0
uw,uw,Angle,Spotlight / Angle,Spotlight,https://the-tower-idle-tower-defense.fandom.com/wiki/Spotlight,uw__spotlight_angle__level,uw__spotlight_angle__max_level,—,uw__spotlight_angle__angle_degrees,angle_degrees,set_angle_degrees,spotlight_angle_degrees,raw,—,Unlocked in Ultimate Weapon menu after purchase of the UW.,Spotlight angle has 60 levels and the page snippet shows values starting at 30 degrees and increasing by 1 degree per row through the 60-level track.,strong,The Spotlight page directly states Angle has 60 levels and shows the angle table starting at 30 degrees.,turn783968view4
uw,uw,Bonus,Spotlight / Bonus,Spotlight,https://the-tower-idle-tower-defense.fandom.com/wiki/Spotlight,uw__spotlight_bonus__level,uw__spotlight_bonus__max_level,—,uw__spotlight_bonus__multiplier,multiplier,multiply,spotlight_bonus_multiplier,raw,—,Unlocked in Ultimate Weapon menu after purchase of the UW.,Spotlight bonus has 25 levels and the page shows values from 8x to 43.0x; Spotlight multiplies all damage sources that are not based on % enemy health and not based on wave stats.,strong,—,turn552121search1
uw,uw,Quantity,Spotlight / Quantity,Spotlight,https://the-tower-idle-tower-defense.fandom.com/wiki/Spotlight,uw__spotlight_quantity__level,uw__spotlight_quantity__max_level,—,uw__spotlight_quantity__count,count,set_count,spotlight_count,raw,—,Unlocked in Ultimate Weapon menu after purchase of the UW.,Spotlight quantity has 3 levels; the page shows values from 1 to 4 spotlights.,strong,—,turn552121search1
uw_plus,uw_plus,Charged Mine,Charged Mine,Inner Land Mines/Ultimate Weapon Plus,https://the-tower-idle-tower-defense.fandom.com/wiki/Inner_Land_Mines/Ultimate_Weapon_Plus,uw_plus__inner_land_mines_charged_mine__level,uw_plus__inner_land_mines_charged_mine__max_level,uw_plus__all_uw_purchased__enabled,uw_plus__inner_land_mines_charged_mine__multiplier,multiplier,set_multiplier,inner_land_mines_charged_mine_multiplier_per_second,raw,inner_land_mines_damage_multiplier; inner_land_mines_cooldown_seconds,UW+ abilities unlock only once all 9 ultimate weapons are purchased/unlocked. Cost table shown for levels 0-14.,Charged Mine increases Inner Land Mine damage each second by x; the charge persists until detonation and applies per mine individually.,strong,Row captures the level-scaled per-second multiplier term; persistence/reset behavior remains runtime.,turn170438search2
uw_plus,uw_plus,Chrono Loop,Chrono Loop,Chrono Field/Ultimate Weapon Plus,https://the-tower-idle-tower-defense.fandom.com/wiki/Chrono_Field/Ultimate_Weapon_Plus,uw_plus__chrono_field_chrono_loop__level,uw_plus__chrono_field_chrono_loop__max_level,uw_plus__all_uw_purchased__enabled,uw_plus__chrono_field_chrono_loop__rotation_rate,rotation_rate,set_rotation_rate,chrono_field_chrono_loop_rotation_rate,raw,chrono_field_range; enemy_speed,UW+ abilities unlock only once all 9 ultimate weapons are purchased/unlocked. Cost table shown for levels 0-14.,Chrono Loop makes enemies affected by Chrono Field spiral around the tower based on a rotation rate; the wiki describes the in-game stat as theta measured in radians traveled per 2 seconds.,strong,Rotation-rate unit is wiki-specific theta/radians per 2 seconds; contract updated to carry this directly instead of forcing it into angle or duration semantics.,turn170438search5
uw_plus,uw_plus,Consume,Consume,Black Hole/Ultimate Weapon Plus,https://the-tower-idle-tower-defense.fandom.com/wiki/Black_Hole/Ultimate_Weapon_Plus,uw_plus__black_hole_consume__level,uw_plus__black_hole_consume__max_level,uw_plus__all_uw_purchased__enabled,uw_plus__black_hole_consume__multiplier,multiplier,set_multiplier,black_hole_consume_wave_hp_multiplier,raw,current_wave_hp; black_hole_duration_seconds,UW+ abilities unlock only once all 9 ultimate weapons are purchased/unlocked. Cost table shown for levels 0-14.,Consume makes each Black Hole deal a multiple of current wave HP to every enemy affected at the end of its activation.,strong,Wiki also notes an undocumented pull-speed increase on unlock; that behavior is not promoted to a separate contributor row because it is undocumented.,turn170438search10
uw_plus,uw_plus,Cover Fire,Cover Fire,Smart Missiles/Ultimate Weapon Plus,https://the-tower-idle-tower-defense.fandom.com/wiki/Smart_Missiles/Ultimate_Weapon_Plus,uw_plus__smart_missiles_cover_fire__level,uw_plus__smart_missiles_cover_fire__max_level,uw_plus__all_uw_purchased__enabled,uw_plus__smart_missiles_cover_fire__interval_seconds,interval_seconds,set_interval_seconds,smart_missiles_cover_fire_interval_seconds,raw,smart_missiles_base_damage_multiplier; smart_missiles_quantity,UW+ abilities unlock only once all 9 ultimate weapons are purchased/unlocked. Cost table shown on page.,Cover Fire launches a Smart Missile every x seconds.,strong,Runtime missile behavior uses the interval stat; this row captures the direct level-scaled interval only.,turn812968search13
uw_plus,uw_plus,Death Creep,Death Creep,Poison Swamp/Ultimate Weapon Plus,https://the-tower-idle-tower-defense.fandom.com/wiki/Poison_Swamp/Ultimate_Weapon_Plus,uw_plus__poison_swamp_death_creep__level,uw_plus__poison_swamp_death_creep__max_level,uw_plus__all_uw_purchased__enabled,uw_plus__poison_swamp_death_creep__pct,pct,set_pct,poison_swamp_death_creep_pct_per_tick,raw,poison_swamp_damage_multiplier; poison_swamp_tick_count,UW+ abilities unlock only once all 9 ultimate weapons are purchased/unlocked. Cost table shown on page.,Death Creep increases damage dealt by Poison Swamp for each tick by x% of Poison Swamp damage.,strong,Runtime cumulative tick behavior remains separate; row captures the level-scaled per-tick percent term.,turn170438search1
uw_plus,uw_plus,Golden Combo,Golden Combo,Golden Tower/Ultimate Weapon Plus,https://the-tower-idle-tower-defense.fandom.com/wiki/Golden_Tower/Ultimate_Weapon_Plus,uw_plus__golden_tower_golden_combo__level,uw_plus__golden_tower_golden_combo__max_level,uw_plus__all_uw_purchased__enabled,uw_plus__golden_tower_golden_combo__pct,pct,set_pct,golden_tower_golden_combo_pct_per_kill,raw,golden_tower_duration_seconds; kills_during_golden_tower,UW+ abilities unlock only once all 9 ultimate weapons are purchased/unlocked. Cost table shown for levels 0-14.,Golden Combo increases cash and coins earned after Golden Tower ends by x% for each kill; the wiki gives the bonus multiplier equation explicitly.,strong,Final bonus depends on kills during the activation; row captures the direct per-kill percent term emitted by the UW+ level.,turn170438search4
uw_plus,uw_plus,Kill Wall,Kill Wall,Death Wave/Ultimate Weapon Plus,https://the-tower-idle-tower-defense.fandom.com/wiki/Death_Wave/Ultimate_Weapon_Plus,uw_plus__death_wave_kill_wall__level,uw_plus__death_wave_kill_wall__max_level,uw_plus__all_uw_purchased__enabled,uw_plus__death_wave_kill_wall__multiplier,scalar_bonus,add_scalar,death_wave_kill_wall_bonus_per_hit,raw,death_wave_effect_wave_quantity; death_wave_damage_store,UW+ abilities unlock only once all 9 ultimate weapons are purchased/unlocked. Cost table shown on page.,Kill Wall causes each Effect Wave hit to add X to the Death Wave damage store bonus per hit.,strong,"The UW+ page directly states that each Effect Wave hit amplifies the Death Wave damage store by X additively, so this is modeled as an additive per-hit bonus parameter.",turn783968view5
uw_plus,uw_plus,Light Range,Light Range,Spotlight/Ultimate Weapon Plus,https://the-tower-idle-tower-defense.fandom.com/wiki/Spotlight/Ultimate_Weapon_Plus,uw_plus__spotlight_light_range__level,uw_plus__spotlight_light_range__max_level,uw_plus__all_uw_purchased__enabled,uw_plus__spotlight_light_range__multiplier,multiplier,set_multiplier,spotlight_light_range_damage_per_meter_multiplier,raw,damage_per_meter_multiplier; tower_range_m; spotlight_bonus_multiplier,UW+ abilities unlock only once all 9 ultimate weapons are purchased/unlocked. Cost table shown for levels 0-14.,"Light Range boosts Spotlight damage bonus by a percent/multiple of Damage per Meter, and the wiki notes that tower range affects the ability.",strong,Target stat is expressed as a dedicated Light Range multiplier term rather than folding it into spotlight bonus directly.,turn170438search6
uw_plus,uw_plus,Smite,Smite,Chain Lightning/Ultimate Weapon Plus,https://the-tower-idle-tower-defense.fandom.com/wiki/Chain_Lightning/Ultimate_Weapon_Plus,uw_plus__chain_lightning_smite__level,uw_plus__chain_lightning_smite__max_level,uw_plus__all_uw_purchased__enabled,uw_plus__chain_lightning_smite__multiplier,multiplier,set_multiplier,chain_lightning_smite_wave_hp_multiplier,raw,chain_lightning_chance; current_wave_hp; chain_lightning_hit_count_cap,UW+ abilities unlock only once all 9 ultimate weapons are purchased/unlocked. Cost table shown for levels 0-14.,"Smite gives each Chain Lightning a chance equal to Chain Lightning Chance to deal extra damage equal to a multiple of current wave HP, capped at 100 activations per enemy.",strong,Cap depends on runtime enemy hit count; contributor row captures the level-scaled wave-HP multiplier only.,turn812968search1
workshop_attack,workshop,Attack Speed,Attack Speed,Attack Upgrades,https://the-tower-idle-tower-defense.fandom.com/wiki/Attack_Upgrades,workshop__attack_speed__level,workshop__attack_speed__max_level,—,workshop__attack_speed__base,base,set_base,attack_speed,raw,—,Unlocked in workshop for free.,Attack speed has 99 levels with base 1.00 and +0.05 per level to 5.95 total.,strong,Resolved property name kept as attack_speed rather than shots_per_second because the wiki uses Attack Speed as the stat name.,Attack Upgrades lines 392-402
workshop_attack,workshop,Bounce Shot Chance,Bounce Shot Chance,Attack Upgrades,https://the-tower-idle-tower-defense.fandom.com/wiki/Attack_Upgrades,workshop__bounce_shot_chance__level,workshop__bounce_shot_chance__max_level,—,workshop__bounce_shot_chance__chance,chance,set_chance,bounce_shot_chance,raw,—,Unlocked in workshop for 10000 coins after Rapid Fire.,85 levels; each level +0.80% for max 68.00% chance.,strong,—,Attack Upgrades lines 1101-1120
workshop_attack,workshop,Bounce Shot Range,Bounce Shot Range,Attack Upgrades,https://the-tower-idle-tower-defense.fandom.com/wiki/Attack_Upgrades,workshop__bounce_shot_range__level,workshop__bounce_shot_range__max_level,—,workshop__bounce_shot_range_m__range_m,range_m,set_range_m,bounce_shot_range_m,raw,—,Unlocked in workshop for 10000 coins after Rapid Fire.,60 levels; start 2.0m; +0.1m each level for max 8.0m.,strong,—,Attack Upgrades lines 1116-1119
workshop_attack,workshop,Bounce Shot Targets,Bounce Shot Targets,Attack Upgrades,https://the-tower-idle-tower-defense.fandom.com/wiki/Attack_Upgrades,workshop__bounce_shot_targets__level,workshop__bounce_shot_targets__max_level,—,workshop__bounce_shot_targets__count,count,set_count,bounce_shot_targets,raw,—,Unlocked in workshop for 10000 coins after Rapid Fire.,7 levels; base 1 target; +1 each level for max 8 targets. Perk can raise max targets further in-run.,strong,Workshop contributor captured here; perk extension is out of this workshop slice.,Attack Upgrades lines 1113-1115
workshop_utility,workshop,Cash / Wave,Cash / Wave,Cash Per Wave,https://the-tower-idle-tower-defense.fandom.com/wiki/Cash_Per_Wave,workshop__cash_per_wave__level,workshop__cash_per_wave__max_level,—,workshop__cash_per_wave__base,base,set_base,cash_per_wave,raw,—,Unlocked in Workshop for 40 coins with Cash Bonus.,149 workshop upgrades with a base value of 0; each level increases by 4 for a total of 596. Cash/Wave is multiplied by Cash Bonus and is earned before interest.,strong,"Resolved property remains a scalar base because the workshop emits direct flat cash-per-wave, not a multiplier.",Cash Per Wave lines 307-309; 311-320
workshop_utility,workshop,Cash Bonus,Cash Bonus,Cash Bonus,https://the-tower-idle-tower-defense.fandom.com/wiki/Cash_Bonus,workshop__cash_bonus__level,workshop__cash_bonus__max_level,—,workshop__cash_bonus__multiplier,multiplier,multiply,cash_bonus_multiplier,raw,—,Unlocked in Workshop for 40 coins with Cash/Wave.,149 levels with a base of x1.00; each level increases by 0.01 for a total of x2.49. Cash bonus does not increase interest nor max interest.,strong,Resolved property is named as a multiplier because the workshop value is explicitly x-based.,Cash Bonus lines 307-310; 313-329
workshop_utility,workshop,Coins / Kill Bonus,Coins / Kill Bonus,Coins Per Kill Bonus,https://the-tower-idle-tower-defense.fandom.com/wiki/Coins_Per_Kill_Bonus,workshop__coins_per_kill_bonus__level,workshop__coins_per_kill_bonus__max_level,—,workshop__coins_per_kill_bonus__multiplier,multiplier,multiply,coins_per_kill_bonus_multiplier,raw,—,Unlocked in Workshop for 100 coins with Coins/Wave after Cash Bonus and Cash Per Wave.,149 levels with a base value of x1.00. Each level increases the base by 0.01 for a maximum value of x2.49.,strong,Resolved property is named as a multiplier because the workshop value is explicitly x-based.,Coins Per Kill Bonus lines 308-310
workshop_utility,workshop,Coins / Wave,Coins / Wave,Coins Per Wave,https://the-tower-idle-tower-defense.fandom.com/wiki/Coins_Per_Wave,workshop__coins_per_wave__level,workshop__coins_per_wave__max_level,—,workshop__coins_per_wave__base,base,set_base,coins_per_wave,raw,—,Unlocked in Workshop for 100 coins with Coins/Kill Bonus after Cash Bonus and Cash/Wave.,149 levels with a base of 1. Each level increases coins per wave by 1 for a maximum value of 150.,strong,"Perks and tier coin bonuses scale this later, but this row records only the workshop contribution.",Coins Per Wave lines 304-309; 312-328
workshop_attack,workshop,Critical Chance,Critical Chance,Attack Upgrades,https://the-tower-idle-tower-defense.fandom.com/wiki/Attack_Upgrades,workshop__critical_chance__level,workshop__critical_chance__max_level,—,workshop__critical_chance__chance,chance,set_chance,critical_chance,raw,—,Part of Critical Hit workshop unlock group.,79 levels; each level raises chance by 1% for max 80% from workshop.,strong,Card and module contributors are mentioned on the page but not mapped in this slice.,Attack Upgrades lines 513-519
workshop_attack,workshop,Critical Factor,Critical Factor,Attack Upgrades,https://the-tower-idle-tower-defense.fandom.com/wiki/Attack_Upgrades,workshop__critical_factor__level,workshop__critical_factor__max_level,—,workshop__critical_factor__multiplier,multiplier,multiply,critical_factor,raw,—,Part of Critical Hit workshop unlock group.,"150 levels; base multiplier 1.2, +0.1 each level to 16.2 max. Page notes lab/module/enhancement can increase max.",strong,This slice records only the workshop contributor; external max-raising sources will be added later.,Attack Upgrades lines 520-528
workshop_attack,workshop,Damage,Damage,Attack Upgrades,https://the-tower-idle-tower-defense.fandom.com/wiki/Attack_Upgrades,workshop__damage__level,workshop__damage__max_level,—,workshop__damage__base,base,set_base,damage,raw,—,Unlocked in Workshop at the start of the game.,"Damage each projectile deals; page states max 6000 levels and that damage can be increased by cards, relics, modules, and workshop enhancements.",strong,Contributor family interactions beyond workshop are noted but not expanded in this slice.,Attack Upgrades lines 319-328
workshop_attack,workshop,Damage/Meter,Damage/Meter,Attack Upgrades,https://the-tower-idle-tower-defense.fandom.com/wiki/Attack_Upgrades,workshop__damage_per_meter__level,workshop__damage_per_meter__max_level,—,workshop__damage_per_meter_multiplier__multiplier,multiplier,multiply,damage_per_meter_multiplier,raw,"damage, range_m",Unlocked for 50 coins with Range.,"200 levels; base 0%; per-level increase changes until level 70, then increases by constant 0.0002% for max 5.9%.",strong,Name uses multiplier because values are expressed as x-values on the page.,Attack Upgrades lines 721-730
workshop_defense,workshop,Death Defy,Death Defy,Death Defy,https://the-tower-idle-tower-defense.fandom.com/wiki/Death_Defy,workshop__death_defy__level,workshop__death_defy__max_level,—,workshop__death_defy__chance,chance,set_chance,death_defy,raw,—,"Unlocked in Workshop for 1,500,000 coins after Land Mine Chance, Damage and Radius.",75 upgrades at 0.4% per upgrade for 30.00% total chance to Death Defy.,strong,"Later module rows will need to account for the hard cap, but this workshop slice records only the workshop contribution.",Death Defy lines 314-316
workshop_defense,workshop,Defense %,Defense %,Defense Percent,https://the-tower-idle-tower-defense.fandom.com/wiki/Defense_Percent,workshop__defense_pct__level,workshop__defense_pct__max_level,—,workshop__defense_pct__pct,pct,set_pct,defense_pct,raw,—,Unlocked in Workshop for 75 coins with Defense Absolute after Health and Health Regen.,99 workshop upgrades; +0.5% reduction each level for 49.5% maximum from workshop.,strong,Naming-spec update required: primary percent-valued contributors need semantic suffix `pct` rather than forcing `pct_bonus`.,Defense Percent lines 323-325
workshop_defense,workshop,Defense Absolute,Defense Absolute,Defense Absolute,https://the-tower-idle-tower-defense.fandom.com/wiki/Defense_Absolute,workshop__defense_absolute__level,workshop__defense_absolute__max_level,—,workshop__defense_absolute__base,base,set_base,defense_absolute,raw,—,Unlocked in Workshop for 75 coins after Health and Health Regen with Defense %.,5000 workshop upgrades; page shows workshop value table starting at 1.,strong,Lab and enhancement later raise increments and multiplier separately.,Defense Absolute lines 309-315
workshop_utility,workshop,Enemy Attack Level Skip,Enemy Attack Level Skip,Enemy Level Skip,https://the-tower-idle-tower-defense.fandom.com/wiki/Enemy_Level_Skip,workshop__enemy_attack_level_skip__level,workshop__enemy_attack_level_skip__max_level,—,workshop__enemy_attack_level_skip__chance,chance,set_chance,enemy_attack_level_skip,raw,—,"Unlocked in Workshop for 1,000,000,000 coins after Recovery Packages as part of Enemy Level Skip.",Both skip workshops have 699 levels with a base of 0.05% chance to skip enemy levels. Each level increases chance by 0.05% for a maximum of 35.00%. The page also states both skip stats are deterministic and non-random as of V26.,strong,The group page covers both tracks together; row is split into attack and health skip because the workshop exposes both stats separately.,Enemy Level Skip lines 305-309
workshop_utility,workshop,Enemy Health Level Skip,Enemy Health Level Skip,Enemy Level Skip,https://the-tower-idle-tower-defense.fandom.com/wiki/Enemy_Level_Skip,workshop__enemy_health_level_skip__level,workshop__enemy_health_level_skip__max_level,—,workshop__enemy_health_level_skip__chance,chance,set_chance,enemy_health_level_skip,raw,—,"Unlocked in Workshop for 1,000,000,000 coins after Recovery Packages as part of Enemy Level Skip.",Both skip workshops have 699 levels with a base of 0.05% chance to skip enemy levels. Each level increases chance by 0.05% for a maximum of 35.00%. The page also states both skip stats are deterministic and non-random as of V26.,strong,The group page covers both tracks together; row is split into attack and health skip because the workshop exposes both stats separately.,Enemy Level Skip lines 305-309
workshop_utility,workshop,Free Attack Upgrade,Free Attack Upgrade,Free Upgrades,https://the-tower-idle-tower-defense.fandom.com/wiki/Free_Upgrades,workshop__free_attack_upgrade__level,workshop__free_attack_upgrade__max_level,—,workshop__free_attack_upgrade__chance,chance,set_chance,free_attack_upgrade_chance,raw,—,Unlocked in Workshop for 800 coins after Coins/Kill Bonus and Coins/Wave as part of the Free Upgrades group.,Each free upgrade track has 99 levels that increase the corresponding chance by 0.5% for a maximum chance of 49.5%. Free upgrades will not select a maxed stat.,strong,The group page covers all three tracks together; row is split into three ledger entries because the workshop exposes three separate chances.,Free Upgrades lines 305-307
workshop_utility,workshop,Free Defense Upgrade,Free Defense Upgrade,Free Upgrades,https://the-tower-idle-tower-defense.fandom.com/wiki/Free_Upgrades,workshop__free_defense_upgrade__level,workshop__free_defense_upgrade__max_level,—,workshop__free_defense_upgrade__chance,chance,set_chance,free_defense_upgrade_chance,raw,—,Unlocked in Workshop for 800 coins after Coins/Kill Bonus and Coins/Wave as part of the Free Upgrades group.,Each free upgrade track has 99 levels that increase the corresponding chance by 0.5% for a maximum chance of 49.5%. Free upgrades will not select a maxed stat.,strong,The group page covers all three tracks together; row is split into three ledger entries because the workshop exposes three separate chances.,Free Upgrades lines 305-307
workshop_utility,workshop,Free Utility Upgrade,Free Utility Upgrade,Free Upgrades,https://the-tower-idle-tower-defense.fandom.com/wiki/Free_Upgrades,workshop__free_utility_upgrade__level,workshop__free_utility_upgrade__max_level,—,workshop__free_utility_upgrade__chance,chance,set_chance,free_utility_upgrade_chance,raw,—,Unlocked in Workshop for 800 coins after Coins/Kill Bonus and Coins/Wave as part of the Free Upgrades group.,Each free upgrade track has 99 levels that increase the corresponding chance by 0.5% for a maximum chance of 49.5%. Free upgrades will not select a maxed stat.,strong,The group page covers all three tracks together; row is split into three ledger entries because the workshop exposes three separate chances.,Free Upgrades lines 305-307
workshop_defense,workshop,Health,Health,Health,https://the-tower-idle-tower-defense.fandom.com/wiki/Health,workshop__health__level,workshop__health__max_level,—,workshop__health__base,base,set_base,health,raw,—,Unlocked in Workshop for free with Health Regen.,6000 workshop upgrades; page shows workshop value table and notes Health can also be increased using the lab and Health card.,strong,This row records only the workshop contributor; lab/card/enhancement contributors will be added in later slices.,Health lines 309-315
workshop_defense,workshop,Health Regen,Health Regen,Health Regen,https://the-tower-idle-tower-defense.fandom.com/wiki/Health_Regen,workshop__health_regen__level,workshop__health_regen__max_level,—,workshop__health_regen__base,base,set_base,health_regen,raw,—,Unlocked in Workshop for free with Health.,6000 workshop upgrades; page describes Health Regen as tower health regenerated per second.,strong,Later slices will add lab/card/enhancement multipliers and max-raising effects.,Health Regen lines 306-314
workshop_utility,workshop,Interest / Wave,Interest / Wave,Interest,https://the-tower-idle-tower-defense.fandom.com/wiki/Interest,workshop__interest_pct__level,workshop__interest_pct__max_level,—,workshop__interest_pct__pct,pct,set_pct,interest_pct,raw,—,Unlocked in Workshop for 5000 coins after Free Upgrades.,99 levels with a base of 0%. Each level increases the base by 0.06% for a maximum of 5.94%. Interest is calculated after Cash Per Wave using current cash plus Cash/Wave times Cash Bonus.,strong,"Resolved property is a percent-valued primary workshop stat, so `pct` is the correct contributor semantic type.",Interest lines 304-308; 310-328
workshop_defense,workshop,Knockback Chance,Knockback Chance,Knockback,https://the-tower-idle-tower-defense.fandom.com/wiki/Knockback,workshop__knockback_chance__level,workshop__knockback_chance__max_level,—,workshop__knockback_chance__chance,chance,set_chance,knockback_chance,raw,—,Unlocked in Workshop for 5000 coins after Lifesteal as part of the Knockback unlock group.,80 workshop upgrades; +1% chance per level to 80% maximum chance.,strong,The unlock is shared with Knockback Force.,Knockback lines 306-314
workshop_defense,workshop,Knockback Force,Knockback Force,Knockback,https://the-tower-idle-tower-defense.fandom.com/wiki/Knockback,workshop__knockback_force__level,workshop__knockback_force__max_level,—,workshop__knockback_force__base,base,set_base,knockback_force,raw,—,Unlocked in Workshop for 5000 coins after Lifesteal as part of the Knockback unlock group.,40 workshop levels; base 0.4 and +0.142 per level to 6.08 maximum. Page states there is no unit for knockback and the exact interaction is unclear.,strong,"No unit is defined by the wiki, so resolved property remains unitless `knockback_force`.",Knockback lines 308-315
workshop_defense,workshop,Land Mine Chance,Land Mine Chance,Land Mine,https://the-tower-idle-tower-defense.fandom.com/wiki/Land_Mine,workshop__land_mine_chance__level,workshop__land_mine_chance__max_level,—,workshop__land_mine_chance__chance,chance,set_chance,land_mine_chance,raw,—,"Unlocked in Workshop for 400,000 coins with Land Mine Damage and Land Mine Radius after Shockwave Size and Shockwave Frequency.",50 upgrades; +0.60% chance per upgrade for 30.00% maximum chance to spawn.,strong,Spawn timing/decay behaviour is runtime and not part of this static workshop row.,Land Mine lines 313-318
workshop_defense,workshop,Land Mine Damage,Land Mine Damage,Land Mine,https://the-tower-idle-tower-defense.fandom.com/wiki/Land_Mine,workshop__land_mine_damage__level,workshop__land_mine_damage__max_level,—,workshop__land_mine_damage_multiplier__multiplier,multiplier,multiply,land_mine_damage_multiplier,derived,"damage, critical_factor, critical_chance, super_crit_mult, super_crit_chance","Unlocked in Workshop for 400,000 coins with Land Mine Chance and Land Mine Radius after Shockwave Size and Shockwave Frequency.",200 upgrades; base 100% and +10% damage each level for 2100% maximum. Wiki explicitly states land mine damage is a percent of tower damage and provides a damage calculation using crit and super crit averages.,strong,Resolved property is named as a multiplier because the workshop value scales tower damage rather than acting as an independent damage stat.,Land Mine lines 320-325; 330-334
workshop_defense,workshop,Land Mine Radius,Land Mine Radius,Land Mine,https://the-tower-idle-tower-defense.fandom.com/wiki/Land_Mine,workshop__land_mine_radius__level,workshop__land_mine_radius__max_level,—,workshop__land_mine_radius__base,base,set_base,land_mine_radius,raw,—,"Unlocked in Workshop for 400,000 coins with Land Mine Chance and Land Mine Damage after Shockwave Size and Shockwave Frequency.",50 workshop upgrades for a total radius of 1.50.,strong,The Land Mine page directly states there are 50 workshop upgrades for a total radius of 1.50.,turn663547search0
workshop_defense,workshop,Lifesteal,Lifesteal,Lifesteal,https://the-tower-idle-tower-defense.fandom.com/wiki/Lifesteal,workshop__lifesteal__level,workshop__lifesteal__max_level,—,workshop__lifesteal_pct__pct,pct,set_pct,lifesteal_pct,raw,damage,Unlocked in Workshop for 2000 coins after Thorn Damage.,80 levels; base 0 and max value 4.46%. Lifesteal heals by the percent of lifesteal multiplied by damage dealt on hit.,strong,"Perks can raise or lower maximum lifesteal, but that is outside this workshop slice.",Lifesteal lines 300-305
workshop_utility,workshop,Max Interest,Max Interest,Interest,https://the-tower-idle-tower-defense.fandom.com/wiki/Interest,workshop__max_interest__level,workshop__max_interest__max_level,—,workshop__max_interest__base,base,set_base,max_interest_cash,raw,—,Appears on the Interest page as the workshop cap on total interest receivable.,Max Interest increases the maximum amount of interest you can receive; starts at $50 and has 15 levels.,strong,Resolved property includes `_cash` to preserve the unit and avoid ambiguity with percentage-based interest.,Interest lines 520-522
workshop_utility,workshop,Max Recovery,Max Recovery,Recovery Packages,https://the-tower-idle-tower-defense.fandom.com/wiki/Recovery_Packages,workshop__max_recovery__level,workshop__max_recovery__max_level,—,workshop__max_recovery__multiplier,multiplier,multiply,max_recovery_multiplier,derived,health,"Unlocked in Workshop for 1,500,000 coins after Interest as part of Recovery Packages.",500 levels with a base of x1.00 health. Each level adds 0.031 to max health for a maximum of x16.50 health. Packages can restore beyond maximum health while lifesteal and health regen cannot.,strong,"Represented as a multiplier because the workshop emits a x-health ceiling, not a flat scalar.",Recovery Packages lines 316-320
workshop_attack,workshop,Multishot Chance,Multishot Chance,Attack Upgrades,https://the-tower-idle-tower-defense.fandom.com/wiki/Attack_Upgrades,workshop__multishot_chance__level,workshop__multishot_chance__max_level,—,workshop__multishot_chance__chance,chance,set_chance,multishot_chance,raw,—,Unlocked by Multishot workshop for 400 coins after Damage/Meter.,99 levels; +0.50% each level for max 49.50% chance.,strong,Group unlock shared with Multishot Targets.,Attack Upgrades lines 754-767
workshop_attack,workshop,Multishot Targets,Multishot Targets,Attack Upgrades,https://the-tower-idle-tower-defense.fandom.com/wiki/Attack_Upgrades,workshop__multishot_targets__level,workshop__multishot_targets__max_level,—,workshop__multishot_targets__count,count,set_count,multishot_targets,raw,—,Unlocked by Multishot workshop for 400 coins after Damage/Meter.,7 levels; starting value 2 targets; +1 target each level for max 9 targets.,strong,Resolved property kept as `multishot_targets` because that is the wiki term.,Attack Upgrades lines 767-771
workshop_defense,workshop,Orb Speed,Orb Speed,Orbs,https://the-tower-idle-tower-defense.fandom.com/wiki/Orbs,workshop__orb_speed__level,workshop__orb_speed__max_level,—,workshop__orb_speed_rpm__base,base,set_base,orb_speed_rpm,raw,—,Unlocked in Workshop with Orbs after Knockback.,38 workshop upgrades; base 0.4 and +0.15 per level to 6.10 maximum. Wiki explicitly states orb speed is in rotations per minute.,strong,Property token uses `rpm` to preserve the wiki unit.,Orbs lines 312-317
workshop_defense,workshop,Orbs,Orbs,Orbs,https://the-tower-idle-tower-defense.fandom.com/wiki/Orbs,workshop__orbs__level,workshop__orbs__max_level,—,workshop__orbs__count,count,set_count,orbs,raw,—,Unlocked in Workshop with Orb Speed after Knockback.,4 workshop levels; +1 orb per level for 4 workshop orbs. Page separately notes perk and sub-module paths can raise the total further.,strong,"This row records the workshop count only, not perk or module-driven extra orbs.",Orbs lines 318-320
workshop_utility,workshop,Package Chance,Package Chance,Recovery Packages,https://the-tower-idle-tower-defense.fandom.com/wiki/Recovery_Packages,workshop__package_chance__level,workshop__package_chance__max_level,—,workshop__package_chance__chance,chance,set_chance,package_chance,raw,—,"Unlocked in Workshop for 1,500,000 coins after Interest as part of Recovery Packages.","60 levels with a base value of 6%. Each level increases chance by 0.40% for a maximum of 30%. The page notes a combined max of 82% with maxed lab, card, and ancestral substat.",strong,"This row records workshop contribution only; card, lab, and module_sub contributions belong in later families.",Recovery Packages lines 321-327
workshop_attack,workshop,Range,Range,Attack Upgrades,https://the-tower-idle-tower-defense.fandom.com/wiki/Attack_Upgrades,workshop__range__level,workshop__range__max_level,—,workshop__range_m__range_m,range_m,set_range_m,range_m,raw,—,Unlocked for 50 coins after Critical Factor.,79 levels; starting value 30m; +0.5m per level to 69.5m max.,strong,Contributor field uses property token `range_m` to make unit explicit.,Attack Upgrades lines 629-639
workshop_attack,workshop,Rapid Fire Chance,Rapid Fire Chance,Attack Upgrades,https://the-tower-idle-tower-defense.fandom.com/wiki/Attack_Upgrades,workshop__rapid_fire_chance__level,workshop__rapid_fire_chance__max_level,—,workshop__rapid_fire_chance__chance,chance,set_chance,rapid_fire_chance,raw,—,Unlocked by Rapid Fire workshop for 1500 coins after Multishot.,85 levels; +0.40% each level for max 34.00% chance to activate rapid fire.,strong,—,Attack Upgrades lines 890-906
workshop_attack,workshop,Rapid Fire Duration,Rapid Fire Duration,Attack Upgrades,https://the-tower-idle-tower-defense.fandom.com/wiki/Attack_Upgrades,workshop__rapid_fire_duration__level,workshop__rapid_fire_duration__max_level,—,workshop__rapid_fire_duration_seconds__duration_seconds,duration_seconds,set_duration_seconds,rapid_fire_duration_seconds,raw,—,Unlocked by Rapid Fire workshop for 1500 coins after Multishot.,99 levels; duration increases to maximum 5.55 seconds.,strong,The Rapid Fire page directly states Rapid Fire Duration has 99 levels and a maximum duration of 5.55 seconds.,turn663547search1
workshop_utility,workshop,Recovery Amount,Recovery Amount,Recovery Packages,https://the-tower-idle-tower-defense.fandom.com/wiki/Recovery_Packages,workshop__recovery_amount_pct__level,workshop__recovery_amount_pct__max_level,—,workshop__recovery_amount_pct__pct,pct,set_pct,recovery_amount_pct,derived,health,"Unlocked in Workshop for 1,500,000 coins after Interest as part of Recovery Packages.",300 levels with a base of 14%. Each level increases health by 0.40% for a maximum of 134.00%. Each package grants an amount based on this percentage of current maximum health.,strong,Named as a percent because the workshop emits a percent-of-current-max-health relationship rather than flat HP.,Recovery Packages lines 312-315; 336-352
workshop_attack,workshop,Rend Armor Chance,Rend Armor Chance,Attack Upgrades,https://the-tower-idle-tower-defense.fandom.com/wiki/Attack_Upgrades,workshop__rend_armor_chance__level,workshop__rend_armor_chance__max_level,—,workshop__rend_armor_chance__chance,chance,set_chance,rend_armor_chance,raw,—,Unlocked in workshop for 500 Billion coins after Super Critical.,299 levels; +0.10% each level; starting chance 0.10%; max 30.00%.,strong,—,Attack Upgrades lines 1436-1446
workshop_attack,workshop,Rend Armor Mult,Rend Armor Mult,Attack Upgrades,https://the-tower-idle-tower-defense.fandom.com/wiki/Attack_Upgrades,workshop__rend_armor_mult__level,workshop__rend_armor_mult__max_level,—,workshop__rend_armor_multiplier__multiplier,multiplier,multiply,rend_armor_multiplier,raw,—,Unlocked in workshop for 500 Billion coins after Super Critical.,299 levels; +0.10% or 0.0010X each level; starting value 0.0010X; maximum 0.3000X. Rend can stack to an overall 800% limit on enemies.,strong,"Per-enemy stack limit noted as behavior context, not modeled as a workshop contributor field here.",Attack Upgrades lines 1442-1445
workshop_defense,workshop,Shockwave Frequency,Shockwave Frequency,Shockwave,https://the-tower-idle-tower-defense.fandom.com/wiki/Shockwave,workshop__shockwave_frequency__level,workshop__shockwave_frequency__max_level,—,workshop__shockwave_interval_seconds__interval_seconds,interval_seconds,set_interval_seconds,shockwave_interval_seconds,raw,—,"Unlocked in Workshop for 100,000 coins after Orbs as part of the Shockwave unlock group.",40 levels; base value 20 seconds and each level decreases the frequency by 0.15 seconds to 14.00 seconds minimum from workshop. Wiki also states a hard cap of 7 seconds.,strong,Naming-spec update required: time-between-events stats need `interval_seconds`; `cooldown_seconds` is too narrow.,Shockwave lines 314-316; 360-363
workshop_defense,workshop,Shockwave Size,Shockwave Size,Shockwave,https://the-tower-idle-tower-defense.fandom.com/wiki/Shockwave,workshop__shockwave_size__level,workshop__shockwave_size__max_level,—,workshop__shockwave_size__base,base,set_base,shockwave_size,raw,—,"Unlocked in Workshop for 100,000 coins after Orbs as part of the Shockwave unlock group.",35 workshop levels; base 0.6 and +0.05 per level to 2.35 maximum.,strong,"The wiki does not provide a physical unit for shockwave size, so the property remains unitless.",Shockwave lines 307-313
workshop_attack,workshop,Super Crit Chance,Super Crit Chance,Attack Upgrades,https://the-tower-idle-tower-defense.fandom.com/wiki/Attack_Upgrades,workshop__super_crit_chance__level,workshop__super_crit_chance__max_level,—,workshop__super_crit_chance__chance,chance,set_chance,super_crit_chance,raw,critical_chance,Unlocked in workshop for 100 Mil coins after Bounce Shot.,100 levels; +0.2% each level for maximum 20.00% from workshop.,strong,Page explicitly states chance only applies if critical hit chance succeeds.,Attack Upgrades lines 1288-1305
workshop_attack,workshop,Super Crit Mult,Super Crit Mult,Attack Upgrades,https://the-tower-idle-tower-defense.fandom.com/wiki/Attack_Upgrades,workshop__super_crit_mult__level,workshop__super_crit_mult__max_level,—,workshop__super_crit_multiplier__multiplier,multiplier,multiply,super_crit_multiplier,raw,critical_factor,Unlocked in workshop for 100 Mil coins after Bounce Shot.,120 levels; base multiplier 1.2; +0.1 per level for maximum 13.2.,strong,Resolved property renamed `super_crit_multiplier` for semantic clarity.,Attack Upgrades lines 1301-1305
workshop_defense,workshop,Thorn Damage,Thorn Damage,Thorn Damage,https://the-tower-idle-tower-defense.fandom.com/wiki/Thorn_Damage,workshop__thorn_damage__level,workshop__thorn_damage__max_level,—,workshop__thorn_damage_pct__pct,pct,set_pct,thorn_damage_pct,raw,—,Unlocked in Workshop for 500 coins after Defense % and Defense Absolute.,"99 workshop upgrades; +1% thorns each level to 99% max thorns, with bosses taking 49.5%.",strong,Resolved property uses explicit percent naming because the page expresses Thorn Damage as a percentage value.,Thorn Damage lines 305-309
workshop_defense,workshop,Wall Health,Wall Health,Wall,https://the-tower-idle-tower-defense.fandom.com/wiki/Wall,workshop__wall_health__level,workshop__wall_health__max_level,—,workshop__wall_health__ratio,ratio,apply_ratio,wall_health,derived,health,Unlocked in Workshop for 500 million coins after Death Defy as part of the Wall unlock group.,"1800 upgrades; wall health is a percentage of tower health, starting at 20% and increasing by 0.1% per level to 200.00% tower health.",strong,Using `ratio` is required because the workshop track does not emit standalone HP; it emits a percent-of-health relationship.,Wall lines 308-316
workshop_defense,workshop,Wall Rebuild,Wall Rebuild,Wall,https://the-tower-idle-tower-defense.fandom.com/wiki/Wall,workshop__wall_rebuild__level,workshop__wall_rebuild__max_level,—,workshop__wall_rebuild_seconds__duration_seconds,duration_seconds,set_duration_seconds,wall_rebuild_seconds,raw,—,Unlocked in Workshop for 500 million coins after Death Defy as part of the Wall unlock group.,300 upgrades; each level reduces rebuild time by 2 seconds to 600 seconds minimum from workshop. Wiki also states a hard cap of 150s.,strong,"Resolved property uses seconds explicitly because the page expresses Wall Rebuild as elapsed time, not a generic scalar.",Wall lines 314-316
perk,perk,x1.20 Max Health,Standard Perk / Max Health,Perks,https://the-tower-idle-tower-defense.fandom.com/wiki/Perks,perk__max_health__selected_count,perk__max_health__max_count,—,perk__max_health__multiplier,multiplier,multiply,health,raw,—,Perks are earned in a round after the Unlock Perks lab; standard perks can be selected multiple times up to their listed quantity.,Standard perk quantity 5; base effect x1.20 Max Health each pick; standard perk bonus scales multiplicative perks.,strong,Standard perk bonus formula applies; see https://the-tower-idle-tower-defense.fandom.com/wiki/Perk_Labs/Standard_Perk_Bonus and Perks lines 332-365.,Perks lines 345-366
perk,perk,x1.15 Damage,Standard Perk / Damage,Perks,https://the-tower-idle-tower-defense.fandom.com/wiki/Perks,perk__damage__selected_count,perk__damage__max_count,—,perk__damage__multiplier,multiplier,multiply,damage,raw,—,Perks are earned in a round after the Unlock Perks lab; standard perks can be selected multiple times up to their listed quantity.,Standard perk quantity 5; base effect x1.15 Damage each pick; standard perk bonus scales multiplicative perks.,strong,Standard perk bonus formula applies; see https://the-tower-idle-tower-defense.fandom.com/wiki/Perk_Labs/Standard_Perk_Bonus and Perks lines 332-365.,Perks lines 345-366
perk,perk,x1.15 All Coin Bonuses,Standard Perk / All Coin Bonuses,Perks,https://the-tower-idle-tower-defense.fandom.com/wiki/Perks,perk__all_coin_bonuses__selected_count,perk__all_coin_bonuses__max_count,—,perk__all_coin_bonuses__multiplier,multiplier,multiply,coin_bonus_multiplier,raw,—,Perks are earned in a round after the Unlock Perks lab; standard perks can be selected multiple times up to their listed quantity.,Standard perk quantity 5; base effect x1.15 All Coin Bonuses each pick; standard perk bonus scales multiplicative perks.,strong,Standard perk bonus formula applies; see https://the-tower-idle-tower-defense.fandom.com/wiki/Perk_Labs/Standard_Perk_Bonus and Perks lines 332-365.,Perks lines 345-366
perk,perk,x1.15 Defense Absolute,Standard Perk / Defense Absolute,Perks,https://the-tower-idle-tower-defense.fandom.com/wiki/Perks,perk__defense_absolute__selected_count,perk__defense_absolute__max_count,—,perk__defense_absolute__multiplier,multiplier,multiply,defense_absolute,raw,—,Perks are earned in a round after the Unlock Perks lab; standard perks can be selected multiple times up to their listed quantity.,Standard perk quantity 5; base effect x1.15 Defense Absolute each pick; standard perk bonus scales multiplicative perks.,strong,Standard perk bonus formula applies; see https://the-tower-idle-tower-defense.fandom.com/wiki/Perk_Labs/Standard_Perk_Bonus and Perks lines 332-365.,Perks lines 345-366
perk,perk,x1.15 Cash Bonus,Standard Perk / Cash Bonus,Perks,https://the-tower-idle-tower-defense.fandom.com/wiki/Perks,perk__cash_bonus__selected_count,perk__cash_bonus__max_count,—,perk__cash_bonus__multiplier,multiplier,multiply,cash_bonus_multiplier,raw,—,Perks are earned in a round after the Unlock Perks lab; standard perks can be selected multiple times up to their listed quantity.,Standard perk quantity 5; base effect x1.15 Cash Bonus each pick; standard perk bonus scales multiplicative perks.,strong,Standard perk bonus formula applies; see https://the-tower-idle-tower-defense.fandom.com/wiki/Perk_Labs/Standard_Perk_Bonus and Perks lines 332-365.,Perks lines 345-366
perk,perk,x1.75 Health Regen,Standard Perk / Health Regen,Perks,https://the-tower-idle-tower-defense.fandom.com/wiki/Perks,perk__health_regen__selected_count,perk__health_regen__max_count,—,perk__health_regen__multiplier,multiplier,multiply,health_regen,raw,—,Perks are earned in a round after the Unlock Perks lab; standard perks can be selected multiple times up to their listed quantity.,Standard perk quantity 5; base effect x1.75 Health Regen each pick; standard perk bonus scales multiplicative perks.,strong,Standard perk bonus formula applies; see https://the-tower-idle-tower-defense.fandom.com/wiki/Perk_Labs/Standard_Perk_Bonus and Perks lines 332-365.,Perks lines 345-366
perk,perk,Interest x1.50,Standard Perk / Interest,Perks,https://the-tower-idle-tower-defense.fandom.com/wiki/Perks,perk__interest__selected_count,perk__interest__max_count,—,perk__interest__multiplier,multiplier,multiply,interest_multiplier,raw,—,Perks are earned in a round after the Unlock Perks lab; standard perks can be selected multiple times up to their listed quantity.,Standard perk quantity 5; base effect x1.50 Interest each pick; standard perk bonus scales multiplicative perks.,strong,Standard perk bonus formula applies; see https://the-tower-idle-tower-defense.fandom.com/wiki/Perk_Labs/Standard_Perk_Bonus and Perks lines 332-365.,Perks lines 345-366
perk,perk,Land Mine Damage x3.50,Standard Perk / Land Mine Damage,Perks,https://the-tower-idle-tower-defense.fandom.com/wiki/Perks,perk__land_mine_damage__selected_count,perk__land_mine_damage__max_count,—,perk__land_mine_damage__multiplier,multiplier,multiply,land_mine_damage_multiplier,raw,—,Perks are earned in a round after the Unlock Perks lab; standard perks can be selected multiple times up to their listed quantity.,Standard perk quantity 5; base effect x3.50 Land Mine Damage each pick; standard perk bonus scales multiplicative perks.,strong,Standard perk bonus formula applies; see https://the-tower-idle-tower-defense.fandom.com/wiki/Perk_Labs/Standard_Perk_Bonus and Perks lines 332-365.,Perks lines 345-366
perk,perk,Free Upgrade Chance for All +5.0%,Standard Perk / Free Upgrade Chance for All / Attack,Perks,https://the-tower-idle-tower-defense.fandom.com/wiki/Perks,perk__free_upgrade_chance__selected_count,perk__free_upgrade_chance__max_count,—,perk__free_attack_upgrade__chance_bonus,chance_bonus,add_chance,free_attack_upgrade_chance,raw,—,Perks are earned in a round after the Unlock Perks lab; standard perks can be selected multiple times up to their listed quantity.,Standard perk quantity 5; adds +5.0% Free Upgrade Chance for All each pick; standard perk bonus scales additive perks.,strong,Standard perk bonus formula applies; see https://the-tower-idle-tower-defense.fandom.com/wiki/Perk_Labs/Standard_Perk_Bonus and Perks lines 332-365.,Perks lines 345-366
perk,perk,Free Upgrade Chance for All +5.0%,Standard Perk / Free Upgrade Chance for All / Defense,Perks,https://the-tower-idle-tower-defense.fandom.com/wiki/Perks,perk__free_upgrade_chance__selected_count,perk__free_upgrade_chance__max_count,—,perk__free_defense_upgrade__chance_bonus,chance_bonus,add_chance,free_defense_upgrade_chance,raw,—,Perks are earned in a round after the Unlock Perks lab; standard perks can be selected multiple times up to their listed quantity.,Standard perk quantity 5; adds +5.0% Free Upgrade Chance for All each pick; standard perk bonus scales additive perks.,strong,Standard perk bonus formula applies; see https://the-tower-idle-tower-defense.fandom.com/wiki/Perk_Labs/Standard_Perk_Bonus and Perks lines 332-365.,Perks lines 345-366
perk,perk,Free Upgrade Chance for All +5.0%,Standard Perk / Free Upgrade Chance for All / Utility,Perks,https://the-tower-idle-tower-defense.fandom.com/wiki/Perks,perk__free_upgrade_chance__selected_count,perk__free_upgrade_chance__max_count,—,perk__free_utility_upgrade__chance_bonus,chance_bonus,add_chance,free_utility_upgrade_chance,raw,—,Perks are earned in a round after the Unlock Perks lab; standard perks can be selected multiple times up to their listed quantity.,Standard perk quantity 5; adds +5.0% Free Upgrade Chance for All each pick; standard perk bonus scales additive perks.,strong,Standard perk bonus formula applies; see https://the-tower-idle-tower-defense.fandom.com/wiki/Perk_Labs/Standard_Perk_Bonus and Perks lines 332-365.,Perks lines 345-366
perk,perk,Defense Percent +4.00,Standard Perk / Defense Percent,Perks,https://the-tower-idle-tower-defense.fandom.com/wiki/Perks,perk__defense_percent__selected_count,perk__defense_percent__max_count,—,perk__defense_percent__pct_bonus,pct_bonus,add_pct,defense_pct,raw,—,Perks are earned in a round after the Unlock Perks lab; standard perks can be selected multiple times up to their listed quantity.,Standard perk quantity 5; adds +4.00 Defense Percent each pick; standard perk bonus scales additive perks.,strong,Standard perk bonus formula applies; see https://the-tower-idle-tower-defense.fandom.com/wiki/Perk_Labs/Standard_Perk_Bonus and Perks lines 332-365.,Perks lines 345-366
perk,perk,Bounce Shot +2,Standard Perk / Bounce Shot,Perks,https://the-tower-idle-tower-defense.fandom.com/wiki/Perks,perk__bounce_shot__selected_count,perk__bounce_shot__max_count,—,perk__bounce_shot_targets__count_bonus,count_bonus,add_count,bounce_shot_targets,raw,—,Perks are earned in a round after the Unlock Perks lab; standard perks can be selected multiple times up to their listed quantity.,Standard perk quantity 3; adds +2 Bounce Shot. Perk is unavailable if Bounce Shot workshop is not unlocked.,strong,Standard perk bonus formula applies; see https://the-tower-idle-tower-defense.fandom.com/wiki/Perk_Labs/Standard_Perk_Bonus and Perks lines 332-365.,Perks lines 345-366
perk,perk,Perk Wave Requirement -20.00%,Standard Perk / Perk Wave Requirement,Perks,https://the-tower-idle-tower-defense.fandom.com/wiki/Perks,perk__perk_wave_requirement__selected_count,perk__perk_wave_requirement__max_count,—,perk__perk_wave_requirement__pct_bonus,pct_bonus,add_pct,perk_wave_requirement_pct_reduction,raw,—,Perks are earned in a round after the Unlock Perks lab; standard perks can be selected multiple times up to their listed quantity.,Standard perk quantity 3; additive perk with base -20.00% each pick used in the waves-required formula.,strong,Standard perk bonus formula applies; see https://the-tower-idle-tower-defense.fandom.com/wiki/Perk_Labs/Standard_Perk_Bonus and Perks lines 332-365.,Perks lines 345-366
perk,perk,Orbs +1,Standard Perk / Orbs,Perks,https://the-tower-idle-tower-defense.fandom.com/wiki/Perks,perk__orbs__selected_count,perk__orbs__max_count,—,perk__orbs__count_bonus,count_bonus,add_count,orbs,raw,—,Perks are earned in a round after the Unlock Perks lab; standard perks can be selected multiple times up to their listed quantity.,Standard perk quantity 2; adds +1 Orbs each pick.,strong,Standard perk bonus formula applies; see https://the-tower-idle-tower-defense.fandom.com/wiki/Perk_Labs/Standard_Perk_Bonus and Perks lines 332-365.,Perks lines 345-366
perk,perk,Unlock a Random Ultimate Weapon,Standard Perk / Random Ultimate Weapon,Perks,https://the-tower-idle-tower-defense.fandom.com/wiki/Perks,perk__random_ultimate_weapon__selected_count,perk__random_ultimate_weapon__max_count,—,perk__random_ultimate_weapon__enabled,enabled,set_enabled,random_ultimate_weapon_unlock_enabled,raw,—,Perks are earned in a round after the Unlock Perks lab; standard perks can be selected multiple times up to their listed quantity.,Standard perk quantity 1; grants a semi-upgraded random unowned ultimate weapon for the run.,strong,"When active, this can also enable matching UW perks for that run.",Perks lines 345-366
perk,perk,Increase Max Game Speed by +1.00,Standard Perk / Max Game Speed,Perks,https://the-tower-idle-tower-defense.fandom.com/wiki/Perks,perk__max_game_speed__selected_count,perk__max_game_speed__max_count,—,perk__max_game_speed__scalar_bonus,scalar_bonus,add_scalar,max_game_speed,raw,—,Perks are earned in a round after the Unlock Perks lab; standard perks can be selected multiple times up to their listed quantity.,Standard perk quantity 1; increases max game speed by +1.00. With max Standard Perk Bonus it becomes +1.25 and max game speed displays as 6.3.,strong,Standard perk bonus formula applies; see https://the-tower-idle-tower-defense.fandom.com/wiki/Perk_Labs/Standard_Perk_Bonus and Perks lines 332-365.,Perks lines 345-366
perk,perk,4 More Smart Missiles,UW Perk / 4 More Smart Missiles,Perks,https://the-tower-idle-tower-defense.fandom.com/wiki/Perks,perk__smart_missiles_more__selected_count,perk__smart_missiles_more__max_count,—,perk__smart_missiles_quantity__count_bonus,count_bonus,add_count,smart_missiles_quantity,raw,—,Perks are earned in a round after the Unlock Perks lab; UW perks only appear when the affected ultimate weapon is unlocked for that run.,Ultimate weapon perk quantity 1; adds 4 more Smart Missiles.,strong,Affected ultimate weapon must be unlocked for the run.,Perks lines 367-381
perk,perk,Swamp Radius x1.5,UW Perk / Swamp Radius,Perks,https://the-tower-idle-tower-defense.fandom.com/wiki/Perks,perk__swamp_radius__selected_count,perk__swamp_radius__max_count,—,perk__poison_swamp_radius__multiplier,multiplier,multiply,poison_swamp_radius,raw,—,Perks are earned in a round after the Unlock Perks lab; UW perks only appear when the affected ultimate weapon is unlocked for that run.,Ultimate weapon perk quantity 1; multiplies Swamp Radius by x1.5.,strong,Affected ultimate weapon must be unlocked for the run.,Perks lines 367-381
perk,perk,+1 Wave on Death Wave,UW Perk / Death Wave Quantity,Perks,https://the-tower-idle-tower-defense.fandom.com/wiki/Perks,perk__death_wave_quantity__selected_count,perk__death_wave_quantity__max_count,—,perk__death_wave_effect_wave_quantity__count_bonus,count_bonus,add_count,death_wave_effect_wave_quantity,raw,—,Perks are earned in a round after the Unlock Perks lab; UW perks only appear when the affected ultimate weapon is unlocked for that run.,Ultimate weapon perk quantity 1; adds +1 Wave on Death Wave.,strong,Affected ultimate weapon must be unlocked for the run.,Perks lines 367-381
perk,perk,Extra Set of Inner Mines,UW Perk / Extra Set of Inner Mines,Perks,https://the-tower-idle-tower-defense.fandom.com/wiki/Perks,perk__inner_mines_extra_set__selected_count,perk__inner_mines_extra_set__max_count,—,perk__inner_land_mines_quantity__count_bonus,count_bonus,add_count,inner_land_mines_quantity,raw,—,Perks are earned in a round after the Unlock Perks lab; UW perks only appear when the affected ultimate weapon is unlocked for that run.,Ultimate weapon perk quantity 1; adds an extra set of Inner Mines.,strong,Affected ultimate weapon must be unlocked for the run.,Perks lines 367-381
perk,perk,Golden Tower Bonus x1.5,UW Perk / Golden Tower Bonus,Perks,https://the-tower-idle-tower-defense.fandom.com/wiki/Perks,perk__golden_tower_bonus__selected_count,perk__golden_tower_bonus__max_count,—,perk__golden_tower_bonus__multiplier,multiplier,multiply,golden_tower_bonus_multiplier,raw,—,Perks are earned in a round after the Unlock Perks lab; UW perks only appear when the affected ultimate weapon is unlocked for that run.,Ultimate weapon perk quantity 1; multiplies Golden Tower Bonus by x1.5. Does not apply to the GT bonus submodule effect.,strong,Affected ultimate weapon must be unlocked for the run.,Perks lines 367-381
perk,perk,Chain Lightning Damage x2,UW Perk / Chain Lightning Damage,Perks,https://the-tower-idle-tower-defense.fandom.com/wiki/Perks,perk__chain_lightning_damage__selected_count,perk__chain_lightning_damage__max_count,—,perk__chain_lightning_damage__multiplier,multiplier,multiply,chain_lightning_damage_multiplier,raw,—,Perks are earned in a round after the Unlock Perks lab; UW perks only appear when the affected ultimate weapon is unlocked for that run.,Ultimate weapon perk quantity 1; multiplies Chain Lightning Damage by x2.,strong,Affected ultimate weapon must be unlocked for the run.,Perks lines 367-381
perk,perk,Chrono Field Duration +5s,UW Perk / Chrono Field Duration,Perks,https://the-tower-idle-tower-defense.fandom.com/wiki/Perks,perk__chrono_field_duration__selected_count,perk__chrono_field_duration__max_count,—,perk__chrono_field_duration__duration_seconds_bonus,duration_seconds_bonus,add_duration_seconds,chrono_field_duration_seconds,raw,—,Perks are earned in a round after the Unlock Perks lab; UW perks only appear when the affected ultimate weapon is unlocked for that run.,Ultimate weapon perk quantity 1; adds +5s Chrono Field Duration.,strong,Affected ultimate weapon must be unlocked for the run.,Perks lines 367-381
perk,perk,Black Hole Duration +12.0s,UW Perk / Black Hole Duration,Perks,https://the-tower-idle-tower-defense.fandom.com/wiki/Perks,perk__black_hole_duration__selected_count,perk__black_hole_duration__max_count,—,perk__black_hole_duration__duration_seconds_bonus,duration_seconds_bonus,add_duration_seconds,black_hole_duration_seconds,raw,—,Perks are earned in a round after the Unlock Perks lab; UW perks only appear when the affected ultimate weapon is unlocked for that run.,Ultimate weapon perk quantity 1; adds +12.0s Black Hole Duration.,strong,Affected ultimate weapon must be unlocked for the run.,Perks lines 367-381
perk,perk,Spotlight Damage Bonus x1.5,UW Perk / Spotlight Damage Bonus,Perks,https://the-tower-idle-tower-defense.fandom.com/wiki/Perks,perk__spotlight_damage_bonus__selected_count,perk__spotlight_damage_bonus__max_count,—,perk__spotlight_bonus__multiplier,multiplier,multiply,spotlight_bonus_multiplier,raw,—,Perks are earned in a round after the Unlock Perks lab; UW perks only appear when the affected ultimate weapon is unlocked for that run.,Ultimate weapon perk quantity 1; multiplies Spotlight Damage Bonus by x1.5.,strong,Affected ultimate weapon must be unlocked for the run.,Perks lines 367-381
perk,perk,"x1.50 Tower Damage, but Bosses Have 8x Health",Trade-Off / Tower Damage vs Boss Health,Perks,https://the-tower-idle-tower-defense.fandom.com/wiki/Perks,perk__tradeoff_damage_boss_health__selected_count,perk__tradeoff_damage_boss_health__max_count,—,perk__tower_damage_tradeoff__multiplier,multiplier,multiply,damage,raw,—,Perks are earned in a round after the Unlock Perks lab; trade-off perks have quantity 1 and Improve Trade-Off Perks increases the benefit side except for the ranged enemy distance trade-off.,Trade-off perk quantity 1; benefit side gives x1.50 Tower Damage.,strong,Benefit side is improved by Improve Trade-Off Perks; see https://the-tower-idle-tower-defense.fandom.com/wiki/Perk_Labs/Improve_Trade-Off_Perks and Perks lines 457-479.,Perks lines 457-479
perk,perk,"x1.50 Tower Damage, but Bosses Have 8x Health",Trade-Off / Tower Damage vs Boss Health,Perks,https://the-tower-idle-tower-defense.fandom.com/wiki/Perks,perk__tradeoff_damage_boss_health__selected_count,perk__tradeoff_damage_boss_health__max_count,—,perk__boss_health_tradeoff__multiplier,multiplier,multiply,boss_health_multiplier,raw,—,Perks are earned in a round after the Unlock Perks lab; trade-off perks have quantity 1 and Improve Trade-Off Perks increases the benefit side except for the ranged enemy distance trade-off.,Trade-off perk quantity 1; drawback side makes Bosses have 8x Health.,strong,—,Perks lines 457-479
perk,perk,"x1.80 coins, but Tower Max Health -70%",Trade-Off / Coins vs Tower Max Health,Perks,https://the-tower-idle-tower-defense.fandom.com/wiki/Perks,perk__tradeoff_coins_health__selected_count,perk__tradeoff_coins_health__max_count,—,perk__coin_bonus_tradeoff__multiplier,multiplier,multiply,coin_bonus_multiplier,raw,—,Perks are earned in a round after the Unlock Perks lab; trade-off perks have quantity 1 and Improve Trade-Off Perks increases the benefit side except for the ranged enemy distance trade-off.,Trade-off perk quantity 1; benefit side gives x1.80 coins.,strong,Benefit side is improved by Improve Trade-Off Perks; see https://the-tower-idle-tower-defense.fandom.com/wiki/Perk_Labs/Improve_Trade-Off_Perks and Perks lines 457-479.,Perks lines 457-479
perk,perk,"x1.80 coins, but Tower Max Health -70%",Trade-Off / Coins vs Tower Max Health,Perks,https://the-tower-idle-tower-defense.fandom.com/wiki/Perks,perk__tradeoff_coins_health__selected_count,perk__tradeoff_coins_health__max_count,—,perk__tower_health_tradeoff__multiplier,multiplier,multiply,health,raw,—,Perks are earned in a round after the Unlock Perks lab; trade-off perks have quantity 1 and Improve Trade-Off Perks increases the benefit side except for the ranged enemy distance trade-off.,Trade-off perk quantity 1; drawback side reduces Tower Max Health by 70%.,strong,—,Perks lines 457-479
perk,perk,"Enemies Have -50% Health, but Tower Health Regen and Lifesteal -90%",Trade-Off / Enemy Health vs Regen and Lifesteal,Perks,https://the-tower-idle-tower-defense.fandom.com/wiki/Perks,perk__tradeoff_enemy_health_regen_lifesteal__selected_count,perk__tradeoff_enemy_health_regen_lifesteal__max_count,—,perk__enemy_health_tradeoff__multiplier,multiplier,multiply,enemy_health_multiplier,raw,—,Perks are earned in a round after the Unlock Perks lab; trade-off perks have quantity 1 and Improve Trade-Off Perks increases the benefit side except for the ranged enemy distance trade-off.,Trade-off perk quantity 1; benefit side gives Enemies -50% Health.,strong,Benefit side is improved by Improve Trade-Off Perks; see https://the-tower-idle-tower-defense.fandom.com/wiki/Perk_Labs/Improve_Trade-Off_Perks and Perks lines 457-479.,Perks lines 457-479
perk,perk,"Enemies Have -50% Health, but Tower Health Regen and Lifesteal -90%",Trade-Off / Enemy Health vs Regen and Lifesteal,Perks,https://the-tower-idle-tower-defense.fandom.com/wiki/Perks,perk__tradeoff_enemy_health_regen_lifesteal__selected_count,perk__tradeoff_enemy_health_regen_lifesteal__max_count,—,perk__tower_health_regen_tradeoff__multiplier,multiplier,multiply,health_regen,raw,—,Perks are earned in a round after the Unlock Perks lab; trade-off perks have quantity 1 and Improve Trade-Off Perks increases the benefit side except for the ranged enemy distance trade-off.,Trade-off perk quantity 1; drawback side reduces Tower Health Regen by 90%.,strong,—,Perks lines 457-479
perk,perk,"Enemies Have -50% Health, but Tower Health Regen and Lifesteal -90%",Trade-Off / Enemy Health vs Regen and Lifesteal,Perks,https://the-tower-idle-tower-defense.fandom.com/wiki/Perks,perk__tradeoff_enemy_health_regen_lifesteal__selected_count,perk__tradeoff_enemy_health_regen_lifesteal__max_count,—,perk__lifesteal_tradeoff__multiplier,multiplier,multiply,lifesteal_pct,raw,—,Perks are earned in a round after the Unlock Perks lab; trade-off perks have quantity 1 and Improve Trade-Off Perks increases the benefit side except for the ranged enemy distance trade-off.,Trade-off perk quantity 1; drawback side reduces Lifesteal by 90%.,strong,—,Perks lines 457-479
perk,perk,"Enemies Damage -50%, but Tower Damage -50%",Trade-Off / Enemy Damage vs Tower Damage,Perks,https://the-tower-idle-tower-defense.fandom.com/wiki/Perks,perk__tradeoff_enemy_damage_tower_damage__selected_count,perk__tradeoff_enemy_damage_tower_damage__max_count,—,perk__enemy_damage_tradeoff__multiplier,multiplier,multiply,enemy_damage_multiplier,raw,—,Perks are earned in a round after the Unlock Perks lab; trade-off perks have quantity 1 and Improve Trade-Off Perks increases the benefit side except for the ranged enemy distance trade-off.,Trade-off perk quantity 1; benefit side gives Enemies Damage -50%.,strong,Benefit side is improved by Improve Trade-Off Perks; see https://the-tower-idle-tower-defense.fandom.com/wiki/Perk_Labs/Improve_Trade-Off_Perks and Perks lines 457-479.,Perks lines 457-479
perk,perk,"Enemies Damage -50%, but Tower Damage -50%",Trade-Off / Enemy Damage vs Tower Damage,Perks,https://the-tower-idle-tower-defense.fandom.com/wiki/Perks,perk__tradeoff_enemy_damage_tower_damage__selected_count,perk__tradeoff_enemy_damage_tower_damage__max_count,—,perk__tower_damage_negative_tradeoff__multiplier,multiplier,multiply,damage,raw,—,Perks are earned in a round after the Unlock Perks lab; trade-off perks have quantity 1 and Improve Trade-Off Perks increases the benefit side except for the ranged enemy distance trade-off.,Trade-off perk quantity 1; drawback side reduces Tower Damage by 50%.,strong,—,Perks lines 457-479
perk,perk,"Ranged Enemies Attack Distance Reduced, But Tower Ranged Enemies Damage x3",Trade-Off / Ranged Distance vs Ranged Damage,Perks,https://the-tower-idle-tower-defense.fandom.com/wiki/Perks,perk__tradeoff_ranged_distance_damage__selected_count,perk__tradeoff_ranged_distance_damage__max_count,—,perk__ranged_enemy_attack_distance_tradeoff__multiplier,multiplier,multiply,enemy_ranged_attack_distance_multiplier,raw,—,Perks are earned in a round after the Unlock Perks lab; trade-off perks have quantity 1 and Improve Trade-Off Perks increases the benefit side except for the ranged enemy distance trade-off.,Trade-off perk quantity 1; benefit side reduces ranged enemy attack distance. This benefit is not improved by Improve Trade-Off Perks.,strong,—,Perks lines 457-479
perk,perk,"Ranged Enemies Attack Distance Reduced, But Tower Ranged Enemies Damage x3",Trade-Off / Ranged Distance vs Ranged Damage,Perks,https://the-tower-idle-tower-defense.fandom.com/wiki/Perks,perk__tradeoff_ranged_distance_damage__selected_count,perk__tradeoff_ranged_distance_damage__max_count,—,perk__tower_ranged_enemy_damage_tradeoff__multiplier,multiplier,multiply,ranged_enemy_damage_multiplier,raw,—,Perks are earned in a round after the Unlock Perks lab; trade-off perks have quantity 1 and Improve Trade-Off Perks increases the benefit side except for the ranged enemy distance trade-off.,Trade-off perk quantity 1; drawback side makes tower ranged enemies damage x3.,strong,—,Perks lines 457-479
perk,perk,"Enemies Speed -40%, But Enemies Damage x2.5",Trade-Off / Enemy Speed vs Enemy Damage,Perks,https://the-tower-idle-tower-defense.fandom.com/wiki/Perks,perk__tradeoff_enemy_speed_damage__selected_count,perk__tradeoff_enemy_speed_damage__max_count,—,perk__enemy_speed_tradeoff__multiplier,multiplier,multiply,enemy_speed_multiplier,raw,—,Perks are earned in a round after the Unlock Perks lab; trade-off perks have quantity 1 and Improve Trade-Off Perks increases the benefit side except for the ranged enemy distance trade-off.,Trade-off perk quantity 1; benefit side gives Enemies Speed -40%.,strong,Benefit side is improved by Improve Trade-Off Perks; see https://the-tower-idle-tower-defense.fandom.com/wiki/Perk_Labs/Improve_Trade-Off_Perks and Perks lines 457-479.,Perks lines 457-479
perk,perk,"Enemies Speed -40%, But Enemies Damage x2.5",Trade-Off / Enemy Speed vs Enemy Damage,Perks,https://the-tower-idle-tower-defense.fandom.com/wiki/Perks,perk__tradeoff_enemy_speed_damage__selected_count,perk__tradeoff_enemy_speed_damage__max_count,—,perk__enemy_damage_positive_tradeoff__multiplier,multiplier,multiply,enemy_damage_multiplier,raw,—,Perks are earned in a round after the Unlock Perks lab; trade-off perks have quantity 1 and Improve Trade-Off Perks increases the benefit side except for the ranged enemy distance trade-off.,Trade-off perk quantity 1; drawback side makes Enemies Damage x2.5.,strong,—,Perks lines 457-479
perk,perk,"x12.00 Cash Per Wave, But Enemy Kill Don't Give Cash",Trade-Off / Cash Per Wave vs Enemy Kill Cash,Perks,https://the-tower-idle-tower-defense.fandom.com/wiki/Perks,perk__tradeoff_cash_per_wave_kill_cash__selected_count,perk__tradeoff_cash_per_wave_kill_cash__max_count,—,perk__cash_per_wave_tradeoff__multiplier,multiplier,multiply,cash_per_wave,raw,—,Perks are earned in a round after the Unlock Perks lab; trade-off perks have quantity 1 and Improve Trade-Off Perks increases the benefit side except for the ranged enemy distance trade-off.,Trade-off perk quantity 1; benefit side gives x12.00 Cash Per Wave.,strong,Benefit side is improved by Improve Trade-Off Perks; see https://the-tower-idle-tower-defense.fandom.com/wiki/Perk_Labs/Improve_Trade-Off_Perks and Perks lines 457-479.,Perks lines 457-479
perk,perk,"x12.00 Cash Per Wave, But Enemy Kill Don't Give Cash",Trade-Off / Cash Per Wave vs Enemy Kill Cash,Perks,https://the-tower-idle-tower-defense.fandom.com/wiki/Perks,perk__tradeoff_cash_per_wave_kill_cash__selected_count,perk__tradeoff_cash_per_wave_kill_cash__max_count,—,perk__cash_on_kill_tradeoff__enabled,enabled,set_enabled,cash_on_enemy_kill_enabled,raw,—,Perks are earned in a round after the Unlock Perks lab; trade-off perks have quantity 1 and Improve Trade-Off Perks increases the benefit side except for the ranged enemy distance trade-off.,Trade-off perk quantity 1; drawback side disables cash from enemy kills.,strong,—,Perks lines 457-479
perk,perk,"Tower Health Regen x8.00, But Tower Max Max Health -60%",Trade-Off / Health Regen vs Tower Max Health,Perks,https://the-tower-idle-tower-defense.fandom.com/wiki/Perks,perk__tradeoff_health_regen_health__selected_count,perk__tradeoff_health_regen_health__max_count,—,perk__health_regen_tradeoff__multiplier,multiplier,multiply,health_regen,raw,—,Perks are earned in a round after the Unlock Perks lab; trade-off perks have quantity 1 and Improve Trade-Off Perks increases the benefit side except for the ranged enemy distance trade-off.,Trade-off perk quantity 1; benefit side gives Tower Health Regen x8.00.,strong,Benefit side is improved by Improve Trade-Off Perks; see https://the-tower-idle-tower-defense.fandom.com/wiki/Perk_Labs/Improve_Trade-Off_Perks and Perks lines 457-479.,Perks lines 457-479
perk,perk,"Tower Health Regen x8.00, But Tower Max Max Health -60%",Trade-Off / Health Regen vs Tower Max Health,Perks,https://the-tower-idle-tower-defense.fandom.com/wiki/Perks,perk__tradeoff_health_regen_health__selected_count,perk__tradeoff_health_regen_health__max_count,—,perk__tower_health_negative_tradeoff__multiplier,multiplier,multiply,health,raw,—,Perks are earned in a round after the Unlock Perks lab; trade-off perks have quantity 1 and Improve Trade-Off Perks increases the benefit side except for the ranged enemy distance trade-off.,Trade-off perk quantity 1; drawback side reduces Tower Max Health by 60%.,strong,—,Perks lines 457-479
perk,perk,"Boss Health -70%, But Boss Speed +50%",Trade-Off / Boss Health vs Boss Speed,Perks,https://the-tower-idle-tower-defense.fandom.com/wiki/Perks,perk__tradeoff_boss_health_speed__selected_count,perk__tradeoff_boss_health_speed__max_count,—,perk__boss_health_negative_tradeoff__multiplier,multiplier,multiply,boss_health_multiplier,raw,—,Perks are earned in a round after the Unlock Perks lab; trade-off perks have quantity 1 and Improve Trade-Off Perks increases the benefit side except for the ranged enemy distance trade-off.,Trade-off perk quantity 1; benefit side gives Boss Health -70%.,strong,Benefit side is improved by Improve Trade-Off Perks; see https://the-tower-idle-tower-defense.fandom.com/wiki/Perk_Labs/Improve_Trade-Off_Perks and Perks lines 457-479.,Perks lines 457-479
perk,perk,"Boss Health -70%, But Boss Speed +50%",Trade-Off / Boss Health vs Boss Speed,Perks,https://the-tower-idle-tower-defense.fandom.com/wiki/Perks,perk__tradeoff_boss_health_speed__selected_count,perk__tradeoff_boss_health_speed__max_count,—,perk__boss_speed_tradeoff__multiplier,multiplier,multiply,boss_speed_multiplier,raw,—,Perks are earned in a round after the Unlock Perks lab; trade-off perks have quantity 1 and Improve Trade-Off Perks increases the benefit side except for the ranged enemy distance trade-off.,Trade-off perk quantity 1; drawback side increases Boss Speed by 50%.,strong,—,Perks lines 457-479
perk,perk,"Lifesteal x2.50, But Knockback force -70%",Trade-Off / Lifesteal vs Knockback Force,Perks,https://the-tower-idle-tower-defense.fandom.com/wiki/Perks,perk__tradeoff_lifesteal_knockback__selected_count,perk__tradeoff_lifesteal_knockback__max_count,—,perk__lifesteal_positive_tradeoff__multiplier,multiplier,multiply,lifesteal_pct,raw,—,Perks are earned in a round after the Unlock Perks lab; trade-off perks have quantity 1 and Improve Trade-Off Perks increases the benefit side except for the ranged enemy distance trade-off.,Trade-off perk quantity 1; benefit side gives Lifesteal x2.50.,strong,Benefit side is improved by Improve Trade-Off Perks; see https://the-tower-idle-tower-defense.fandom.com/wiki/Perk_Labs/Improve_Trade-Off_Perks and Perks lines 457-479.,Perks lines 457-479
perk,perk,"Lifesteal x2.50, But Knockback force -70%",Trade-Off / Lifesteal vs Knockback Force,Perks,https://the-tower-idle-tower-defense.fandom.com/wiki/Perks,perk__tradeoff_lifesteal_knockback__selected_count,perk__tradeoff_lifesteal_knockback__max_count,—,perk__knockback_force_tradeoff__multiplier,multiplier,multiply,knockback_force,raw,—,Perks are earned in a round after the Unlock Perks lab; trade-off perks have quantity 1 and Improve Trade-Off Perks increases the benefit side except for the ranged enemy distance trade-off.,Trade-off perk quantity 1; drawback side reduces Knockback Force by 70%.,strong,—,Perks lines 457-479
battle_condition,battle_condition,Death Ray Resistance,Death Ray Resistance,Tournaments/Battle Conditions List,https://the-tower-idle-tower-defense.fandom.com/wiki/Tournaments/Battle_Conditions_List,battle_condition__death_ray_resistance__level,—,battle_condition__death_ray_resistance__active,battle_condition__death_ray_resistance__pct,pct,set_pct,death_ray_enemy_health_damage_pct,raw,Affected by Battle Condition Reduction labs where applicable.,Battle Conditions appear as static modifiers on tiers 14+ and as Heat modifiers in tournaments/leagues.,"Instead of destroying enemies, death ray deals x% enemy health as damage.",strong,—,Battle Conditions List; Tiers battle-condition section
battle_condition,battle_condition,Thorns Resistance,Thorns Resistance,Tournaments/Battle Conditions List,https://the-tower-idle-tower-defense.fandom.com/wiki/Tournaments/Battle_Conditions_List,battle_condition__thorns_resistance__level,—,battle_condition__thorns_resistance__active,battle_condition__thorns_resistance__pct,pct,set_pct,thorns_damage_pct,raw,Affected by Battle Condition Reduction labs where applicable.,Battle Conditions appear as static modifiers on tiers 14+ and as Heat modifiers in tournaments/leagues.,Thorns deal x% damage.,strong,—,Battle Conditions List; Tiers battle-condition section
battle_condition,battle_condition,Enemy Attack Speed,Enemy Attack Speed,Tournaments/Battle Conditions List,https://the-tower-idle-tower-defense.fandom.com/wiki/Tournaments/Battle_Conditions_List,battle_condition__enemy_attack_speed__level,—,battle_condition__enemy_attack_speed__active,battle_condition__enemy_attack_speed__pct,pct,set_pct,enemy_attack_speed_pct_bonus,raw,Affected by Battle Condition Reduction labs where applicable.,Battle Conditions appear as static modifiers on tiers 14+ and as Heat modifiers in tournaments/leagues.,Enemy attack speed is increased by x%.,strong,—,Battle Conditions List; Tiers battle-condition section
battle_condition,battle_condition,Knockback Resistance,Knockback Resistance,Tournaments/Battle Conditions List,https://the-tower-idle-tower-defense.fandom.com/wiki/Tournaments/Battle_Conditions_List,battle_condition__knockback_resistance__level,—,battle_condition__knockback_resistance__active,battle_condition__knockback_resistance__pct,pct,set_pct,knockback_force_reduction_pct,raw,Affected by Battle Condition Reduction labs where applicable.,Battle Conditions appear as static modifiers on tiers 14+ and as Heat modifiers in tournaments/leagues.,Knockback force applied to enemies is reduced by x%.,strong,—,Battle Conditions List; Tiers battle-condition section
battle_condition,battle_condition,Plasma Cannon Resistance,Plasma Cannon Resistance,Tournaments/Battle Conditions List,https://the-tower-idle-tower-defense.fandom.com/wiki/Tournaments/Battle_Conditions_List,battle_condition__plasma_cannon_resistance__level,—,battle_condition__plasma_cannon_resistance__active,battle_condition__plasma_cannon_resistance__pct,pct,set_pct,plasma_cannon_damage_pct,raw,Affected by Battle Condition Reduction labs where applicable.,Battle Conditions appear as static modifiers on tiers 14+ and as Heat modifiers in tournaments/leagues.,Plasma Cannon deals x% of normal damage.,strong,—,Battle Conditions List; Tiers battle-condition section
battle_condition,battle_condition,More Enemies,More Enemies,Tournaments/Battle Conditions List,https://the-tower-idle-tower-defense.fandom.com/wiki/Tournaments/Battle_Conditions_List,battle_condition__more_enemies__level,—,battle_condition__more_enemies__active,battle_condition__more_enemies__pct,pct,set_pct,enemy_spawn_rate_pct_bonus,raw,Affected by Battle Condition Reduction labs where applicable.,Battle Conditions appear as static modifiers on tiers 14+ and as Heat modifiers in tournaments/leagues.,x% more enemies spawn.,strong,—,Battle Conditions List; Tiers battle-condition section
battle_condition,battle_condition,Orb Resistance,Orb Resistance,Tournaments/Battle Conditions List,https://the-tower-idle-tower-defense.fandom.com/wiki/Tournaments/Battle_Conditions_List,battle_condition__orb_resistance__level,—,battle_condition__orb_resistance__active,battle_condition__orb_resistance__pct,pct,set_pct,orb_enemy_health_damage_pct,raw,Affected by Battle Condition Reduction labs where applicable.,Battle Conditions appear as static modifiers on tiers 14+ and as Heat modifiers in tournaments/leagues.,"Instead of destroying enemies, orbs deal x% enemy health as damage.",strong,—,Battle Conditions List; Tiers battle-condition section
battle_condition,battle_condition,More Bosses,More Bosses,Tournaments/Battle Conditions List,https://the-tower-idle-tower-defense.fandom.com/wiki/Tournaments/Battle_Conditions_List,battle_condition__more_bosses__level,—,battle_condition__more_bosses__active,battle_condition__more_bosses__count,count,set_count,boss_spawn_interval_waves,raw,Battle-condition level is context-dependent; tournament description notes More Bosses is an exception to wave-1000 ramping.,Battle Conditions appear as static modifiers on tiers 14+ and as Heat modifiers in tournaments/leagues.,Bosses spawn every x waves instead of 10.,strong,—,Battle Conditions List; Tiers battle-condition section
battle_condition,battle_condition,Enemy Speed,Enemy Speed,Tournaments/Battle Conditions List,https://the-tower-idle-tower-defense.fandom.com/wiki/Tournaments/Battle_Conditions_List,battle_condition__enemy_speed__level,—,battle_condition__enemy_speed__active,battle_condition__enemy_speed__pct,pct,set_pct,enemy_speed_pct_bonus,raw,Affected by Battle Condition Reduction labs where applicable.,Battle Conditions appear as static modifiers on tiers 14+ and as Heat modifiers in tournaments/leagues.,Enemies move x% faster.,strong,—,Battle Conditions List; Tiers battle-condition section
battle_condition,battle_condition,Armored Enemies,Armored Enemies,Tournaments/Battle Conditions List,https://the-tower-idle-tower-defense.fandom.com/wiki/Tournaments/Battle_Conditions_List,battle_condition__armored_enemies__level,—,battle_condition__armored_enemies__active,battle_condition__armored_enemies__count,count,set_count,armored_enemy_block_hits_count,raw,Affected by Battle Condition Reduction labs where applicable.,Battle Conditions appear as static modifiers on tiers 14+ and as Heat modifiers in tournaments/leagues.,Enemies block the first x hits.,strong,—,Battle Conditions List; Tiers battle-condition section
battle_condition,battle_condition,Energy Shields Down,Energy Shields Down,Tournaments/Battle Conditions List,https://the-tower-idle-tower-defense.fandom.com/wiki/Tournaments/Battle_Conditions_List,battle_condition__energy_shields_down__level,—,battle_condition__energy_shields_down__active,battle_condition__energy_shields_down__pct,pct,set_pct,energy_shield_recharge_time_pct_bonus,raw,Affected by Battle Condition Reduction labs where applicable.,Battle Conditions appear as static modifiers on tiers 14+ and as Heat modifiers in tournaments/leagues.,Energy Shield recharge time is increased by x%.,strong,—,Battle Conditions List; Tiers battle-condition section
battle_condition,battle_condition,Death Defy Down,Death Defy Down,Tournaments/Battle Conditions List,https://the-tower-idle-tower-defense.fandom.com/wiki/Tournaments/Battle_Conditions_List,battle_condition__death_defy_down__level,—,battle_condition__death_defy_down__active,battle_condition__death_defy_down__pct,pct,set_pct,death_defy_reduction_pct,raw,Affected by Battle Condition Reduction labs where applicable.,Battle Conditions appear as static modifiers on tiers 14+ and as Heat modifiers in tournaments/leagues.,Death Defy chance is reduced by x%.,strong,—,Battle Conditions List; Tiers battle-condition section
battle_condition,battle_condition,Ultimate Weapon Durations,Ultimate Weapon Durations,Tournaments/Battle Conditions List,https://the-tower-idle-tower-defense.fandom.com/wiki/Tournaments/Battle_Conditions_List,battle_condition__ultimate_weapon_durations__level,—,battle_condition__ultimate_weapon_durations__active,battle_condition__ultimate_weapon_durations__chrono_field_duration__duration_seconds_reduction,duration_seconds_bonus,add_duration_seconds,chrono_field_duration_seconds,raw,Excluded from the generic Battle Condition Reduction lab; specific group reduction applies via battle-condition lab groups.,Battle Conditions appear as static modifiers on tiers 14+ and as Heat modifiers in tournaments/leagues.,Reduce the duration of Chrono Field by X seconds.,strong,Represented as an additive negative duration contribution; engine composes sign by contributor semantics.,Battle Conditions List; Tiers battle-condition section
battle_condition,battle_condition,Ultimate Weapon Durations,Ultimate Weapon Durations,Tournaments/Battle Conditions List,https://the-tower-idle-tower-defense.fandom.com/wiki/Tournaments/Battle_Conditions_List,battle_condition__ultimate_weapon_durations__level,—,battle_condition__ultimate_weapon_durations__active,battle_condition__ultimate_weapon_durations__golden_tower_duration__duration_seconds_reduction,duration_seconds_bonus,add_duration_seconds,golden_tower_duration_seconds,raw,Excluded from the generic Battle Condition Reduction lab; specific group reduction applies via battle-condition lab groups.,Battle Conditions appear as static modifiers on tiers 14+ and as Heat modifiers in tournaments/leagues.,Reduce the duration of Golden Tower by X seconds.,strong,Represented as an additive negative duration contribution; engine composes sign by contributor semantics.,Battle Conditions List; Tiers battle-condition section
battle_condition,battle_condition,Ultimate Weapon Durations,Ultimate Weapon Durations,Tournaments/Battle Conditions List,https://the-tower-idle-tower-defense.fandom.com/wiki/Tournaments/Battle_Conditions_List,battle_condition__ultimate_weapon_durations__level,—,battle_condition__ultimate_weapon_durations__active,battle_condition__ultimate_weapon_durations__poison_swamp_duration__duration_seconds_reduction,duration_seconds_bonus,add_duration_seconds,poison_swamp_duration_seconds,raw,Excluded from the generic Battle Condition Reduction lab; specific group reduction applies via battle-condition lab groups.,Battle Conditions appear as static modifiers on tiers 14+ and as Heat modifiers in tournaments/leagues.,Reduce the duration of Poison Swamp by X seconds.,strong,Represented as an additive negative duration contribution; engine composes sign by contributor semantics.,Battle Conditions List; Tiers battle-condition section
battle_condition,battle_condition,Ultimate Weapon Durations,Ultimate Weapon Durations,Tournaments/Battle Conditions List,https://the-tower-idle-tower-defense.fandom.com/wiki/Tournaments/Battle_Conditions_List,battle_condition__ultimate_weapon_durations__level,—,battle_condition__ultimate_weapon_durations__active,battle_condition__ultimate_weapon_durations__black_hole_duration__duration_seconds_reduction,duration_seconds_bonus,add_duration_seconds,black_hole_duration_seconds,raw,Excluded from the generic Battle Condition Reduction lab; specific group reduction applies via battle-condition lab groups.,Battle Conditions appear as static modifiers on tiers 14+ and as Heat modifiers in tournaments/leagues.,Reduce the duration of Black Hole by X seconds.,strong,Represented as an additive negative duration contribution; engine composes sign by contributor semantics.,Battle Conditions List; Tiers battle-condition section
battle_condition,battle_condition,Protector's Ultimate,Protector's Ultimate,Tournaments/Battle Conditions List,https://the-tower-idle-tower-defense.fandom.com/wiki/Tournaments/Battle_Conditions_List,battle_condition__protectors_ultimate__level,—,battle_condition__protectors_ultimate__active,battle_condition__protectors_ultimate__enabled,enabled,set_enabled,protector_ultimate_immunities_enabled,raw,Duration and cooldown are separate rows for the same battle condition.,Battle Conditions appear as static modifiers on tiers 14+ and as Heat modifiers in tournaments/leagues.,"Protector shields give knockback, shockwave, and black hole damage immunity.",strong,—,Battle Conditions List; Tiers battle-condition section
battle_condition,battle_condition,Protector's Ultimate,Protector's Ultimate,Tournaments/Battle Conditions List,https://the-tower-idle-tower-defense.fandom.com/wiki/Tournaments/Battle_Conditions_List,battle_condition__protectors_ultimate__level,—,battle_condition__protectors_ultimate__active,battle_condition__protectors_ultimate__duration_seconds,duration_seconds,set_duration_seconds,protector_ultimate_duration_seconds,raw,Affected by Battle Condition Reduction labs where applicable.,Battle Conditions appear as static modifiers on tiers 14+ and as Heat modifiers in tournaments/leagues.,Protector shields gain this ultimate for Xs duration.,strong,—,Battle Conditions List; Tiers battle-condition section
battle_condition,battle_condition,Protector's Ultimate,Protector's Ultimate,Tournaments/Battle Conditions List,https://the-tower-idle-tower-defense.fandom.com/wiki/Tournaments/Battle_Conditions_List,battle_condition__protectors_ultimate__level,—,battle_condition__protectors_ultimate__active,battle_condition__protectors_ultimate__cooldown_seconds,cooldown_seconds,set_cooldown_seconds,protector_ultimate_cooldown_seconds,raw,Affected by Battle Condition Reduction labs where applicable.,Battle Conditions appear as static modifiers on tiers 14+ and as Heat modifiers in tournaments/leagues.,Protector ultimate recurs on Xs cooldown.,strong,—,Battle Conditions List; Tiers battle-condition section
battle_condition,battle_condition,Tank's Ultimate,Tank's Ultimate,Tournaments/Battle Conditions List,https://the-tower-idle-tower-defense.fandom.com/wiki/Tournaments/Battle_Conditions_List,battle_condition__tanks_ultimate__level,—,battle_condition__tanks_ultimate__active,battle_condition__tanks_ultimate__enabled,enabled,set_enabled,tank_ultimate_behavior_enabled,raw,Duration and cooldown are separate rows for the same battle condition.,Battle Conditions appear as static modifiers on tiers 14+ and as Heat modifiers in tournaments/leagues.,Tanks behave like bosses but stop moving once inside tower range.,strong,—,Battle Conditions List; Tiers battle-condition section
battle_condition,battle_condition,Tank's Ultimate,Tank's Ultimate,Tournaments/Battle Conditions List,https://the-tower-idle-tower-defense.fandom.com/wiki/Tournaments/Battle_Conditions_List,battle_condition__tanks_ultimate__level,—,battle_condition__tanks_ultimate__active,battle_condition__tanks_ultimate__duration_seconds,duration_seconds,set_duration_seconds,tank_ultimate_duration_seconds,raw,Affected by Battle Condition Reduction labs where applicable.,Battle Conditions appear as static modifiers on tiers 14+ and as Heat modifiers in tournaments/leagues.,Tank ultimate lasts Xs.,strong,—,Battle Conditions List; Tiers battle-condition section
battle_condition,battle_condition,Tank's Ultimate,Tank's Ultimate,Tournaments/Battle Conditions List,https://the-tower-idle-tower-defense.fandom.com/wiki/Tournaments/Battle_Conditions_List,battle_condition__tanks_ultimate__level,—,battle_condition__tanks_ultimate__active,battle_condition__tanks_ultimate__cooldown_seconds,cooldown_seconds,set_cooldown_seconds,tank_ultimate_cooldown_seconds,raw,Affected by Battle Condition Reduction labs where applicable.,Battle Conditions appear as static modifiers on tiers 14+ and as Heat modifiers in tournaments/leagues.,Tank ultimate recurs on Xs cooldown.,strong,—,Battle Conditions List; Tiers battle-condition section
battle_condition,battle_condition,Basic's Ultimate,Basic's Ultimate,Tournaments/Battle Conditions List,https://the-tower-idle-tower-defense.fandom.com/wiki/Tournaments/Battle_Conditions_List,battle_condition__basics_ultimate__level,—,battle_condition__basics_ultimate__active,battle_condition__basics_ultimate__fast_spawn_chance__chance,chance,set_chance,basic_ultimate_fast_spawn_chance,raw,One battle condition emits separate spawn-chance contributors for each enemy class.,Battle Conditions appear as static modifiers on tiers 14+ and as Heat modifiers in tournaments/leagues.,Basics have a chance to spawn as fast enemies.,strong,—,Battle Conditions List; Tiers battle-condition section
battle_condition,battle_condition,Basic's Ultimate,Basic's Ultimate,Tournaments/Battle Conditions List,https://the-tower-idle-tower-defense.fandom.com/wiki/Tournaments/Battle_Conditions_List,battle_condition__basics_ultimate__level,—,battle_condition__basics_ultimate__active,battle_condition__basics_ultimate__tank_spawn_chance__chance,chance,set_chance,basic_ultimate_tank_spawn_chance,raw,One battle condition emits separate spawn-chance contributors for each enemy class.,Battle Conditions appear as static modifiers on tiers 14+ and as Heat modifiers in tournaments/leagues.,Basics have a chance to spawn as tank enemies.,strong,—,Battle Conditions List; Tiers battle-condition section
battle_condition,battle_condition,Basic's Ultimate,Basic's Ultimate,Tournaments/Battle Conditions List,https://the-tower-idle-tower-defense.fandom.com/wiki/Tournaments/Battle_Conditions_List,battle_condition__basics_ultimate__level,—,battle_condition__basics_ultimate__active,battle_condition__basics_ultimate__ranged_spawn_chance__chance,chance,set_chance,basic_ultimate_ranged_spawn_chance,raw,One battle condition emits separate spawn-chance contributors for each enemy class.,Battle Conditions appear as static modifiers on tiers 14+ and as Heat modifiers in tournaments/leagues.,Basics have a chance to spawn as ranged enemies.,strong,—,Battle Conditions List; Tiers battle-condition section
battle_condition,battle_condition,Basic's Ultimate,Basic's Ultimate,Tournaments/Battle Conditions List,https://the-tower-idle-tower-defense.fandom.com/wiki/Tournaments/Battle_Conditions_List,battle_condition__basics_ultimate__level,—,battle_condition__basics_ultimate__active,battle_condition__basics_ultimate__boss_spawn_chance__chance,chance,set_chance,basic_ultimate_boss_spawn_chance,raw,One battle condition emits separate spawn-chance contributors for each enemy class.,Battle Conditions appear as static modifiers on tiers 14+ and as Heat modifiers in tournaments/leagues.,Basics have a chance to spawn as boss enemies.,strong,—,Battle Conditions List; Tiers battle-condition section
battle_condition,battle_condition,Basic's Ultimate,Basic's Ultimate,Tournaments/Battle Conditions List,https://the-tower-idle-tower-defense.fandom.com/wiki/Tournaments/Battle_Conditions_List,battle_condition__basics_ultimate__level,—,battle_condition__basics_ultimate__active,battle_condition__basics_ultimate__protector_spawn_chance__chance,chance,set_chance,basic_ultimate_protector_spawn_chance,raw,One battle condition emits separate spawn-chance contributors for each enemy class.,Battle Conditions appear as static modifiers on tiers 14+ and as Heat modifiers in tournaments/leagues.,Basics have a chance to spawn as protector enemies.,strong,—,Battle Conditions List; Tiers battle-condition section
battle_condition,battle_condition,Boss's Ultimate,Boss's Ultimate,Tournaments/Battle Conditions List,https://the-tower-idle-tower-defense.fandom.com/wiki/Tournaments/Battle_Conditions_List,battle_condition__bosss_ultimate__level,—,battle_condition__bosss_ultimate__active,battle_condition__bosss_ultimate__overheal_pct,pct,set_pct,boss_spawn_overheal_pct,raw,Affected by Battle Condition Reduction labs where applicable.,Battle Conditions appear as static modifiers on tiers 14+ and as Heat modifiers in tournaments/leagues.,"Bosses receive a boost of health when they spawn, overhealing them by X%.",strong,—,Battle Conditions List; Tiers battle-condition section
battle_condition,battle_condition,Ranged Ultimate,Ranged Ultimate,Tournaments/Battle Conditions List,https://the-tower-idle-tower-defense.fandom.com/wiki/Tournaments/Battle_Conditions_List,battle_condition__ranged_ultimate__level,—,battle_condition__ranged_ultimate__active,battle_condition__ranged_ultimate__duration_seconds,duration_seconds,set_duration_seconds,ranged_ultimate_tower_disable_duration_seconds,raw,Affected by Battle Condition Reduction labs where applicable.,Battle Conditions appear as static modifiers on tiers 14+ and as Heat modifiers in tournaments/leagues.,Ranged enemy projectiles disable the tower from firing for Xs.,strong,—,Battle Conditions List; Tiers battle-condition section
battle_condition,battle_condition,Fast's Ultimate,Fast's Ultimate,Tournaments/Battle Conditions List,https://the-tower-idle-tower-defense.fandom.com/wiki/Tournaments/Battle_Conditions_List,battle_condition__fasts_ultimate__level,—,battle_condition__fasts_ultimate__active,battle_condition__fasts_ultimate__count,count,set_count,fast_ultimate_buffed_enemy_count,raw,Affected by Battle Condition Reduction labs where applicable.,Battle Conditions appear as static modifiers on tiers 14+ and as Heat modifiers in tournaments/leagues.,Fasts buff up to X nearby enemies to match their speed.,strong,—,Battle Conditions List; Tiers battle-condition section
battle_condition,battle_condition,Scatter Ultimate,Scatter Ultimate,Tournaments/Battle Conditions List,https://the-tower-idle-tower-defense.fandom.com/wiki/Tournaments/Battle_Conditions_List,battle_condition__scatter_ultimate__level,—,battle_condition__scatter_ultimate__active,battle_condition__scatter_ultimate__pct,pct,set_pct,scatter_child_health_pct_bonus,raw,Affected by Battle Condition Reduction labs where applicable.,Battle Conditions appear as static modifiers on tiers 14+ and as Heat modifiers in tournaments/leagues.,Scatter children have x% more health.,strong,—,Battle Conditions List; Tiers battle-condition section
battle_condition,battle_condition,Ray Ultimate,Ray Ultimate,Tournaments/Battle Conditions List,https://the-tower-idle-tower-defense.fandom.com/wiki/Tournaments/Battle_Conditions_List,battle_condition__ray_ultimate__level,—,battle_condition__ray_ultimate__active,battle_condition__ray_ultimate__pct,pct,set_pct,ray_attack_speed_pct_bonus,raw,Affected by Battle Condition Reduction labs where applicable.,Battle Conditions appear as static modifiers on tiers 14+ and as Heat modifiers in tournaments/leagues.,Ray shoots x% faster.,strong,—,Battle Conditions List; Tiers battle-condition section
battle_condition,battle_condition,Vampire Ultimate,Vampire Ultimate,Tournaments/Battle Conditions List,https://the-tower-idle-tower-defense.fandom.com/wiki/Tournaments/Battle_Conditions_List,battle_condition__vampire_ultimate__level,—,battle_condition__vampire_ultimate__active,battle_condition__vampire_ultimate__pct,pct,set_pct,vampire_drain_speed_pct_bonus,raw,Affected by Battle Condition Reduction labs where applicable.,Battle Conditions appear as static modifiers on tiers 14+ and as Heat modifiers in tournaments/leagues.,Vampire drains x% faster.,strong,—,Battle Conditions List; Tiers battle-condition section
battle_condition,battle_condition,Mass Enforcement,Mass Enforcement,Tournaments/Battle Conditions List,https://the-tower-idle-tower-defense.fandom.com/wiki/Tournaments/Battle_Conditions_List,battle_condition__mass_enforcement__level,—,battle_condition__mass_enforcement__active,battle_condition__mass_enforcement__pct,pct,set_pct,enemy_mass_pct_per_wave_alive,raw,Battle-condition level sets the per-wave mass increase parameter.,Battle Conditions appear as static modifiers on tiers 14+ and as Heat modifiers in tournaments/leagues.,Surviving enemies mass increases by x% per wave they are alive.,strong,—,Battle Conditions List; Tiers battle-condition section
battle_condition,battle_condition,Skip Decay,Skip Decay,Tournaments/Battle Conditions List,https://the-tower-idle-tower-defense.fandom.com/wiki/Tournaments/Battle_Conditions_List,battle_condition__skip_decay__level,—,battle_condition__skip_decay__active,battle_condition__skip_decay__pct,pct,set_pct,enemy_level_skip_decay_pct,raw,This battle condition has both a reduction amount and a wave interval parameter.,Battle Conditions appear as static modifiers on tiers 14+ and as Heat modifiers in tournaments/leagues.,Enemy health and attack level skip chances are reduced by [VAL]% every [N] waves.,strong,—,Battle Conditions List; Tiers battle-condition section
battle_condition,battle_condition,Skip Decay,Skip Decay,Tournaments/Battle Conditions List,https://the-tower-idle-tower-defense.fandom.com/wiki/Tournaments/Battle_Conditions_List,battle_condition__skip_decay__level,—,battle_condition__skip_decay__active,battle_condition__skip_decay_interval_waves__count,count,set_count,enemy_level_skip_decay_interval_waves,raw,This battle condition has both a reduction amount and a wave interval parameter.,Battle Conditions appear as static modifiers on tiers 14+ and as Heat modifiers in tournaments/leagues.,Skip Decay triggers every [N] waves.,strong,—,Battle Conditions List; Tiers battle-condition section
guardian,guardian,Chip Slots,Guardian Slots,Guardian,https://the-tower-idle-tower-defense.fandom.com/wiki/Guardian,guardian__chip_slots__owned,—,guardian__unlocked,guardian__chip_slots__count,count,set_count,guardian_chip_slots_count,raw,Base unlock grants 1 slot; additional slots can be purchased in Guild -> Guardian.,"Guardian starts with 1 chip slot; Guardian page lists 2nd, 3rd, and 4th slot unlocks.",Number of chip slots available to equip guardian chips.,strong,"4th-slot cost is listed TBD on the page, but slot-count concept is explicit.",Guardian page slot unlocks
guardian,guardian,Attack Chip Percentage,Attack,Chips/Attack,https://the-tower-idle-tower-defense.fandom.com/wiki/Chips/Attack,guardian__attack__equipped,—,guardian__unlocked,guardian__attack_missing_health_damage__pct,pct,set_pct,guardian_attack_missing_health_damage_pct,raw,Attack targets enemies with the most missing health; bosses take 50% damage from this chip.,Guardian unlocked in Guild -> Guardian for 200 bits; chip must be unlocked and equipped in an available guardian slot. Attack is a base chip.,Attack deals a percentage of enemy lost health as damage.,strong,Modeled as base/equipped contributor row; full upgrade track exists on chip page.,Chips/Attack
guardian,guardian,Attack Chip Cooldown,Attack,Chips/Attack,https://the-tower-idle-tower-defense.fandom.com/wiki/Chips/Attack,guardian__attack__equipped,—,guardian__unlocked,guardian__attack__cooldown_seconds,cooldown_seconds,set_cooldown_seconds,guardian_attack_cooldown_seconds,raw,Cooldown upgrade track exists on chip page.,Guardian unlocked in Guild -> Guardian for 200 bits; chip must be unlocked and equipped in an available guardian slot. Attack is a base chip.,Attack chip cooldown parameter.,strong,Base/equipped row only; full cooldown upgrade track exists on chip page.,Chips/Attack
guardian,guardian,Attack Chip Targets,Attack,Chips/Attack,https://the-tower-idle-tower-defense.fandom.com/wiki/Chips/Attack,guardian__attack__equipped,—,guardian__unlocked,guardian__attack__targets_count,count,set_count,guardian_attack_targets_count,raw,Targets upgrade track exists on chip page.,Guardian unlocked in Guild -> Guardian for 200 bits; chip must be unlocked and equipped in an available guardian slot. Attack is a base chip.,Number of enemies the attack chip can target when it activates.,strong,Base/equipped row only; full targets upgrade track exists on chip page.,Chips/Attack
guardian,guardian,Ally Chip Recovery Amount,Ally,Chips/Ally,https://the-tower-idle-tower-defense.fandom.com/wiki/Chips/Ally,guardian__ally__equipped,—,guardian__unlocked,guardian__ally_recovery_amount__pct,pct,set_pct,guardian_ally_recovery_amount_pct,raw,Ally packages heal beyond normal maximum recovery and do not count toward Galaxy Compressor effects.,Guardian unlocked in Guild -> Guardian for 200 bits; chip must be unlocked and equipped in an available guardian slot. Ally is a base chip.,Ally chip recovery amount percent.,strong,Base/equipped row only; full upgrade track exists on chip page.,Chips/Ally
guardian,guardian,Ally Chip Cooldown,Ally,Chips/Ally,https://the-tower-idle-tower-defense.fandom.com/wiki/Chips/Ally,guardian__ally__equipped,—,guardian__unlocked,guardian__ally__cooldown_seconds,cooldown_seconds,set_cooldown_seconds,guardian_ally_cooldown_seconds,raw,Cooldown track exists on chip page.,Guardian unlocked in Guild -> Guardian for 200 bits; chip must be unlocked and equipped in an available guardian slot. Ally is a base chip.,Ally chip cooldown parameter.,strong,Base/equipped row only; full cooldown upgrade track exists on chip page.,Chips/Ally
guardian,guardian,Ally Chip Max Recovery,Ally,Chips/Ally,https://the-tower-idle-tower-defense.fandom.com/wiki/Chips/Ally,guardian__ally__equipped,—,guardian__unlocked,guardian__ally_max_recovery__multiplier,multiplier,multiply,guardian_ally_max_recovery_multiplier,raw,Applies to ally recovery package healing ceiling above normal max recovery.,Guardian unlocked in Guild -> Guardian for 200 bits; chip must be unlocked and equipped in an available guardian slot. Ally is a base chip.,Ally chip max-recovery multiplier parameter.,strong,Base/equipped row only; full max-recovery upgrade track exists on chip page.,Chips/Ally
guardian,guardian,Bounty Chip Multiplier,Bounty,Chips/Steal,https://the-tower-idle-tower-defense.fandom.com/wiki/Chips/Steal,guardian__bounty__equipped,—,guardian__unlocked,guardian__bounty_coin__multiplier,multiplier,multiply,guardian_bounty_coin_multiplier,raw,Bounty amount is based on currently active coin multipliers on tagged enemies when killed.,Guardian unlocked in Guild -> Guardian for 200 bits; chip must be unlocked and equipped in an available guardian slot. Bounty is purchased from the Guild Shop for 200 tokens.,Bounty chip coin multiplier applied to tagged non-common enemies.,strong,Base/equipped row only; full multiplier upgrade track exists on chip page.,Chips/Steal
guardian,guardian,Bounty Chip Cooldown,Bounty,Chips/Steal,https://the-tower-idle-tower-defense.fandom.com/wiki/Chips/Steal,guardian__bounty__equipped,—,guardian__unlocked,guardian__bounty__cooldown_seconds,cooldown_seconds,set_cooldown_seconds,guardian_bounty_cooldown_seconds,raw,Cooldown track exists on Bounty chip page.,Guardian unlocked in Guild -> Guardian for 200 bits; chip must be unlocked and equipped in an available guardian slot. Bounty is purchased from the Guild Shop for 200 tokens.,Bounty chip cooldown parameter.,strong,Base/equipped row only; full cooldown upgrade track exists on chip page.,Chips/Steal
guardian,guardian,Bounty Chip Targets,Bounty,Chips/Steal,https://the-tower-idle-tower-defense.fandom.com/wiki/Chips/Steal,guardian__bounty__equipped,—,guardian__unlocked,guardian__bounty__targets_count,count,set_count,guardian_bounty_targets_count,raw,Targets track exists on Bounty chip page.,Guardian unlocked in Guild -> Guardian for 200 bits; chip must be unlocked and equipped in an available guardian slot. Bounty is purchased from the Guild Shop for 200 tokens.,Number of enemies Bounty can affect when it activates.,strong,Base/equipped row only; full targets upgrade track exists on chip page.,Chips/Steal
guardian,guardian,Fetch Chip Find Chance,Fetch,Chips/Fetch,https://the-tower-idle-tower-defense.fandom.com/wiki/Chips/Fetch,guardian__fetch__equipped,—,guardian__unlocked,guardian__fetch__chance,chance,set_chance,guardian_fetch_find_chance,raw,"Fetch can retrieve coins, gems, medals, shards, and modules per its drop table.",Guardian unlocked in Guild -> Guardian for 200 bits; chip must be unlocked and equipped in an available guardian slot. Fetch is purchased from the Guild Shop for 200 tokens.,Fetch chip find/proc chance parameter.,strong,Base/equipped row only; full find-chance upgrade track exists on chip page.,Chips/Fetch
guardian,guardian,Fetch Chip Cooldown,Fetch,Chips/Fetch,https://the-tower-idle-tower-defense.fandom.com/wiki/Chips/Fetch,guardian__fetch__equipped,—,guardian__unlocked,guardian__fetch__cooldown_seconds,cooldown_seconds,set_cooldown_seconds,guardian_fetch_cooldown_seconds,raw,Cooldown track exists on Fetch chip page.,Guardian unlocked in Guild -> Guardian for 200 bits; chip must be unlocked and equipped in an available guardian slot. Fetch is purchased from the Guild Shop for 200 tokens.,Fetch chip cooldown parameter.,strong,Base/equipped row only; full cooldown upgrade track exists on chip page.,Chips/Fetch
guardian,guardian,Fetch Chip Double Find Chance,Fetch,Chips/Fetch,https://the-tower-idle-tower-defense.fandom.com/wiki/Chips/Fetch,guardian__fetch__equipped,—,guardian__unlocked,guardian__fetch_double_find__chance,chance,set_chance,guardian_fetch_double_find_chance,raw,Double-find chance is a separate chip parameter on the Fetch upgrade table.,Guardian unlocked in Guild -> Guardian for 200 bits; chip must be unlocked and equipped in an available guardian slot. Fetch is purchased from the Guild Shop for 200 tokens.,Fetch chip double-find chance parameter.,strong,Base/equipped row only; full double-find upgrade track exists on chip page.,Chips/Fetch
guardian,guardian,Scout Chip Range Bonus,Scout,Chips/Scout,https://the-tower-idle-tower-defense.fandom.com/wiki/Chips/Scout,guardian__scout__equipped,—,guardian__unlocked,guardian__scout_range_bonus__multiplier,multiplier,multiply,guardian_scout_range_bonus_multiplier,raw,"While active, enemies are treated as farther from the tower for damage calculations.",Guardian unlocked in Guild -> Guardian for 200 bits; chip must be unlocked and equipped in an available guardian slot. Scout is a Guild Shop Season 7 chip (200 tokens).,Scout chip range-bonus multiplier parameter.,strong,Base/equipped row only; full range-bonus upgrade track exists on chip page.,Chips/Scout
guardian,guardian,Scout Chip Cooldown,Scout,Chips/Scout,https://the-tower-idle-tower-defense.fandom.com/wiki/Chips/Scout,guardian__scout__equipped,—,guardian__unlocked,guardian__scout__cooldown_seconds,cooldown_seconds,set_cooldown_seconds,guardian_scout_cooldown_seconds,raw,Cooldown track exists on Scout chip page.,Guardian unlocked in Guild -> Guardian for 200 bits; chip must be unlocked and equipped in an available guardian slot. Scout is a Guild Shop Season 7 chip (200 tokens).,Scout chip cooldown parameter.,strong,Base/equipped row only; full cooldown upgrade track exists on chip page.,Chips/Scout
guardian,guardian,Scout Chip Duration,Scout,Chips/Scout,https://the-tower-idle-tower-defense.fandom.com/wiki/Chips/Scout,guardian__scout__equipped,—,guardian__unlocked,guardian__scout__duration_seconds,duration_seconds,set_duration_seconds,guardian_scout_duration_seconds,raw,Duration track exists on Scout chip page.,Guardian unlocked in Guild -> Guardian for 200 bits; chip must be unlocked and equipped in an available guardian slot. Scout is a Guild Shop Season 7 chip (200 tokens).,Scout chip active duration parameter.,strong,Base/equipped row only; full duration upgrade track exists on chip page.,Chips/Scout
guardian,guardian,Summon Chip Cash Bonus,Summon,Chips/Summon,https://the-tower-idle-tower-defense.fandom.com/wiki/Chips/Summon,guardian__summon__equipped,—,guardian__unlocked,guardian__summon_cash_bonus__multiplier,multiplier,multiply,guardian_summon_cash_bonus_multiplier,raw,Summon spawns 2 enemies per second while active and applies cash bonus to all killed enemies while active.,Guardian unlocked in Guild -> Guardian for 200 bits; chip must be unlocked and equipped in an available guardian slot. Summon is a Guild Shop Season 5 chip (200 tokens).,Summon chip cash-bonus multiplier parameter.,strong,Base/equipped row only; full cash-bonus upgrade track exists on chip page.,Chips/Summon
guardian,guardian,Summon Chip Cooldown,Summon,Chips/Summon,https://the-tower-idle-tower-defense.fandom.com/wiki/Chips/Summon,guardian__summon__equipped,—,guardian__unlocked,guardian__summon__cooldown_seconds,cooldown_seconds,set_cooldown_seconds,guardian_summon_cooldown_seconds,raw,Cooldown track exists on Summon chip page.,Guardian unlocked in Guild -> Guardian for 200 bits; chip must be unlocked and equipped in an available guardian slot. Summon is a Guild Shop Season 5 chip (200 tokens).,Summon chip cooldown parameter.,strong,Base/equipped row only; full cooldown upgrade track exists on chip page.,Chips/Summon
guardian,guardian,Summon Chip Duration,Summon,Chips/Summon,https://the-tower-idle-tower-defense.fandom.com/wiki/Chips/Summon,guardian__summon__equipped,—,guardian__unlocked,guardian__summon__duration_seconds,duration_seconds,set_duration_seconds,guardian_summon_duration_seconds,raw,Duration track exists on Summon chip page.,Guardian unlocked in Guild -> Guardian for 200 bits; chip must be unlocked and equipped in an available guardian slot. Summon is a Guild Shop Season 5 chip (200 tokens).,Summon chip active duration parameter.,strong,Base/equipped row only; full duration upgrade track exists on chip page.,Chips/Summon
card,card,Extra Orb,Extra Orb,Cards,https://the-tower-idle-tower-defense.fandom.com/wiki/Cards,card__extra_orb__level,card__extra_orb__max_level,card__extra_orb__equipped,card__extra_orb__enabled,enabled,enable,extra_orb_enabled,raw,—,Card must be equipped to have effect active. Cards page lists values through Lv. 7.,Extra Orb card adds a separate spinning orb when equipped.,strong,Boolean presence row split from the level-scaled speed parameter row so the extra orb entity itself is explicit.,turn783968view0
